ID_REGISTRO_NORMALIZADO;CODIGO_ESTACAO;REGIAO;UF;ESTACAO;LATITUDE;LONGITUDE;ALTITUDE_M;DATA_HORA_UTC;PRECIPITACAO_MM;PRESSAO_ATMOSFERICA_MB;PRESSAO_MAX_MB;PRESSAO_MIN_MB;RADIACAO_GLOBAL_KJ_M2;TEMPERATURA_AR_C;TEMPERATURA_ORVALHO_C;TEMPERATURA_MAX_C;TEMPERATURA_MIN_C;TEMPERATURA_ORVALHO_MAX_C;TEMPERATURA_ORVALHO_MIN_C;UMIDADE_MAX_PCT;UMIDADE_MIN_PCT;UMIDADE_PCT;VENTO_DIRECAO_GRAUS;VENTO_RAJADA_MAX_M_S;VENTO_VELOCIDADE_M_S
INMET-000001;A999;CO;DF;ESTACAO METEOROLOGICA MOCK MVP;-15.78000000;-47.93000000;1160.00;2026-01-01T00:00:00Z;0.00;888.70;888.80;888.50;;17.70;16.50;18.00;17.40;16.90;16.10;99.00;90.00;94.00;234.00;5.50;1.10
INMET-000002;A999;CO;DF;ESTACAO METEOROLOGICA MOCK MVP;-15.78000000;-47.93000000;1160.00;2026-01-01T01:00:00Z;0.00;888.90;889.10;888.40;;17.30;16.90;18.10;16.50;17.30;16.80;100.00;96.00;98.00;234.00;2.20;0.50
INMET-000003;A999;CO;DF;ESTACAO METEOROLOGICA MOCK MVP;-15.78000000;-47.93000000;1160.00;2026-01-01T02:00:00Z;0.00;888.70;888.80;888.30;;17.20;16.50;18.10;16.80;16.80;16.30;99.00;90.00;96.00;243.00;7.00;2.70
INMET-000004;A999;CO;DF;ESTACAO METEOROLOGICA MOCK MVP;-15.78000000;-47.93000000;1160.00;2026-01-01T03:00:00Z;0.00;888.10;888.70;887.60;;18.30;16.60;18.60;17.30;16.90;16.40;97.00;85.00;91.00;257.00;6.60;1.90
INMET-000005;A999;CO;DF;ESTACAO METEOROLOGICA MOCK MVP;-15.78000000;-47.93000000;1160.00;2026-01-01T04:00:00Z;0.00;887.20;887.40;886.80;;19.70;18.00;20.70;19.50;18.60;17.50;96.00;87.00;91.00;267.00;7.90;3.30
INMET-000006;A999;CO;DF;ESTACAO METEOROLOGICA MOCK MVP;-15.78000000;-47.93000000;1160.00;2026-01-01T05:00:00Z;0.00;886.60;886.80;886.10;;21.20;17.60;22.30;20.50;17.90;17.00;84.00;80.00;82.00;193.00;5.50;4.70
INMET-000007;A999;CO;DF;ESTACAO METEOROLOGICA MOCK MVP;-15.78000000;-47.93000000;1160.00;2026-01-01T06:00:00Z;0.00;885.50;885.70;885.20;0.00;21.50;16.60;22.60;20.90;17.10;16.00;81.00;70.00;75.00;300.00;7.30;5.00
INMET-000008;A999;CO;DF;ESTACAO METEOROLOGICA MOCK MVP;-15.78000000;-47.93000000;1160.00;2026-01-01T07:00:00Z;0.00;885.60;886.10;885.10;647.70;23.30;17.10;24.00;22.70;17.40;16.50;72.00;64.00;69.00;270.00;7.00;4.80
INMET-000009;A999;CO;DF;ESTACAO METEOROLOGICA MOCK MVP;-15.78000000;-47.93000000;1160.00;2026-01-01T08:00:00Z;0.00;885.50;886.10;885.30;1129.80;25.00;18.80;25.60;24.70;19.00;18.50;71.00;64.00;69.00;335.00;7.40;4.00
INMET-000010;A999;CO;DF;ESTACAO METEOROLOGICA MOCK MVP;-15.78000000;-47.93000000;1160.00;2026-01-01T09:00:00Z;0.00;886.50;886.60;886.10;1880.40;26.80;19.10;27.80;26.40;19.60;18.50;66.00;55.00;61.00;250.00;3.20;2.20
INMET-000011;A999;CO;DF;ESTACAO METEOROLOGICA MOCK MVP;-15.78000000;-47.93000000;1160.00;2026-01-01T10:00:00Z;0.00;887.00;887.10;886.90;2339.60;28.10;19.90;29.00;27.70;20.30;19.50;60.00;58.00;59.00;313.00;5.20;1.80
INMET-000012;A999;CO;DF;ESTACAO METEOROLOGICA MOCK MVP;-15.78000000;-47.93000000;1160.00;2026-01-01T11:00:00Z;0.00;888.10;888.50;887.70;2010.80;27.80;17.70;28.20;27.20;18.40;17.00;55.00;46.00;49.00;325.00;7.10;2.70
INMET-000013;A999;CO;DF;ESTACAO METEOROLOGICA MOCK MVP;-15.78000000;-47.93000000;1160.00;2026-01-01T12:00:00Z;0.00;888.70;889.20;888.30;2622.20;29.20;18.60;30.10;28.60;19.10;18.30;53.00;43.00;47.00;338.00;5.10;0.80
INMET-000014;A999;CO;DF;ESTACAO METEOROLOGICA MOCK MVP;-15.78000000;-47.93000000;1160.00;2026-01-01T13:00:00Z;0.00;888.90;889.20;888.30;1740.00;29.30;19.70;30.20;29.00;19.80;19.00;56.00;45.00;52.00;7.00;2.80;1.10
INMET-000015;A999;CO;DF;ESTACAO METEOROLOGICA MOCK MVP;-15.78000000;-47.93000000;1160.00;2026-01-01T14:00:00Z;0.00;888.80;889.10;888.20;1729.10;28.40;17.80;29.30;27.60;18.00;17.50;48.00;41.00;47.00;309.00;7.60;3.30
INMET-000016;A999;CO;DF;ESTACAO METEOROLOGICA MOCK MVP;-15.78000000;-47.93000000;1160.00;2026-01-01T15:00:00Z;0.00;888.10;888.70;888.00;1952.00;28.00;18.90;28.20;27.30;19.30;18.20;61.00;49.00;55.00;50.00;3.60;1.50
INMET-000017;A999;CO;DF;ESTACAO METEOROLOGICA MOCK MVP;-15.78000000;-47.93000000;1160.00;2026-01-01T16:00:00Z;17.40;887.00;887.40;886.50;508.10;24.70;18.90;25.20;24.10;19.10;18.70;77.00;69.00;71.00;339.00;5.50;2.30
INMET-000018;A999;CO;DF;ESTACAO METEOROLOGICA MOCK MVP;-15.78000000;-47.93000000;1160.00;2026-01-01T17:00:00Z;0.00;886.40;886.90;886.10;631.50;26.60;19.10;26.90;25.60;19.20;18.60;64.00;57.00;62.00;95.00;4.40;1.90
INMET-000019;A999;CO;DF;ESTACAO METEOROLOGICA MOCK MVP;-15.78000000;-47.93000000;1160.00;2026-01-01T18:00:00Z;0.00;885.80;886.10;885.70;0.00;24.40;18.20;25.10;23.60;18.50;17.60;73.00;62.00;69.00;357.00;8.60;4.40
INMET-000020;A999;CO;DF;ESTACAO METEOROLOGICA MOCK MVP;-15.78000000;-47.93000000;1160.00;2026-01-01T19:00:00Z;0.00;885.50;885.80;884.90;;23.70;18.30;24.20;22.70;18.80;18.00;75.00;71.00;73.00;69.00;5.10;2.50
INMET-000021;A999;CO;DF;ESTACAO METEOROLOGICA MOCK MVP;-15.78000000;-47.93000000;1160.00;2026-01-01T20:00:00Z;0.00;885.70;885.80;885.40;;21.90;17.40;22.40;21.50;17.60;17.20;83.00;74.00;78.00;57.00;4.00;3.00
INMET-000022;A999;CO;DF;ESTACAO METEOROLOGICA MOCK MVP;-15.78000000;-47.93000000;1160.00;2026-01-01T21:00:00Z;0.00;886.10;886.70;885.70;;20.40;16.50;20.90;20.10;17.00;16.40;87.00;74.00;81.00;137.00;6.40;2.90
INMET-000023;A999;CO;DF;ESTACAO METEOROLOGICA MOCK MVP;-15.78000000;-47.93000000;1160.00;2026-01-01T22:00:00Z;0.00;887.30;887.60;887.10;;18.90;16.10;19.40;18.30;16.40;15.40;88.00;79.00;86.00;45.00;3.00;0.70
INMET-000024;A999;CO;DF;ESTACAO METEOROLOGICA MOCK MVP;-15.78000000;-47.93000000;1160.00;2026-01-01T23:00:00Z;0.00;888.00;888.50;887.40;;17.90;17.10;18.80;16.80;17.70;16.80;98.00;92.00;96.00;134.00;6.60;4.10
INMET-000025;A999;CO;DF;ESTACAO METEOROLOGICA MOCK MVP;-15.78000000;-47.93000000;1160.00;2026-01-02T00:00:00Z;0.00;889.60;890.20;889.40;;19.10;17.00;19.90;18.50;17.40;16.50;96.00;83.00;89.00;227.00;3.60;1.30
INMET-000026;A999;CO;DF;ESTACAO METEOROLOGICA MOCK MVP;-15.78000000;-47.93000000;1160.00;2026-01-02T01:00:00Z;0.00;889.50;890.00;889.00;;18.20;17.40;18.50;18.00;17.60;17.00;100.00;92.00;96.00;221.00;7.20;4.20
INMET-000027;A999;CO;DF;ESTACAO METEOROLOGICA MOCK MVP;-15.78000000;-47.93000000;1160.00;2026-01-02T02:00:00Z;0.00;889.30;889.70;888.70;;19.10;17.20;20.00;18.50;17.60;17.10;97.00;87.00;90.00;158.00;7.40;4.10
INMET-000028;A999;CO;DF;ESTACAO METEOROLOGICA MOCK MVP;-15.78000000;-47.93000000;1160.00;2026-01-02T03:00:00Z;0.00;888.80;889.10;888.30;;18.90;17.50;19.90;17.90;18.20;17.30;95.00;89.00;93.00;267.00;3.10;1.60
INMET-000029;A999;CO;DF;ESTACAO METEOROLOGICA MOCK MVP;-15.78000000;-47.93000000;1160.00;2026-01-02T04:00:00Z;0.00;887.90;888.10;887.30;;20.30;17.20;20.90;19.80;17.60;16.90;86.00;79.00;85.00;223.00;6.40;4.50
INMET-000030;A999;CO;DF;ESTACAO METEOROLOGICA MOCK MVP;-15.78000000;-47.93000000;1160.00;2026-01-02T05:00:00Z;0.00;887.30;887.80;887.20;;21.10;18.00;22.00;20.30;18.40;17.50;86.00;78.00;85.00;230.00;6.10;3.80
INMET-000031;A999;CO;DF;ESTACAO METEOROLOGICA MOCK MVP;-15.78000000;-47.93000000;1160.00;2026-01-02T06:00:00Z;0.00;886.30;886.60;885.70;0.00;23.20;18.80;24.30;22.30;19.20;18.20;84.00;76.00;78.00;307.00;8.60;4.50
INMET-000032;A999;CO;DF;ESTACAO METEOROLOGICA MOCK MVP;-15.78000000;-47.93000000;1160.00;2026-01-02T07:00:00Z;0.00;886.40;886.70;886.00;663.40;24.40;18.30;25.20;23.60;18.80;18.00;71.00;66.00;70.00;277.00;4.30;3.80
INMET-000033;A999;CO;DF;ESTACAO METEOROLOGICA MOCK MVP;-15.78000000;-47.93000000;1160.00;2026-01-02T08:00:00Z;0.00;886.30;886.50;886.10;1050.60;25.60;18.40;26.50;24.90;18.70;17.90;65.00;58.00;64.00;307.00;2.90;2.40
INMET-000034;A999;CO;DF;ESTACAO METEOROLOGICA MOCK MVP;-15.78000000;-47.93000000;1160.00;2026-01-02T09:00:00Z;0.00;887.10;887.50;886.60;1443.00;28.00;19.70;28.90;27.40;20.30;19.00;63.00;55.00;58.00;243.00;5.40;3.10
INMET-000035;A999;CO;DF;ESTACAO METEOROLOGICA MOCK MVP;-15.78000000;-47.93000000;1160.00;2026-01-02T10:00:00Z;0.00;887.80;888.10;887.30;1763.50;28.90;19.00;29.40;28.30;19.40;18.60;57.00;46.00;50.00;307.00;4.50;3.10
INMET-000036;A999;CO;DF;ESTACAO METEOROLOGICA MOCK MVP;-15.78000000;-47.93000000;1160.00;2026-01-02T11:00:00Z;0.00;888.90;889.10;888.30;2400.60;28.80;17.90;29.30;27.80;18.10;17.70;47.00;40.00;45.00;21.00;7.20;3.20
INMET-000037;A999;CO;DF;ESTACAO METEOROLOGICA MOCK MVP;-15.78000000;-47.93000000;1160.00;2026-01-02T12:00:00Z;0.00;889.60;890.20;889.40;2719.60;30.30;19.20;31.20;29.40;19.30;19.00;49.00;43.00;44.00;1.00;5.20;3.80
INMET-000038;A999;CO;DF;ESTACAO METEOROLOGICA MOCK MVP;-15.78000000;-47.93000000;1160.00;2026-01-02T13:00:00Z;0.00;889.70;889.90;889.40;2296.60;30.20;18.80;31.00;29.30;19.00;18.40;44.00;36.00;43.00;37.00;3.70;3.10
INMET-000039;A999;CO;DF;ESTACAO METEOROLOGICA MOCK MVP;-15.78000000;-47.93000000;1160.00;2026-01-02T14:00:00Z;0.00;889.30;889.60;888.80;1653.70;29.70;19.60;29.90;29.20;19.80;19.30;52.00;45.00;49.00;341.00;6.40;4.60
INMET-000040;A999;CO;DF;ESTACAO METEOROLOGICA MOCK MVP;-15.78000000;-47.93000000;1160.00;2026-01-02T15:00:00Z;0.00;888.60;888.80;888.10;1751.00;29.70;18.50;30.00;29.30;19.20;18.00;50.00;43.00;44.00;24.00;3.70;0.80
INMET-000041;A999;CO;DF;ESTACAO METEOROLOGICA MOCK MVP;-15.78000000;-47.93000000;1160.00;2026-01-02T16:00:00Z;0.00;888.20;888.50;888.00;1246.50;28.20;19.30;28.60;28.00;19.90;18.90;58.00;51.00;56.00;87.00;8.90;5.10
INMET-000042;A999;CO;DF;ESTACAO METEOROLOGICA MOCK MVP;-15.78000000;-47.93000000;1160.00;2026-01-02T17:00:00Z;5.50;887.10;887.30;886.90;154.10;25.20;19.60;25.80;24.50;20.30;19.30;78.00;67.00;72.00;357.00;9.70;5.10
INMET-000043;A999;CO;DF;ESTACAO METEOROLOGICA MOCK MVP;-15.78000000;-47.93000000;1160.00;2026-01-02T18:00:00Z;0.00;886.60;886.90;886.20;0.00;26.50;18.30;26.80;25.90;18.70;17.90;66.00;54.00;59.00;359.00;4.70;3.70
INMET-000044;A999;CO;DF;ESTACAO METEOROLOGICA MOCK MVP;-15.78000000;-47.93000000;1160.00;2026-01-02T19:00:00Z;0.00;886.40;886.70;885.90;;24.50;17.60;25.00;23.80;17.70;16.90;70.00;63.00;65.00;123.00;7.40;2.90
INMET-000045;A999;CO;DF;ESTACAO METEOROLOGICA MOCK MVP;-15.78000000;-47.93000000;1160.00;2026-01-02T20:00:00Z;0.00;886.50;886.70;886.10;;23.60;19.30;24.10;23.10;19.70;18.70;83.00;75.00;79.00;34.00;5.20;1.20
INMET-000046;A999;CO;DF;ESTACAO METEOROLOGICA MOCK MVP;-15.78000000;-47.93000000;1160.00;2026-01-02T21:00:00Z;0.00;887.10;887.20;886.70;;21.50;17.60;22.20;20.50;18.20;17.50;86.00;76.00;80.00;129.00;7.40;4.60
INMET-000047;A999;CO;DF;ESTACAO METEOROLOGICA MOCK MVP;-15.78000000;-47.93000000;1160.00;2026-01-02T22:00:00Z;0.00;887.80;887.90;887.30;;20.90;18.30;21.20;20.20;18.70;17.80;93.00;82.00;87.00;135.00;4.90;4.40
INMET-000048;A999;CO;DF;ESTACAO METEOROLOGICA MOCK MVP;-15.78000000;-47.93000000;1160.00;2026-01-02T23:00:00Z;0.00;888.90;889.10;888.60;;19.10;17.80;20.00;18.50;18.30;17.50;97.00;87.00;93.00;148.00;1.90;0.60
INMET-000049;A999;CO;DF;ESTACAO METEOROLOGICA MOCK MVP;-15.78000000;-47.93000000;1160.00;2026-01-03T00:00:00Z;0.00;889.80;890.30;889.60;;19.20;16.60;19.70;18.80;16.90;16.00;89.00;85.00;87.00;217.00;7.10;3.70
INMET-000050;A999;CO;DF;ESTACAO METEOROLOGICA MOCK MVP;-15.78000000;-47.93000000;1160.00;2026-01-03T01:00:00Z;0.00;889.90;890.10;889.50;;19.00;17.00;19.80;18.40;17.30;16.30;97.00;89.00;90.00;190.00;4.50;1.00
INMET-000051;A999;CO;DF;ESTACAO METEOROLOGICA MOCK MVP;-15.78000000;-47.93000000;1160.00;2026-01-03T02:00:00Z;0.00;889.80;890.30;889.40;;19.60;17.70;20.70;18.80;18.20;17.00;97.00;86.00;90.00;229.00;4.60;2.90
INMET-000052;A999;CO;DF;ESTACAO METEOROLOGICA MOCK MVP;-15.78000000;-47.93000000;1160.00;2026-01-03T03:00:00Z;0.00;889.30;889.60;888.90;;20.40;18.20;20.80;19.40;18.40;17.60;92.00;83.00;89.00;253.00;3.10;1.70
INMET-000053;A999;CO;DF;ESTACAO METEOROLOGICA MOCK MVP;-15.78000000;-47.93000000;1160.00;2026-01-03T04:00:00Z;0.00;888.20;888.40;887.90;;21.40;18.60;22.30;21.00;18.80;18.30;92.00;81.00;86.00;280.00;5.90;2.70
INMET-000054;A999;CO;DF;ESTACAO METEOROLOGICA MOCK MVP;-15.78000000;-47.93000000;1160.00;2026-01-03T05:00:00Z;0.00;887.60;887.80;887.30;;21.60;17.50;22.40;20.70;18.10;16.90;82.00;75.00;79.00;196.00;7.40;3.00
INMET-000055;A999;CO;DF;ESTACAO METEOROLOGICA MOCK MVP;-15.78000000;-47.93000000;1160.00;2026-01-03T06:00:00Z;0.00;886.60;887.20;886.20;0.00;22.90;17.90;23.70;22.40;18.50;17.30;81.00;71.00;75.00;316.00;5.10;3.70
INMET-000056;A999;CO;DF;ESTACAO METEOROLOGICA MOCK MVP;-15.78000000;-47.93000000;1160.00;2026-01-03T07:00:00Z;0.00;886.50;886.60;885.90;601.30;25.30;18.70;25.90;24.60;18.80;18.50;70.00;65.00;67.00;226.00;2.50;0.60
INMET-000057;A999;CO;DF;ESTACAO METEOROLOGICA MOCK MVP;-15.78000000;-47.93000000;1160.00;2026-01-03T08:00:00Z;0.00;887.00;887.50;886.70;1394.90;26.60;18.80;26.80;25.90;19.10;18.40;64.00;56.00;61.00;312.00;2.20;1.40
INMET-000058;A999;CO;DF;ESTACAO METEOROLOGICA MOCK MVP;-15.78000000;-47.93000000;1160.00;2026-01-03T09:00:00Z;0.00;887.60;887.90;887.20;1428.30;28.20;18.90;29.10;27.50;19.50;18.30;60.00;48.00;53.00;257.00;2.40;0.40
INMET-000059;A999;CO;DF;ESTACAO METEOROLOGICA MOCK MVP;-15.78000000;-47.93000000;1160.00;2026-01-03T10:00:00Z;0.00;888.10;888.50;887.80;1820.60;28.70;18.20;29.10;27.70;18.50;17.80;49.00;45.00;47.00;356.00;5.80;3.10
INMET-000060;A999;CO;DF;ESTACAO METEOROLOGICA MOCK MVP;-15.78000000;-47.93000000;1160.00;2026-01-03T11:00:00Z;0.00;889.10;889.20;888.60;2472.90;30.60;19.40;31.20;29.60;19.90;18.80;49.00;40.00;44.00;321.00;3.50;1.60
INMET-000061;A999;CO;DF;ESTACAO METEOROLOGICA MOCK MVP;-15.78000000;-47.93000000;1160.00;2026-01-03T12:00:00Z;0.00;889.90;890.50;889.40;1882.00;30.10;18.30;30.50;29.50;18.50;17.70;45.00;37.00;41.00;331.00;8.00;5.10
INMET-000062;A999;CO;DF;ESTACAO METEOROLOGICA MOCK MVP;-15.78000000;-47.93000000;1160.00;2026-01-03T13:00:00Z;0.00;889.90;890.00;889.40;1812.10;30.30;18.20;30.70;29.60;18.70;18.00;43.00;33.00;39.00;29.00;8.30;4.60
INMET-000063;A999;CO;DF;ESTACAO METEOROLOGICA MOCK MVP;-15.78000000;-47.93000000;1160.00;2026-01-03T14:00:00Z;0.00;889.80;890.30;889.50;1608.70;30.60;19.50;31.10;30.10;19.70;19.10;51.00;41.00;44.00;19.00;7.20;4.90
INMET-000064;A999;CO;DF;ESTACAO METEOROLOGICA MOCK MVP;-15.78000000;-47.93000000;1160.00;2026-01-03T15:00:00Z;0.00;889.10;889.60;888.90;1261.40;29.40;18.40;30.00;28.70;18.60;18.20;47.00;42.00;45.00;20.00;5.30;2.30
INMET-000065;A999;CO;DF;ESTACAO METEOROLOGICA MOCK MVP;-15.78000000;-47.93000000;1160.00;2026-01-03T16:00:00Z;0.00;888.10;888.60;887.50;1360.50;28.60;19.20;29.50;27.60;19.30;18.90;60.00;50.00;53.00;10.00;5.90;3.10
INMET-000066;A999;CO;DF;ESTACAO METEOROLOGICA MOCK MVP;-15.78000000;-47.93000000;1160.00;2026-01-03T17:00:00Z;0.00;887.50;887.90;887.10;495.10;27.30;18.70;28.10;26.60;18.90;18.30;58.00;55.00;57.00;90.00;5.30;2.20
INMET-000067;A999;CO;DF;ESTACAO METEOROLOGICA MOCK MVP;-15.78000000;-47.93000000;1160.00;2026-01-03T18:00:00Z;2.30;886.70;887.00;886.30;0.00;21.80;16.70;22.20;20.80;17.00;16.60;78.00;68.00;74.00;113.00;6.60;3.50
INMET-000068;A999;CO;DF;ESTACAO METEOROLOGICA MOCK MVP;-15.78000000;-47.93000000;1160.00;2026-01-03T19:00:00Z;0.00;886.70;887.20;886.40;;24.60;18.30;25.30;23.80;18.40;17.90;70.00;62.00;68.00;36.00;5.50;4.10
INMET-000069;A999;CO;DF;ESTACAO METEOROLOGICA MOCK MVP;-15.78000000;-47.93000000;1160.00;2026-01-03T20:00:00Z;0.00;886.80;887.10;886.60;;23.30;17.60;23.50;22.90;17.90;17.50;77.00;65.00;71.00;114.00;8.20;5.00
INMET-000070;A999;CO;DF;ESTACAO METEOROLOGICA MOCK MVP;-15.78000000;-47.93000000;1160.00;2026-01-03T21:00:00Z;0.00;887.20;887.70;886.60;;21.70;16.80;22.10;20.60;17.30;16.30;82.00;70.00;75.00;116.00;1.60;0.70
INMET-000071;A999;CO;DF;ESTACAO METEOROLOGICA MOCK MVP;-15.78000000;-47.93000000;1160.00;2026-01-03T22:00:00Z;0.00;888.20;888.60;887.60;;20.70;16.90;21.60;20.50;17.20;16.70;83.00;80.00;81.00;150.00;6.50;4.90
INMET-000072;A999;CO;DF;ESTACAO METEOROLOGICA MOCK MVP;-15.78000000;-47.93000000;1160.00;2026-01-03T23:00:00Z;0.00;889.30;889.50;889.10;;20.00;17.30;20.80;19.60;17.80;16.90;90.00;83.00;87.00;110.00;3.30;1.50
INMET-000073;A999;CO;DF;ESTACAO METEOROLOGICA MOCK MVP;-15.78000000;-47.93000000;1160.00;2026-01-04T00:00:00Z;0.00;889.60;890.00;889.10;;19.30;16.90;19.60;18.80;17.00;16.30;94.00;82.00;88.00;146.00;5.70;1.60
INMET-000074;A999;CO;DF;ESTACAO METEOROLOGICA MOCK MVP;-15.78000000;-47.93000000;1160.00;2026-01-04T01:00:00Z;0.00;889.60;889.90;889.50;;18.30;16.60;19.20;17.90;16.90;16.00;95.00;87.00;91.00;151.00;4.50;3.00
INMET-000075;A999;CO;DF;ESTACAO METEOROLOGICA MOCK MVP;-15.78000000;-47.93000000;1160.00;2026-01-04T02:00:00Z;0.00;889.80;890.20;889.40;;19.50;17.30;19.90;19.10;17.60;16.70;95.00;88.00;89.00;271.00;6.80;3.40
INMET-000076;A999;CO;DF;ESTACAO METEOROLOGICA MOCK MVP;-15.78000000;-47.93000000;1160.00;2026-01-04T03:00:00Z;0.00;889.10;889.60;888.50;;19.10;17.60;19.90;18.80;17.80;17.00;94.00;90.00;92.00;225.00;5.90;2.20
INMET-000077;A999;CO;DF;ESTACAO METEOROLOGICA MOCK MVP;-15.78000000;-47.93000000;1160.00;2026-01-04T04:00:00Z;0.00;888.30;888.90;887.80;;20.70;17.80;21.10;20.30;18.10;17.60;90.00;83.00;86.00;205.00;3.70;2.20
INMET-000078;A999;CO;DF;ESTACAO METEOROLOGICA MOCK MVP;-15.78000000;-47.93000000;1160.00;2026-01-04T05:00:00Z;0.00;887.40;888.00;887.10;;21.60;17.40;22.10;21.30;18.10;17.10;82.00;72.00;79.00;255.00;8.10;3.80
INMET-000079;A999;CO;DF;ESTACAO METEOROLOGICA MOCK MVP;-15.78000000;-47.93000000;1160.00;2026-01-04T06:00:00Z;0.00;886.60;887.00;886.10;0.00;23.50;19.10;24.20;23.10;19.30;19.00;81.00;77.00;78.00;319.00;4.60;1.10
INMET-000080;A999;CO;DF;ESTACAO METEOROLOGICA MOCK MVP;-15.78000000;-47.93000000;1160.00;2026-01-04T07:00:00Z;0.00;886.50;887.00;885.90;552.00;24.80;19.20;25.10;24.60;19.70;18.60;78.00;69.00;72.00;320.00;4.20;3.00
INMET-000081;A999;CO;DF;ESTACAO METEOROLOGICA MOCK MVP;-15.78000000;-47.93000000;1160.00;2026-01-04T08:00:00Z;0.00;886.50;886.90;886.10;922.80;26.30;19.00;26.60;25.40;19.30;18.40;69.00;58.00;63.00;348.00;6.00;3.80
INMET-000082;A999;CO;DF;ESTACAO METEOROLOGICA MOCK MVP;-15.78000000;-47.93000000;1160.00;2026-01-04T09:00:00Z;0.00;887.20;887.40;886.90;1695.60;26.90;18.10;27.70;26.50;18.50;18.00;58.00;50.00;56.00;12.00;7.60;3.60
INMET-000083;A999;CO;DF;ESTACAO METEOROLOGICA MOCK MVP;-15.78000000;-47.93000000;1160.00;2026-01-04T10:00:00Z;0.00;888.20;888.30;888.00;1644.30;29.00;18.90;29.30;28.00;19.50;18.80;55.00;45.00;50.00;13.00;4.60;2.90
INMET-000084;A999;CO;DF;ESTACAO METEOROLOGICA MOCK MVP;-15.78000000;-47.93000000;1160.00;2026-01-04T11:00:00Z;0.00;888.70;888.90;888.30;2024.90;29.30;19.10;30.30;28.60;19.40;18.80;56.00;47.00;49.00;321.00;6.00;5.10
INMET-000085;A999;CO;DF;ESTACAO METEOROLOGICA MOCK MVP;-15.78000000;-47.93000000;1160.00;2026-01-04T12:00:00Z;0.00;889.80;890.20;889.60;1974.00;30.80;19.40;31.20;30.40;19.60;19.10;45.00;42.00;43.00;312.00;5.10;4.10
INMET-000086;A999;CO;DF;ESTACAO METEOROLOGICA MOCK MVP;-15.78000000;-47.93000000;1160.00;2026-01-04T13:00:00Z;0.00;889.80;890.30;889.70;1940.10;30.30;19.40;30.80;29.50;20.10;18.80;49.00;41.00;46.00;59.00;1.80;0.80
INMET-000087;A999;CO;DF;ESTACAO METEOROLOGICA MOCK MVP;-15.78000000;-47.93000000;1160.00;2026-01-04T14:00:00Z;0.00;889.60;890.00;889.20;1742.50;30.20;18.60;30.50;29.20;19.00;18.10;46.00;38.00;42.00;42.00;8.20;4.70
INMET-000088;A999;CO;DF;ESTACAO METEOROLOGICA MOCK MVP;-15.78000000;-47.93000000;1160.00;2026-01-04T15:00:00Z;0.00;888.80;889.00;888.60;1423.40;29.40;18.20;29.80;28.80;18.80;17.80;46.00;40.00;44.00;77.00;6.00;2.00
INMET-000089;A999;CO;DF;ESTACAO METEOROLOGICA MOCK MVP;-15.78000000;-47.93000000;1160.00;2026-01-04T16:00:00Z;0.00;888.00;888.20;887.40;1381.00;29.00;18.60;29.20;28.30;18.80;18.50;54.00;43.00;48.00;59.00;4.40;0.30
INMET-000090;A999;CO;DF;ESTACAO METEOROLOGICA MOCK MVP;-15.78000000;-47.93000000;1160.00;2026-01-04T17:00:00Z;0.00;887.30;887.80;886.90;580.00;27.90;18.60;28.50;27.30;19.00;18.00;55.00;51.00;54.00;36.00;5.40;0.90
INMET-000091;A999;CO;DF;ESTACAO METEOROLOGICA MOCK MVP;-15.78000000;-47.93000000;1160.00;2026-01-04T18:00:00Z;0.00;886.60;886.90;886.00;0.00;25.70;18.20;26.30;24.80;18.50;17.90;69.00;56.00;63.00;85.00;7.20;3.20
INMET-000092;A999;CO;DF;ESTACAO METEOROLOGICA MOCK MVP;-15.78000000;-47.93000000;1160.00;2026-01-04T19:00:00Z;0.00;886.20;886.70;886.00;;24.40;18.40;25.00;24.20;18.70;18.10;77.00;65.00;70.00;52.00;1.40;0.70
INMET-000093;A999;CO;DF;ESTACAO METEOROLOGICA MOCK MVP;-15.78000000;-47.93000000;1160.00;2026-01-04T20:00:00Z;0.00;886.90;887.20;886.40;;23.30;18.50;24.20;22.50;19.10;18.40;82.00;71.00;76.00;125.00;7.10;2.80
INMET-000094;A999;CO;DF;ESTACAO METEOROLOGICA MOCK MVP;-15.78000000;-47.93000000;1160.00;2026-01-04T21:00:00Z;0.00;887.30;887.50;886.80;;22.40;18.70;22.90;21.40;19.20;18.40;86.00;75.00;81.00;95.00;4.20;1.50
INMET-000095;A999;CO;DF;ESTACAO METEOROLOGICA MOCK MVP;-15.78000000;-47.93000000;1160.00;2026-01-04T22:00:00Z;18.50;887.80;888.40;887.70;;16.60;16.40;17.40;16.30;16.60;15.90;100.00;98.00;99.00;144.00;7.10;6.30
INMET-000096;A999;CO;DF;ESTACAO METEOROLOGICA MOCK MVP;-15.78000000;-47.93000000;1160.00;2026-01-04T23:00:00Z;0.00;888.90;889.20;888.80;;20.20;18.40;20.60;19.90;18.90;17.70;97.00;87.00;91.00;107.00;5.10;2.60
INMET-000097;A999;CO;DF;ESTACAO METEOROLOGICA MOCK MVP;-15.78000000;-47.93000000;1160.00;2026-01-05T00:00:00Z;0.00;889.10;889.50;888.70;;18.00;17.00;18.90;17.00;17.50;16.70;97.00;94.00;95.00;165.00;9.70;5.10
INMET-000098;A999;CO;DF;ESTACAO METEOROLOGICA MOCK MVP;-15.78000000;-47.93000000;1160.00;2026-01-05T01:00:00Z;0.00;889.10;889.50;888.60;;17.50;16.60;18.10;16.80;17.00;16.00;98.00;93.00;95.00;247.00;6.70;4.30
INMET-000099;A999;CO;DF;ESTACAO METEOROLOGICA MOCK MVP;-15.78000000;-47.93000000;1160.00;2026-01-05T02:00:00Z;0.00;888.80;889.40;888.30;;17.60;16.60;18.40;17.20;16.80;16.50;98.00;91.00;95.00;218.00;7.30;3.30
INMET-000100;A999;CO;DF;ESTACAO METEOROLOGICA MOCK MVP;-15.78000000;-47.93000000;1160.00;2026-01-05T03:00:00Z;0.00;888.00;888.50;887.80;;18.30;16.40;18.90;17.30;16.70;16.20;92.00;88.00;91.00;236.00;7.00;5.10
INMET-000101;A999;CO;DF;ESTACAO METEOROLOGICA MOCK MVP;-15.78000000;-47.93000000;1160.00;2026-01-05T04:00:00Z;0.00;887.20;887.40;886.80;;19.90;16.80;20.10;19.40;17.20;16.30;87.00;81.00;84.00;253.00;3.80;1.80
INMET-000102;A999;CO;DF;ESTACAO METEOROLOGICA MOCK MVP;-15.78000000;-47.93000000;1160.00;2026-01-05T05:00:00Z;0.00;886.40;886.60;885.80;;20.60;17.90;21.30;20.10;18.30;17.60;93.00;81.00;86.00;258.00;5.10;3.40
INMET-000103;A999;CO;DF;ESTACAO METEOROLOGICA MOCK MVP;-15.78000000;-47.93000000;1160.00;2026-01-05T06:00:00Z;0.00;886.00;886.40;885.40;0.00;21.90;17.00;22.30;21.20;17.30;16.30;81.00;74.00;75.00;258.00;4.00;1.10
INMET-000104;A999;CO;DF;ESTACAO METEOROLOGICA MOCK MVP;-15.78000000;-47.93000000;1160.00;2026-01-05T07:00:00Z;0.00;885.50;885.90;885.10;668.60;24.20;17.70;25.10;23.30;17.90;17.40;70.00;61.00;67.00;283.00;5.60;4.00
INMET-000105;A999;CO;DF;ESTACAO METEOROLOGICA MOCK MVP;-15.78000000;-47.93000000;1160.00;2026-01-05T08:00:00Z;0.00;886.00;886.50;885.70;906.40;24.80;18.10;25.80;24.30;18.20;17.70;72.00;63.00;66.00;270.00;7.80;4.30
INMET-000106;A999;CO;DF;ESTACAO METEOROLOGICA MOCK MVP;-15.78000000;-47.93000000;1160.00;2026-01-05T09:00:00Z;0.00;886.70;887.00;886.30;1314.50;26.10;18.40;26.90;25.30;18.80;17.90;63.00;60.00;61.00;346.00;1.80;0.40
INMET-000107;A999;CO;DF;ESTACAO METEOROLOGICA MOCK MVP;-15.78000000;-47.93000000;1160.00;2026-01-05T10:00:00Z;0.00;887.20;887.50;886.90;1931.80;28.10;18.50;29.00;27.10;19.10;18.00;57.00;46.00;52.00;356.00;4.60;2.70
INMET-000108;A999;CO;DF;ESTACAO METEOROLOGICA MOCK MVP;-15.78000000;-47.93000000;1160.00;2026-01-05T11:00:00Z;0.00;888.40;888.90;888.30;1959.90;29.00;18.40;29.50;28.60;18.90;18.00;49.00;45.00;47.00;342.00;6.90;3.60
INMET-000109;A999;CO;DF;ESTACAO METEOROLOGICA MOCK MVP;-15.78000000;-47.93000000;1160.00;2026-01-05T12:00:00Z;0.00;888.80;889.30;888.60;2518.50;28.70;18.90;29.20;27.90;19.40;18.20;57.00;49.00;51.00;35.00;5.30;0.60
INMET-000110;A999;CO;DF;ESTACAO METEOROLOGICA MOCK MVP;-15.78000000;-47.93000000;1160.00;2026-01-05T13:00:00Z;0.00;889.10;889.20;888.50;2447.40;28.90;18.80;29.60;28.60;19.10;18.40;51.00;48.00;49.00;40.00;6.20;2.10
INMET-000111;A999;CO;DF;ESTACAO METEOROLOGICA MOCK MVP;-15.78000000;-47.93000000;1160.00;2026-01-05T14:00:00Z;0.00;889.10;889.40;888.50;2275.70;28.90;17.80;29.30;28.40;18.00;17.10;46.00;39.00;44.00;45.00;4.40;3.30
INMET-000112;A999;CO;DF;ESTACAO METEOROLOGICA MOCK MVP;-15.78000000;-47.93000000;1160.00;2026-01-05T15:00:00Z;6.10;888.40;889.00;888.30;437.40;24.90;19.00;25.40;24.30;19.20;18.80;76.00;66.00;70.00;6.00;6.70;4.30
INMET-000113;A999;CO;DF;ESTACAO METEOROLOGICA MOCK MVP;-15.78000000;-47.93000000;1160.00;2026-01-05T16:00:00Z;0.00;887.50;888.00;887.10;987.90;27.30;17.80;28.00;26.90;18.00;17.40;55.00;48.00;52.00;89.00;9.00;4.60
INMET-000114;A999;CO;DF;ESTACAO METEOROLOGICA MOCK MVP;-15.78000000;-47.93000000;1160.00;2026-01-05T17:00:00Z;0.00;886.60;886.70;886.30;666.70;26.80;19.10;27.70;25.80;19.40;18.70;66.00;56.00;61.00;44.00;8.60;4.10
INMET-000115;A999;CO;DF;ESTACAO METEOROLOGICA MOCK MVP;-15.78000000;-47.93000000;1160.00;2026-01-05T18:00:00Z;0.00;886.10;886.40;885.90;0.00;25.70;18.00;26.80;25.10;18.30;17.70;64.00;57.00;61.00;54.00;3.80;1.30
INMET-000116;A999;CO;DF;ESTACAO METEOROLOGICA MOCK MVP;-15.78000000;-47.93000000;1160.00;2026-01-05T19:00:00Z;0.00;885.80;886.10;885.30;;24.10;18.30;25.00;23.00;18.50;17.70;76.00;65.00;71.00;73.00;4.20;2.30
INMET-000117;A999;CO;DF;ESTACAO METEOROLOGICA MOCK MVP;-15.78000000;-47.93000000;1160.00;2026-01-05T20:00:00Z;0.00;886.10;886.40;885.80;;21.80;16.50;22.30;20.90;17.00;15.90;78.00;67.00;73.00;160.00;2.80;1.30
INMET-000118;A999;CO;DF;ESTACAO METEOROLOGICA MOCK MVP;-15.78000000;-47.93000000;1160.00;2026-01-05T21:00:00Z;0.00;886.60;887.10;886.10;;21.30;17.90;22.30;20.20;18.10;17.40;87.00;79.00;83.00;98.00;5.40;1.70
INMET-000119;A999;CO;DF;ESTACAO METEOROLOGICA MOCK MVP;-15.78000000;-47.93000000;1160.00;2026-01-05T22:00:00Z;0.00;887.20;887.60;886.90;;20.00;17.60;20.20;18.90;18.00;17.20;94.00;85.00;88.00;94.00;6.00;2.90
INMET-000120;A999;CO;DF;ESTACAO METEOROLOGICA MOCK MVP;-15.78000000;-47.93000000;1160.00;2026-01-05T23:00:00Z;0.00;888.30;888.60;887.90;;18.30;17.00;18.90;18.00;17.40;16.70;100.00;89.00;94.00;133.00;5.30;3.40
INMET-000121;A999;CO;DF;ESTACAO METEOROLOGICA MOCK MVP;-15.78000000;-47.93000000;1160.00;2026-01-06T00:00:00Z;0.00;888.10;888.30;887.60;;17.10;16.00;17.80;16.80;16.20;15.90;100.00;93.00;94.00;260.00;6.10;3.70
INMET-000122;A999;CO;DF;ESTACAO METEOROLOGICA MOCK MVP;-15.78000000;-47.93000000;1160.00;2026-01-06T01:00:00Z;0.00;888.30;888.90;887.70;;16.10;15.70;16.50;15.50;16.30;15.60;99.00;92.00;98.00;231.00;7.30;4.50
INMET-000123;A999;CO;DF;ESTACAO METEOROLOGICA MOCK MVP;-15.78000000;-47.93000000;1160.00;2026-01-06T02:00:00Z;0.00;888.10;888.40;887.70;;17.10;16.60;18.10;16.20;16.80;16.20;100.00;91.00;97.00;247.00;1.60;0.80
INMET-000124;A999;CO;DF;ESTACAO METEOROLOGICA MOCK MVP;-15.78000000;-47.93000000;1160.00;2026-01-06T03:00:00Z;0.00;887.70;888.30;887.50;;18.20;16.70;19.10;17.50;17.10;16.50;100.00;91.00;93.00;308.00;4.40;3.30
INMET-000125;A999;CO;DF;ESTACAO METEOROLOGICA MOCK MVP;-15.78000000;-47.93000000;1160.00;2026-01-06T04:00:00Z;0.00;886.50;886.60;886.00;;18.30;15.90;18.90;17.60;16.30;15.20;91.00;87.00;88.00;240.00;7.80;4.50
INMET-000126;A999;CO;DF;ESTACAO METEOROLOGICA MOCK MVP;-15.78000000;-47.93000000;1160.00;2026-01-06T05:00:00Z;0.00;886.00;886.20;885.50;;19.90;17.20;20.60;19.20;17.80;17.10;92.00;83.00;87.00;231.00;3.40;0.30
INMET-000127;A999;CO;DF;ESTACAO METEOROLOGICA MOCK MVP;-15.78000000;-47.93000000;1160.00;2026-01-06T06:00:00Z;0.00;885.10;885.30;884.90;0.00;20.70;17.40;20.90;19.70;17.70;16.90;85.00;78.00;84.00;236.00;3.30;0.40
INMET-000128;A999;CO;DF;ESTACAO METEOROLOGICA MOCK MVP;-15.78000000;-47.93000000;1160.00;2026-01-06T07:00:00Z;0.00;884.80;885.10;884.70;696.30;22.80;18.40;23.80;21.90;18.90;18.00;83.00;76.00;78.00;249.00;6.20;4.80
INMET-000129;A999;CO;DF;ESTACAO METEOROLOGICA MOCK MVP;-15.78000000;-47.93000000;1160.00;2026-01-06T08:00:00Z;0.00;885.00;885.40;884.90;1139.70;23.70;17.60;24.70;22.80;18.10;17.00;71.00;65.00;70.00;313.00;6.10;1.60
INMET-000130;A999;CO;DF;ESTACAO METEOROLOGICA MOCK MVP;-15.78000000;-47.93000000;1160.00;2026-01-06T09:00:00Z;0.00;885.60;886.20;885.30;1435.10;25.30;17.30;25.70;24.80;18.00;16.70;66.00;58.00;60.00;271.00;6.20;3.20
INMET-000131;A999;CO;DF;ESTACAO METEOROLOGICA MOCK MVP;-15.78000000;-47.93000000;1160.00;2026-01-06T10:00:00Z;0.00;886.60;886.90;886.20;1843.90;27.10;19.30;27.50;26.10;19.90;19.10;67.00;58.00;61.00;324.00;2.60;2.00
INMET-000132;A999;CO;DF;ESTACAO METEOROLOGICA MOCK MVP;-15.78000000;-47.93000000;1160.00;2026-01-06T11:00:00Z;0.00;887.30;887.80;887.20;2028.50;27.00;18.00;27.40;26.80;18.60;17.50;58.00;53.00;55.00;53.00;6.90;4.40
INMET-000133;A999;CO;DF;ESTACAO METEOROLOGICA MOCK MVP;-15.78000000;-47.93000000;1160.00;2026-01-06T12:00:00Z;0.00;887.90;888.00;887.50;2690.70;28.40;18.60;28.80;27.50;18.90;18.10;52.00;48.00;51.00;321.00;5.30;3.90
INMET-000134;A999;CO;DF;ESTACAO METEOROLOGICA MOCK MVP;-15.78000000;-47.93000000;1160.00;2026-01-06T13:00:00Z;0.00;888.30;888.40;888.00;2097.30;28.10;17.60;29.00;27.10;17.90;17.20;51.00;45.00;47.00;320.00;5.50;2.90
INMET-000135;A999;CO;DF;ESTACAO METEOROLOGICA MOCK MVP;-15.78000000;-47.93000000;1160.00;2026-01-06T14:00:00Z;0.00;888.30;888.50;887.90;1573.80;28.70;19.00;29.20;28.00;19.40;18.60;55.00;49.00;52.00;20.00;2.70;1.80
INMET-000136;A999;CO;DF;ESTACAO METEOROLOGICA MOCK MVP;-15.78000000;-47.93000000;1160.00;2026-01-06T15:00:00Z;0.00;887.50;887.90;887.00;1821.60;27.70;17.70;28.60;27.40;17.90;17.10;55.00;46.00;50.00;86.00;6.10;5.00
INMET-000137;A999;CO;DF;ESTACAO METEOROLOGICA MOCK MVP;-15.78000000;-47.93000000;1160.00;2026-01-06T16:00:00Z;24.10;886.60;886.90;886.20;488.00;22.70;17.70;23.40;21.90;18.00;17.50;76.00;68.00;75.00;12.00;5.90;4.50
INMET-000138;A999;CO;DF;ESTACAO METEOROLOGICA MOCK MVP;-15.78000000;-47.93000000;1160.00;2026-01-06T17:00:00Z;0.00;885.60;886.10;885.10;511.80;25.20;18.10;26.00;24.30;18.30;17.90;68.00;59.00;65.00;47.00;3.40;2.50
INMET-000139;A999;CO;DF;ESTACAO METEOROLOGICA MOCK MVP;-15.78000000;-47.93000000;1160.00;2026-01-06T18:00:00Z;0.00;885.20;885.70;884.80;0.00;23.40;16.60;24.20;22.80;16.80;16.20;73.00;64.00;66.00;110.00;5.00;1.80
INMET-000140;A999;CO;DF;ESTACAO METEOROLOGICA MOCK MVP;-15.78000000;-47.93000000;1160.00;2026-01-06T19:00:00Z;0.00;885.10;885.30;885.00;;22.50;18.10;23.30;21.80;18.50;17.60;79.00;72.00;78.00;112.00;5.70;3.80
INMET-000141;A999;CO;DF;ESTACAO METEOROLOGICA MOCK MVP;-15.78000000;-47.93000000;1160.00;2026-01-06T20:00:00Z;0.00;885.30;885.90;885.00;;21.10;16.50;21.80;20.30;16.70;16.30;83.00;71.00;77.00;112.00;7.40;4.60
INMET-000142;A999;CO;DF;ESTACAO METEOROLOGICA MOCK MVP;-15.78000000;-47.93000000;1160.00;2026-01-06T21:00:00Z;0.00;885.70;886.00;885.40;;19.70;16.40;19.90;19.30;17.00;15.70;86.00;77.00;83.00;107.00;3.50;1.80
INMET-000143;A999;CO;DF;ESTACAO METEOROLOGICA MOCK MVP;-15.78000000;-47.93000000;1160.00;2026-01-06T22:00:00Z;0.00;886.60;886.90;886.00;;18.40;17.20;18.70;17.40;17.80;16.70;96.00;89.00;94.00;79.00;7.00;4.10
INMET-000144;A999;CO;DF;ESTACAO METEOROLOGICA MOCK MVP;-15.78000000;-47.93000000;1160.00;2026-01-06T23:00:00Z;0.00;887.40;887.60;887.10;;18.20;17.10;19.00;17.20;17.30;16.70;100.00;88.00;94.00;111.00;3.90;3.30
INMET-000145;A999;CO;DF;ESTACAO METEOROLOGICA MOCK MVP;-15.78000000;-47.93000000;1160.00;2026-01-07T00:00:00Z;0.00;887.70;887.80;887.40;;16.30;15.90;16.80;15.40;16.40;15.40;100.00;96.00;98.00;240.00;5.40;1.80
INMET-000146;A999;CO;DF;ESTACAO METEOROLOGICA MOCK MVP;-15.78000000;-47.93000000;1160.00;2026-01-07T01:00:00Z;0.00;887.60;888.00;887.40;;15.50;15.00;15.90;14.60;15.20;14.40;99.00;95.00;98.00;242.00;5.40;3.90
INMET-000147;A999;CO;DF;ESTACAO METEOROLOGICA MOCK MVP;-15.78000000;-47.93000000;1160.00;2026-01-07T02:00:00Z;0.00;887.40;887.50;886.90;;17.00;16.60;17.40;15.90;17.20;16.40;100.00;93.00;98.00;287.00;1.90;0.80
INMET-000148;A999;CO;DF;ESTACAO METEOROLOGICA MOCK MVP;-15.78000000;-47.93000000;1160.00;2026-01-07T03:00:00Z;0.00;887.20;887.80;886.90;;16.90;16.40;17.60;16.20;16.70;15.90;100.00;93.00;98.00;275.00;4.10;2.00
INMET-000149;A999;CO;DF;ESTACAO METEOROLOGICA MOCK MVP;-15.78000000;-47.93000000;1160.00;2026-01-07T04:00:00Z;0.00;886.00;886.20;885.90;;17.60;16.30;18.20;16.70;16.50;16.00;97.00;92.00;93.00;243.00;2.00;0.50
INMET-000150;A999;CO;DF;ESTACAO METEOROLOGICA MOCK MVP;-15.78000000;-47.93000000;1160.00;2026-01-07T05:00:00Z;0.00;885.20;885.40;884.70;;19.40;17.90;19.80;18.70;18.50;17.60;98.00;89.00;93.00;321.00;2.40;0.40
INMET-000151;A999;CO;DF;ESTACAO METEOROLOGICA MOCK MVP;-15.78000000;-47.93000000;1160.00;2026-01-07T06:00:00Z;0.00;884.80;885.30;884.50;0.00;20.60;17.40;21.70;19.80;17.60;16.70;88.00;79.00;84.00;350.00;5.30;2.40
INMET-000152;A999;CO;DF;ESTACAO METEOROLOGICA MOCK MVP;-15.78000000;-47.93000000;1160.00;2026-01-07T07:00:00Z;0.00;884.60;885.10;884.20;551.90;22.40;17.70;22.60;21.30;18.00;17.30;81.00;75.00;77.00;279.00;6.50;4.00
INMET-000153;A999;CO;DF;ESTACAO METEOROLOGICA MOCK MVP;-15.78000000;-47.93000000;1160.00;2026-01-07T08:00:00Z;0.00;884.50;885.10;884.10;1055.70;23.40;17.20;23.70;22.40;17.50;16.90;72.00;63.00;69.00;297.00;7.40;3.70
INMET-000154;A999;CO;DF;ESTACAO METEOROLOGICA MOCK MVP;-15.78000000;-47.93000000;1160.00;2026-01-07T09:00:00Z;0.00;885.50;885.70;885.00;1508.60;24.30;17.40;25.20;23.90;17.70;17.20;71.00;59.00;66.00;349.00;3.80;1.40
INMET-000155;A999;CO;DF;ESTACAO METEOROLOGICA MOCK MVP;-15.78000000;-47.93000000;1160.00;2026-01-07T10:00:00Z;0.00;886.30;886.70;885.90;1637.80;26.00;17.30;27.00;25.20;17.50;16.70;60.00;53.00;57.00;329.00;5.50;2.10
INMET-000156;A999;CO;DF;ESTACAO METEOROLOGICA MOCK MVP;-15.78000000;-47.93000000;1160.00;2026-01-07T11:00:00Z;0.00;887.10;887.60;886.70;2164.80;26.90;18.80;27.80;26.60;19.00;18.40;62.00;58.00;60.00;46.00;4.40;2.30
INMET-000157;A999;CO;DF;ESTACAO METEOROLOGICA MOCK MVP;-15.78000000;-47.93000000;1160.00;2026-01-07T12:00:00Z;0.00;887.50;888.00;887.10;2248.50;27.80;18.40;28.50;27.30;18.90;18.00;57.00;49.00;53.00;65.00;3.50;2.40
INMET-000158;A999;CO;DF;ESTACAO METEOROLOGICA MOCK MVP;-15.78000000;-47.93000000;1160.00;2026-01-07T13:00:00Z;0.00;887.70;888.30;887.30;2504.40;27.40;17.60;28.40;26.80;17.80;17.30;54.00;49.00;51.00;80.00;3.40;0.50
INMET-000159;A999;CO;DF;ESTACAO METEOROLOGICA MOCK MVP;-15.78000000;-47.93000000;1160.00;2026-01-07T14:00:00Z;0.00;887.40;887.80;886.90;2118.80;27.10;18.20;27.50;26.40;18.80;17.60;62.00;51.00;56.00;31.00;7.90;3.50
INMET-000160;A999;CO;DF;ESTACAO METEOROLOGICA MOCK MVP;-15.78000000;-47.93000000;1160.00;2026-01-07T15:00:00Z;0.00;887.20;887.30;886.70;1719.50;26.40;17.50;26.90;25.70;18.10;17.30;58.00;50.00;55.00;68.00;4.50;2.10
INMET-000161;A999;CO;DF;ESTACAO METEOROLOGICA MOCK MVP;-15.78000000;-47.93000000;1160.00;2026-01-07T16:00:00Z;18.00;886.10;886.40;885.80;480.90;23.30;18.40;24.00;22.40;18.80;17.80;79.00;68.00;75.00;105.00;8.00;5.50
INMET-000162;A999;CO;DF;ESTACAO METEOROLOGICA MOCK MVP;-15.78000000;-47.93000000;1160.00;2026-01-07T17:00:00Z;0.00;885.30;885.50;885.20;523.90;24.90;18.00;25.40;23.90;18.50;17.70;72.00;60.00;65.00;20.00;4.90;3.60
INMET-000163;A999;CO;DF;ESTACAO METEOROLOGICA MOCK MVP;-15.78000000;-47.93000000;1160.00;2026-01-07T18:00:00Z;0.00;884.60;884.90;884.20;0.00;24.00;17.60;24.80;23.10;17.80;17.00;75.00;67.00;68.00;56.00;1.40;0.90
INMET-000164;A999;CO;DF;ESTACAO METEOROLOGICA MOCK MVP;-15.78000000;-47.93000000;1160.00;2026-01-07T19:00:00Z;0.00;884.40;885.00;884.00;;22.30;18.30;22.60;21.80;18.90;17.90;85.00;74.00;80.00;62.00;1.30;0.80
INMET-000165;A999;CO;DF;ESTACAO METEOROLOGICA MOCK MVP;-15.78000000;-47.93000000;1160.00;2026-01-07T20:00:00Z;3.20;884.90;885.10;884.40;;16.10;15.90;16.30;15.60;16.00;15.40;100.00;97.00;99.00;79.00;4.80;1.70
INMET-000166;A999;CO;DF;ESTACAO METEOROLOGICA MOCK MVP;-15.78000000;-47.93000000;1160.00;2026-01-07T21:00:00Z;0.00;885.20;885.40;885.10;;18.80;17.10;19.40;17.80;17.30;16.50;98.00;90.00;92.00;157.00;5.40;4.80
INMET-000167;A999;CO;DF;ESTACAO METEOROLOGICA MOCK MVP;-15.78000000;-47.93000000;1160.00;2026-01-07T22:00:00Z;5.40;886.10;886.30;885.70;;13.60;13.40;14.30;13.30;14.00;12.90;100.00;92.00;99.00;200.00;5.80;2.40
INMET-000168;A999;CO;DF;ESTACAO METEOROLOGICA MOCK MVP;-15.78000000;-47.93000000;1160.00;2026-01-07T23:00:00Z;0.00;887.20;887.70;886.90;;17.30;16.90;18.20;16.70;17.40;16.20;100.00;91.00;98.00;212.00;7.30;3.40
INMET-000169;A999;CO;DF;ESTACAO METEOROLOGICA MOCK MVP;-15.78000000;-47.93000000;1160.00;2026-01-08T00:00:00Z;0.00;887.70;887.90;887.50;;16.30;15.90;17.20;15.80;16.20;15.40;100.00;95.00;98.00;172.00;8.10;5.10
INMET-000170;A999;CO;DF;ESTACAO METEOROLOGICA MOCK MVP;-15.78000000;-47.93000000;1160.00;2026-01-08T01:00:00Z;0.00;888.00;888.40;887.40;;16.40;16.00;17.40;16.00;16.60;15.90;100.00;95.00;98.00;275.00;6.70;3.30
INMET-000171;A999;CO;DF;ESTACAO METEOROLOGICA MOCK MVP;-15.78000000;-47.93000000;1160.00;2026-01-08T02:00:00Z;0.00;887.90;888.00;887.40;;16.60;16.10;17.60;15.60;16.50;15.50;100.00;93.00;97.00;213.00;2.50;0.70
INMET-000172;A999;CO;DF;ESTACAO METEOROLOGICA MOCK MVP;-15.78000000;-47.93000000;1160.00;2026-01-08T03:00:00Z;0.00;886.80;887.10;886.60;;16.80;16.40;17.10;16.30;16.90;15.70;100.00;96.00;98.00;247.00;3.80;1.10
INMET-000173;A999;CO;DF;ESTACAO METEOROLOGICA MOCK MVP;-15.78000000;-47.93000000;1160.00;2026-01-08T04:00:00Z;0.00;886.00;886.30;885.70;;18.40;16.90;18.90;17.80;17.20;16.70;96.00;90.00;93.00;287.00;5.40;3.00
INMET-000174;A999;CO;DF;ESTACAO METEOROLOGICA MOCK MVP;-15.78000000;-47.93000000;1160.00;2026-01-08T05:00:00Z;0.00;885.40;885.80;885.20;;19.30;17.20;20.20;18.80;17.50;17.10;93.00;86.00;89.00;311.00;9.40;4.80
INMET-000175;A999;CO;DF;ESTACAO METEOROLOGICA MOCK MVP;-15.78000000;-47.93000000;1160.00;2026-01-08T06:00:00Z;0.00;884.70;885.30;884.20;0.00;20.40;16.80;20.80;19.40;17.00;16.70;83.00;76.00;82.00;253.00;1.80;0.90
INMET-000176;A999;CO;DF;ESTACAO METEOROLOGICA MOCK MVP;-15.78000000;-47.93000000;1160.00;2026-01-08T07:00:00Z;0.00;884.40;884.60;883.90;527.50;21.80;17.70;22.40;21.40;18.20;17.20;81.00;73.00;79.00;273.00;5.10;2.20
INMET-000177;A999;CO;DF;ESTACAO METEOROLOGICA MOCK MVP;-15.78000000;-47.93000000;1160.00;2026-01-08T08:00:00Z;0.00;885.00;885.10;884.40;1271.20;23.40;16.80;23.90;22.80;17.40;16.60;69.00;64.00;67.00;24.00;3.60;0.60
INMET-000178;A999;CO;DF;ESTACAO METEOROLOGICA MOCK MVP;-15.78000000;-47.93000000;1160.00;2026-01-08T09:00:00Z;0.00;885.30;885.40;884.70;1930.30;24.30;17.10;24.80;23.40;17.30;17.00;66.00;57.00;64.00;325.00;7.00;2.40
INMET-000179;A999;CO;DF;ESTACAO METEOROLOGICA MOCK MVP;-15.78000000;-47.93000000;1160.00;2026-01-08T10:00:00Z;0.00;886.20;886.50;886.00;1597.40;25.90;17.10;26.80;25.40;17.30;16.50;62.00;53.00;56.00;334.00;4.90;1.60
INMET-000180;A999;CO;DF;ESTACAO METEOROLOGICA MOCK MVP;-15.78000000;-47.93000000;1160.00;2026-01-08T11:00:00Z;0.00;886.90;887.10;886.30;2665.80;26.90;17.60;27.60;26.00;17.90;17.20;55.00;49.00;53.00;1.00;3.30;0.70
INMET-000181;A999;CO;DF;ESTACAO METEOROLOGICA MOCK MVP;-15.78000000;-47.93000000;1160.00;2026-01-08T12:00:00Z;0.00;887.80;888.30;887.50;2136.40;27.70;19.00;28.60;26.90;19.60;18.40;60.00;51.00;57.00;333.00;1.60;1.00
INMET-000182;A999;CO;DF;ESTACAO METEOROLOGICA MOCK MVP;-15.78000000;-47.93000000;1160.00;2026-01-08T13:00:00Z;0.00;887.70;887.90;887.40;2516.40;28.20;19.20;28.50;27.60;19.70;18.70;61.00;52.00;55.00;72.00;9.40;4.80
INMET-000183;A999;CO;DF;ESTACAO METEOROLOGICA MOCK MVP;-15.78000000;-47.93000000;1160.00;2026-01-08T14:00:00Z;0.00;887.80;888.30;887.60;1959.10;27.20;18.50;27.70;26.90;19.00;18.20;57.00;54.00;56.00;44.00;5.20;1.30
INMET-000184;A999;CO;DF;ESTACAO METEOROLOGICA MOCK MVP;-15.78000000;-47.93000000;1160.00;2026-01-08T15:00:00Z;0.00;887.10;887.50;886.50;1959.10;27.10;18.60;28.10;26.30;18.90;18.00;64.00;51.00;58.00;101.00;4.00;1.40
INMET-000185;A999;CO;DF;ESTACAO METEOROLOGICA MOCK MVP;-15.78000000;-47.93000000;1160.00;2026-01-08T16:00:00Z;0.00;886.00;886.30;885.80;1038.30;25.50;17.80;26.60;25.30;18.40;17.70;67.00;57.00;62.00;44.00;7.30;3.40
INMET-000186;A999;CO;DF;ESTACAO METEOROLOGICA MOCK MVP;-15.78000000;-47.93000000;1160.00;2026-01-08T17:00:00Z;0.00;885.40;885.90;884.90;467.20;24.40;16.70;25.30;23.40;17.00;16.40;66.00;60.00;61.00;52.00;8.10;3.60
INMET-000187;A999;CO;DF;ESTACAO METEOROLOGICA MOCK MVP;-15.78000000;-47.93000000;1160.00;2026-01-08T18:00:00Z;23.80;884.70;885.30;884.20;0.00;20.50;18.10;21.20;20.10;18.50;17.90;90.00;82.00;88.00;124.00;7.80;4.60
INMET-000188;A999;CO;DF;ESTACAO METEOROLOGICA MOCK MVP;-15.78000000;-47.93000000;1160.00;2026-01-08T19:00:00Z;0.00;884.40;884.60;884.00;;22.20;17.30;22.90;21.60;17.80;16.70;79.00;75.00;76.00;53.00;7.10;3.10
INMET-000189;A999;CO;DF;ESTACAO METEOROLOGICA MOCK MVP;-15.78000000;-47.93000000;1160.00;2026-01-08T20:00:00Z;0.00;884.90;885.50;884.60;;21.10;17.30;22.10;20.30;17.50;17.00;85.00;78.00;81.00;169.00;6.60;3.30
INMET-000190;A999;CO;DF;ESTACAO METEOROLOGICA MOCK MVP;-15.78000000;-47.93000000;1160.00;2026-01-08T21:00:00Z;2.70;885.30;885.50;884.80;;17.30;17.10;17.90;16.40;17.30;16.90;100.00;95.00;99.00;95.00;5.60;4.00
INMET-000191;A999;CO;DF;ESTACAO METEOROLOGICA MOCK MVP;-15.78000000;-47.93000000;1160.00;2026-01-08T22:00:00Z;0.00;886.10;886.60;885.60;;18.30;16.20;18.90;18.00;16.50;15.80;91.00;84.00;90.00;174.00;2.60;1.50
INMET-000192;A999;CO;DF;ESTACAO METEOROLOGICA MOCK MVP;-15.78000000;-47.93000000;1160.00;2026-01-08T23:00:00Z;0.00;887.10;887.40;886.80;;17.10;16.20;18.00;16.30;16.90;15.70;97.00;91.00;96.00;110.00;6.20;3.70
INMET-000193;A999;CO;DF;ESTACAO METEOROLOGICA MOCK MVP;-15.78000000;-47.93000000;1160.00;2026-01-09T00:00:00Z;0.00;888.10;888.50;887.90;;17.90;16.90;18.50;16.90;17.40;16.20;98.00;92.00;95.00;276.00;3.70;1.70
INMET-000194;A999;CO;DF;ESTACAO METEOROLOGICA MOCK MVP;-15.78000000;-47.93000000;1160.00;2026-01-09T01:00:00Z;0.00;888.40;888.90;888.30;;17.70;17.30;18.40;16.70;17.80;17.10;100.00;94.00;98.00;208.00;5.90;2.00
INMET-000195;A999;CO;DF;ESTACAO METEOROLOGICA MOCK MVP;-15.78000000;-47.93000000;1160.00;2026-01-09T02:00:00Z;0.00;888.10;888.40;887.90;;16.60;16.20;17.50;16.40;16.90;15.70;100.00;94.00;98.00;304.00;6.00;3.80
INMET-000196;A999;CO;DF;ESTACAO METEOROLOGICA MOCK MVP;-15.78000000;-47.93000000;1160.00;2026-01-09T03:00:00Z;0.00;887.50;887.90;886.90;;17.10;15.60;17.90;16.40;16.00;15.00;96.00;90.00;92.00;233.00;3.90;1.10
INMET-000197;A999;CO;DF;ESTACAO METEOROLOGICA MOCK MVP;-15.78000000;-47.93000000;1160.00;2026-01-09T04:00:00Z;0.00;886.90;887.30;886.60;;18.40;16.80;19.00;18.10;17.00;16.10;96.00;87.00;92.00;264.00;7.60;3.90
INMET-000198;A999;CO;DF;ESTACAO METEOROLOGICA MOCK MVP;-15.78000000;-47.93000000;1160.00;2026-01-09T05:00:00Z;0.00;885.70;885.90;885.50;;19.50;16.80;20.40;18.70;17.30;16.40;89.00;84.00;87.00;348.00;;
INMET-000199;A999;CO;DF;ESTACAO METEOROLOGICA MOCK MVP;-15.78000000;-47.93000000;1160.00;2026-01-09T06:00:00Z;0.00;885.10;885.60;884.60;0.00;21.40;17.80;21.90;21.10;18.30;17.40;85.00;75.00;82.00;310.00;7.60;4.00
INMET-000200;A999;CO;DF;ESTACAO METEOROLOGICA MOCK MVP;-15.78000000;-47.93000000;1160.00;2026-01-09T07:00:00Z;0.00;885.30;885.80;884.70;682.80;23.10;17.80;23.50;22.80;18.40;17.40;76.00;69.00;73.00;301.00;5.50;4.90
INMET-000201;A999;CO;DF;ESTACAO METEOROLOGICA MOCK MVP;-15.78000000;-47.93000000;1160.00;2026-01-09T08:00:00Z;0.00;885.40;885.90;885.00;951.40;24.40;17.90;24.80;23.70;18.50;17.40;74.00;65.00;68.00;17.00;5.20;2.40
INMET-000202;A999;CO;DF;ESTACAO METEOROLOGICA MOCK MVP;-15.78000000;-47.93000000;1160.00;2026-01-09T09:00:00Z;0.00;886.10;886.40;885.70;1776.90;25.90;18.10;27.00;24.80;18.40;17.90;68.00;57.00;61.00;302.00;3.60;1.70
INMET-000203;A999;CO;DF;ESTACAO METEOROLOGICA MOCK MVP;-15.78000000;-47.93000000;1160.00;2026-01-09T10:00:00Z;0.00;886.60;887.20;886.10;1915.00;26.90;17.70;27.20;26.50;18.30;17.10;59.00;53.00;54.00;7.00;5.50;3.90
INMET-000204;A999;CO;DF;ESTACAO METEOROLOGICA MOCK MVP;-15.78000000;-47.93000000;1160.00;2026-01-09T11:00:00Z;0.00;887.50;887.80;887.30;2247.20;28.50;18.90;28.80;28.10;19.30;18.50;59.00;47.00;52.00;345.00;5.30;3.30
INMET-000205;A999;CO;DF;ESTACAO METEOROLOGICA MOCK MVP;-15.78000000;-47.93000000;1160.00;2026-01-09T12:00:00Z;0.00;888.10;888.30;887.70;1962.60;28.30;19.10;28.80;27.30;19.50;18.60;55.00;47.00;54.00;79.00;6.00;3.70
INMET-000206;A999;CO;DF;ESTACAO METEOROLOGICA MOCK MVP;-15.78000000;-47.93000000;1160.00;2026-01-09T13:00:00Z;0.00;888.60;888.70;888.20;2370.70;29.30;19.00;30.40;28.50;19.30;18.90;52.00;42.00;48.00;80.00;6.60;3.30
INMET-000207;A999;CO;DF;ESTACAO METEOROLOGICA MOCK MVP;-15.78000000;-47.93000000;1160.00;2026-01-09T14:00:00Z;0.00;888.40;888.90;888.30;1832.10;28.50;19.30;29.20;27.60;19.90;18.70;57.00;49.00;54.00;76.00;2.50;0.60
INMET-000208;A999;CO;DF;ESTACAO METEOROLOGICA MOCK MVP;-15.78000000;-47.93000000;1160.00;2026-01-09T15:00:00Z;0.00;887.70;888.10;887.40;1750.60;27.30;17.10;27.70;26.50;17.50;17.00;53.00;46.00;49.00;42.00;7.60;4.70
INMET-000209;A999;CO;DF;ESTACAO METEOROLOGICA MOCK MVP;-15.78000000;-47.93000000;1160.00;2026-01-09T16:00:00Z;0.00;886.90;887.40;886.40;1320.10;26.40;17.70;27.40;25.50;18.30;17.40;58.00;50.00;56.00;75.00;4.70;3.20
INMET-000210;A999;CO;DF;ESTACAO METEOROLOGICA MOCK MVP;-15.78000000;-47.93000000;1160.00;2026-01-09T17:00:00Z;0.00;885.90;886.20;885.50;623.50;25.50;17.70;26.00;24.70;18.30;17.40;63.00;59.00;61.00;110.00;7.90;3.80
INMET-000211;A999;CO;DF;ESTACAO METEOROLOGICA MOCK MVP;-15.78000000;-47.93000000;1160.00;2026-01-09T18:00:00Z;0.00;885.40;885.70;885.10;0.00;24.90;17.90;25.30;24.50;18.10;17.50;67.00;60.00;65.00;151.00;4.90;4.20
INMET-000212;A999;CO;DF;ESTACAO METEOROLOGICA MOCK MVP;-15.78000000;-47.93000000;1160.00;2026-01-09T19:00:00Z;0.00;885.00;885.50;884.80;;22.80;17.60;23.10;21.70;18.20;17.20;78.00;67.00;74.00;156.00;7.90;4.80
INMET-000213;A999;CO;DF;ESTACAO METEOROLOGICA MOCK MVP;-15.78000000;-47.93000000;1160.00;2026-01-09T20:00:00Z;6.70;885.20;885.80;884.60;;17.50;17.10;17.90;17.20;17.40;16.90;100.00;93.00;98.00;190.00;8.80;4.20
INMET-000214;A999;CO;DF;ESTACAO METEOROLOGICA MOCK MVP;-15.78000000;-47.93000000;1160.00;2026-01-09T21:00:00Z;0.00;885.80;886.30;885.50;;19.80;16.30;20.60;18.90;16.90;15.90;84.00;76.00;82.00;171.00;5.40;3.90
INMET-000215;A999;CO;DF;ESTACAO METEOROLOGICA MOCK MVP;-15.78000000;-47.93000000;1160.00;2026-01-09T22:00:00Z;12.90;886.60;887.10;886.30;;14.70;14.50;15.70;13.90;14.70;14.40;100.00;98.00;99.00;189.00;8.30;5.80
INMET-000216;A999;CO;DF;ESTACAO METEOROLOGICA MOCK MVP;-15.78000000;-47.93000000;1160.00;2026-01-09T23:00:00Z;0.00;887.60;887.90;887.20;;18.00;17.00;18.40;17.00;17.50;16.50;96.00;90.00;95.00;218.00;3.30;2.70
INMET-000217;A999;CO;DF;ESTACAO METEOROLOGICA MOCK MVP;-15.78000000;-47.93000000;1160.00;2026-01-10T00:00:00Z;0.00;889.20;889.30;888.80;;18.60;18.00;19.20;18.10;18.60;17.50;100.00;92.00;97.00;221.00;4.30;2.60
INMET-000218;A999;CO;DF;ESTACAO METEOROLOGICA MOCK MVP;-15.78000000;-47.93000000;1160.00;2026-01-10T01:00:00Z;0.00;889.40;889.90;889.00;;18.80;17.30;19.10;18.30;17.60;16.70;96.00;87.00;93.00;229.00;7.00;2.60
INMET-000219;A999;CO;DF;ESTACAO METEOROLOGICA MOCK MVP;-15.78000000;-47.93000000;1160.00;2026-01-10T02:00:00Z;0.00;889.30;889.50;888.90;;18.40;17.60;19.30;17.80;18.10;17.00;98.00;91.00;96.00;239.00;4.40;2.40
INMET-000220;A999;CO;DF;ESTACAO METEOROLOGICA MOCK MVP;-15.78000000;-47.93000000;1160.00;2026-01-10T03:00:00Z;0.00;888.50;888.90;887.90;;18.40;16.20;19.40;18.00;16.80;16.00;96.00;83.00;89.00;245.00;7.00;3.90
INMET-000221;A999;CO;DF;ESTACAO METEOROLOGICA MOCK MVP;-15.78000000;-47.93000000;1160.00;2026-01-10T04:00:00Z;0.00;887.50;887.70;887.10;;20.50;18.20;20.70;19.50;18.60;17.80;92.00;86.00;89.00;240.00;5.30;1.30
INMET-000222;A999;CO;DF;ESTACAO METEOROLOGICA MOCK MVP;-15.78000000;-47.93000000;1160.00;2026-01-10T05:00:00Z;0.00;886.80;887.10;886.30;;20.60;16.60;21.20;19.80;16.70;16.10;84.00;76.00;80.00;262.00;2.90;0.40
INMET-000223;A999;CO;DF;ESTACAO METEOROLOGICA MOCK MVP;-15.78000000;-47.93000000;1160.00;2026-01-10T06:00:00Z;0.00;886.00;886.20;885.40;0.00;21.80;17.20;22.00;21.30;17.50;17.00;78.00;70.00;77.00;1.00;4.10;3.30
INMET-000224;A999;CO;DF;ESTACAO METEOROLOGICA MOCK MVP;-15.78000000;-47.93000000;1160.00;2026-01-10T07:00:00Z;0.00;885.70;886.10;885.30;526.90;24.20;18.30;25.20;23.80;18.80;18.00;73.00;68.00;70.00;279.00;7.30;5.20
INMET-000225;A999;CO;DF;ESTACAO METEOROLOGICA MOCK MVP;-15.78000000;-47.93000000;1160.00;2026-01-10T08:00:00Z;0.00;886.20;886.60;885.80;927.80;25.80;18.80;26.70;25.10;19.30;18.20;70.00;62.00;65.00;307.00;5.90;2.60
INMET-000226;A999;CO;DF;ESTACAO METEOROLOGICA MOCK MVP;-15.78000000;-47.93000000;1160.00;2026-01-10T09:00:00Z;0.00;886.50;887.00;886.00;1304.50;26.80;18.00;27.80;26.30;18.60;17.80;58.00;52.00;56.00;336.00;5.60;3.50
INMET-000227;A999;CO;DF;ESTACAO METEOROLOGICA MOCK MVP;-15.78000000;-47.93000000;1160.00;2026-01-10T10:00:00Z;0.00;887.50;887.80;886.90;2201.60;27.50;18.10;28.30;27.10;18.30;17.80;59.00;47.00;53.00;336.00;4.50;2.50
INMET-000228;A999;CO;DF;ESTACAO METEOROLOGICA MOCK MVP;-15.78000000;-47.93000000;1160.00;2026-01-10T11:00:00Z;0.00;888.40;888.70;888.20;2307.30;28.80;19.30;29.70;28.20;19.90;18.80;55.00;50.00;53.00;23.00;3.40;1.10
INMET-000229;A999;CO;DF;ESTACAO METEOROLOGICA MOCK MVP;-15.78000000;-47.93000000;1160.00;2026-01-10T12:00:00Z;0.00;889.00;889.30;888.50;2078.90;29.50;19.30;29.70;29.30;19.40;19.10;52.00;44.00;49.00;73.00;6.40;3.60
INMET-000230;A999;CO;DF;ESTACAO METEOROLOGICA MOCK MVP;-15.78000000;-47.93000000;1160.00;2026-01-10T13:00:00Z;0.00;889.10;889.30;888.70;1756.30;30.10;19.50;31.00;29.60;19.90;18.90;53.00;43.00;47.00;15.00;7.80;4.00
INMET-000231;A999;CO;DF;ESTACAO METEOROLOGICA MOCK MVP;-15.78000000;-47.93000000;1160.00;2026-01-10T14:00:00Z;0.00;889.30;889.60;889.20;2112.80;29.90;19.10;30.40;29.40;19.50;18.50;53.00;40.00;46.00;48.00;2.50;0.90
INMET-000232;A999;CO;DF;ESTACAO METEOROLOGICA MOCK MVP;-15.78000000;-47.93000000;1160.00;2026-01-10T15:00:00Z;0.00;888.50;888.70;888.20;1836.70;29.00;18.90;29.40;28.10;19.60;18.70;52.00;47.00;50.00;129.00;5.80;3.20
INMET-000233;A999;CO;DF;ESTACAO METEOROLOGICA MOCK MVP;-15.78000000;-47.93000000;1160.00;2026-01-10T16:00:00Z;0.00;887.80;888.40;887.50;1354.80;28.40;18.60;28.60;27.30;19.00;18.30;57.00;48.00;51.00;70.00;6.00;2.70
INMET-000234;A999;CO;DF;ESTACAO METEOROLOGICA MOCK MVP;-15.78000000;-47.93000000;1160.00;2026-01-10T17:00:00Z;19.30;886.50;887.10;886.10;245.10;23.90;19.30;25.00;23.60;20.00;18.80;82.00;71.00;77.00;126.00;7.50;6.50
INMET-000235;A999;CO;DF;ESTACAO METEOROLOGICA MOCK MVP;-15.78000000;-47.93000000;1160.00;2026-01-10T18:00:00Z;5.20;885.90;886.50;885.50;0.00;21.20;17.60;21.50;20.30;18.00;17.20;85.00;78.00;82.00;137.00;6.80;3.00
INMET-000236;A999;CO;DF;ESTACAO METEOROLOGICA MOCK MVP;-15.78000000;-47.93000000;1160.00;2026-01-10T19:00:00Z;0.00;885.80;886.00;885.40;;23.90;18.20;24.40;23.50;18.90;17.80;77.00;69.00;72.00;143.00;6.10;4.90
INMET-000237;A999;CO;DF;ESTACAO METEOROLOGICA MOCK MVP;-15.78000000;-47.93000000;1160.00;2026-01-10T20:00:00Z;0.00;886.30;886.90;886.10;;23.00;18.50;24.00;22.10;19.10;17.80;84.00;76.00;77.00;115.00;7.10;4.70
INMET-000238;A999;CO;DF;ESTACAO METEOROLOGICA MOCK MVP;-15.78000000;-47.93000000;1160.00;2026-01-10T21:00:00Z;0.00;886.90;887.30;886.60;;21.50;17.80;22.20;20.70;17.90;17.60;86.00;78.00;81.00;157.00;3.50;2.70
INMET-000239;A999;CO;DF;ESTACAO METEOROLOGICA MOCK MVP;-15.78000000;-47.93000000;1160.00;2026-01-10T22:00:00Z;0.00;887.50;887.90;887.00;;20.20;17.60;21.00;19.70;18.20;17.10;89.00;83.00;87.00;222.00;5.40;2.00
INMET-000240;A999;CO;DF;ESTACAO METEOROLOGICA MOCK MVP;-15.78000000;-47.93000000;1160.00;2026-01-10T23:00:00Z;0.00;888.60;889.10;888.40;;19.30;17.90;20.00;18.70;18.10;17.80;98.00;91.00;93.00;215.00;7.10;4.50
INMET-000241;A999;CO;DF;ESTACAO METEOROLOGICA MOCK MVP;-15.78000000;-47.93000000;1160.00;2026-01-11T00:00:00Z;0.00;889.80;890.30;889.20;;19.00;17.60;20.00;18.30;18.20;16.90;98.00;86.00;93.00;220.00;4.20;1.20
INMET-000242;A999;CO;DF;ESTACAO METEOROLOGICA MOCK MVP;-15.78000000;-47.93000000;1160.00;2026-01-11T01:00:00Z;0.00;889.70;890.10;889.40;;19.50;17.90;20.40;19.00;18.60;17.50;97.00;88.00;92.00;293.00;2.90;0.50
INMET-000243;A999;CO;DF;ESTACAO METEOROLOGICA MOCK MVP;-15.78000000;-47.93000000;1160.00;2026-01-11T02:00:00Z;0.00;889.60;890.20;889.20;;19.30;18.20;20.00;18.50;18.50;17.80;96.00;92.00;94.00;304.00;4.50;2.80
INMET-000244;A999;CO;DF;ESTACAO METEOROLOGICA MOCK MVP;-15.78000000;-47.93000000;1160.00;2026-01-11T03:00:00Z;0.00;889.00;889.10;888.50;;19.40;17.60;20.40;18.40;18.30;17.00;98.00;86.00;91.00;257.00;3.70;0.50
INMET-000245;A999;CO;DF;ESTACAO METEOROLOGICA MOCK MVP;-15.78000000;-47.93000000;1160.00;2026-01-11T04:00:00Z;0.00;887.90;888.40;887.40;;20.90;18.50;21.50;20.00;19.20;18.00;91.00;81.00;88.00;248.00;4.40;2.90
INMET-000246;A999;CO;DF;ESTACAO METEOROLOGICA MOCK MVP;-15.78000000;-47.93000000;1160.00;2026-01-11T05:00:00Z;0.00;887.20;887.70;886.70;;22.40;17.50;22.60;22.00;18.20;16.90;79.00;71.00;76.00;260.00;5.50;2.00
INMET-000247;A999;CO;DF;ESTACAO METEOROLOGICA MOCK MVP;-15.78000000;-47.93000000;1160.00;2026-01-11T06:00:00Z;0.00;886.70;887.10;886.40;0.00;23.40;17.40;23.80;22.60;17.60;17.20;72.00;64.00;70.00;273.00;3.60;2.20
INMET-000248;A999;CO;DF;ESTACAO METEOROLOGICA MOCK MVP;-15.78000000;-47.93000000;1160.00;2026-01-11T07:00:00Z;0.00;886.40;886.50;886.30;475.90;24.40;18.30;24.80;24.00;18.90;17.90;75.00;64.00;69.00;20.00;8.60;4.50
INMET-000249;A999;CO;DF;ESTACAO METEOROLOGICA MOCK MVP;-15.78000000;-47.93000000;1160.00;2026-01-11T08:00:00Z;0.00;886.70;887.00;886.10;1179.10;26.90;18.50;27.90;26.40;19.10;18.10;64.00;56.00;58.00;19.00;4.80;0.50
INMET-000250;A999;CO;DF;ESTACAO METEOROLOGICA MOCK MVP;-15.78000000;-47.93000000;1160.00;2026-01-11T09:00:00Z;0.00;887.60;888.10;887.10;1878.70;27.50;19.00;28.10;26.70;19.50;18.60;60.00;53.00;58.00;331.00;6.10;1.40
INMET-000251;A999;CO;DF;ESTACAO METEOROLOGICA MOCK MVP;-15.78000000;-47.93000000;1160.00;2026-01-11T10:00:00Z;0.00;888.20;888.60;887.70;2232.20;29.30;19.60;30.00;28.80;19.80;19.40;56.00;49.00;51.00;3.00;7.90;3.30
INMET-000252;A999;CO;DF;ESTACAO METEOROLOGICA MOCK MVP;-15.78000000;-47.93000000;1160.00;2026-01-11T11:00:00Z;0.00;889.20;889.40;888.90;2253.40;29.70;19.60;30.40;29.10;19.70;19.20;56.00;48.00;50.00;29.00;6.70;2.50
INMET-000253;A999;CO;DF;ESTACAO METEOROLOGICA MOCK MVP;-15.78000000;-47.93000000;1160.00;2026-01-11T12:00:00Z;0.00;889.70;890.20;889.20;2267.80;30.40;19.20;31.50;29.90;19.40;19.10;49.00;38.00;44.00;348.00;4.80;2.90
INMET-000254;A999;CO;DF;ESTACAO METEOROLOGICA MOCK MVP;-15.78000000;-47.93000000;1160.00;2026-01-11T13:00:00Z;0.00;889.70;889.90;889.50;2177.20;30.80;19.80;31.60;30.10;20.40;19.50;51.00;40.00;45.00;18.00;3.00;0.60
INMET-000255;A999;CO;DF;ESTACAO METEOROLOGICA MOCK MVP;-15.78000000;-47.93000000;1160.00;2026-01-11T14:00:00Z;0.00;889.80;890.10;889.40;2258.20;30.00;18.10;30.40;29.70;18.30;17.80;47.00;39.00;41.00;51.00;6.30;4.60
INMET-000256;A999;CO;DF;ESTACAO METEOROLOGICA MOCK MVP;-15.78000000;-47.93000000;1160.00;2026-01-11T15:00:00Z;0.00;889.10;889.70;889.00;1399.90;29.30;18.60;30.00;28.50;18.90;18.10;51.00;43.00;46.00;79.00;2.50;0.60
INMET-000257;A999;CO;DF;ESTACAO METEOROLOGICA MOCK MVP;-15.78000000;-47.93000000;1160.00;2026-01-11T16:00:00Z;0.00;888.10;888.50;887.70;1100.30;28.60;18.10;29.40;27.60;18.50;17.60;53.00;42.00;48.00;72.00;5.90;1.20
INMET-000258;A999;CO;DF;ESTACAO METEOROLOGICA MOCK MVP;-15.78000000;-47.93000000;1160.00;2026-01-11T17:00:00Z;0.00;887.30;887.80;886.70;706.20;28.10;18.90;29.00;27.60;19.30;18.60;59.00;47.00;54.00;65.00;7.70;3.50
INMET-000259;A999;CO;DF;ESTACAO METEOROLOGICA MOCK MVP;-15.78000000;-47.93000000;1160.00;2026-01-11T18:00:00Z;0.00;886.60;887.10;886.00;0.00;26.40;18.00;27.30;25.60;18.30;17.40;61.00;52.00;58.00;141.00;3.30;2.10
INMET-000260;A999;CO;DF;ESTACAO METEOROLOGICA MOCK MVP;-15.78000000;-47.93000000;1160.00;2026-01-11T19:00:00Z;7.10;886.40;886.80;886.10;;20.30;16.90;21.40;19.40;17.50;16.60;88.00;79.00;83.00;113.00;6.50;4.30
INMET-000261;A999;CO;DF;ESTACAO METEOROLOGICA MOCK MVP;-15.78000000;-47.93000000;1160.00;2026-01-11T20:00:00Z;0.00;887.00;887.50;886.50;;22.90;17.50;23.70;22.20;17.80;17.10;78.00;68.00;73.00;175.00;5.20;4.50
INMET-000262;A999;CO;DF;ESTACAO METEOROLOGICA MOCK MVP;-15.78000000;-47.93000000;1160.00;2026-01-11T21:00:00Z;0.00;887.50;887.90;887.30;;21.70;18.10;22.50;20.70;18.70;18.00;89.00;76.00;82.00;162.00;6.10;4.60
INMET-000263;A999;CO;DF;ESTACAO METEOROLOGICA MOCK MVP;-15.78000000;-47.93000000;1160.00;2026-01-11T22:00:00Z;0.00;888.40;888.50;888.20;;20.10;17.40;20.60;19.10;17.60;16.70;93.00;83.00;86.00;180.00;6.00;2.40
INMET-000264;A999;CO;DF;ESTACAO METEOROLOGICA MOCK MVP;-15.78000000;-47.93000000;1160.00;2026-01-11T23:00:00Z;0.00;889.00;889.50;888.70;;19.50;17.70;20.10;19.30;17.80;17.40;97.00;85.00;91.00;161.00;7.40;4.60
INMET-000265;A999;CO;DF;ESTACAO METEOROLOGICA MOCK MVP;-15.78000000;-47.93000000;1160.00;2026-01-12T00:00:00Z;0.00;889.60;889.70;889.00;;19.90;17.60;20.60;19.10;18.10;17.10;93.00;85.00;89.00;199.00;3.90;2.20
INMET-000266;A999;CO;DF;ESTACAO METEOROLOGICA MOCK MVP;-15.78000000;-47.93000000;1160.00;2026-01-12T01:00:00Z;0.00;889.80;890.30;889.70;;18.50;17.40;19.60;18.10;17.90;16.80;100.00;93.00;94.00;296.00;5.90;1.80
INMET-000267;A999;CO;DF;ESTACAO METEOROLOGICA MOCK MVP;-15.78000000;-47.93000000;1160.00;2026-01-12T02:00:00Z;0.00;889.50;889.90;889.40;;18.60;15.90;19.10;17.90;16.30;15.70;88.00;85.00;86.00;335.00;5.00;4.20
INMET-000268;A999;CO;DF;ESTACAO METEOROLOGICA MOCK MVP;-15.78000000;-47.93000000;1160.00;2026-01-12T03:00:00Z;0.00;889.30;889.60;888.70;;20.00;17.70;20.60;19.70;18.00;17.40;93.00;83.00;89.00;304.00;4.60;0.90
INMET-000269;A999;CO;DF;ESTACAO METEOROLOGICA MOCK MVP;-15.78000000;-47.93000000;1160.00;2026-01-12T04:00:00Z;0.00;888.10;888.50;887.80;;21.00;17.10;21.90;20.40;17.40;16.70;82.00;77.00;80.00;1.00;6.50;2.90
INMET-000270;A999;CO;DF;ESTACAO METEOROLOGICA MOCK MVP;-15.78000000;-47.93000000;1160.00;2026-01-12T05:00:00Z;0.00;887.20;887.30;887.00;;22.00;18.60;22.90;21.30;19.10;18.10;89.00;82.00;83.00;353.00;5.10;2.80
INMET-000271;A999;CO;DF;ESTACAO METEOROLOGICA MOCK MVP;-15.78000000;-47.93000000;1160.00;2026-01-12T06:00:00Z;0.00;886.60;886.70;886.20;0.00;23.20;17.70;23.90;22.20;18.40;17.30;76.00;70.00;72.00;30.00;5.30;1.40
INMET-000272;A999;CO;DF;ESTACAO METEOROLOGICA MOCK MVP;-15.78000000;-47.93000000;1160.00;2026-01-12T07:00:00Z;0.00;886.30;886.60;886.20;592.50;25.00;18.00;25.70;24.40;18.20;17.90;67.00;60.00;65.00;306.00;4.30;2.70
INMET-000273;A999;CO;DF;ESTACAO METEOROLOGICA MOCK MVP;-15.78000000;-47.93000000;1160.00;2026-01-12T08:00:00Z;0.00;886.90;887.50;886.60;1328.90;26.90;19.50;27.10;26.00;20.10;18.90;66.00;61.00;63.00;21.00;4.70;3.90
INMET-000274;A999;CO;DF;ESTACAO METEOROLOGICA MOCK MVP;-15.78000000;-47.93000000;1160.00;2026-01-12T09:00:00Z;0.00;887.20;887.70;887.00;1496.10;28.10;19.70;28.90;27.70;20.30;19.50;60.00;52.00;58.00;343.00;2.90;2.30
INMET-000275;A999;CO;DF;ESTACAO METEOROLOGICA MOCK MVP;-15.78000000;-47.93000000;1160.00;2026-01-12T10:00:00Z;0.00;888.50;888.90;888.10;1557.40;29.10;18.50;29.80;28.80;19.20;17.90;51.00;44.00;47.00;39.00;1.80;0.90
INMET-000276;A999;CO;DF;ESTACAO METEOROLOGICA MOCK MVP;-15.78000000;-47.93000000;1160.00;2026-01-12T11:00:00Z;0.00;889.20;889.60;888.90;1846.00;29.80;18.70;30.90;28.70;19.30;18.20;47.00;42.00;45.00;347.00;6.20;3.60
INMET-000277;A999;CO;DF;ESTACAO METEOROLOGICA MOCK MVP;-15.78000000;-47.93000000;1160.00;2026-01-12T12:00:00Z;0.00;889.70;889.80;889.30;1821.30;29.90;19.40;30.60;29.50;20.10;19.00;52.00;46.00;48.00;350.00;1.90;1.40
INMET-000278;A999;CO;DF;ESTACAO METEOROLOGICA MOCK MVP;-15.78000000;-47.93000000;1160.00;2026-01-12T13:00:00Z;0.00;889.70;889.90;889.40;1995.00;30.30;19.00;31.30;29.80;19.50;18.60;45.00;40.00;43.00;40.00;4.10;1.90
INMET-000279;A999;CO;DF;ESTACAO METEOROLOGICA MOCK MVP;-15.78000000;-47.93000000;1160.00;2026-01-12T14:00:00Z;0.00;889.80;890.10;889.40;1973.50;30.10;19.50;30.60;29.30;19.70;19.20;50.00;40.00;47.00;119.00;5.70;4.70
INMET-000280;A999;CO;DF;ESTACAO METEOROLOGICA MOCK MVP;-15.78000000;-47.93000000;1160.00;2026-01-12T15:00:00Z;0.00;889.20;889.70;888.80;1402.50;29.20;18.70;30.20;28.80;18.90;18.50;49.00;42.00;48.00;120.00;7.30;4.30
INMET-000281;A999;CO;DF;ESTACAO METEOROLOGICA MOCK MVP;-15.78000000;-47.93000000;1160.00;2026-01-12T16:00:00Z;0.00;888.00;888.20;887.70;1331.60;29.10;19.00;29.40;28.60;19.40;18.90;54.00;47.00;50.00;92.00;8.20;3.90
INMET-000282;A999;CO;DF;ESTACAO METEOROLOGICA MOCK MVP;-15.78000000;-47.93000000;1160.00;2026-01-12T17:00:00Z;0.00;887.40;887.90;886.90;590.40;27.80;18.40;28.80;26.80;18.50;17.90;59.00;48.00;53.00;102.00;3.30;0.70
INMET-000283;A999;CO;DF;ESTACAO METEOROLOGICA MOCK MVP;-15.78000000;-47.93000000;1160.00;2026-01-12T18:00:00Z;0.00;886.60;887.00;886.30;0.00;26.00;18.40;26.40;25.70;18.50;18.00;64.00;60.00;62.00;132.00;6.30;3.40
INMET-000284;A999;CO;DF;ESTACAO METEOROLOGICA MOCK MVP;-15.78000000;-47.93000000;1160.00;2026-01-12T19:00:00Z;0.00;886.60;886.70;886.30;;24.70;17.50;25.60;23.90;17.80;17.10;66.00;60.00;64.00;90.00;2.10;0.40
INMET-000285;A999;CO;DF;ESTACAO METEOROLOGICA MOCK MVP;-15.78000000;-47.93000000;1160.00;2026-01-12T20:00:00Z;23.30;886.60;886.90;886.20;;19.70;17.10;20.00;19.10;17.60;16.50;90.00;85.00;87.00;177.00;7.00;4.90
INMET-000286;A999;CO;DF;ESTACAO METEOROLOGICA MOCK MVP;-15.78000000;-47.93000000;1160.00;2026-01-12T21:00:00Z;0.00;887.60;887.80;887.10;;22.60;18.40;23.30;22.20;18.60;18.00;85.00;72.00;79.00;109.00;6.30;2.10
INMET-000287;A999;CO;DF;ESTACAO METEOROLOGICA MOCK MVP;-15.78000000;-47.93000000;1160.00;2026-01-12T22:00:00Z;0.00;888.10;888.50;887.80;;21.20;18.30;21.80;20.80;18.60;18.00;92.00;84.00;85.00;135.00;8.90;4.80
INMET-000288;A999;CO;DF;ESTACAO METEOROLOGICA MOCK MVP;-15.78000000;-47.93000000;1160.00;2026-01-12T23:00:00Z;0.00;889.20;889.30;888.90;;20.10;17.40;21.00;19.90;17.80;16.80;88.00;82.00;86.00;146.00;5.30;2.40
INMET-000289;A999;CO;DF;ESTACAO METEOROLOGICA MOCK MVP;-15.78000000;-47.93000000;1160.00;2026-01-13T00:00:00Z;0.00;889.40;889.70;889.10;;19.10;17.50;19.50;18.20;17.60;17.00;96.00;91.00;92.00;237.00;6.20;1.50
INMET-000290;A999;CO;DF;ESTACAO METEOROLOGICA MOCK MVP;-15.78000000;-47.93000000;1160.00;2026-01-13T01:00:00Z;0.00;889.30;889.40;889.00;;18.80;17.70;19.20;18.20;18.30;17.20;100.00;94.00;95.00;256.00;7.10;3.40
INMET-000291;A999;CO;DF;ESTACAO METEOROLOGICA MOCK MVP;-15.78000000;-47.93000000;1160.00;2026-01-13T02:00:00Z;0.00;889.20;889.80;889.00;;19.00;18.30;20.00;18.20;18.40;17.90;100.00;95.00;96.00;303.00;3.70;0.40
INMET-000292;A999;CO;DF;ESTACAO METEOROLOGICA MOCK MVP;-15.78000000;-47.93000000;1160.00;2026-01-13T03:00:00Z;0.00;888.80;889.10;888.20;;19.00;17.10;19.90;18.30;17.80;16.80;95.00;86.00;91.00;337.00;4.80;2.60
INMET-000293;A999;CO;DF;ESTACAO METEOROLOGICA MOCK MVP;-15.78000000;-47.93000000;1160.00;2026-01-13T04:00:00Z;0.00;888.00;888.40;887.70;;20.70;17.70;21.30;20.10;18.30;17.30;91.00;78.00;85.00;325.00;7.60;3.30
INMET-000294;A999;CO;DF;ESTACAO METEOROLOGICA MOCK MVP;-15.78000000;-47.93000000;1160.00;2026-01-13T05:00:00Z;0.00;886.90;887.00;886.70;;20.70;16.90;21.70;20.20;17.10;16.80;83.00;76.00;81.00;346.00;4.40;1.00
INMET-000295;A999;CO;DF;ESTACAO METEOROLOGICA MOCK MVP;-15.78000000;-47.93000000;1160.00;2026-01-13T06:00:00Z;0.00;886.40;886.80;886.10;0.00;22.90;18.50;23.20;22.70;18.90;17.90;80.00;74.00;78.00;17.00;4.70;0.60
INMET-000296;A999;CO;DF;ESTACAO METEOROLOGICA MOCK MVP;-15.78000000;-47.93000000;1160.00;2026-01-13T07:00:00Z;0.00;885.90;886.10;885.30;521.10;24.10;17.70;24.90;23.80;18.00;17.00;70.00;62.00;68.00;33.00;4.60;2.50
INMET-000297;A999;CO;DF;ESTACAO METEOROLOGICA MOCK MVP;-15.78000000;-47.93000000;1160.00;2026-01-13T08:00:00Z;0.00;886.50;886.80;885.90;1174.50;26.20;19.20;27.20;25.30;19.30;18.90;67.00;60.00;65.00;340.00;4.50;4.00
INMET-000298;A999;CO;DF;ESTACAO METEOROLOGICA MOCK MVP;-15.78000000;-47.93000000;1160.00;2026-01-13T09:00:00Z;0.00;886.70;887.10;886.50;1471.70;27.40;18.20;28.50;26.40;18.40;17.80;57.00;48.00;54.00;324.00;3.30;2.20
INMET-000299;A999;CO;DF;ESTACAO METEOROLOGICA MOCK MVP;-15.78000000;-47.93000000;1160.00;2026-01-13T10:00:00Z;0.00;887.90;888.20;887.50;1680.90;28.00;18.80;28.60;27.70;19.10;18.60;58.00;50.00;54.00;53.00;4.50;0.70
INMET-000300;A999;CO;DF;ESTACAO METEOROLOGICA MOCK MVP;-15.78000000;-47.93000000;1160.00;2026-01-13T11:00:00Z;0.00;888.70;889.10;888.40;2260.80;29.20;18.90;30.00;28.30;19.10;18.70;54.00;44.00;48.00;71.00;3.60;1.40
INMET-000301;A999;CO;DF;ESTACAO METEOROLOGICA MOCK MVP;-15.78000000;-47.93000000;1160.00;2026-01-13T12:00:00Z;0.00;889.00;889.20;888.50;2688.90;30.20;19.40;31.00;29.60;19.80;18.70;51.00;44.00;46.00;1.00;4.50;2.20
INMET-000302;A999;CO;DF;ESTACAO METEOROLOGICA MOCK MVP;-15.78000000;-47.93000000;1160.00;2026-01-13T13:00:00Z;0.00;889.60;890.10;889.20;2583.00;30.20;18.60;31.30;29.30;18.80;18.20;43.00;40.00;42.00;124.00;4.50;0.60
INMET-000303;A999;CO;DF;ESTACAO METEOROLOGICA MOCK MVP;-15.78000000;-47.93000000;1160.00;2026-01-13T14:00:00Z;0.00;889.30;889.60;888.90;2409.90;29.60;18.70;30.40;29.20;18.80;18.40;48.00;38.00;45.00;114.00;6.50;3.50
INMET-000304;A999;CO;DF;ESTACAO METEOROLOGICA MOCK MVP;-15.78000000;-47.93000000;1160.00;2026-01-13T15:00:00Z;0.00;888.50;888.70;888.10;1882.00;29.70;19.80;30.80;29.00;20.20;19.40;53.00;44.00;51.00;136.00;5.10;1.90
INMET-000305;A999;CO;DF;ESTACAO METEOROLOGICA MOCK MVP;-15.78000000;-47.93000000;1160.00;2026-01-13T16:00:00Z;11.50;887.80;888.10;887.30;471.50;25.40;19.80;26.20;25.00;19.90;19.40;77.00;68.00;72.00;84.00;6.80;5.30
INMET-000306;A999;CO;DF;ESTACAO METEOROLOGICA MOCK MVP;-15.78000000;-47.93000000;1160.00;2026-01-13T17:00:00Z;0.00;887.00;887.30;886.40;655.50;27.40;18.10;27.80;26.50;18.60;17.50;60.00;49.00;54.00;114.00;7.60;4.30
INMET-000307;A999;CO;DF;ESTACAO METEOROLOGICA MOCK MVP;-15.78000000;-47.93000000;1160.00;2026-01-13T18:00:00Z;0.00;886.20;886.50;886.00;0.00;25.30;17.80;25.70;24.40;18.20;17.70;69.00;57.00;63.00;102.00;7.60;4.20
INMET-000308;A999;CO;DF;ESTACAO METEOROLOGICA MOCK MVP;-15.78000000;-47.93000000;1160.00;2026-01-13T19:00:00Z;0.00;886.30;886.50;885.70;;23.70;17.40;24.10;23.40;17.90;17.20;73.00;66.00;68.00;173.00;4.40;1.20
INMET-000309;A999;CO;DF;ESTACAO METEOROLOGICA MOCK MVP;-15.78000000;-47.93000000;1160.00;2026-01-13T20:00:00Z;0.00;886.30;886.50;886.10;;22.10;17.80;23.10;21.20;17.90;17.30;82.00;76.00;78.00;156.00;7.60;4.80
INMET-000310;A999;CO;DF;ESTACAO METEOROLOGICA MOCK MVP;-15.78000000;-47.93000000;1160.00;2026-01-13T21:00:00Z;16.60;886.90;887.50;886.40;;17.40;16.70;18.50;16.90;16.90;16.30;100.00;93.00;97.00;190.00;6.20;4.70
INMET-000311;A999;CO;DF;ESTACAO METEOROLOGICA MOCK MVP;-15.78000000;-47.93000000;1160.00;2026-01-13T22:00:00Z;0.00;887.90;888.40;887.70;;20.30;17.00;21.00;19.70;17.60;16.30;87.00;78.00;83.00;218.00;5.90;4.60
INMET-000312;A999;CO;DF;ESTACAO METEOROLOGICA MOCK MVP;-15.78000000;-47.93000000;1160.00;2026-01-13T23:00:00Z;0.00;888.50;888.90;888.00;;18.80;16.20;19.20;18.50;16.30;15.70;92.00;86.00;87.00;161.00;6.00;2.50
INMET-000313;A999;CO;DF;ESTACAO METEOROLOGICA MOCK MVP;-15.78000000;-47.93000000;1160.00;2026-01-14T00:00:00Z;0.00;888.70;889.00;888.20;;16.90;16.50;17.40;16.60;16.70;15.80;100.00;94.00;98.00;244.00;7.30;5.20
INMET-000314;A999;CO;DF;ESTACAO METEOROLOGICA MOCK MVP;-15.78000000;-47.93000000;1160.00;2026-01-14T01:00:00Z;0.00;888.50;888.80;888.20;;17.00;16.60;17.30;16.00;17.10;16.00;100.00;93.00;98.00;312.00;5.30;2.60
INMET-000315;A999;CO;DF;ESTACAO METEOROLOGICA MOCK MVP;-15.78000000;-47.93000000;1160.00;2026-01-14T02:00:00Z;0.00;888.30;888.70;887.70;;17.80;16.80;18.20;17.50;17.00;16.30;100.00;94.00;95.00;325.00;7.40;3.80
INMET-000316;A999;CO;DF;ESTACAO METEOROLOGICA MOCK MVP;-15.78000000;-47.93000000;1160.00;2026-01-14T03:00:00Z;0.00;887.90;888.40;887.80;;17.90;17.00;18.20;17.60;17.30;16.80;96.00;94.00;95.00;252.00;4.60;1.20
INMET-000317;A999;CO;DF;ESTACAO METEOROLOGICA MOCK MVP;-15.78000000;-47.93000000;1160.00;2026-01-14T04:00:00Z;0.00;886.80;887.10;886.50;;18.70;17.20;19.50;18.10;17.70;16.70;98.00;89.00;93.00;289.00;4.40;3.30
INMET-000318;A999;CO;DF;ESTACAO METEOROLOGICA MOCK MVP;-15.78000000;-47.93000000;1160.00;2026-01-14T05:00:00Z;0.00;886.40;886.90;886.20;;19.90;16.50;20.70;19.30;16.80;15.90;86.00;76.00;83.00;31.00;8.80;4.90
INMET-000319;A999;CO;DF;ESTACAO METEOROLOGICA MOCK MVP;-15.78000000;-47.93000000;1160.00;2026-01-14T06:00:00Z;0.00;885.60;885.80;885.10;0.00;21.80;17.30;22.90;20.70;17.60;17.00;83.00;76.00;78.00;289.00;8.90;4.60
INMET-000320;A999;CO;DF;ESTACAO METEOROLOGICA MOCK MVP;-15.78000000;-47.93000000;1160.00;2026-01-14T07:00:00Z;0.00;885.50;885.70;885.20;659.50;23.10;17.60;24.10;22.80;18.00;17.50;76.00;67.00;72.00;4.00;7.00;3.80
INMET-000321;A999;CO;DF;ESTACAO METEOROLOGICA MOCK MVP;-15.78000000;-47.93000000;1160.00;2026-01-14T08:00:00Z;0.00;885.70;885.90;885.30;909.60;24.30;17.30;24.60;24.00;17.80;16.80;68.00;59.00;65.00;39.00;2.50;0.60
INMET-000322;A999;CO;DF;ESTACAO METEOROLOGICA MOCK MVP;-15.78000000;-47.93000000;1160.00;2026-01-14T09:00:00Z;0.00;886.00;886.50;885.50;1419.30;25.80;18.00;26.80;25.30;18.20;17.60;68.00;60.00;61.00;40.00;5.00;4.00
INMET-000323;A999;CO;DF;ESTACAO METEOROLOGICA MOCK MVP;-15.78000000;-47.93000000;1160.00;2026-01-14T10:00:00Z;0.00;887.10;887.70;886.70;1816.10;27.80;19.50;28.30;27.30;19.60;18.90;65.00;52.00;59.00;77.00;2.20;1.60
INMET-000324;A999;CO;DF;ESTACAO METEOROLOGICA MOCK MVP;-15.78000000;-47.93000000;1160.00;2026-01-14T11:00:00Z;0.00;888.00;888.40;887.60;2299.20;27.70;17.60;28.10;26.90;18.20;17.10;53.00;42.00;49.00;20.00;4.90;2.50
INMET-000325;A999;CO;DF;ESTACAO METEOROLOGICA MOCK MVP;-15.78000000;-47.93000000;1160.00;2026-01-14T12:00:00Z;0.00;888.70;889.00;888.30;2185.90;28.20;18.60;29.10;27.40;19.00;18.20;55.00;48.00;52.00;33.00;6.60;3.20
INMET-000326;A999;CO;DF;ESTACAO METEOROLOGICA MOCK MVP;-15.78000000;-47.93000000;1160.00;2026-01-14T13:00:00Z;0.00;888.90;889.10;888.40;2220.30;29.50;19.10;30.30;29.20;19.40;18.60;54.00;46.00;48.00;99.00;7.90;3.40
INMET-000327;A999;CO;DF;ESTACAO METEOROLOGICA MOCK MVP;-15.78000000;-47.93000000;1160.00;2026-01-14T14:00:00Z;0.00;888.50;888.90;888.10;1962.70;29.10;19.60;29.90;28.60;19.90;19.00;54.00;49.00;53.00;97.00;6.40;2.00
INMET-000328;A999;CO;DF;ESTACAO METEOROLOGICA MOCK MVP;-15.78000000;-47.93000000;1160.00;2026-01-14T15:00:00Z;0.00;887.60;887.80;887.50;1285.90;28.10;18.80;28.90;27.20;18.90;18.60;59.00;51.00;54.00;133.00;5.80;3.40
INMET-000329;A999;CO;DF;ESTACAO METEOROLOGICA MOCK MVP;-15.78000000;-47.93000000;1160.00;2026-01-14T16:00:00Z;0.00;887.00;887.40;886.70;993.30;27.20;19.00;27.80;26.40;19.30;18.50;62.00;52.00;59.00;74.00;3.80;0.80
INMET-000330;A999;CO;DF;ESTACAO METEOROLOGICA MOCK MVP;-15.78000000;-47.93000000;1160.00;2026-01-14T17:00:00Z;19.40;886.20;886.60;886.00;145.20;21.80;17.50;22.10;20.80;18.10;16.90;83.00;77.00;79.00;140.00;5.80;3.30
INMET-000331;A999;CO;DF;ESTACAO METEOROLOGICA MOCK MVP;-15.78000000;-47.93000000;1160.00;2026-01-14T18:00:00Z;0.00;885.60;885.80;885.00;0.00;24.60;18.20;25.10;23.60;18.40;17.50;71.00;64.00;68.00;193.00;4.20;1.80
INMET-000332;A999;CO;DF;ESTACAO METEOROLOGICA MOCK MVP;-15.78000000;-47.93000000;1160.00;2026-01-14T19:00:00Z;0.00;885.10;885.20;884.70;;22.60;16.50;23.40;22.10;17.10;16.20;76.00;64.00;69.00;118.00;2.70;1.20
INMET-000333;A999;CO;DF;ESTACAO METEOROLOGICA MOCK MVP;-15.78000000;-47.93000000;1160.00;2026-01-14T20:00:00Z;0.00;885.80;885.90;885.60;;21.30;17.20;21.90;20.40;17.80;16.90;85.00;73.00;80.00;223.00;6.80;3.40
INMET-000334;A999;CO;DF;ESTACAO METEOROLOGICA MOCK MVP;-15.78000000;-47.93000000;1160.00;2026-01-14T21:00:00Z;0.00;886.10;886.30;885.50;;20.30;16.60;21.20;19.90;17.10;16.30;89.00;80.00;82.00;205.00;4.60;2.90
INMET-000335;A999;CO;DF;ESTACAO METEOROLOGICA MOCK MVP;-15.78000000;-47.93000000;1160.00;2026-01-14T22:00:00Z;0.00;886.90;887.40;886.70;;18.80;17.50;19.30;17.70;18.20;17.30;95.00;91.00;94.00;235.00;5.00;2.30
INMET-000336;A999;CO;DF;ESTACAO METEOROLOGICA MOCK MVP;-15.78000000;-47.93000000;1160.00;2026-01-14T23:00:00Z;0.00;888.10;888.50;887.80;;18.50;17.10;19.50;17.60;17.40;16.90;99.00;88.00;93.00;155.00;5.10;3.90
INMET-000337;A999;CO;DF;ESTACAO METEOROLOGICA MOCK MVP;-15.78000000;-47.93000000;1160.00;2026-01-15T00:00:00Z;0.00;887.60;887.80;887.20;;17.10;16.70;17.50;16.50;17.10;16.50;99.00;92.00;98.00;274.00;5.70;1.50
INMET-000338;A999;CO;DF;ESTACAO METEOROLOGICA MOCK MVP;-15.78000000;-47.93000000;1160.00;2026-01-15T01:00:00Z;0.00;888.00;888.30;887.70;;16.10;15.60;16.50;15.30;16.20;14.90;100.00;91.00;97.00;308.00;7.80;3.30
INMET-000339;A999;CO;DF;ESTACAO METEOROLOGICA MOCK MVP;-15.78000000;-47.93000000;1160.00;2026-01-15T02:00:00Z;0.00;887.80;888.10;887.70;;16.70;16.30;17.30;15.60;16.50;16.10;100.00;94.00;98.00;357.00;6.40;4.80
INMET-000340;A999;CO;DF;ESTACAO METEOROLOGICA MOCK MVP;-15.78000000;-47.93000000;1160.00;2026-01-15T03:00:00Z;0.00;887.30;887.70;887.10;;17.50;16.80;18.20;16.70;17.20;16.50;100.00;91.00;97.00;354.00;4.40;1.50
INMET-000341;A999;CO;DF;ESTACAO METEOROLOGICA MOCK MVP;-15.78000000;-47.93000000;1160.00;2026-01-15T04:00:00Z;0.00;886.50;886.70;885.90;;17.40;15.30;17.80;16.40;15.70;15.00;91.00;85.00;89.00;282.00;5.00;1.20
INMET-000342;A999;CO;DF;ESTACAO METEOROLOGICA MOCK MVP;-15.78000000;-47.93000000;1160.00;2026-01-15T05:00:00Z;0.00;885.60;885.90;885.10;;19.90;16.90;20.60;18.80;17.20;16.30;89.00;78.00;85.00;302.00;7.60;4.10
INMET-000343;A999;CO;DF;ESTACAO METEOROLOGICA MOCK MVP;-15.78000000;-47.93000000;1160.00;2026-01-15T06:00:00Z;0.00;885.10;885.20;884.60;0.00;20.50;17.00;21.20;19.80;17.50;16.90;84.00;76.00;83.00;354.00;8.20;5.10
INMET-000344;A999;CO;DF;ESTACAO METEOROLOGICA MOCK MVP;-15.78000000;-47.93000000;1160.00;2026-01-15T07:00:00Z;0.00;884.40;884.80;884.30;565.30;21.60;17.40;22.60;21.20;17.80;17.20;82.00;75.00;79.00;336.00;3.90;1.80
INMET-000345;A999;CO;DF;ESTACAO METEOROLOGICA MOCK MVP;-15.78000000;-47.93000000;1160.00;2026-01-15T08:00:00Z;0.00;885.00;885.60;884.50;1107.40;23.90;17.50;24.80;22.90;17.70;17.20;72.00;65.00;68.00;32.00;6.20;2.90
INMET-000346;A999;CO;DF;ESTACAO METEOROLOGICA MOCK MVP;-15.78000000;-47.93000000;1160.00;2026-01-15T09:00:00Z;0.00;885.60;886.00;885.40;1367.20;24.90;17.10;25.30;24.10;17.50;16.90;65.00;55.00;61.00;57.00;7.20;3.10
INMET-000347;A999;CO;DF;ESTACAO METEOROLOGICA MOCK MVP;-15.78000000;-47.93000000;1160.00;2026-01-15T10:00:00Z;0.00;886.20;886.60;885.60;1704.30;26.70;18.10;27.60;25.80;18.70;17.80;64.00;54.00;57.00;67.00;7.10;2.80
INMET-000348;A999;CO;DF;ESTACAO METEOROLOGICA MOCK MVP;-15.78000000;-47.93000000;1160.00;2026-01-15T11:00:00Z;0.00;887.10;887.40;887.00;1928.90;27.80;18.10;28.00;26.90;18.60;17.80;58.00;49.00;52.00;63.00;1.20;0.40
INMET-000349;A999;CO;DF;ESTACAO METEOROLOGICA MOCK MVP;-15.78000000;-47.93000000;1160.00;2026-01-15T12:00:00Z;0.00;887.80;888.20;887.60;2748.10;27.30;17.30;27.60;26.50;17.90;17.10;54.00;47.00;50.00;69.00;5.80;4.50
INMET-000350;A999;CO;DF;ESTACAO METEOROLOGICA MOCK MVP;-15.78000000;-47.93000000;1160.00;2026-01-15T13:00:00Z;0.00;888.10;888.40;887.80;2178.60;27.90;17.70;28.50;27.60;18.30;17.40;51.00;47.00;49.00;94.00;5.80;1.50
INMET-000351;A999;CO;DF;ESTACAO METEOROLOGICA MOCK MVP;-15.78000000;-47.93000000;1160.00;2026-01-15T14:00:00Z;0.00;887.90;888.30;887.30;1740.70;28.40;19.00;29.10;27.70;19.20;18.50;57.00;49.00;53.00;111.00;2.60;1.50
INMET-000352;A999;CO;DF;ESTACAO METEOROLOGICA MOCK MVP;-15.78000000;-47.93000000;1160.00;2026-01-15T15:00:00Z;0.00;887.30;887.70;886.70;1811.20;26.70;17.20;27.20;25.80;17.80;16.70;56.00;47.00;52.00;82.00;4.30;2.90
INMET-000353;A999;CO;DF;ESTACAO METEOROLOGICA MOCK MVP;-15.78000000;-47.93000000;1160.00;2026-01-15T16:00:00Z;0.00;886.30;886.60;885.70;1118.10;25.90;17.30;26.70;25.60;17.40;16.60;61.00;55.00;57.00;65.00;6.00;5.10
INMET-000354;A999;CO;DF;ESTACAO METEOROLOGICA MOCK MVP;-15.78000000;-47.93000000;1160.00;2026-01-15T17:00:00Z;0.00;885.70;886.00;885.60;614.80;25.70;19.10;26.40;25.20;19.60;19.00;71.00;61.00;67.00;96.00;6.70;2.70
INMET-000355;A999;CO;DF;ESTACAO METEOROLOGICA MOCK MVP;-15.78000000;-47.93000000;1160.00;2026-01-15T18:00:00Z;2.70;885.00;885.50;884.90;0.00;18.90;16.40;19.40;18.00;16.60;16.30;91.00;84.00;88.00;130.00;3.40;2.40
INMET-000356;A999;CO;DF;ESTACAO METEOROLOGICA MOCK MVP;-15.78000000;-47.93000000;1160.00;2026-01-15T19:00:00Z;0.00;884.60;885.10;884.10;;22.70;17.20;23.80;21.70;17.40;16.80;78.00;69.00;72.00;199.00;6.90;3.00
INMET-000357;A999;CO;DF;ESTACAO METEOROLOGICA MOCK MVP;-15.78000000;-47.93000000;1160.00;2026-01-15T20:00:00Z;0.00;885.10;885.30;884.60;;20.10;16.90;20.30;19.10;17.50;16.40;88.00;82.00;84.00;200.00;5.30;1.70
INMET-000358;A999;CO;DF;ESTACAO METEOROLOGICA MOCK MVP;-15.78000000;-47.93000000;1160.00;2026-01-15T21:00:00Z;0.00;885.50;886.00;885.00;;20.00;17.50;20.70;19.70;17.90;17.10;91.00;84.00;88.00;171.00;4.40;3.30
INMET-000359;A999;CO;DF;ESTACAO METEOROLOGICA MOCK MVP;-15.78000000;-47.93000000;1160.00;2026-01-15T22:00:00Z;0.00;886.10;886.20;885.70;;18.20;17.00;18.70;17.90;17.40;16.40;97.00;87.00;94.00;171.00;1.40;0.80
INMET-000360;A999;CO;DF;ESTACAO METEOROLOGICA MOCK MVP;-15.78000000;-47.93000000;1160.00;2026-01-15T23:00:00Z;0.00;887.00;887.40;886.60;;17.50;16.60;18.50;16.60;17.10;16.20;100.00;90.00;95.00;228.00;4.40;0.30
INMET-000361;A999;CO;DF;ESTACAO METEOROLOGICA MOCK MVP;-15.78000000;-47.93000000;1160.00;2026-01-16T00:00:00Z;0.00;887.50;887.60;887.20;;16.50;16.10;17.50;15.60;16.30;15.40;100.00;91.00;98.00;272.00;4.30;1.80
INMET-000362;A999;CO;DF;ESTACAO METEOROLOGICA MOCK MVP;-15.78000000;-47.93000000;1160.00;2026-01-16T01:00:00Z;0.00;887.60;887.90;887.30;;16.10;15.70;16.50;15.70;16.10;15.40;100.00;91.00;98.00;284.00;4.90;4.30
INMET-000363;A999;CO;DF;ESTACAO METEOROLOGICA MOCK MVP;-15.78000000;-47.93000000;1160.00;2026-01-16T02:00:00Z;0.00;887.80;887.90;887.20;;15.60;15.20;16.00;14.70;15.70;14.90;100.00;93.00;98.00;328.00;3.10;1.50
INMET-000364;A999;CO;DF;ESTACAO METEOROLOGICA MOCK MVP;-15.78000000;-47.93000000;1160.00;2026-01-16T03:00:00Z;0.00;886.80;887.00;886.60;;16.60;16.00;17.20;15.70;16.60;15.50;100.00;96.00;97.00;311.00;3.10;2.50
INMET-000365;A999;CO;DF;ESTACAO METEOROLOGICA MOCK MVP;-15.78000000;-47.93000000;1160.00;2026-01-16T04:00:00Z;0.00;885.90;886.20;885.60;;18.00;16.40;18.60;17.20;17.10;15.80;95.00;90.00;92.00;360.00;5.90;2.00
INMET-000366;A999;CO;DF;ESTACAO METEOROLOGICA MOCK MVP;-15.78000000;-47.93000000;1160.00;2026-01-16T05:00:00Z;0.00;885.30;885.60;884.90;;18.80;16.20;19.30;18.10;16.60;15.80;90.00;81.00;87.00;285.00;3.30;1.00
INMET-000367;A999;CO;DF;ESTACAO METEOROLOGICA MOCK MVP;-15.78000000;-47.93000000;1160.00;2026-01-16T06:00:00Z;0.00;884.60;885.00;884.20;0.00;20.70;17.90;21.30;20.30;18.30;17.40;89.00;80.00;86.00;333.00;4.20;2.90
INMET-000368;A999;CO;DF;ESTACAO METEOROLOGICA MOCK MVP;-15.78000000;-47.93000000;1160.00;2026-01-16T07:00:00Z;0.00;884.20;884.40;883.80;524.50;22.10;17.20;22.50;21.30;17.50;16.90;79.00;70.00;76.00;36.00;4.30;1.60
INMET-000369;A999;CO;DF;ESTACAO METEOROLOGICA MOCK MVP;-15.78000000;-47.93000000;1160.00;2026-01-16T08:00:00Z;0.00;884.40;884.80;883.90;1113.40;23.30;17.80;24.10;22.50;18.30;17.50;75.00;67.00;73.00;360.00;7.70;5.20
INMET-000370;A999;CO;DF;ESTACAO METEOROLOGICA MOCK MVP;-15.78000000;-47.93000000;1160.00;2026-01-16T09:00:00Z;0.00;885.10;885.40;884.90;1355.60;25.10;17.70;26.00;24.20;18.30;17.30;67.00;61.00;63.00;354.00;5.10;4.50
INMET-000371;A999;CO;DF;ESTACAO METEOROLOGICA MOCK MVP;-15.78000000;-47.93000000;1160.00;2026-01-16T10:00:00Z;0.00;885.90;886.00;885.80;2047.00;26.40;18.90;26.80;25.60;19.20;18.40;69.00;61.00;62.00;88.00;3.00;0.50
INMET-000372;A999;CO;DF;ESTACAO METEOROLOGICA MOCK MVP;-15.78000000;-47.93000000;1160.00;2026-01-16T11:00:00Z;0.00;886.80;886.90;886.30;1810.80;26.30;17.80;26.60;25.80;18.30;17.70;63.00;53.00;57.00;109.00;2.30;0.40
INMET-000373;A999;CO;DF;ESTACAO METEOROLOGICA MOCK MVP;-15.78000000;-47.93000000;1160.00;2026-01-16T12:00:00Z;0.00;887.40;887.50;887.20;2200.70;26.90;18.00;27.90;26.00;18.10;17.90;62.00;50.00;55.00;47.00;2.70;1.60
INMET-000374;A999;CO;DF;ESTACAO METEOROLOGICA MOCK MVP;-15.78000000;-47.93000000;1160.00;2026-01-16T13:00:00Z;0.00;887.70;887.90;887.60;2262.90;27.50;18.60;28.10;26.50;18.80;18.40;58.00;51.00;55.00;85.00;5.60;4.20
INMET-000375;A999;CO;DF;ESTACAO METEOROLOGICA MOCK MVP;-15.78000000;-47.93000000;1160.00;2026-01-16T14:00:00Z;0.00;887.70;888.00;887.20;1817.40;27.20;18.70;27.80;26.70;19.00;18.30;64.00;51.00;57.00;59.00;3.90;2.00
INMET-000376;A999;CO;DF;ESTACAO METEOROLOGICA MOCK MVP;-15.78000000;-47.93000000;1160.00;2026-01-16T15:00:00Z;0.00;886.80;887.30;886.40;1843.90;26.90;17.60;27.30;26.10;17.70;17.10;60.00;50.00;54.00;163.00;3.30;2.00
INMET-000377;A999;CO;DF;ESTACAO METEOROLOGICA MOCK MVP;-15.78000000;-47.93000000;1160.00;2026-01-16T16:00:00Z;0.00;885.90;886.30;885.70;898.10;25.70;17.10;26.30;25.00;17.80;17.00;58.00;51.00;57.00;85.00;6.00;2.70
INMET-000378;A999;CO;DF;ESTACAO METEOROLOGICA MOCK MVP;-15.78000000;-47.93000000;1160.00;2026-01-16T17:00:00Z;0.00;885.00;885.30;884.50;649.20;25.30;17.70;25.50;24.30;18.40;17.10;69.00;55.00;62.00;177.00;2.30;0.80
INMET-000379;A999;CO;DF;ESTACAO METEOROLOGICA MOCK MVP;-15.78000000;-47.93000000;1160.00;2026-01-16T18:00:00Z;0.00;884.90;885.20;884.40;0.00;24.00;18.10;24.20;23.20;18.50;17.90;77.00;65.00;71.00;176.00;3.10;1.00
INMET-000380;A999;CO;DF;ESTACAO METEOROLOGICA MOCK MVP;-15.78000000;-47.93000000;1160.00;2026-01-16T19:00:00Z;30.80;884.30;884.40;884.10;;19.40;17.40;20.40;18.90;17.90;17.10;92.00;86.00;90.00;158.00;5.90;1.90
INMET-000381;A999;CO;DF;ESTACAO METEOROLOGICA MOCK MVP;-15.78000000;-47.93000000;1160.00;2026-01-16T20:00:00Z;0.00;884.60;884.70;884.40;;20.90;16.70;21.30;20.00;17.40;16.10;83.00;75.00;79.00;149.00;3.50;0.80
INMET-000382;A999;CO;DF;ESTACAO METEOROLOGICA MOCK MVP;-15.78000000;-47.93000000;1160.00;2026-01-16T21:00:00Z;0.00;885.10;885.30;884.60;;19.20;17.70;19.70;18.60;18.40;17.40;94.00;91.00;92.00;193.00;5.60;3.50
INMET-000383;A999;CO;DF;ESTACAO METEOROLOGICA MOCK MVP;-15.78000000;-47.93000000;1160.00;2026-01-16T22:00:00Z;0.00;886.10;886.50;885.70;;17.20;16.60;17.60;16.30;16.80;16.00;100.00;92.00;97.00;170.00;6.00;3.30
INMET-000384;A999;CO;DF;ESTACAO METEOROLOGICA MOCK MVP;-15.78000000;-47.93000000;1160.00;2026-01-16T23:00:00Z;0.00;886.80;887.20;886.60;;17.20;16.80;17.60;16.40;17.30;16.50;100.00;93.00;98.00;215.00;4.50;1.80
INMET-000385;A999;CO;DF;ESTACAO METEOROLOGICA MOCK MVP;-15.78000000;-47.93000000;1160.00;2026-01-17T00:00:00Z;0.00;887.80;888.30;887.60;;16.60;16.20;17.60;15.70;16.80;15.90;99.00;94.00;98.00;262.00;4.00;0.60
INMET-000386;A999;CO;DF;ESTACAO METEOROLOGICA MOCK MVP;-15.78000000;-47.93000000;1160.00;2026-01-17T01:00:00Z;0.00;888.20;888.60;887.90;;16.30;15.60;16.60;15.50;16.20;15.20;100.00;94.00;96.00;275.00;8.00;3.70
INMET-000387;A999;CO;DF;ESTACAO METEOROLOGICA MOCK MVP;-15.78000000;-47.93000000;1160.00;2026-01-17T02:00:00Z;0.00;888.10;888.30;887.60;;16.80;15.90;17.40;16.50;16.50;15.70;100.00;94.00;96.00;6.00;1.40;0.70
INMET-000388;A999;CO;DF;ESTACAO METEOROLOGICA MOCK MVP;-15.78000000;-47.93000000;1160.00;2026-01-17T03:00:00Z;0.00;887.30;887.70;886.90;;16.80;15.50;17.20;16.30;15.70;15.00;99.00;88.00;93.00;294.00;4.70;3.40
INMET-000389;A999;CO;DF;ESTACAO METEOROLOGICA MOCK MVP;-15.78000000;-47.93000000;1160.00;2026-01-17T04:00:00Z;0.00;886.30;886.50;885.80;;17.80;16.10;18.70;17.00;16.80;16.00;98.00;89.00;92.00;290.00;7.80;4.60
INMET-000390;A999;CO;DF;ESTACAO METEOROLOGICA MOCK MVP;-15.78000000;-47.93000000;1160.00;2026-01-17T05:00:00Z;0.00;885.70;885.90;885.60;;19.00;16.80;19.30;18.20;17.10;16.40;93.00;83.00;89.00;322.00;5.50;3.40
INMET-000391;A999;CO;DF;ESTACAO METEOROLOGICA MOCK MVP;-15.78000000;-47.93000000;1160.00;2026-01-17T06:00:00Z;0.00;884.80;885.10;884.50;0.00;21.40;17.20;22.10;20.80;17.30;16.50;81.00;76.00;79.00;52.00;2.70;1.70
INMET-000392;A999;CO;DF;ESTACAO METEOROLOGICA MOCK MVP;-15.78000000;-47.93000000;1160.00;2026-01-17T07:00:00Z;0.00;884.80;885.30;884.20;688.90;22.80;18.10;23.80;22.00;18.70;17.40;82.00;70.00;76.00;30.00;4.20;0.60
INMET-000393;A999;CO;DF;ESTACAO METEOROLOGICA MOCK MVP;-15.78000000;-47.93000000;1160.00;2026-01-17T08:00:00Z;0.00;884.90;885.40;884.60;1330.40;24.00;17.90;24.40;23.80;18.00;17.40;75.00;62.00;69.00;28.00;4.60;2.20
INMET-000394;A999;CO;DF;ESTACAO METEOROLOGICA MOCK MVP;-15.78000000;-47.93000000;1160.00;2026-01-17T09:00:00Z;0.00;885.70;886.20;885.20;1372.40;24.60;16.80;25.30;24.30;17.10;16.10;64.00;59.00;61.00;78.00;7.20;4.00
INMET-000395;A999;CO;DF;ESTACAO METEOROLOGICA MOCK MVP;-15.78000000;-47.93000000;1160.00;2026-01-17T10:00:00Z;0.00;886.70;887.20;886.40;;26.30;18.20;26.80;25.80;18.40;17.90;61.00;56.00;60.00;61.00;;
INMET-000396;A999;CO;DF;ESTACAO METEOROLOGICA MOCK MVP;-15.78000000;-47.93000000;1160.00;2026-01-17T11:00:00Z;0.00;887.20;887.80;886.90;2443.60;27.30;18.00;28.20;26.60;18.50;17.60;58.00;52.00;53.00;37.00;6.70;2.20
INMET-000397;A999;CO;DF;ESTACAO METEOROLOGICA MOCK MVP;-15.78000000;-47.93000000;1160.00;2026-01-17T12:00:00Z;0.00;887.70;888.20;887.20;2537.30;27.40;18.00;27.90;26.30;18.20;17.30;58.00;51.00;53.00;96.00;2.10;1.10
INMET-000398;A999;CO;DF;ESTACAO METEOROLOGICA MOCK MVP;-15.78000000;-47.93000000;1160.00;2026-01-17T13:00:00Z;0.00;888.10;888.30;887.80;2120.10;28.50;18.60;29.20;27.70;18.70;18.30;52.00;48.00;51.00;63.00;5.40;3.20
INMET-000399;A999;CO;DF;ESTACAO METEOROLOGICA MOCK MVP;-15.78000000;-47.93000000;1160.00;2026-01-17T14:00:00Z;0.00;888.20;888.50;887.80;2020.30;27.40;18.50;28.40;27.00;18.80;17.90;61.00;51.00;56.00;158.00;4.40;3.70
INMET-000400;A999;CO;DF;ESTACAO METEOROLOGICA MOCK MVP;-15.78000000;-47.93000000;1160.00;2026-01-17T15:00:00Z;12.70;887.40;887.90;886.90;648.80;23.70;18.00;24.50;23.10;18.10;17.80;73.00;66.00;71.00;93.00;9.30;5.00
INMET-000401;A999;CO;DF;ESTACAO METEOROLOGICA MOCK MVP;-15.78000000;-47.93000000;1160.00;2026-01-17T16:00:00Z;0.00;886.60;887.20;886.20;918.00;25.90;18.30;26.20;25.00;18.90;18.00;64.00;59.00;62.00;163.00;5.60;3.90
INMET-000402;A999;CO;DF;ESTACAO METEOROLOGICA MOCK MVP;-15.78000000;-47.93000000;1160.00;2026-01-17T17:00:00Z;0.00;885.90;886.00;885.40;719.90;24.90;18.00;25.60;24.10;18.40;17.30;71.00;61.00;65.00;155.00;2.90;1.50
INMET-000403;A999;CO;DF;ESTACAO METEOROLOGICA MOCK MVP;-15.78000000;-47.93000000;1160.00;2026-01-17T18:00:00Z;0.00;885.00;885.20;884.60;0.00;24.40;17.40;25.20;23.30;17.90;16.90;69.00;63.00;65.00;209.00;6.60;2.80
INMET-000404;A999;CO;DF;ESTACAO METEOROLOGICA MOCK MVP;-15.78000000;-47.93000000;1160.00;2026-01-17T19:00:00Z;0.00;884.70;885.20;884.60;;22.40;17.00;23.30;21.80;17.60;16.90;78.00;69.00;73.00;121.00;3.00;0.40
INMET-000405;A999;CO;DF;ESTACAO METEOROLOGICA MOCK MVP;-15.78000000;-47.93000000;1160.00;2026-01-17T20:00:00Z;0.00;885.10;885.20;884.80;;20.70;16.80;21.30;20.10;17.30;16.40;87.00;77.00;81.00;130.00;3.80;3.20
INMET-000406;A999;CO;DF;ESTACAO METEOROLOGICA MOCK MVP;-15.78000000;-47.93000000;1160.00;2026-01-17T21:00:00Z;0.00;885.80;886.20;885.50;;19.10;17.10;19.70;18.10;17.30;16.60;96.00;88.00;90.00;144.00;6.70;2.00
INMET-000407;A999;CO;DF;ESTACAO METEOROLOGICA MOCK MVP;-15.78000000;-47.93000000;1160.00;2026-01-17T22:00:00Z;0.00;886.40;886.90;886.10;;18.50;17.40;19.40;17.40;17.80;16.90;98.00;89.00;94.00;173.00;8.40;4.60
INMET-000408;A999;CO;DF;ESTACAO METEOROLOGICA MOCK MVP;-15.78000000;-47.93000000;1160.00;2026-01-17T23:00:00Z;0.00;887.30;887.70;886.90;;17.20;15.70;17.50;17.00;16.20;15.40;98.00;90.00;92.00;222.00;5.60;4.50
INMET-000409;A999;CO;DF;ESTACAO METEOROLOGICA MOCK MVP;-15.78000000;-47.93000000;1160.00;2026-01-18T00:00:00Z;0.00;888.70;889.10;888.40;;18.30;17.80;18.70;18.10;18.50;17.40;100.00;91.00;97.00;326.00;4.90;3.10
INMET-000410;A999;CO;DF;ESTACAO METEOROLOGICA MOCK MVP;-15.78000000;-47.93000000;1160.00;2026-01-18T01:00:00Z;0.00;889.10;889.30;888.50;;17.60;16.90;18.10;17.20;17.50;16.20;100.00;90.00;97.00;333.00;6.50;5.00
INMET-000411;A999;CO;DF;ESTACAO METEOROLOGICA MOCK MVP;-15.78000000;-47.93000000;1160.00;2026-01-18T02:00:00Z;0.00;888.50;888.80;888.30;;18.30;17.30;19.00;17.30;17.80;16.80;100.00;94.00;95.00;1.00;3.80;1.20
INMET-000412;A999;CO;DF;ESTACAO METEOROLOGICA MOCK MVP;-15.78000000;-47.93000000;1160.00;2026-01-18T03:00:00Z;0.00;887.90;888.30;887.80;;18.20;16.20;18.50;17.20;16.40;16.00;97.00;88.00;90.00;24.00;7.30;5.20
INMET-000413;A999;CO;DF;ESTACAO METEOROLOGICA MOCK MVP;-15.78000000;-47.93000000;1160.00;2026-01-18T04:00:00Z;0.00;887.10;887.40;886.80;;19.90;17.30;20.40;19.10;17.80;16.90;89.00;83.00;87.00;9.00;3.30;0.90
INMET-000414;A999;CO;DF;ESTACAO METEOROLOGICA MOCK MVP;-15.78000000;-47.93000000;1160.00;2026-01-18T05:00:00Z;0.00;886.30;886.70;885.70;;20.50;17.40;20.70;19.40;18.00;16.80;89.00;80.00;85.00;306.00;4.60;2.50
INMET-000415;A999;CO;DF;ESTACAO METEOROLOGICA MOCK MVP;-15.78000000;-47.93000000;1160.00;2026-01-18T06:00:00Z;0.00;885.90;886.20;885.70;0.00;22.50;17.40;23.40;22.00;17.80;16.80;79.00;69.00;75.00;45.00;4.60;2.90
INMET-000416;A999;CO;DF;ESTACAO METEOROLOGICA MOCK MVP;-15.78000000;-47.93000000;1160.00;2026-01-18T07:00:00Z;0.00;885.30;885.40;884.90;685.70;23.40;18.00;23.80;22.60;18.10;17.80;79.00;67.00;73.00;52.00;4.80;1.00
INMET-000417;A999;CO;DF;ESTACAO METEOROLOGICA MOCK MVP;-15.78000000;-47.93000000;1160.00;2026-01-18T08:00:00Z;0.00;885.60;885.70;885.40;976.00;25.20;18.70;26.30;24.10;19.40;18.50;74.00;64.00;68.00;12.00;6.10;1.90
INMET-000418;A999;CO;DF;ESTACAO METEOROLOGICA MOCK MVP;-15.78000000;-47.93000000;1160.00;2026-01-18T09:00:00Z;0.00;886.30;886.90;885.80;1639.40;25.80;18.10;26.70;25.10;18.30;18.00;67.00;56.00;61.00;93.00;4.40;3.00
INMET-000419;A999;CO;DF;ESTACAO METEOROLOGICA MOCK MVP;-15.78000000;-47.93000000;1160.00;2026-01-18T10:00:00Z;0.00;887.00;887.20;886.80;1777.90;26.80;17.40;27.60;26.10;17.90;16.90;54.00;48.00;53.00;85.00;6.50;4.60
INMET-000420;A999;CO;DF;ESTACAO METEOROLOGICA MOCK MVP;-15.78000000;-47.93000000;1160.00;2026-01-18T11:00:00Z;0.00;888.20;888.50;887.70;1812.60;28.60;18.20;29.20;27.60;18.40;17.80;55.00;41.00;48.00;118.00;1.80;1.00
INMET-000421;A999;CO;DF;ESTACAO METEOROLOGICA MOCK MVP;-15.78000000;-47.93000000;1160.00;2026-01-18T12:00:00Z;0.00;888.80;889.30;888.30;2732.40;29.00;18.00;29.30;28.50;18.20;17.50;51.00;42.00;45.00;122.00;4.50;2.70
INMET-000422;A999;CO;DF;ESTACAO METEOROLOGICA MOCK MVP;-15.78000000;-47.93000000;1160.00;2026-01-18T13:00:00Z;0.00;888.70;889.20;888.50;2418.40;29.30;19.10;30.10;28.60;19.20;18.80;53.00;45.00;49.00;104.00;7.20;5.10
INMET-000423;A999;CO;DF;ESTACAO METEOROLOGICA MOCK MVP;-15.78000000;-47.93000000;1160.00;2026-01-18T14:00:00Z;0.00;888.80;889.30;888.40;2340.30;28.30;17.60;29.00;27.50;17.90;17.40;48.00;42.00;46.00;116.00;5.20;2.20
INMET-000424;A999;CO;DF;ESTACAO METEOROLOGICA MOCK MVP;-15.78000000;-47.93000000;1160.00;2026-01-18T15:00:00Z;16.80;888.30;888.70;888.10;440.60;25.10;19.20;25.40;24.70;19.50;18.90;76.00;66.00;70.00;91.00;5.20;3.30
INMET-000425;A999;CO;DF;ESTACAO METEOROLOGICA MOCK MVP;-15.78000000;-47.93000000;1160.00;2026-01-18T16:00:00Z;2.90;887.30;887.70;886.80;369.50;25.50;20.20;26.30;25.30;20.80;19.70;76.00;69.00;73.00;194.00;6.20;4.10
INMET-000426;A999;CO;DF;ESTACAO METEOROLOGICA MOCK MVP;-15.78000000;-47.93000000;1160.00;2026-01-18T17:00:00Z;3.20;886.50;887.10;886.20;191.20;24.00;20.10;24.90;23.10;20.50;19.80;85.00;79.00;81.00;181.00;9.30;6.60
INMET-000427;A999;CO;DF;ESTACAO METEOROLOGICA MOCK MVP;-15.78000000;-47.93000000;1160.00;2026-01-18T18:00:00Z;0.00;886.00;886.20;885.60;0.00;25.50;19.20;26.30;24.90;19.70;18.70;71.00;63.00;68.00;147.00;3.70;1.10
INMET-000428;A999;CO;DF;ESTACAO METEOROLOGICA MOCK MVP;-15.78000000;-47.93000000;1160.00;2026-01-18T19:00:00Z;0.00;885.40;885.90;885.30;;23.70;18.40;24.50;22.70;18.90;17.80;75.00;71.00;74.00;223.00;6.40;2.90
INMET-000429;A999;CO;DF;ESTACAO METEOROLOGICA MOCK MVP;-15.78000000;-47.93000000;1160.00;2026-01-18T20:00:00Z;0.00;885.80;886.20;885.30;;22.10;18.40;22.50;21.10;19.10;18.20;87.00;79.00;82.00;218.00;9.60;4.90
INMET-000430;A999;CO;DF;ESTACAO METEOROLOGICA MOCK MVP;-15.78000000;-47.93000000;1160.00;2026-01-18T21:00:00Z;14.20;886.60;887.00;886.20;;15.70;15.50;16.30;15.20;15.80;14.80;100.00;93.00;99.00;156.00;3.90;2.90
INMET-000431;A999;CO;DF;ESTACAO METEOROLOGICA MOCK MVP;-15.78000000;-47.93000000;1160.00;2026-01-18T22:00:00Z;11.70;887.00;887.10;886.50;;16.00;15.80;16.30;15.20;16.40;15.30;100.00;97.00;99.00;211.00;6.30;4.00
INMET-000432;A999;CO;DF;ESTACAO METEOROLOGICA MOCK MVP;-15.78000000;-47.93000000;1160.00;2026-01-18T23:00:00Z;0.00;887.90;888.10;887.70;;18.40;17.30;18.80;17.40;17.60;16.70;100.00;92.00;95.00;191.00;7.20;3.30
INMET-000433;A999;CO;DF;ESTACAO METEOROLOGICA MOCK MVP;-15.78000000;-47.93000000;1160.00;2026-01-19T00:00:00Z;0.00;889.30;889.70;889.10;;18.50;17.10;19.30;17.80;17.50;16.60;100.00;87.00;93.00;335.00;1.70;0.50
INMET-000434;A999;CO;DF;ESTACAO METEOROLOGICA MOCK MVP;-15.78000000;-47.93000000;1160.00;2026-01-19T01:00:00Z;0.00;889.50;889.90;889.00;;18.50;17.50;19.20;18.20;18.00;17.00;100.00;88.00;95.00;302.00;3.70;3.00
INMET-000435;A999;CO;DF;ESTACAO METEOROLOGICA MOCK MVP;-15.78000000;-47.93000000;1160.00;2026-01-19T02:00:00Z;0.00;889.30;889.90;888.80;;18.70;17.10;19.60;17.70;17.50;16.80;99.00;87.00;92.00;297.00;6.60;2.50
INMET-000436;A999;CO;DF;ESTACAO METEOROLOGICA MOCK MVP;-15.78000000;-47.93000000;1160.00;2026-01-19T03:00:00Z;0.00;889.00;889.10;888.60;;19.60;17.50;20.10;19.20;18.10;17.00;92.00;88.00;89.00;284.00;6.20;1.60
INMET-000437;A999;CO;DF;ESTACAO METEOROLOGICA MOCK MVP;-15.78000000;-47.93000000;1160.00;2026-01-19T04:00:00Z;0.00;887.80;888.00;887.40;;20.70;18.20;21.70;19.80;18.70;17.80;90.00;85.00;88.00;353.00;1.60;0.60
INMET-000438;A999;CO;DF;ESTACAO METEOROLOGICA MOCK MVP;-15.78000000;-47.93000000;1160.00;2026-01-19T05:00:00Z;0.00;887.30;887.70;887.00;;21.20;18.00;22.20;20.60;18.10;17.70;86.00;79.00;84.00;65.00;4.80;2.60
INMET-000439;A999;CO;DF;ESTACAO METEOROLOGICA MOCK MVP;-15.78000000;-47.93000000;1160.00;2026-01-19T06:00:00Z;0.00;886.30;886.60;885.90;0.00;22.20;17.80;22.90;21.30;18.30;17.40;83.00;72.00;78.00;56.00;5.20;1.50
INMET-000440;A999;CO;DF;ESTACAO METEOROLOGICA MOCK MVP;-15.78000000;-47.93000000;1160.00;2026-01-19T07:00:00Z;0.00;886.40;886.60;886.00;542.90;23.80;16.80;24.00;22.90;17.10;16.20;71.00;62.00;65.00;336.00;4.30;2.90
INMET-000441;A999;CO;DF;ESTACAO METEOROLOGICA MOCK MVP;-15.78000000;-47.93000000;1160.00;2026-01-19T08:00:00Z;0.00;886.30;886.80;885.70;1169.10;25.80;18.80;26.40;25.10;19.20;18.20;70.00;59.00;65.00;71.00;6.50;4.80
INMET-000442;A999;CO;DF;ESTACAO METEOROLOGICA MOCK MVP;-15.78000000;-47.93000000;1160.00;2026-01-19T09:00:00Z;0.00;887.10;887.50;886.60;1944.90;27.90;18.50;29.00;27.50;18.80;18.30;56.00;51.00;53.00;30.00;6.60;4.60
INMET-000443;A999;CO;DF;ESTACAO METEOROLOGICA MOCK MVP;-15.78000000;-47.93000000;1160.00;2026-01-19T10:00:00Z;0.00;888.10;888.50;887.60;2397.40;28.90;18.60;29.20;27.90;19.30;18.30;56.00;43.00;49.00;35.00;4.00;1.00
INMET-000444;A999;CO;DF;ESTACAO METEOROLOGICA MOCK MVP;-15.78000000;-47.93000000;1160.00;2026-01-19T11:00:00Z;0.00;888.90;889.20;888.30;1812.00;28.80;19.00;29.50;27.70;19.50;18.80;57.00;45.00;51.00;79.00;3.30;2.70
INMET-000445;A999;CO;DF;ESTACAO METEOROLOGICA MOCK MVP;-15.78000000;-47.93000000;1160.00;2026-01-19T12:00:00Z;0.00;889.50;889.60;889.00;2368.80;29.50;18.40;29.90;28.60;18.70;17.90;46.00;43.00;44.00;117.00;3.30;1.70
INMET-000446;A999;CO;DF;ESTACAO METEOROLOGICA MOCK MVP;-15.78000000;-47.93000000;1160.00;2026-01-19T13:00:00Z;0.00;889.80;890.10;889.30;1871.80;30.70;20.40;31.30;30.00;20.50;19.70;54.00;43.00;48.00;150.00;4.20;1.00
INMET-000447;A999;CO;DF;ESTACAO METEOROLOGICA MOCK MVP;-15.78000000;-47.93000000;1160.00;2026-01-19T14:00:00Z;0.00;889.50;890.00;889.10;2377.60;29.60;18.20;30.20;29.30;18.40;17.50;45.00;42.00;43.00;70.00;7.80;3.40
INMET-000448;A999;CO;DF;ESTACAO METEOROLOGICA MOCK MVP;-15.78000000;-47.93000000;1160.00;2026-01-19T15:00:00Z;0.00;888.80;889.10;888.40;1738.50;29.30;18.40;30.30;29.10;18.70;18.00;52.00;40.00;45.00;157.00;5.50;2.10
INMET-000449;A999;CO;DF;ESTACAO METEOROLOGICA MOCK MVP;-15.78000000;-47.93000000;1160.00;2026-01-19T16:00:00Z;0.00;888.20;888.60;887.70;1028.00;28.50;18.60;29.00;27.80;19.00;18.20;53.00;47.00;51.00;151.00;6.40;1.80
INMET-000450;A999;CO;DF;ESTACAO METEOROLOGICA MOCK MVP;-15.78000000;-47.93000000;1160.00;2026-01-19T17:00:00Z;21.80;887.20;887.40;886.80;196.10;22.40;16.80;23.10;22.00;17.00;16.30;77.00;68.00;72.00;112.00;9.70;5.10
INMET-000451;A999;CO;DF;ESTACAO METEOROLOGICA MOCK MVP;-15.78000000;-47.93000000;1160.00;2026-01-19T18:00:00Z;0.00;886.40;886.70;885.90;0.00;26.00;18.90;27.10;24.90;19.10;18.70;70.00;59.00;65.00;180.00;5.20;2.10
INMET-000452;A999;CO;DF;ESTACAO METEOROLOGICA MOCK MVP;-15.78000000;-47.93000000;1160.00;2026-01-19T19:00:00Z;0.00;886.30;886.80;886.20;;24.80;18.40;25.70;24.50;18.60;18.20;73.00;66.00;68.00;132.00;7.40;4.80
INMET-000453;A999;CO;DF;ESTACAO METEOROLOGICA MOCK MVP;-15.78000000;-47.93000000;1160.00;2026-01-19T20:00:00Z;0.00;886.30;886.90;885.90;;23.60;17.80;24.20;22.50;17.90;17.60;74.00;68.00;71.00;235.00;8.40;4.60
INMET-000454;A999;CO;DF;ESTACAO METEOROLOGICA MOCK MVP;-15.78000000;-47.93000000;1160.00;2026-01-19T21:00:00Z;0.00;887.20;887.60;886.90;;22.10;17.70;22.70;21.60;18.30;17.20;84.00;73.00;78.00;238.00;4.10;0.80
INMET-000455;A999;CO;DF;ESTACAO METEOROLOGICA MOCK MVP;-15.78000000;-47.93000000;1160.00;2026-01-19T22:00:00Z;9.60;888.10;888.40;887.70;;17.30;17.10;18.30;16.60;17.40;16.50;100.00;92.00;99.00;183.00;4.80;1.80
INMET-000456;A999;CO;DF;ESTACAO METEOROLOGICA MOCK MVP;-15.78000000;-47.93000000;1160.00;2026-01-19T23:00:00Z;0.00;888.80;889.00;888.50;;19.90;18.60;20.40;18.80;18.80;18.00;97.00;92.00;93.00;274.00;5.80;2.90
INMET-000457;A999;CO;DF;ESTACAO METEOROLOGICA MOCK MVP;-15.78000000;-47.93000000;1160.00;2026-01-20T00:00:00Z;0.00;889.80;890.40;889.30;;19.00;17.10;19.50;18.50;17.20;16.60;92.00;87.00;91.00;280.00;5.40;1.50
INMET-000458;A999;CO;DF;ESTACAO METEOROLOGICA MOCK MVP;-15.78000000;-47.93000000;1160.00;2026-01-20T01:00:00Z;0.00;890.10;890.50;889.90;;19.70;18.50;20.30;19.40;19.10;18.00;99.00;87.00;94.00;275.00;5.40;4.80
INMET-000459;A999;CO;DF;ESTACAO METEOROLOGICA MOCK MVP;-15.78000000;-47.93000000;1160.00;2026-01-20T02:00:00Z;0.00;889.90;890.30;889.70;;19.30;18.00;20.30;18.60;18.60;17.50;95.00;88.00;93.00;356.00;4.60;2.50
INMET-000460;A999;CO;DF;ESTACAO METEOROLOGICA MOCK MVP;-15.78000000;-47.93000000;1160.00;2026-01-20T03:00:00Z;0.00;889.20;889.80;889.10;;19.60;17.60;20.40;18.80;18.20;17.30;92.00;88.00;90.00;0.00;9.20;4.70
INMET-000461;A999;CO;DF;ESTACAO METEOROLOGICA MOCK MVP;-15.78000000;-47.93000000;1160.00;2026-01-20T04:00:00Z;0.00;888.10;888.30;887.80;;20.90;17.20;21.90;20.40;17.50;16.60;89.00;77.00;82.00;34.00;7.20;2.90
INMET-000462;A999;CO;DF;ESTACAO METEOROLOGICA MOCK MVP;-15.78000000;-47.93000000;1160.00;2026-01-20T05:00:00Z;0.00;887.40;887.60;887.00;;21.50;17.90;22.30;21.00;18.60;17.50;85.00;75.00;82.00;65.00;5.80;4.80
INMET-000463;A999;CO;DF;ESTACAO METEOROLOGICA MOCK MVP;-15.78000000;-47.93000000;1160.00;2026-01-20T06:00:00Z;0.00;886.80;887.20;886.40;0.00;23.00;17.50;24.10;22.80;18.10;17.30;76.00;68.00;73.00;56.00;6.50;2.10
INMET-000464;A999;CO;DF;ESTACAO METEOROLOGICA MOCK MVP;-15.78000000;-47.93000000;1160.00;2026-01-20T07:00:00Z;0.00;886.60;887.00;886.30;570.80;24.40;17.20;25.50;24.10;17.60;16.50;69.00;61.00;64.00;42.00;5.70;3.40
INMET-000465;A999;CO;DF;ESTACAO METEOROLOGICA MOCK MVP;-15.78000000;-47.93000000;1160.00;2026-01-20T08:00:00Z;0.00;887.00;887.40;886.90;1153.60;26.60;18.50;27.30;26.10;19.10;18.00;65.00;58.00;59.00;65.00;2.90;0.70
INMET-000466;A999;CO;DF;ESTACAO METEOROLOGICA MOCK MVP;-15.78000000;-47.93000000;1160.00;2026-01-20T09:00:00Z;0.00;887.30;887.90;886.80;1546.90;27.70;18.50;28.50;26.80;18.60;18.30;58.00;52.00;54.00;103.00;4.00;2.00
INMET-000467;A999;CO;DF;ESTACAO METEOROLOGICA MOCK MVP;-15.78000000;-47.93000000;1160.00;2026-01-20T10:00:00Z;0.00;888.20;888.60;888.00;1677.80;28.30;18.00;28.90;27.30;18.20;17.40;54.00;46.00;48.00;121.00;6.50;4.50
INMET-000468;A999;CO;DF;ESTACAO METEOROLOGICA MOCK MVP;-15.78000000;-47.93000000;1160.00;2026-01-20T11:00:00Z;0.00;889.20;889.50;889.10;2184.90;30.10;19.70;31.10;29.40;20.10;19.40;54.00;43.00;48.00;114.00;4.10;3.30
INMET-000469;A999;CO;DF;ESTACAO METEOROLOGICA MOCK MVP;-15.78000000;-47.93000000;1160.00;2026-01-20T12:00:00Z;0.00;889.60;890.10;889.20;1945.80;30.50;19.70;31.60;30.10;20.20;19.50;51.00;43.00;46.00;83.00;2.00;1.30
INMET-000470;A999;CO;DF;ESTACAO METEOROLOGICA MOCK MVP;-15.78000000;-47.93000000;1160.00;2026-01-20T13:00:00Z;0.00;889.80;889.90;889.20;2132.10;30.20;18.40;31.30;29.60;18.60;17.80;47.00;37.00;41.00;75.00;5.50;4.50
INMET-000471;A999;CO;DF;ESTACAO METEOROLOGICA MOCK MVP;-15.78000000;-47.93000000;1160.00;2026-01-20T14:00:00Z;0.00;889.90;890.40;889.50;1869.30;30.50;19.80;31.10;30.00;20.20;19.20;48.00;41.00;47.00;134.00;4.90;4.10
INMET-000472;A999;CO;DF;ESTACAO METEOROLOGICA MOCK MVP;-15.78000000;-47.93000000;1160.00;2026-01-20T15:00:00Z;0.00;888.90;889.30;888.70;1443.20;29.70;18.40;30.40;28.90;18.60;18.20;46.00;42.00;44.00;150.00;8.40;5.20
INMET-000473;A999;CO;DF;ESTACAO METEOROLOGICA MOCK MVP;-15.78000000;-47.93000000;1160.00;2026-01-20T16:00:00Z;0.00;888.10;888.40;887.80;1317.60;29.00;19.60;29.30;28.50;19.80;19.20;60.00;51.00;53.00;119.00;3.50;2.80
INMET-000474;A999;CO;DF;ESTACAO METEOROLOGICA MOCK MVP;-15.78000000;-47.93000000;1160.00;2026-01-20T17:00:00Z;0.00;887.30;887.80;886.90;644.00;27.40;17.90;27.60;26.70;18.30;17.30;59.00;50.00;53.00;125.00;4.20;1.70
INMET-000475;A999;CO;DF;ESTACAO METEOROLOGICA MOCK MVP;-15.78000000;-47.93000000;1160.00;2026-01-20T18:00:00Z;0.00;887.00;887.60;886.40;0.00;25.90;18.70;26.20;25.50;19.40;18.10;67.00;61.00;64.00;189.00;1.50;0.50
INMET-000476;A999;CO;DF;ESTACAO METEOROLOGICA MOCK MVP;-15.78000000;-47.93000000;1160.00;2026-01-20T19:00:00Z;0.00;886.40;886.90;886.20;;24.60;17.50;24.80;23.70;18.00;16.90;70.00;60.00;65.00;249.00;4.70;3.20
INMET-000477;A999;CO;DF;ESTACAO METEOROLOGICA MOCK MVP;-15.78000000;-47.93000000;1160.00;2026-01-20T20:00:00Z;0.00;886.80;886.90;886.70;;23.60;19.00;23.90;23.20;19.30;18.70;82.00;72.00;77.00;259.00;2.00;1.40
INMET-000478;A999;CO;DF;ESTACAO METEOROLOGICA MOCK MVP;-15.78000000;-47.93000000;1160.00;2026-01-20T21:00:00Z;47.40;887.50;887.90;887.00;;18.30;17.20;18.70;17.70;17.70;17.10;100.00;89.00;94.00;180.00;5.50;1.90
INMET-000479;A999;CO;DF;ESTACAO METEOROLOGICA MOCK MVP;-15.78000000;-47.93000000;1160.00;2026-01-20T22:00:00Z;0.00;888.50;888.80;888.00;;20.10;17.00;20.80;19.80;17.40;16.50;90.00;83.00;85.00;293.00;4.50;3.20
INMET-000480;A999;CO;DF;ESTACAO METEOROLOGICA MOCK MVP;-15.78000000;-47.93000000;1160.00;2026-01-20T23:00:00Z;0.00;888.90;889.50;888.50;;19.60;16.50;19.90;19.10;17.10;16.40;86.00;82.00;85.00;230.00;5.40;3.20
INMET-000481;A999;CO;DF;ESTACAO METEOROLOGICA MOCK MVP;-15.78000000;-47.93000000;1160.00;2026-01-21T00:00:00Z;0.00;889.40;889.60;888.90;;18.40;17.30;19.20;17.30;17.40;16.90;100.00;92.00;95.00;343.00;4.30;2.00
INMET-000482;A999;CO;DF;ESTACAO METEOROLOGICA MOCK MVP;-15.78000000;-47.93000000;1160.00;2026-01-21T01:00:00Z;0.00;889.60;890.10;889.50;;18.90;17.70;19.70;18.50;18.00;17.40;97.00;93.00;94.00;25.00;6.40;5.10
INMET-000483;A999;CO;DF;ESTACAO METEOROLOGICA MOCK MVP;-15.78000000;-47.93000000;1160.00;2026-01-21T02:00:00Z;0.00;889.70;889.80;889.50;;19.70;17.20;20.30;18.90;17.40;17.00;90.00;85.00;88.00;307.00;6.20;2.40
INMET-000484;A999;CO;DF;ESTACAO METEOROLOGICA MOCK MVP;-15.78000000;-47.93000000;1160.00;2026-01-21T03:00:00Z;0.00;889.00;889.10;888.60;;18.90;16.80;19.50;18.60;17.20;16.20;96.00;88.00;89.00;356.00;7.60;4.60
INMET-000485;A999;CO;DF;ESTACAO METEOROLOGICA MOCK MVP;-15.78000000;-47.93000000;1160.00;2026-01-21T04:00:00Z;0.00;888.20;888.30;887.70;;20.30;18.10;20.80;20.10;18.20;17.60;94.00;85.00;89.00;32.00;5.60;3.90
INMET-000486;A999;CO;DF;ESTACAO METEOROLOGICA MOCK MVP;-15.78000000;-47.93000000;1160.00;2026-01-21T05:00:00Z;0.00;887.30;887.50;886.90;;21.80;18.00;22.20;21.30;18.30;17.50;85.00;78.00;81.00;333.00;8.90;4.60
INMET-000487;A999;CO;DF;ESTACAO METEOROLOGICA MOCK MVP;-15.78000000;-47.93000000;1160.00;2026-01-21T06:00:00Z;0.00;886.40;886.70;886.10;0.00;22.70;17.40;23.30;22.20;17.60;16.90;79.00;69.00;73.00;342.00;7.10;3.70
INMET-000488;A999;CO;DF;ESTACAO METEOROLOGICA MOCK MVP;-15.78000000;-47.93000000;1160.00;2026-01-21T07:00:00Z;0.00;886.20;886.70;885.90;645.50;24.30;18.40;25.10;23.80;18.70;17.90;75.00;68.00;71.00;62.00;4.50;3.60
INMET-000489;A999;CO;DF;ESTACAO METEOROLOGICA MOCK MVP;-15.78000000;-47.93000000;1160.00;2026-01-21T08:00:00Z;0.00;886.50;886.80;886.00;1310.50;26.30;19.40;27.20;26.00;19.90;19.30;69.00;61.00;66.00;82.00;7.40;3.50
INMET-000490;A999;CO;DF;ESTACAO METEOROLOGICA MOCK MVP;-15.78000000;-47.93000000;1160.00;2026-01-21T09:00:00Z;0.00;887.40;887.90;887.10;1330.40;27.50;18.20;27.70;27.20;18.40;18.00;57.00;48.00;53.00;52.00;5.00;0.70
INMET-000491;A999;CO;DF;ESTACAO METEOROLOGICA MOCK MVP;-15.78000000;-47.93000000;1160.00;2026-01-21T10:00:00Z;0.00;888.20;888.80;887.90;2277.00;28.60;19.20;28.80;27.80;19.80;18.80;55.00;47.00;53.00;86.00;4.30;1.10
INMET-000492;A999;CO;DF;ESTACAO METEOROLOGICA MOCK MVP;-15.78000000;-47.93000000;1160.00;2026-01-21T11:00:00Z;0.00;888.70;889.10;888.10;2608.40;30.30;20.10;30.60;29.40;20.30;19.70;55.00;43.00;49.00;53.00;1.30;0.40
INMET-000493;A999;CO;DF;ESTACAO METEOROLOGICA MOCK MVP;-15.78000000;-47.93000000;1160.00;2026-01-21T12:00:00Z;0.00;889.60;890.10;889.30;1915.70;29.90;19.50;30.70;29.10;19.70;18.90;50.00;44.00;48.00;110.00;3.70;2.10
INMET-000494;A999;CO;DF;ESTACAO METEOROLOGICA MOCK MVP;-15.78000000;-47.93000000;1160.00;2026-01-21T13:00:00Z;0.00;890.00;890.30;889.60;2123.70;30.10;19.40;30.60;29.30;19.70;19.30;51.00;42.00;46.00;152.00;7.80;3.90
INMET-000495;A999;CO;DF;ESTACAO METEOROLOGICA MOCK MVP;-15.78000000;-47.93000000;1160.00;2026-01-21T14:00:00Z;0.00;889.70;889.90;889.10;2251.80;30.60;19.10;31.30;30.40;19.40;19.00;47.00;37.00;42.00;141.00;3.40;1.30
INMET-000496;A999;CO;DF;ESTACAO METEOROLOGICA MOCK MVP;-15.78000000;-47.93000000;1160.00;2026-01-21T15:00:00Z;0.00;888.80;889.30;888.40;1778.00;30.00;19.90;30.60;29.10;20.60;19.20;52.00;43.00;49.00;96.00;6.10;2.80
INMET-000497;A999;CO;DF;ESTACAO METEOROLOGICA MOCK MVP;-15.78000000;-47.93000000;1160.00;2026-01-21T16:00:00Z;0.00;888.30;888.50;887.90;981.80;28.20;18.40;29.20;27.30;18.70;17.90;58.00;48.00;51.00;160.00;7.20;4.60
INMET-000498;A999;CO;DF;ESTACAO METEOROLOGICA MOCK MVP;-15.78000000;-47.93000000;1160.00;2026-01-21T17:00:00Z;0.00;887.40;887.90;887.00;649.60;27.60;19.30;28.50;27.30;19.80;19.00;65.00;56.00;59.00;213.00;6.20;5.10
INMET-000499;A999;CO;DF;ESTACAO METEOROLOGICA MOCK MVP;-15.78000000;-47.93000000;1160.00;2026-01-21T18:00:00Z;0.00;886.80;887.00;886.30;0.00;26.00;19.00;26.70;25.00;19.50;18.90;69.00;61.00;65.00;155.00;7.30;3.60
INMET-000500;A999;CO;DF;ESTACAO METEOROLOGICA MOCK MVP;-15.78000000;-47.93000000;1160.00;2026-01-21T19:00:00Z;0.00;886.60;886.70;886.20;;24.80;19.10;25.40;24.30;19.60;18.90;76.00;65.00;72.00;191.00;8.80;4.40
INMET-000501;A999;CO;DF;ESTACAO METEOROLOGICA MOCK MVP;-15.78000000;-47.93000000;1160.00;2026-01-21T20:00:00Z;0.00;886.70;887.20;886.40;;22.90;18.50;23.90;22.30;18.90;17.80;82.00;75.00;78.00;259.00;3.00;0.80
INMET-000502;A999;CO;DF;ESTACAO METEOROLOGICA MOCK MVP;-15.78000000;-47.93000000;1160.00;2026-01-21T21:00:00Z;0.00;887.10;887.30;886.70;;22.30;17.80;23.30;21.30;18.20;17.30;81.00;73.00;78.00;197.00;6.00;4.20
INMET-000503;A999;CO;DF;ESTACAO METEOROLOGICA MOCK MVP;-15.78000000;-47.93000000;1160.00;2026-01-21T22:00:00Z;1.90;888.10;888.50;887.50;;18.60;18.40;19.10;18.20;19.00;17.90;100.00;97.00;99.00;263.00;5.90;4.70
INMET-000504;A999;CO;DF;ESTACAO METEOROLOGICA MOCK MVP;-15.78000000;-47.93000000;1160.00;2026-01-21T23:00:00Z;0.00;888.90;889.30;888.60;;19.20;17.40;19.50;18.20;17.80;16.70;96.00;86.00;91.00;220.00;8.10;4.30
INMET-000505;A999;CO;DF;ESTACAO METEOROLOGICA MOCK MVP;-15.78000000;-47.93000000;1160.00;2026-01-22T00:00:00Z;0.00;889.10;889.20;888.80;;18.10;16.40;18.50;17.90;17.10;15.80;95.00;89.00;91.00;345.00;8.00;3.80
INMET-000506;A999;CO;DF;ESTACAO METEOROLOGICA MOCK MVP;-15.78000000;-47.93000000;1160.00;2026-01-22T01:00:00Z;0.00;889.10;889.60;888.90;;17.20;15.80;17.50;16.70;16.20;15.60;99.00;88.00;93.00;331.00;8.80;4.50
INMET-000507;A999;CO;DF;ESTACAO METEOROLOGICA MOCK MVP;-15.78000000;-47.93000000;1160.00;2026-01-22T02:00:00Z;0.00;888.60;889.00;888.30;;18.20;17.60;19.20;17.20;18.10;17.00;100.00;90.00;97.00;15.00;8.00;5.20
INMET-000508;A999;CO;DF;ESTACAO METEOROLOGICA MOCK MVP;-15.78000000;-47.93000000;1160.00;2026-01-22T03:00:00Z;0.00;888.20;888.40;887.60;;18.20;16.50;18.80;17.50;16.90;16.30;95.00;86.00;92.00;60.00;6.60;2.30
INMET-000509;A999;CO;DF;ESTACAO METEOROLOGICA MOCK MVP;-15.78000000;-47.93000000;1160.00;2026-01-22T04:00:00Z;0.00;887.30;887.40;886.80;;19.30;17.10;20.00;18.40;17.70;16.90;92.00;84.00;89.00;60.00;7.40;3.10
INMET-000510;A999;CO;DF;ESTACAO METEOROLOGICA MOCK MVP;-15.78000000;-47.93000000;1160.00;2026-01-22T05:00:00Z;0.00;886.70;887.00;886.30;;21.30;18.70;21.70;20.30;19.30;18.30;90.00;84.00;87.00;5.00;3.90;2.00
INMET-000511;A999;CO;DF;ESTACAO METEOROLOGICA MOCK MVP;-15.78000000;-47.93000000;1160.00;2026-01-22T06:00:00Z;0.00;885.80;886.00;885.50;0.00;22.70;17.40;23.00;22.40;18.00;16.90;80.00;72.00;73.00;82.00;2.30;1.00
INMET-000512;A999;CO;DF;ESTACAO METEOROLOGICA MOCK MVP;-15.78000000;-47.93000000;1160.00;2026-01-22T07:00:00Z;0.00;885.60;886.10;885.40;674.80;23.10;17.30;23.40;22.40;17.70;17.00;77.00;69.00;71.00;56.00;3.10;2.20
INMET-000513;A999;CO;DF;ESTACAO METEOROLOGICA MOCK MVP;-15.78000000;-47.93000000;1160.00;2026-01-22T08:00:00Z;0.00;885.90;886.30;885.50;1396.30;25.30;18.90;25.70;24.70;19.10;18.60;73.00;62.00;68.00;34.00;6.60;2.60
INMET-000514;A999;CO;DF;ESTACAO METEOROLOGICA MOCK MVP;-15.78000000;-47.93000000;1160.00;2026-01-22T09:00:00Z;0.00;886.30;886.90;886.10;1552.70;26.80;18.60;27.50;26.10;18.80;18.30;66.00;53.00;59.00;53.00;6.30;4.80
INMET-000515;A999;CO;DF;ESTACAO METEOROLOGICA MOCK MVP;-15.78000000;-47.93000000;1160.00;2026-01-22T10:00:00Z;0.00;887.60;887.90;887.20;1629.70;27.50;18.50;28.10;26.40;18.70;18.40;61.00;50.00;55.00;122.00;7.60;3.00
INMET-000516;A999;CO;DF;ESTACAO METEOROLOGICA MOCK MVP;-15.78000000;-47.93000000;1160.00;2026-01-22T11:00:00Z;0.00;888.40;888.90;887.90;1788.90;29.10;19.90;30.00;28.90;20.10;19.20;56.00;49.00;54.00;156.00;7.80;5.00
INMET-000517;A999;CO;DF;ESTACAO METEOROLOGICA MOCK MVP;-15.78000000;-47.93000000;1160.00;2026-01-22T12:00:00Z;0.00;888.80;889.40;888.70;2405.70;29.30;18.10;30.10;28.40;18.50;17.50;46.00;39.00;44.00;108.00;6.30;2.40
INMET-000518;A999;CO;DF;ESTACAO METEOROLOGICA MOCK MVP;-15.78000000;-47.93000000;1160.00;2026-01-22T13:00:00Z;0.00;889.30;889.60;888.90;1930.60;29.60;19.50;30.30;28.60;20.10;19.00;52.00;43.00;50.00;159.00;6.10;4.20
INMET-000519;A999;CO;DF;ESTACAO METEOROLOGICA MOCK MVP;-15.78000000;-47.93000000;1160.00;2026-01-22T14:00:00Z;0.00;889.00;889.30;888.70;1658.70;29.90;20.10;31.00;29.70;20.40;19.70;57.00;45.00;51.00;126.00;6.00;2.50
INMET-000520;A999;CO;DF;ESTACAO METEOROLOGICA MOCK MVP;-15.78000000;-47.93000000;1160.00;2026-01-22T15:00:00Z;23.20;888.50;888.70;888.30;666.50;26.60;19.90;27.60;25.80;20.50;19.30;70.00;65.00;67.00;157.00;3.90;2.80
INMET-000521;A999;CO;DF;ESTACAO METEOROLOGICA MOCK MVP;-15.78000000;-47.93000000;1160.00;2026-01-22T16:00:00Z;0.00;887.30;887.60;887.20;1125.00;27.90;18.20;29.00;26.90;18.30;18.10;52.00;49.00;51.00;158.00;6.30;1.60
INMET-000522;A999;CO;DF;ESTACAO METEOROLOGICA MOCK MVP;-15.78000000;-47.93000000;1160.00;2026-01-22T17:00:00Z;0.00;886.30;886.70;886.00;630.40;26.50;17.60;27.30;25.60;17.80;17.00;62.00;49.00;56.00;154.00;4.90;1.50
INMET-000523;A999;CO;DF;ESTACAO METEOROLOGICA MOCK MVP;-15.78000000;-47.93000000;1160.00;2026-01-22T18:00:00Z;0.00;886.20;886.60;885.90;0.00;25.50;18.90;26.10;24.80;19.20;18.60;68.00;65.00;67.00;251.00;3.20;0.50
INMET-000524;A999;CO;DF;ESTACAO METEOROLOGICA MOCK MVP;-15.78000000;-47.93000000;1160.00;2026-01-22T19:00:00Z;0.00;885.60;885.90;885.50;;23.30;17.60;23.80;22.90;18.10;17.00;77.00;68.00;72.00;210.00;5.80;3.40
INMET-000525;A999;CO;DF;ESTACAO METEOROLOGICA MOCK MVP;-15.78000000;-47.93000000;1160.00;2026-01-22T20:00:00Z;0.00;885.80;886.00;885.40;;22.10;18.10;23.10;21.30;18.70;17.90;85.00;77.00;80.00;209.00;7.40;3.90
INMET-000526;A999;CO;DF;ESTACAO METEOROLOGICA MOCK MVP;-15.78000000;-47.93000000;1160.00;2026-01-22T21:00:00Z;0.00;886.40;886.60;886.20;;20.40;17.30;20.70;20.10;17.70;17.10;90.00;82.00;84.00;279.00;5.70;4.10
INMET-000527;A999;CO;DF;ESTACAO METEOROLOGICA MOCK MVP;-15.78000000;-47.93000000;1160.00;2026-01-22T22:00:00Z;0.00;887.50;887.90;887.10;;19.70;17.40;20.00;19.20;18.10;17.00;93.00;86.00;88.00;220.00;5.50;3.20
INMET-000528;A999;CO;DF;ESTACAO METEOROLOGICA MOCK MVP;-15.78000000;-47.93000000;1160.00;2026-01-22T23:00:00Z;0.00;888.40;888.70;887.90;;19.00;17.70;19.80;18.10;18.20;17.20;97.00;90.00;93.00;258.00;5.10;3.40
INMET-000529;A999;CO;DF;ESTACAO METEOROLOGICA MOCK MVP;-15.78000000;-47.93000000;1160.00;2026-01-23T00:00:00Z;0.00;888.00;888.30;887.50;;16.70;16.30;17.10;16.50;16.70;16.10;100.00;92.00;98.00;278.00;8.10;4.30
INMET-000530;A999;CO;DF;ESTACAO METEOROLOGICA MOCK MVP;-15.78000000;-47.93000000;1160.00;2026-01-23T01:00:00Z;0.00;888.40;888.60;887.90;;16.30;15.90;16.90;15.90;16.40;15.60;100.00;92.00;98.00;327.00;2.50;0.60
INMET-000531;A999;CO;DF;ESTACAO METEOROLOGICA MOCK MVP;-15.78000000;-47.93000000;1160.00;2026-01-23T02:00:00Z;0.00;887.90;888.20;887.60;;16.30;15.30;17.30;15.90;15.70;14.60;99.00;89.00;95.00;297.00;7.40;5.10
INMET-000532;A999;CO;DF;ESTACAO METEOROLOGICA MOCK MVP;-15.78000000;-47.93000000;1160.00;2026-01-23T03:00:00Z;0.00;887.70;887.80;887.50;;18.20;17.80;18.70;17.30;18.40;17.20;99.00;96.00;98.00;48.00;8.60;4.50
INMET-000533;A999;CO;DF;ESTACAO METEOROLOGICA MOCK MVP;-15.78000000;-47.93000000;1160.00;2026-01-23T04:00:00Z;0.00;886.80;887.40;886.30;;18.10;17.10;19.10;17.70;17.40;16.60;98.00;89.00;95.00;340.00;6.00;3.50
INMET-000534;A999;CO;DF;ESTACAO METEOROLOGICA MOCK MVP;-15.78000000;-47.93000000;1160.00;2026-01-23T05:00:00Z;0.00;886.00;886.50;885.60;;19.90;17.60;20.20;18.90;17.80;17.20;92.00;85.00;88.00;58.00;8.10;3.80
INMET-000535;A999;CO;DF;ESTACAO METEOROLOGICA MOCK MVP;-15.78000000;-47.93000000;1160.00;2026-01-23T06:00:00Z;0.00;885.00;885.50;884.80;0.00;21.10;17.00;21.90;20.40;17.40;16.70;81.00;77.00;80.00;86.00;5.80;4.20
INMET-000536;A999;CO;DF;ESTACAO METEOROLOGICA MOCK MVP;-15.78000000;-47.93000000;1160.00;2026-01-23T07:00:00Z;0.00;885.10;885.50;884.90;472.30;22.30;16.60;22.80;21.70;17.00;16.10;74.00;69.00;72.00;93.00;4.20;1.30
INMET-000537;A999;CO;DF;ESTACAO METEOROLOGICA MOCK MVP;-15.78000000;-47.93000000;1160.00;2026-01-23T08:00:00Z;0.00;885.20;885.50;884.60;1154.20;24.30;17.70;25.00;23.20;18.10;17.20;73.00;64.00;67.00;13.00;5.40;2.70
INMET-000538;A999;CO;DF;ESTACAO METEOROLOGICA MOCK MVP;-15.78000000;-47.93000000;1160.00;2026-01-23T09:00:00Z;0.00;886.00;886.50;885.40;1475.30;25.40;18.60;25.60;24.40;19.10;18.50;73.00;60.00;66.00;71.00;6.40;3.50
INMET-000539;A999;CO;DF;ESTACAO METEOROLOGICA MOCK MVP;-15.78000000;-47.93000000;1160.00;2026-01-23T10:00:00Z;0.00;886.60;887.10;886.10;2005.90;26.50;18.00;27.40;25.60;18.30;17.50;59.00;52.00;58.00;75.00;4.70;4.00
INMET-000540;A999;CO;DF;ESTACAO METEOROLOGICA MOCK MVP;-15.78000000;-47.93000000;1160.00;2026-01-23T11:00:00Z;0.00;887.30;887.90;887.10;1839.20;27.60;18.60;27.90;26.70;19.20;18.20;61.00;52.00;55.00;75.00;6.60;4.50
INMET-000541;A999;CO;DF;ESTACAO METEOROLOGICA MOCK MVP;-15.78000000;-47.93000000;1160.00;2026-01-23T12:00:00Z;0.00;888.20;888.40;887.90;2505.50;27.50;18.40;28.20;27.10;18.70;17.70;57.00;49.00;55.00;81.00;3.70;2.70
INMET-000542;A999;CO;DF;ESTACAO METEOROLOGICA MOCK MVP;-15.78000000;-47.93000000;1160.00;2026-01-23T13:00:00Z;0.00;888.30;888.50;888.10;2692.70;29.00;19.80;29.50;27.90;19.90;19.30;59.00;47.00;54.00;90.00;5.90;1.40
INMET-000543;A999;CO;DF;ESTACAO METEOROLOGICA MOCK MVP;-15.78000000;-47.93000000;1160.00;2026-01-23T14:00:00Z;0.00;888.10;888.20;887.50;2120.10;28.60;19.20;29.70;27.80;19.70;18.70;56.00;47.00;53.00;191.00;4.60;3.70
INMET-000544;A999;CO;DF;ESTACAO METEOROLOGICA MOCK MVP;-15.78000000;-47.93000000;1160.00;2026-01-23T15:00:00Z;0.00;887.40;887.60;886.90;1380.00;27.40;18.00;28.40;26.60;18.20;17.50;55.00;51.00;53.00;131.00;9.50;5.20
INMET-000545;A999;CO;DF;ESTACAO METEOROLOGICA MOCK MVP;-15.78000000;-47.93000000;1160.00;2026-01-23T16:00:00Z;0.00;886.60;886.80;886.20;1063.00;27.20;19.20;28.20;26.30;19.70;19.10;63.00;59.00;60.00;203.00;4.50;3.70
INMET-000546;A999;CO;DF;ESTACAO METEOROLOGICA MOCK MVP;-15.78000000;-47.93000000;1160.00;2026-01-23T17:00:00Z;0.00;885.70;886.00;885.30;486.30;25.10;16.80;25.80;24.20;17.10;16.40;61.00;54.00;59.00;198.00;6.00;3.60
INMET-000547;A999;CO;DF;ESTACAO METEOROLOGICA MOCK MVP;-15.78000000;-47.93000000;1160.00;2026-01-23T18:00:00Z;0.00;885.00;885.20;884.70;0.00;24.70;17.80;25.40;24.20;18.50;17.40;69.00;64.00;66.00;151.00;8.30;3.80
INMET-000548;A999;CO;DF;ESTACAO METEOROLOGICA MOCK MVP;-15.78000000;-47.93000000;1160.00;2026-01-23T19:00:00Z;40.00;885.00;885.30;884.70;;19.10;17.90;19.60;18.70;18.50;17.60;97.00;93.00;94.00;246.00;8.40;5.80
INMET-000549;A999;CO;DF;ESTACAO METEOROLOGICA MOCK MVP;-15.78000000;-47.93000000;1160.00;2026-01-23T20:00:00Z;0.00;884.90;885.00;884.70;;20.60;16.60;21.70;20.10;16.90;16.10;83.00;76.00;80.00;231.00;3.70;0.90
INMET-000550;A999;CO;DF;ESTACAO METEOROLOGICA MOCK MVP;-15.78000000;-47.93000000;1160.00;2026-01-23T21:00:00Z;0.00;885.70;885.90;885.10;;19.80;16.40;20.70;19.40;16.70;15.70;86.00;78.00;83.00;252.00;1.90;1.00
INMET-000551;A999;CO;DF;ESTACAO METEOROLOGICA MOCK MVP;-15.78000000;-47.93000000;1160.00;2026-01-23T22:00:00Z;0.00;886.90;887.00;886.40;;19.00;16.70;19.30;18.80;16.90;16.30;94.00;86.00;89.00;308.00;5.10;2.40
INMET-000552;A999;CO;DF;ESTACAO METEOROLOGICA MOCK MVP;-15.78000000;-47.93000000;1160.00;2026-01-23T23:00:00Z;0.00;887.20;887.80;886.70;;17.30;16.90;17.60;16.70;17.50;16.30;100.00;93.00;98.00;246.00;4.80;4.20
INMET-000553;A999;CO;DF;ESTACAO METEOROLOGICA MOCK MVP;-15.78000000;-47.93000000;1160.00;2026-01-24T00:00:00Z;0.00;887.40;887.70;887.10;;15.80;15.40;16.20;15.60;16.00;14.90;100.00;95.00;98.00;24.00;4.10;2.50
INMET-000554;A999;CO;DF;ESTACAO METEOROLOGICA MOCK MVP;-15.78000000;-47.93000000;1160.00;2026-01-24T01:00:00Z;0.00;888.00;888.50;887.70;;15.60;15.20;16.60;15.00;15.30;14.60;100.00;97.00;98.00;356.00;5.00;0.70
INMET-000555;A999;CO;DF;ESTACAO METEOROLOGICA MOCK MVP;-15.78000000;-47.93000000;1160.00;2026-01-24T02:00:00Z;0.00;887.60;887.80;887.40;;16.00;15.60;16.70;15.00;15.90;15.40;100.00;94.00;98.00;314.00;5.30;2.30
INMET-000556;A999;CO;DF;ESTACAO METEOROLOGICA MOCK MVP;-15.78000000;-47.93000000;1160.00;2026-01-24T03:00:00Z;0.00;886.80;887.20;886.40;;16.50;16.10;17.40;16.10;16.50;16.00;100.00;96.00;98.00;18.00;7.80;3.30
INMET-000557;A999;CO;DF;ESTACAO METEOROLOGICA MOCK MVP;-15.78000000;-47.93000000;1160.00;2026-01-24T04:00:00Z;0.00;886.40;886.90;886.20;;17.70;16.90;17.90;17.20;17.20;16.40;99.00;94.00;96.00;10.00;3.80;0.70
INMET-000558;A999;CO;DF;ESTACAO METEOROLOGICA MOCK MVP;-15.78000000;-47.93000000;1160.00;2026-01-24T05:00:00Z;0.00;885.30;885.70;884.90;;18.70;15.70;19.10;18.00;16.40;15.20;90.00;81.00;85.00;83.00;3.40;1.10
INMET-000559;A999;CO;DF;ESTACAO METEOROLOGICA MOCK MVP;-15.78000000;-47.93000000;1160.00;2026-01-24T06:00:00Z;0.00;884.60;885.10;884.10;0.00;20.20;16.80;20.60;19.20;17.20;16.50;85.00;81.00;83.00;358.00;8.00;5.00
INMET-000560;A999;CO;DF;ESTACAO METEOROLOGICA MOCK MVP;-15.78000000;-47.93000000;1160.00;2026-01-24T07:00:00Z;0.00;884.60;885.20;884.40;497.50;21.30;17.20;21.60;20.70;17.70;17.10;81.00;75.00;79.00;123.00;4.10;0.90
INMET-000561;A999;CO;DF;ESTACAO METEOROLOGICA MOCK MVP;-15.78000000;-47.93000000;1160.00;2026-01-24T08:00:00Z;0.00;884.70;885.10;884.50;906.70;23.80;17.30;24.10;22.90;17.50;16.90;73.00;66.00;67.00;41.00;5.10;1.60
INMET-000562;A999;CO;DF;ESTACAO METEOROLOGICA MOCK MVP;-15.78000000;-47.93000000;1160.00;2026-01-24T09:00:00Z;0.00;885.30;885.50;885.00;1670.80;25.50;18.40;26.50;24.60;18.50;18.10;66.00;61.00;64.00;98.00;5.60;3.20
INMET-000563;A999;CO;DF;ESTACAO METEOROLOGICA MOCK MVP;-15.78000000;-47.93000000;1160.00;2026-01-24T10:00:00Z;0.00;886.20;886.70;885.80;1601.70;25.80;17.50;26.60;24.80;17.90;17.20;61.00;52.00;59.00;121.00;2.60;2.00
INMET-000564;A999;CO;DF;ESTACAO METEOROLOGICA MOCK MVP;-15.78000000;-47.93000000;1160.00;2026-01-24T11:00:00Z;0.00;886.90;887.20;886.40;2665.80;27.60;18.10;28.10;27.30;18.80;17.40;56.00;47.00;52.00;125.00;3.50;1.20
INMET-000565;A999;CO;DF;ESTACAO METEOROLOGICA MOCK MVP;-15.78000000;-47.93000000;1160.00;2026-01-24T12:00:00Z;0.00;887.50;887.60;887.20;2768.90;27.70;18.70;28.70;26.90;19.30;18.10;56.00;51.00;55.00;152.00;6.10;1.80
INMET-000566;A999;CO;DF;ESTACAO METEOROLOGICA MOCK MVP;-15.78000000;-47.93000000;1160.00;2026-01-24T13:00:00Z;0.00;887.60;887.90;887.20;1821.30;27.50;18.00;28.00;26.80;18.50;17.40;55.00;48.00;52.00;89.00;4.10;2.90
INMET-000567;A999;CO;DF;ESTACAO METEOROLOGICA MOCK MVP;-15.78000000;-47.93000000;1160.00;2026-01-24T14:00:00Z;0.00;887.80;888.10;887.30;2345.40;27.40;18.30;27.90;26.40;18.50;17.60;60.00;48.00;54.00;164.00;8.00;3.90
INMET-000568;A999;CO;DF;ESTACAO METEOROLOGICA MOCK MVP;-15.78000000;-47.93000000;1160.00;2026-01-24T15:00:00Z;0.00;887.10;887.30;886.50;1687.10;27.10;18.40;27.70;26.10;19.00;18.30;59.00;53.00;57.00;160.00;7.30;4.20
INMET-000569;A999;CO;DF;ESTACAO METEOROLOGICA MOCK MVP;-15.78000000;-47.93000000;1160.00;2026-01-24T16:00:00Z;0.00;886.30;886.70;886.00;1346.80;25.70;18.10;26.50;25.30;18.70;17.90;68.00;57.00;62.00;149.00;4.30;3.60
INMET-000570;A999;CO;DF;ESTACAO METEOROLOGICA MOCK MVP;-15.78000000;-47.93000000;1160.00;2026-01-24T17:00:00Z;0.00;885.10;885.60;884.90;621.00;25.10;18.60;25.70;24.10;18.70;18.20;73.00;63.00;68.00;227.00;3.60;1.00
INMET-000571;A999;CO;DF;ESTACAO METEOROLOGICA MOCK MVP;-15.78000000;-47.93000000;1160.00;2026-01-24T18:00:00Z;0.00;884.80;885.30;884.50;0.00;23.60;18.10;24.40;23.20;18.40;17.90;76.00;69.00;73.00;152.00;4.30;1.50
INMET-000572;A999;CO;DF;ESTACAO METEOROLOGICA MOCK MVP;-15.78000000;-47.93000000;1160.00;2026-01-24T19:00:00Z;0.00;884.70;885.00;884.30;;22.50;18.30;22.70;21.90;18.50;17.90;84.00;74.00;79.00;275.00;3.40;2.70
INMET-000573;A999;CO;DF;ESTACAO METEOROLOGICA MOCK MVP;-15.78000000;-47.93000000;1160.00;2026-01-24T20:00:00Z;15.70;884.70;885.20;884.40;;16.60;16.40;16.90;15.90;16.70;16.20;100.00;97.00;99.00;277.00;6.30;2.70
INMET-000574;A999;CO;DF;ESTACAO METEOROLOGICA MOCK MVP;-15.78000000;-47.93000000;1160.00;2026-01-24T21:00:00Z;0.00;885.40;885.80;885.30;;18.90;17.00;19.30;18.60;17.50;16.80;97.00;86.00;90.00;244.00;2.90;0.90
INMET-000575;A999;CO;DF;ESTACAO METEOROLOGICA MOCK MVP;-15.78000000;-47.93000000;1160.00;2026-01-24T22:00:00Z;0.00;886.30;886.90;886.10;;17.60;16.80;18.70;16.80;17.10;16.50;100.00;94.00;96.00;301.00;6.20;2.30
INMET-000576;A999;CO;DF;ESTACAO METEOROLOGICA MOCK MVP;-15.78000000;-47.93000000;1160.00;2026-01-24T23:00:00Z;0.00;886.90;887.20;886.30;;17.30;16.50;17.60;16.30;16.80;16.30;98.00;94.00;96.00;296.00;7.50;2.90
INMET-000577;A999;CO;DF;ESTACAO METEOROLOGICA MOCK MVP;-15.78000000;-47.93000000;1160.00;2026-01-25T00:00:00Z;0.00;887.90;888.50;887.50;;17.10;16.70;17.90;16.60;16.90;16.30;100.00;95.00;98.00;15.00;4.60;0.80
INMET-000578;A999;CO;DF;ESTACAO METEOROLOGICA MOCK MVP;-15.78000000;-47.93000000;1160.00;2026-01-25T01:00:00Z;0.00;888.00;888.10;887.80;;16.20;15.80;16.50;15.20;16.00;15.60;100.00;92.00;98.00;20.00;7.20;3.30
INMET-000579;A999;CO;DF;ESTACAO METEOROLOGICA MOCK MVP;-15.78000000;-47.93000000;1160.00;2026-01-25T02:00:00Z;0.00;887.80;887.90;887.30;;16.60;16.00;17.50;16.30;16.30;15.70;100.00;95.00;97.00;328.00;5.60;0.90
INMET-000580;A999;CO;DF;ESTACAO METEOROLOGICA MOCK MVP;-15.78000000;-47.93000000;1160.00;2026-01-25T03:00:00Z;0.00;887.20;887.50;886.60;;17.30;16.90;18.20;16.30;17.60;16.60;100.00;95.00;98.00;51.00;2.30;1.30
INMET-000581;A999;CO;DF;ESTACAO METEOROLOGICA MOCK MVP;-15.78000000;-47.93000000;1160.00;2026-01-25T04:00:00Z;0.00;886.20;886.50;886.00;;17.40;15.50;18.10;16.40;15.80;14.80;97.00;88.00;90.00;49.00;5.70;2.10
INMET-000582;A999;CO;DF;ESTACAO METEOROLOGICA MOCK MVP;-15.78000000;-47.93000000;1160.00;2026-01-25T05:00:00Z;0.00;885.60;886.00;885.40;;19.40;17.80;20.30;18.40;18.30;17.60;96.00;90.00;92.00;92.00;3.40;1.40
INMET-000583;A999;CO;DF;ESTACAO METEOROLOGICA MOCK MVP;-15.78000000;-47.93000000;1160.00;2026-01-25T06:00:00Z;0.00;884.80;884.90;884.40;0.00;19.90;16.80;20.30;19.60;17.40;16.20;89.00;79.00;84.00;116.00;4.10;2.00
INMET-000584;A999;CO;DF;ESTACAO METEOROLOGICA MOCK MVP;-15.78000000;-47.93000000;1160.00;2026-01-25T07:00:00Z;0.00;884.50;885.10;884.20;631.00;22.40;17.00;22.70;22.00;17.70;16.70;79.00;69.00;73.00;95.00;5.70;4.00
INMET-000585;A999;CO;DF;ESTACAO METEOROLOGICA MOCK MVP;-15.78000000;-47.93000000;1160.00;2026-01-25T08:00:00Z;0.00;884.80;885.00;884.20;890.90;23.60;17.70;24.30;22.90;18.10;17.30;76.00;65.00;70.00;93.00;6.00;1.80
INMET-000586;A999;CO;DF;ESTACAO METEOROLOGICA MOCK MVP;-15.78000000;-47.93000000;1160.00;2026-01-25T09:00:00Z;0.00;885.50;885.90;885.20;1736.70;25.40;18.40;26.30;24.50;18.90;18.00;69.00;59.00;65.00;66.00;4.50;1.20
INMET-000587;A999;CO;DF;ESTACAO METEOROLOGICA MOCK MVP;-15.78000000;-47.93000000;1160.00;2026-01-25T10:00:00Z;0.00;886.00;886.20;885.80;1964.30;25.70;17.80;26.30;24.60;17.90;17.10;62.00;59.00;60.00;106.00;2.70;1.80
INMET-000588;A999;CO;DF;ESTACAO METEOROLOGICA MOCK MVP;-15.78000000;-47.93000000;1160.00;2026-01-25T11:00:00Z;0.00;887.10;887.70;886.70;1834.10;27.10;17.90;27.90;26.50;18.50;17.60;60.00;52.00;54.00;159.00;3.60;2.40
INMET-000589;A999;CO;DF;ESTACAO METEOROLOGICA MOCK MVP;-15.78000000;-47.93000000;1160.00;2026-01-25T12:00:00Z;0.00;887.60;888.10;887.30;2366.30;27.20;17.40;27.80;26.40;17.80;16.80;56.00;49.00;51.00;87.00;6.20;4.50
INMET-000590;A999;CO;DF;ESTACAO METEOROLOGICA MOCK MVP;-15.78000000;-47.93000000;1160.00;2026-01-25T13:00:00Z;0.00;888.00;888.30;887.60;2066.40;27.60;18.20;28.60;27.30;18.50;17.80;55.00;49.00;53.00;199.00;7.30;4.30
INMET-000591;A999;CO;DF;ESTACAO METEOROLOGICA MOCK MVP;-15.78000000;-47.93000000;1160.00;2026-01-25T14:00:00Z;0.00;887.90;888.40;887.50;1614.50;27.30;17.60;27.70;26.30;18.20;17.30;53.00;50.00;51.00;219.00;4.80;0.70
INMET-000592;A999;CO;DF;ESTACAO METEOROLOGICA MOCK MVP;-15.78000000;-47.93000000;1160.00;2026-01-25T15:00:00Z;0.00;886.90;887.40;886.40;;26.90;17.20;28.00;26.30;17.50;17.00;56.00;48.00;52.00;175.00;;
INMET-000593;A999;CO;DF;ESTACAO METEOROLOGICA MOCK MVP;-15.78000000;-47.93000000;1160.00;2026-01-25T16:00:00Z;0.00;886.20;886.70;885.60;948.80;26.00;18.00;26.90;25.80;18.30;17.50;62.00;57.00;60.00;166.00;4.10;2.90
INMET-000594;A999;CO;DF;ESTACAO METEOROLOGICA MOCK MVP;-15.78000000;-47.93000000;1160.00;2026-01-25T17:00:00Z;0.00;885.30;885.90;884.80;664.20;24.60;18.10;25.20;23.60;18.20;17.70;72.00;62.00;68.00;174.00;2.90;1.10
INMET-000595;A999;CO;DF;ESTACAO METEOROLOGICA MOCK MVP;-15.78000000;-47.93000000;1160.00;2026-01-25T18:00:00Z;0.00;884.60;884.80;884.50;0.00;23.90;18.20;24.70;22.80;18.40;17.70;74.00;68.00;72.00;196.00;7.70;4.10
INMET-000596;A999;CO;DF;ESTACAO METEOROLOGICA MOCK MVP;-15.78000000;-47.93000000;1160.00;2026-01-25T19:00:00Z;0.00;884.50;885.10;884.30;;21.90;17.70;22.70;21.60;18.20;17.40;82.00;76.00;79.00;279.00;7.70;4.00
INMET-000597;A999;CO;DF;ESTACAO METEOROLOGICA MOCK MVP;-15.78000000;-47.93000000;1160.00;2026-01-25T20:00:00Z;0.00;884.80;885.40;884.50;;20.00;17.20;21.00;19.10;17.60;16.60;92.00;82.00;86.00;194.00;6.60;5.10
INMET-000598;A999;CO;DF;ESTACAO METEOROLOGICA MOCK MVP;-15.78000000;-47.93000000;1160.00;2026-01-25T21:00:00Z;14.50;885.50;885.70;885.00;;17.00;16.80;17.30;16.60;17.40;16.10;100.00;97.00;99.00;203.00;5.60;1.80
INMET-000599;A999;CO;DF;ESTACAO METEOROLOGICA MOCK MVP;-15.78000000;-47.93000000;1160.00;2026-01-25T22:00:00Z;0.00;886.00;886.40;885.40;;18.10;16.60;19.10;17.60;17.00;16.50;98.00;90.00;93.00;319.00;5.30;1.30
INMET-000600;A999;CO;DF;ESTACAO METEOROLOGICA MOCK MVP;-15.78000000;-47.93000000;1160.00;2026-01-25T23:00:00Z;0.00;887.20;887.70;887.00;;16.60;16.00;17.30;15.50;16.40;15.40;100.00;92.00;97.00;238.00;5.10;1.40
INMET-000601;A999;CO;DF;ESTACAO METEOROLOGICA MOCK MVP;-15.78000000;-47.93000000;1160.00;2026-01-26T00:00:00Z;0.00;888.10;888.50;887.80;;17.70;16.40;18.60;16.70;16.50;16.20;96.00;88.00;93.00;28.00;1.90;1.40
INMET-000602;A999;CO;DF;ESTACAO METEOROLOGICA MOCK MVP;-15.78000000;-47.93000000;1160.00;2026-01-26T01:00:00Z;0.00;888.30;888.80;888.10;;16.50;15.80;17.60;15.90;16.10;15.30;100.00;93.00;96.00;14.00;7.00;3.50
INMET-000603;A999;CO;DF;ESTACAO METEOROLOGICA MOCK MVP;-15.78000000;-47.93000000;1160.00;2026-01-26T02:00:00Z;0.00;888.20;888.30;888.00;;17.70;17.10;18.60;16.90;17.40;16.80;100.00;93.00;97.00;59.00;4.40;1.90
INMET-000604;A999;CO;DF;ESTACAO METEOROLOGICA MOCK MVP;-15.78000000;-47.93000000;1160.00;2026-01-26T03:00:00Z;0.00;887.50;888.10;887.00;;17.20;16.40;18.20;16.40;16.60;16.00;99.00;90.00;96.00;1.00;9.50;4.90
INMET-000605;A999;CO;DF;ESTACAO METEOROLOGICA MOCK MVP;-15.78000000;-47.93000000;1160.00;2026-01-26T04:00:00Z;0.00;886.80;887.30;886.60;;18.90;17.40;19.80;18.60;17.70;17.30;97.00;87.00;93.00;42.00;7.30;3.60
INMET-000606;A999;CO;DF;ESTACAO METEOROLOGICA MOCK MVP;-15.78000000;-47.93000000;1160.00;2026-01-26T05:00:00Z;0.00;885.90;886.10;885.50;;19.90;17.30;20.30;19.40;17.90;17.10;89.00;85.00;87.00;0.00;7.30;3.60
INMET-000607;A999;CO;DF;ESTACAO METEOROLOGICA MOCK MVP;-15.78000000;-47.93000000;1160.00;2026-01-26T06:00:00Z;0.00;885.50;885.60;885.00;0.00;21.90;18.30;22.80;21.00;18.90;18.00;89.00;79.00;82.00;82.00;6.10;3.60
INMET-000608;A999;CO;DF;ESTACAO METEOROLOGICA MOCK MVP;-15.78000000;-47.93000000;1160.00;2026-01-26T07:00:00Z;0.00;885.00;885.10;884.70;545.10;22.80;17.20;23.30;22.20;17.90;16.70;73.00;70.00;72.00;100.00;5.10;2.10
INMET-000609;A999;CO;DF;ESTACAO METEOROLOGICA MOCK MVP;-15.78000000;-47.93000000;1160.00;2026-01-26T08:00:00Z;0.00;885.20;885.60;885.00;886.30;24.30;18.50;25.30;24.10;18.70;18.20;75.00;67.00;71.00;122.00;9.10;5.10
INMET-000610;A999;CO;DF;ESTACAO METEOROLOGICA MOCK MVP;-15.78000000;-47.93000000;1160.00;2026-01-26T09:00:00Z;0.00;885.70;886.10;885.40;1969.00;25.40;17.50;26.20;24.80;17.90;17.40;66.00;54.00;60.00;75.00;7.20;3.80
INMET-000611;A999;CO;DF;ESTACAO METEOROLOGICA MOCK MVP;-15.78000000;-47.93000000;1160.00;2026-01-26T10:00:00Z;0.00;886.70;886.90;886.60;1539.20;26.80;17.50;27.30;26.20;17.60;17.10;54.00;49.00;53.00;110.00;5.80;3.70
INMET-000612;A999;CO;DF;ESTACAO METEOROLOGICA MOCK MVP;-15.78000000;-47.93000000;1160.00;2026-01-26T11:00:00Z;0.00;887.60;887.90;887.20;2694.80;28.20;18.00;28.60;27.30;18.30;17.50;52.00;42.00;49.00;79.00;6.90;4.40
INMET-000613;A999;CO;DF;ESTACAO METEOROLOGICA MOCK MVP;-15.78000000;-47.93000000;1160.00;2026-01-26T12:00:00Z;0.00;888.10;888.50;887.90;2216.60;27.90;18.30;28.90;27.40;18.80;17.70;58.00;49.00;52.00;130.00;6.10;4.70
INMET-000614;A999;CO;DF;ESTACAO METEOROLOGICA MOCK MVP;-15.78000000;-47.93000000;1160.00;2026-01-26T13:00:00Z;0.00;888.40;888.90;888.30;2628.10;28.80;18.30;29.80;28.20;18.90;18.10;50.00;42.00;48.00;118.00;2.40;0.40
INMET-000615;A999;CO;DF;ESTACAO METEOROLOGICA MOCK MVP;-15.78000000;-47.93000000;1160.00;2026-01-26T14:00:00Z;0.00;888.30;888.90;888.10;1996.60;27.80;17.50;28.30;26.80;17.80;17.10;55.00;42.00;48.00;218.00;4.90;2.80
INMET-000616;A999;CO;DF;ESTACAO METEOROLOGICA MOCK MVP;-15.78000000;-47.93000000;1160.00;2026-01-26T15:00:00Z;0.00;887.60;887.80;887.20;1443.10;27.50;18.00;28.60;26.50;18.30;17.40;55.00;46.00;52.00;243.00;7.60;4.10
INMET-000617;A999;CO;DF;ESTACAO METEOROLOGICA MOCK MVP;-15.78000000;-47.93000000;1160.00;2026-01-26T16:00:00Z;0.00;886.80;887.30;886.40;1100.70;27.60;18.40;27.90;26.70;18.60;18.20;58.00;50.00;54.00;241.00;6.00;3.90
INMET-000618;A999;CO;DF;ESTACAO METEOROLOGICA MOCK MVP;-15.78000000;-47.93000000;1160.00;2026-01-26T17:00:00Z;20.70;886.10;886.30;885.50;254.90;22.30;18.40;22.60;21.30;18.60;17.90;85.00;75.00;81.00;213.00;7.70;3.10
INMET-000619;A999;CO;DF;ESTACAO METEOROLOGICA MOCK MVP;-15.78000000;-47.93000000;1160.00;2026-01-26T18:00:00Z;0.00;885.50;885.80;885.10;0.00;24.50;17.80;25.60;23.70;18.30;17.60;73.00;60.00;66.00;243.00;3.10;2.20
INMET-000620;A999;CO;DF;ESTACAO METEOROLOGICA MOCK MVP;-15.78000000;-47.93000000;1160.00;2026-01-26T19:00:00Z;0.00;885.30;885.60;885.10;;22.30;16.80;23.30;22.00;17.30;16.50;78.00;69.00;72.00;257.00;5.00;2.50
INMET-000621;A999;CO;DF;ESTACAO METEOROLOGICA MOCK MVP;-15.78000000;-47.93000000;1160.00;2026-01-26T20:00:00Z;0.00;885.60;885.70;885.20;;21.10;17.80;21.60;20.70;18.00;17.70;91.00;78.00;84.00;280.00;7.50;3.90
INMET-000622;A999;CO;DF;ESTACAO METEOROLOGICA MOCK MVP;-15.78000000;-47.93000000;1160.00;2026-01-26T21:00:00Z;0.00;886.10;886.40;885.50;;19.80;17.70;20.40;19.60;18.10;17.50;96.00;83.00;89.00;240.00;3.40;1.80
INMET-000623;A999;CO;DF;ESTACAO METEOROLOGICA MOCK MVP;-15.78000000;-47.93000000;1160.00;2026-01-26T22:00:00Z;1.50;887.00;887.50;886.50;;14.80;14.60;15.80;14.40;15.00;14.00;100.00;93.00;99.00;256.00;6.70;2.80
INMET-000624;A999;CO;DF;ESTACAO METEOROLOGICA MOCK MVP;-15.78000000;-47.93000000;1160.00;2026-01-26T23:00:00Z;0.00;887.90;888.30;887.60;;18.30;17.80;18.50;17.20;18.10;17.20;100.00;94.00;98.00;288.00;2.30;1.10
INMET-000625;A999;CO;DF;ESTACAO METEOROLOGICA MOCK MVP;-15.78000000;-47.93000000;1160.00;2026-01-27T00:00:00Z;0.00;888.90;889.30;888.80;;17.90;16.50;18.60;17.30;16.90;16.10;96.00;86.00;93.00;45.00;5.10;2.40
INMET-000626;A999;CO;DF;ESTACAO METEOROLOGICA MOCK MVP;-15.78000000;-47.93000000;1160.00;2026-01-27T01:00:00Z;0.00;889.40;889.60;889.30;;18.30;17.30;18.60;17.80;17.50;17.10;100.00;90.00;95.00;334.00;3.70;2.60
INMET-000627;A999;CO;DF;ESTACAO METEOROLOGICA MOCK MVP;-15.78000000;-47.93000000;1160.00;2026-01-27T02:00:00Z;0.00;889.00;889.20;888.60;;18.60;17.70;19.50;18.10;18.10;17.40;100.00;90.00;96.00;63.00;5.10;1.80
INMET-000628;A999;CO;DF;ESTACAO METEOROLOGICA MOCK MVP;-15.78000000;-47.93000000;1160.00;2026-01-27T03:00:00Z;0.00;888.60;889.10;888.10;;18.40;16.60;18.60;17.80;16.80;16.00;94.00;88.00;91.00;344.00;4.40;3.40
INMET-000629;A999;CO;DF;ESTACAO METEOROLOGICA MOCK MVP;-15.78000000;-47.93000000;1160.00;2026-01-27T04:00:00Z;0.00;887.50;887.80;887.00;;19.70;17.10;20.60;19.30;17.30;16.40;91.00;81.00;87.00;73.00;5.60;3.20
INMET-000630;A999;CO;DF;ESTACAO METEOROLOGICA MOCK MVP;-15.78000000;-47.93000000;1160.00;2026-01-27T05:00:00Z;0.00;886.60;886.90;886.00;;20.40;16.30;20.90;19.70;16.40;15.90;82.00;77.00;79.00;104.00;4.30;1.00
INMET-000631;A999;CO;DF;ESTACAO METEOROLOGICA MOCK MVP;-15.78000000;-47.93000000;1160.00;2026-01-27T06:00:00Z;0.00;886.30;886.50;886.10;0.00;22.20;18.00;22.80;21.30;18.30;17.70;86.00;75.00;79.00;74.00;7.20;3.00
INMET-000632;A999;CO;DF;ESTACAO METEOROLOGICA MOCK MVP;-15.78000000;-47.93000000;1160.00;2026-01-27T07:00:00Z;0.00;886.00;886.20;885.90;544.00;24.10;17.80;24.80;23.90;18.10;17.30;73.00;65.00;68.00;53.00;9.10;4.60
INMET-000633;A999;CO;DF;ESTACAO METEOROLOGICA MOCK MVP;-15.78000000;-47.93000000;1160.00;2026-01-27T08:00:00Z;0.00;886.00;886.50;885.50;1389.30;25.10;17.30;25.50;24.20;17.50;16.60;64.00;58.00;61.00;138.00;5.80;2.80
INMET-000634;A999;CO;DF;ESTACAO METEOROLOGICA MOCK MVP;-15.78000000;-47.93000000;1160.00;2026-01-27T09:00:00Z;0.00;886.60;886.90;886.20;1481.30;26.60;18.90;27.40;26.30;19.50;18.20;64.00;55.00;61.00;57.00;5.70;3.90
INMET-000635;A999;CO;DF;ESTACAO METEOROLOGICA MOCK MVP;-15.78000000;-47.93000000;1160.00;2026-01-27T10:00:00Z;0.00;887.50;887.70;887.30;2178.40;28.30;18.90;29.00;28.00;19.30;18.70;56.00;49.00;53.00;155.00;3.00;0.60
INMET-000636;A999;CO;DF;ESTACAO METEOROLOGICA MOCK MVP;-15.78000000;-47.93000000;1160.00;2026-01-27T11:00:00Z;0.00;888.60;889.10;888.50;1857.90;28.90;19.40;29.70;27.90;20.00;18.80;58.00;46.00;53.00;182.00;4.10;2.00
INMET-000637;A999;CO;DF;ESTACAO METEOROLOGICA MOCK MVP;-15.78000000;-47.93000000;1160.00;2026-01-27T12:00:00Z;0.00;889.10;889.20;888.70;2450.50;29.40;18.80;30.00;28.70;19.30;18.40;51.00;41.00;47.00;129.00;6.00;1.30
INMET-000638;A999;CO;DF;ESTACAO METEOROLOGICA MOCK MVP;-15.78000000;-47.93000000;1160.00;2026-01-27T13:00:00Z;0.00;889.40;889.90;889.00;2680.20;29.70;19.20;30.00;28.60;19.80;18.70;52.00;45.00;47.00;215.00;7.50;4.00
INMET-000639;A999;CO;DF;ESTACAO METEOROLOGICA MOCK MVP;-15.78000000;-47.93000000;1160.00;2026-01-27T14:00:00Z;0.00;888.90;889.20;888.40;2008.80;29.30;18.40;30.00;28.40;18.70;18.30;51.00;39.00;45.00;129.00;7.30;3.80
INMET-000640;A999;CO;DF;ESTACAO METEOROLOGICA MOCK MVP;-15.78000000;-47.93000000;1160.00;2026-01-27T15:00:00Z;0.00;888.50;888.60;888.00;1953.10;28.90;19.00;29.70;27.90;19.10;18.50;53.00;43.00;50.00;190.00;4.00;0.90
INMET-000641;A999;CO;DF;ESTACAO METEOROLOGICA MOCK MVP;-15.78000000;-47.93000000;1160.00;2026-01-27T16:00:00Z;0.00;887.80;888.00;887.20;1180.40;27.60;18.00;28.30;27.20;18.20;17.70;54.00;50.00;52.00;224.00;4.30;2.70
INMET-000642;A999;CO;DF;ESTACAO METEOROLOGICA MOCK MVP;-15.78000000;-47.93000000;1160.00;2026-01-27T17:00:00Z;0.00;886.90;887.10;886.60;577.20;26.40;18.70;27.20;25.40;18.90;18.30;63.00;58.00;62.00;231.00;7.40;4.90
INMET-000643;A999;CO;DF;ESTACAO METEOROLOGICA MOCK MVP;-15.78000000;-47.93000000;1160.00;2026-01-27T18:00:00Z;10.40;885.90;886.10;885.40;0.00;21.90;17.60;22.60;21.70;18.00;17.20;80.00;76.00;79.00;185.00;5.30;4.10
INMET-000644;A999;CO;DF;ESTACAO METEOROLOGICA MOCK MVP;-15.78000000;-47.93000000;1160.00;2026-01-27T19:00:00Z;0.00;885.90;886.50;885.40;;24.50;18.20;25.00;23.60;18.80;17.90;75.00;65.00;68.00;202.00;4.40;2.20
INMET-000645;A999;CO;DF;ESTACAO METEOROLOGICA MOCK MVP;-15.78000000;-47.93000000;1160.00;2026-01-27T20:00:00Z;0.00;886.30;886.70;886.10;;21.80;17.40;22.80;21.20;17.80;17.10;80.00;76.00;78.00;211.00;2.80;0.90
INMET-000646;A999;CO;DF;ESTACAO METEOROLOGICA MOCK MVP;-15.78000000;-47.93000000;1160.00;2026-01-27T21:00:00Z;0.00;886.70;887.10;886.50;;21.70;17.80;22.50;21.40;18.30;17.60;84.00;80.00;81.00;251.00;4.80;0.60
INMET-000647;A999;CO;DF;ESTACAO METEOROLOGICA MOCK MVP;-15.78000000;-47.93000000;1160.00;2026-01-27T22:00:00Z;16.40;887.70;887.90;887.60;;16.60;16.40;17.50;15.50;16.80;15.70;100.00;98.00;99.00;268.00;7.10;3.00
INMET-000648;A999;CO;DF;ESTACAO METEOROLOGICA MOCK MVP;-15.78000000;-47.93000000;1160.00;2026-01-27T23:00:00Z;0.00;888.20;888.40;887.80;;19.20;16.60;20.00;18.30;16.80;15.90;93.00;81.00;87.00;328.00;5.00;2.90
INMET-000649;A999;CO;DF;ESTACAO METEOROLOGICA MOCK MVP;-15.78000000;-47.93000000;1160.00;2026-01-28T00:00:00Z;0.00;889.60;889.80;889.10;;19.50;17.30;20.00;19.00;17.70;16.70;94.00;84.00;89.00;20.00;4.40;0.80
INMET-000650;A999;CO;DF;ESTACAO METEOROLOGICA MOCK MVP;-15.78000000;-47.93000000;1160.00;2026-01-28T01:00:00Z;0.00;889.80;890.20;889.40;;19.50;17.20;19.80;19.20;17.90;17.10;90.00;84.00;89.00;8.00;8.00;4.50
INMET-000651;A999;CO;DF;ESTACAO METEOROLOGICA MOCK MVP;-15.78000000;-47.93000000;1160.00;2026-01-28T02:00:00Z;0.00;889.40;889.70;889.00;;18.90;17.70;19.20;17.80;18.30;17.10;96.00;92.00;94.00;85.00;2.80;1.70
INMET-000652;A999;CO;DF;ESTACAO METEOROLOGICA MOCK MVP;-15.78000000;-47.93000000;1160.00;2026-01-28T03:00:00Z;0.00;889.00;889.60;888.70;;19.50;17.80;20.00;18.60;18.40;17.70;96.00;86.00;92.00;11.00;7.90;3.70
INMET-000653;A999;CO;DF;ESTACAO METEOROLOGICA MOCK MVP;-15.78000000;-47.93000000;1160.00;2026-01-28T04:00:00Z;0.00;888.00;888.60;887.70;;20.30;17.70;20.70;19.80;18.10;17.60;93.00;83.00;87.00;16.00;5.90;3.10
INMET-000654;A999;CO;DF;ESTACAO METEOROLOGICA MOCK MVP;-15.78000000;-47.93000000;1160.00;2026-01-28T05:00:00Z;0.00;887.50;887.80;887.30;;21.30;17.50;22.10;20.60;18.10;17.00;87.00;76.00;81.00;78.00;5.60;3.80
INMET-000655;A999;CO;DF;ESTACAO METEOROLOGICA MOCK MVP;-15.78000000;-47.93000000;1160.00;2026-01-28T06:00:00Z;0.00;886.80;887.20;886.40;0.00;23.50;17.50;24.00;22.80;17.70;16.80;72.00;66.00;70.00;105.00;3.40;1.10
INMET-000656;A999;CO;DF;ESTACAO METEOROLOGICA MOCK MVP;-15.78000000;-47.93000000;1160.00;2026-01-28T07:00:00Z;0.00;886.60;886.90;886.20;706.60;25.30;19.20;25.70;24.60;19.80;18.70;76.00;67.00;70.00;132.00;8.50;5.00
INMET-000657;A999;CO;DF;ESTACAO METEOROLOGICA MOCK MVP;-15.78000000;-47.93000000;1160.00;2026-01-28T08:00:00Z;0.00;886.80;887.00;886.50;1332.20;26.60;19.60;27.60;25.60;20.30;19.00;71.00;61.00;65.00;57.00;4.60;4.10
INMET-000658;A999;CO;DF;ESTACAO METEOROLOGICA MOCK MVP;-15.78000000;-47.93000000;1160.00;2026-01-28T09:00:00Z;0.00;887.20;887.50;886.90;1493.80;27.40;18.70;28.20;27.10;19.00;18.50;58.00;52.00;56.00;125.00;7.30;3.80
INMET-000659;A999;CO;DF;ESTACAO METEOROLOGICA MOCK MVP;-15.78000000;-47.93000000;1160.00;2026-01-28T10:00:00Z;0.00;888.30;888.80;888.10;2207.60;29.00;19.50;29.60;28.40;19.90;19.10;59.00;50.00;52.00;164.00;8.90;4.40
INMET-000660;A999;CO;DF;ESTACAO METEOROLOGICA MOCK MVP;-15.78000000;-47.93000000;1160.00;2026-01-28T11:00:00Z;0.00;889.20;889.60;889.00;2679.80;30.40;19.50;30.60;29.50;19.90;19.40;51.00;44.00;46.00;200.00;5.30;1.00
INMET-000661;A999;CO;DF;ESTACAO METEOROLOGICA MOCK MVP;-15.78000000;-47.93000000;1160.00;2026-01-28T12:00:00Z;0.00;889.40;889.60;889.10;2231.00;30.10;18.90;30.50;29.30;19.10;18.40;51.00;43.00;44.00;130.00;6.70;4.80
INMET-000662;A999;CO;DF;ESTACAO METEOROLOGICA MOCK MVP;-15.78000000;-47.93000000;1160.00;2026-01-28T13:00:00Z;0.00;889.80;890.10;889.70;2653.70;30.20;18.60;30.90;29.80;19.20;18.00;45.00;41.00;42.00;208.00;1.70;0.50
INMET-000663;A999;CO;DF;ESTACAO METEOROLOGICA MOCK MVP;-15.78000000;-47.93000000;1160.00;2026-01-28T14:00:00Z;0.00;889.70;889.90;889.40;1756.70;29.90;18.30;30.20;29.50;18.90;17.80;45.00;38.00;42.00;216.00;7.50;4.80
INMET-000664;A999;CO;DF;ESTACAO METEOROLOGICA MOCK MVP;-15.78000000;-47.93000000;1160.00;2026-01-28T15:00:00Z;0.00;889.00;889.40;888.60;1924.40;30.20;19.20;30.60;29.50;19.80;19.00;46.00;39.00;45.00;163.00;5.80;1.60
INMET-000665;A999;CO;DF;ESTACAO METEOROLOGICA MOCK MVP;-15.78000000;-47.93000000;1160.00;2026-01-28T16:00:00Z;0.00;888.30;888.90;887.90;991.20;29.50;19.60;29.70;29.20;20.20;19.20;52.00;47.00;51.00;173.00;8.70;4.00
INMET-000666;A999;CO;DF;ESTACAO METEOROLOGICA MOCK MVP;-15.78000000;-47.93000000;1160.00;2026-01-28T17:00:00Z;0.00;887.30;887.90;887.20;508.40;27.50;17.90;27.90;26.70;18.00;17.30;57.00;47.00;52.00;171.00;1.60;0.70
INMET-000667;A999;CO;DF;ESTACAO METEOROLOGICA MOCK MVP;-15.78000000;-47.93000000;1160.00;2026-01-28T18:00:00Z;0.00;886.60;886.70;886.10;0.00;26.90;19.40;27.60;26.60;19.50;19.00;68.00;58.00;63.00;240.00;3.70;0.60
INMET-000668;A999;CO;DF;ESTACAO METEOROLOGICA MOCK MVP;-15.78000000;-47.93000000;1160.00;2026-01-28T19:00:00Z;10.30;886.30;886.50;885.90;;21.70;17.80;22.60;20.90;18.10;17.70;86.00;75.00;81.00;220.00;6.40;2.20
INMET-000669;A999;CO;DF;ESTACAO METEOROLOGICA MOCK MVP;-15.78000000;-47.93000000;1160.00;2026-01-28T20:00:00Z;0.00;886.90;887.10;886.50;;23.80;18.10;24.40;23.10;18.60;17.60;75.00;65.00;71.00;303.00;5.00;3.90
INMET-000670;A999;CO;DF;ESTACAO METEOROLOGICA MOCK MVP;-15.78000000;-47.93000000;1160.00;2026-01-28T21:00:00Z;0.00;887.20;887.70;887.00;;21.40;16.70;21.70;20.40;17.10;16.50;80.00;73.00;76.00;240.00;3.30;2.20
INMET-000671;A999;CO;DF;ESTACAO METEOROLOGICA MOCK MVP;-15.78000000;-47.93000000;1160.00;2026-01-28T22:00:00Z;0.00;888.10;888.60;887.70;;20.00;17.40;20.60;19.70;17.80;17.30;90.00;85.00;87.00;324.00;5.00;2.60
INMET-000672;A999;CO;DF;ESTACAO METEOROLOGICA MOCK MVP;-15.78000000;-47.93000000;1160.00;2026-01-28T23:00:00Z;0.00;889.30;889.50;888.70;;20.20;17.80;20.50;19.70;18.20;17.40;92.00;82.00;88.00;281.00;8.10;5.10
INMET-000673;A999;CO;DF;ESTACAO METEOROLOGICA MOCK MVP;-15.78000000;-47.93000000;1160.00;2026-01-29T00:00:00Z;0.00;889.70;890.00;889.50;;19.10;16.70;20.00;18.00;16.80;16.40;91.00;85.00;88.00;63.00;5.60;2.00
INMET-000674;A999;CO;DF;ESTACAO METEOROLOGICA MOCK MVP;-15.78000000;-47.93000000;1160.00;2026-01-29T01:00:00Z;0.00;890.20;890.50;890.00;;18.70;16.30;19.70;17.60;16.70;16.20;90.00;86.00;88.00;36.00;1.60;0.70
INMET-000675;A999;CO;DF;ESTACAO METEOROLOGICA MOCK MVP;-15.78000000;-47.93000000;1160.00;2026-01-29T02:00:00Z;0.00;889.80;890.10;889.40;;18.60;16.10;19.20;18.00;16.70;15.90;92.00;81.00;88.00;3.00;2.40;1.70
INMET-000676;A999;CO;DF;ESTACAO METEOROLOGICA MOCK MVP;-15.78000000;-47.93000000;1160.00;2026-01-29T03:00:00Z;0.00;889.30;889.40;889.10;;19.50;16.40;20.20;18.90;17.00;15.90;88.00;82.00;84.00;93.00;6.20;3.60
INMET-000677;A999;CO;DF;ESTACAO METEOROLOGICA MOCK MVP;-15.78000000;-47.93000000;1160.00;2026-01-29T04:00:00Z;0.00;888.30;888.90;888.10;;20.70;16.80;21.70;19.70;17.10;16.60;83.00;78.00;80.00;82.00;4.80;2.50
INMET-000678;A999;CO;DF;ESTACAO METEOROLOGICA MOCK MVP;-15.78000000;-47.93000000;1160.00;2026-01-29T05:00:00Z;0.00;887.20;887.50;886.80;;21.50;17.30;22.00;20.50;17.80;16.60;85.00;72.00;79.00;124.00;6.80;2.50
INMET-000679;A999;CO;DF;ESTACAO METEOROLOGICA MOCK MVP;-15.78000000;-47.93000000;1160.00;2026-01-29T06:00:00Z;0.00;886.80;887.00;886.70;0.00;23.60;18.80;24.10;23.00;19.00;18.40;79.00;71.00;76.00;97.00;3.90;1.20
INMET-000680;A999;CO;DF;ESTACAO METEOROLOGICA MOCK MVP;-15.78000000;-47.93000000;1160.00;2026-01-29T07:00:00Z;0.00;886.50;887.00;886.00;700.20;24.70;17.90;25.60;24.20;18.60;17.40;73.00;65.00;66.00;98.00;3.10;1.40
INMET-000681;A999;CO;DF;ESTACAO METEOROLOGICA MOCK MVP;-15.78000000;-47.93000000;1160.00;2026-01-29T08:00:00Z;0.00;886.90;887.00;886.50;1292.10;26.60;18.80;27.20;26.00;19.40;18.30;64.00;58.00;61.00;89.00;4.80;1.60
INMET-000682;A999;CO;DF;ESTACAO METEOROLOGICA MOCK MVP;-15.78000000;-47.93000000;1160.00;2026-01-29T09:00:00Z;0.00;887.30;887.70;886.90;1788.60;27.50;18.90;28.50;26.70;19.30;18.60;62.00;53.00;57.00;105.00;6.50;4.60
INMET-000683;A999;CO;DF;ESTACAO METEOROLOGICA MOCK MVP;-15.78000000;-47.93000000;1160.00;2026-01-29T10:00:00Z;0.00;888.50;888.70;888.00;2352.40;29.10;18.90;30.00;28.00;19.60;18.80;53.00;44.00;49.00;157.00;6.40;2.40
INMET-000684;A999;CO;DF;ESTACAO METEOROLOGICA MOCK MVP;-15.78000000;-47.93000000;1160.00;2026-01-29T11:00:00Z;0.00;889.20;889.50;888.90;1818.60;29.50;19.20;30.50;29.30;19.40;19.10;50.00;44.00;48.00;194.00;5.30;2.50
INMET-000685;A999;CO;DF;ESTACAO METEOROLOGICA MOCK MVP;-15.78000000;-47.93000000;1160.00;2026-01-29T12:00:00Z;0.00;889.90;890.40;889.40;2462.80;30.80;18.90;31.10;30.10;19.00;18.50;46.00;36.00;41.00;222.00;3.80;2.70
INMET-000686;A999;CO;DF;ESTACAO METEOROLOGICA MOCK MVP;-15.78000000;-47.93000000;1160.00;2026-01-29T13:00:00Z;0.00;890.00;890.60;889.80;2037.40;30.90;19.40;31.10;29.90;19.60;19.00;48.00;41.00;43.00;146.00;8.00;4.20
INMET-000687;A999;CO;DF;ESTACAO METEOROLOGICA MOCK MVP;-15.78000000;-47.93000000;1160.00;2026-01-29T14:00:00Z;0.00;889.90;890.10;889.30;2016.60;30.60;19.70;31.20;30.10;19.90;19.50;49.00;43.00;46.00;183.00;4.50;1.00
INMET-000688;A999;CO;DF;ESTACAO METEOROLOGICA MOCK MVP;-15.78000000;-47.93000000;1160.00;2026-01-29T15:00:00Z;7.70;889.30;889.50;889.20;617.80;26.90;19.80;27.30;26.10;20.20;19.20;69.00;60.00;64.00;210.00;5.30;4.80
INMET-000689;A999;CO;DF;ESTACAO METEOROLOGICA MOCK MVP;-15.78000000;-47.93000000;1160.00;2026-01-29T16:00:00Z;0.00;888.10;888.50;887.80;1345.80;28.90;19.70;29.20;28.30;20.10;19.30;61.00;49.00;54.00;214.00;8.30;4.80
INMET-000690;A999;CO;DF;ESTACAO METEOROLOGICA MOCK MVP;-15.78000000;-47.93000000;1160.00;2026-01-29T17:00:00Z;0.00;887.50;887.90;887.00;603.40;28.30;19.50;28.60;27.50;19.70;19.40;62.00;54.00;56.00;178.00;3.60;1.60
INMET-000691;A999;CO;DF;ESTACAO METEOROLOGICA MOCK MVP;-15.78000000;-47.93000000;1160.00;2026-01-29T18:00:00Z;0.00;886.90;887.40;886.80;0.00;26.10;18.30;26.90;25.20;19.00;18.00;66.00;55.00;61.00;230.00;2.50;0.30
INMET-000692;A999;CO;DF;ESTACAO METEOROLOGICA MOCK MVP;-15.78000000;-47.93000000;1160.00;2026-01-29T19:00:00Z;0.00;886.60;887.10;886.50;;24.30;18.20;25.10;23.80;18.80;17.60;76.00;67.00;70.00;291.00;2.50;0.60
INMET-000693;A999;CO;DF;ESTACAO METEOROLOGICA MOCK MVP;-15.78000000;-47.93000000;1160.00;2026-01-29T20:00:00Z;10.50;886.60;886.80;886.00;;20.10;17.70;21.10;19.40;18.00;17.60;95.00;82.00;88.00;319.00;5.40;4.20
INMET-000694;A999;CO;DF;ESTACAO METEOROLOGICA MOCK MVP;-15.78000000;-47.93000000;1160.00;2026-01-29T21:00:00Z;9.00;887.20;887.40;886.90;;17.60;16.70;18.00;16.80;17.00;16.50;99.00;93.00;95.00;276.00;9.10;5.40
INMET-000695;A999;CO;DF;ESTACAO METEOROLOGICA MOCK MVP;-15.78000000;-47.93000000;1160.00;2026-01-29T22:00:00Z;0.00;888.40;888.60;888.10;;21.40;18.50;22.00;21.10;19.20;18.10;93.00;80.00;86.00;286.00;6.20;4.90
INMET-000696;A999;CO;DF;ESTACAO METEOROLOGICA MOCK MVP;-15.78000000;-47.93000000;1160.00;2026-01-29T23:00:00Z;0.00;889.10;889.30;888.60;;19.40;16.40;20.30;18.70;16.50;16.10;90.00;81.00;85.00;298.00;5.60;4.80
INMET-000697;A999;CO;DF;ESTACAO METEOROLOGICA MOCK MVP;-15.78000000;-47.93000000;1160.00;2026-01-30T00:00:00Z;0.00;889.10;889.50;888.90;;19.10;18.40;19.70;18.20;18.80;18.00;99.00;95.00;96.00;47.00;6.80;2.50
INMET-000698;A999;CO;DF;ESTACAO METEOROLOGICA MOCK MVP;-15.78000000;-47.93000000;1160.00;2026-01-30T01:00:00Z;0.00;889.40;889.60;889.20;;17.80;16.10;18.40;17.40;16.70;16.00;94.00;87.00;91.00;339.00;7.70;3.40
INMET-000699;A999;CO;DF;ESTACAO METEOROLOGICA MOCK MVP;-15.78000000;-47.93000000;1160.00;2026-01-30T02:00:00Z;0.00;889.10;889.30;888.90;;18.50;16.70;18.90;17.50;17.00;16.50;97.00;89.00;91.00;38.00;5.50;2.50
INMET-000700;A999;CO;DF;ESTACAO METEOROLOGICA MOCK MVP;-15.78000000;-47.93000000;1160.00;2026-01-30T03:00:00Z;0.00;888.50;889.00;887.90;;19.60;17.60;19.90;19.00;17.90;17.30;92.00;83.00;90.00;8.00;4.90;3.70
INMET-000701;A999;CO;DF;ESTACAO METEOROLOGICA MOCK MVP;-15.78000000;-47.93000000;1160.00;2026-01-30T04:00:00Z;0.00;887.80;888.20;887.40;;20.30;18.00;20.60;19.30;18.70;17.40;92.00;86.00;88.00;119.00;5.40;4.00
INMET-000702;A999;CO;DF;ESTACAO METEOROLOGICA MOCK MVP;-15.78000000;-47.93000000;1160.00;2026-01-30T05:00:00Z;0.00;887.00;887.50;886.90;;21.30;17.50;22.10;20.90;18.00;17.00;85.00;76.00;81.00;48.00;8.50;4.80
INMET-000703;A999;CO;DF;ESTACAO METEOROLOGICA MOCK MVP;-15.78000000;-47.93000000;1160.00;2026-01-30T06:00:00Z;0.00;886.20;886.60;885.80;0.00;22.20;16.70;22.50;21.60;17.00;16.50;77.00;66.00;73.00;106.00;3.30;1.60
INMET-000704;A999;CO;DF;ESTACAO METEOROLOGICA MOCK MVP;-15.78000000;-47.93000000;1160.00;2026-01-30T07:00:00Z;0.00;886.30;886.70;886.20;485.00;24.00;17.70;24.20;23.00;18.20;17.20;71.00;67.00;68.00;59.00;5.60;2.00
INMET-000705;A999;CO;DF;ESTACAO METEOROLOGICA MOCK MVP;-15.78000000;-47.93000000;1160.00;2026-01-30T08:00:00Z;0.00;886.20;886.70;885.70;1296.20;25.50;18.50;26.20;24.50;18.60;17.80;71.00;63.00;65.00;147.00;4.60;4.00
INMET-000706;A999;CO;DF;ESTACAO METEOROLOGICA MOCK MVP;-15.78000000;-47.93000000;1160.00;2026-01-30T09:00:00Z;0.00;886.90;887.10;886.70;1491.80;26.70;17.50;27.00;26.00;18.10;16.80;55.00;48.00;54.00;190.00;7.20;5.10
INMET-000707;A999;CO;DF;ESTACAO METEOROLOGICA MOCK MVP;-15.78000000;-47.93000000;1160.00;2026-01-30T10:00:00Z;0.00;888.00;888.30;887.50;2295.10;28.80;18.60;29.00;27.70;18.80;18.10;50.00;43.00;49.00;196.00;4.90;0.30
INMET-000708;A999;CO;DF;ESTACAO METEOROLOGICA MOCK MVP;-15.78000000;-47.93000000;1160.00;2026-01-30T11:00:00Z;0.00;888.70;889.00;888.30;2357.90;29.40;19.30;29.80;29.20;19.80;18.70;52.00;45.00;50.00;216.00;3.80;2.00
INMET-000709;A999;CO;DF;ESTACAO METEOROLOGICA MOCK MVP;-15.78000000;-47.93000000;1160.00;2026-01-30T12:00:00Z;0.00;889.10;889.30;888.50;2556.50;29.80;18.50;30.30;29.60;18.60;18.20;49.00;39.00;43.00;196.00;6.40;4.10
INMET-000710;A999;CO;DF;ESTACAO METEOROLOGICA MOCK MVP;-15.78000000;-47.93000000;1160.00;2026-01-30T13:00:00Z;0.00;889.40;889.60;889.00;2613.50;30.40;18.90;30.70;30.00;19.60;18.50;47.00;39.00;42.00;148.00;5.10;0.80
INMET-000711;A999;CO;DF;ESTACAO METEOROLOGICA MOCK MVP;-15.78000000;-47.93000000;1160.00;2026-01-30T14:00:00Z;0.00;889.30;889.70;889.00;2341.90;29.10;19.10;29.50;28.30;19.80;19.00;56.00;47.00;50.00;226.00;3.90;3.10
INMET-000712;A999;CO;DF;ESTACAO METEOROLOGICA MOCK MVP;-15.78000000;-47.93000000;1160.00;2026-01-30T15:00:00Z;0.00;888.80;889.20;888.30;1416.80;29.80;19.20;30.40;28.90;19.50;18.90;53.00;41.00;47.00;183.00;6.60;3.40
INMET-000713;A999;CO;DF;ESTACAO METEOROLOGICA MOCK MVP;-15.78000000;-47.93000000;1160.00;2026-01-30T16:00:00Z;19.30;888.00;888.50;887.40;502.50;24.60;18.70;24.90;24.10;19.10;18.30;74.00;69.00;71.00;256.00;6.80;2.60
INMET-000714;A999;CO;DF;ESTACAO METEOROLOGICA MOCK MVP;-15.78000000;-47.93000000;1160.00;2026-01-30T17:00:00Z;0.00;887.00;887.50;886.50;555.50;26.50;18.20;26.80;25.50;18.50;17.80;61.00;51.00;58.00;293.00;2.80;1.40
INMET-000715;A999;CO;DF;ESTACAO METEOROLOGICA MOCK MVP;-15.78000000;-47.93000000;1160.00;2026-01-30T18:00:00Z;10.20;886.10;886.20;885.80;0.00;23.50;19.70;24.00;22.90;20.30;19.40;84.00;80.00;81.00;254.00;9.30;6.30
INMET-000716;A999;CO;DF;ESTACAO METEOROLOGICA MOCK MVP;-15.78000000;-47.93000000;1160.00;2026-01-30T19:00:00Z;0.00;885.90;886.40;885.60;;24.40;18.60;24.90;24.00;19.10;18.50;74.00;67.00;71.00;217.00;5.80;2.40
INMET-000717;A999;CO;DF;ESTACAO METEOROLOGICA MOCK MVP;-15.78000000;-47.93000000;1160.00;2026-01-30T20:00:00Z;0.00;886.30;886.50;886.10;;22.50;16.90;22.90;22.00;17.20;16.70;77.00;67.00;72.00;234.00;5.90;2.00
INMET-000718;A999;CO;DF;ESTACAO METEOROLOGICA MOCK MVP;-15.78000000;-47.93000000;1160.00;2026-01-30T21:00:00Z;0.00;886.90;887.30;886.80;;21.00;17.80;21.80;20.50;18.40;17.10;88.00;83.00;84.00;285.00;6.30;3.50
INMET-000719;A999;CO;DF;ESTACAO METEOROLOGICA MOCK MVP;-15.78000000;-47.93000000;1160.00;2026-01-30T22:00:00Z;0.00;887.60;887.70;887.30;;20.60;17.70;21.50;19.70;18.30;17.40;92.00;81.00;85.00;264.00;2.10;0.30
INMET-000720;A999;CO;DF;ESTACAO METEOROLOGICA MOCK MVP;-15.78000000;-47.93000000;1160.00;2026-01-30T23:00:00Z;0.00;888.40;888.60;887.90;;19.70;17.50;20.70;19.50;18.20;17.30;95.00;86.00;89.00;309.00;7.10;5.10
INMET-000721;A999;CO;DF;ESTACAO METEOROLOGICA MOCK MVP;-15.78000000;-47.93000000;1160.00;2026-01-31T00:00:00Z;0.00;888.60;888.70;888.40;;17.90;17.20;18.90;16.90;17.50;16.80;97.00;93.00;96.00;25.00;3.10;1.40
INMET-000722;A999;CO;DF;ESTACAO METEOROLOGICA MOCK MVP;-15.78000000;-47.93000000;1160.00;2026-01-31T01:00:00Z;0.00;888.60;889.10;888.00;;17.70;16.80;18.00;17.30;17.10;16.10;100.00;89.00;95.00;85.00;6.80;3.00
INMET-000723;A999;CO;DF;ESTACAO METEOROLOGICA MOCK MVP;-15.78000000;-47.93000000;1160.00;2026-01-31T02:00:00Z;0.00;888.30;888.80;888.00;;17.70;17.30;18.40;16.70;17.70;16.90;100.00;94.00;98.00;19.00;2.40;1.80
INMET-000724;A999;CO;DF;ESTACAO METEOROLOGICA MOCK MVP;-15.78000000;-47.93000000;1160.00;2026-01-31T03:00:00Z;0.00;888.10;888.30;887.50;;18.50;17.80;18.90;17.90;18.50;17.20;99.00;95.00;96.00;74.00;3.30;0.80
INMET-000725;A999;CO;DF;ESTACAO METEOROLOGICA MOCK MVP;-15.78000000;-47.93000000;1160.00;2026-01-31T04:00:00Z;0.00;887.20;887.30;886.90;;19.30;16.90;19.80;19.10;17.20;16.30;91.00;83.00;88.00;75.00;1.80;0.60
INMET-000726;A999;CO;DF;ESTACAO METEOROLOGICA MOCK MVP;-15.78000000;-47.93000000;1160.00;2026-01-31T05:00:00Z;0.00;886.20;886.60;885.80;;20.10;17.00;20.90;19.60;17.60;16.40;86.00;79.00;85.00;46.00;8.30;5.10
INMET-000727;A999;CO;DF;ESTACAO METEOROLOGICA MOCK MVP;-15.78000000;-47.93000000;1160.00;2026-01-31T06:00:00Z;0.00;885.70;886.00;885.10;0.00;21.10;16.80;21.90;20.10;17.10;16.20;80.00;72.00;79.00;82.00;9.20;4.70
INMET-000728;A999;CO;DF;ESTACAO METEOROLOGICA MOCK MVP;-15.78000000;-47.93000000;1160.00;2026-01-31T07:00:00Z;0.00;885.40;885.60;885.00;477.50;22.60;17.00;23.50;21.70;17.30;16.60;74.00;70.00;72.00;116.00;7.40;2.80
INMET-000729;A999;CO;DF;ESTACAO METEOROLOGICA MOCK MVP;-15.78000000;-47.93000000;1160.00;2026-01-31T08:00:00Z;0.00;885.30;885.60;885.00;1300.20;24.70;18.40;25.10;24.30;19.00;18.10;74.00;64.00;68.00;189.00;3.30;1.50
INMET-000730;A999;CO;DF;ESTACAO METEOROLOGICA MOCK MVP;-15.78000000;-47.93000000;1160.00;2026-01-31T09:00:00Z;0.00;886.30;886.40;885.80;1593.20;25.90;18.50;26.20;24.80;18.90;18.00;65.00;56.00;63.00;90.00;5.80;4.30
INMET-000731;A999;CO;DF;ESTACAO METEOROLOGICA MOCK MVP;-15.78000000;-47.93000000;1160.00;2026-01-31T10:00:00Z;0.00;886.90;887.10;886.50;1962.90;26.70;17.70;27.60;25.80;17.80;17.20;56.00;51.00;55.00;101.00;4.50;1.60
INMET-000732;A999;CO;DF;ESTACAO METEOROLOGICA MOCK MVP;-15.78000000;-47.93000000;1160.00;2026-01-31T11:00:00Z;0.00;887.90;888.10;887.70;2519.20;28.30;18.20;28.70;28.10;18.80;17.70;53.00;45.00;49.00;110.00;5.50;2.30
INMET-000733;A999;CO;DF;ESTACAO METEOROLOGICA MOCK MVP;-15.78000000;-47.93000000;1160.00;2026-01-31T12:00:00Z;0.00;888.20;888.70;887.90;1883.80;28.60;19.00;29.00;27.80;19.50;18.60;57.00;46.00;52.00;160.00;2.60;1.50
INMET-000734;A999;CO;DF;ESTACAO METEOROLOGICA MOCK MVP;-15.78000000;-47.93000000;1160.00;2026-01-31T13:00:00Z;0.00;888.90;889.40;888.50;1876.50;29.30;18.70;29.80;28.50;19.30;18.30;49.00;40.00;47.00;231.00;2.80;1.80
INMET-000735;A999;CO;DF;ESTACAO METEOROLOGICA MOCK MVP;-15.78000000;-47.93000000;1160.00;2026-01-31T14:00:00Z;0.00;888.40;888.60;888.10;1913.60;28.60;17.90;29.20;28.30;18.30;17.30;53.00;44.00;46.00;211.00;2.30;1.70
INMET-000736;A999;CO;DF;ESTACAO METEOROLOGICA MOCK MVP;-15.78000000;-47.93000000;1160.00;2026-01-31T15:00:00Z;0.00;888.00;888.50;887.90;1649.50;28.10;19.20;28.60;27.40;19.50;19.00;57.00;49.00;55.00;177.00;6.40;1.90
INMET-000737;A999;CO;DF;ESTACAO METEOROLOGICA MOCK MVP;-15.78000000;-47.93000000;1160.00;2026-01-31T16:00:00Z;0.00;887.10;887.40;886.80;1204.60;27.90;19.20;28.30;27.60;19.40;18.90;58.00;54.00;57.00;290.00;5.40;4.60
INMET-000738;A999;CO;DF;ESTACAO METEOROLOGICA MOCK MVP;-15.78000000;-47.93000000;1160.00;2026-01-31T17:00:00Z;0.70;886.00;886.40;885.90;175.70;22.50;17.70;22.90;22.30;17.90;17.10;80.00;70.00;76.00;230.00;5.40;4.10
INMET-000739;A999;CO;DF;ESTACAO METEOROLOGICA MOCK MVP;-15.78000000;-47.93000000;1160.00;2026-01-31T18:00:00Z;0.00;885.70;885.90;885.50;0.00;25.00;18.60;25.50;24.20;18.80;18.20;73.00;67.00;68.00;226.00;6.70;3.50
INMET-000740;A999;CO;DF;ESTACAO METEOROLOGICA MOCK MVP;-15.78000000;-47.93000000;1160.00;2026-01-31T19:00:00Z;0.00;885.40;885.60;885.00;;23.60;18.30;23.90;22.60;18.60;17.70;80.00;72.00;74.00;270.00;2.10;0.30
INMET-000741;A999;CO;DF;ESTACAO METEOROLOGICA MOCK MVP;-15.78000000;-47.93000000;1160.00;2026-01-31T20:00:00Z;0.00;885.70;886.20;885.40;;22.00;17.20;23.00;20.90;17.40;16.90;83.00;74.00;76.00;338.00;7.20;3.70
INMET-000742;A999;CO;DF;ESTACAO METEOROLOGICA MOCK MVP;-15.78000000;-47.93000000;1160.00;2026-01-31T21:00:00Z;0.00;885.90;886.30;885.30;;20.40;17.90;21.30;19.80;18.10;17.80;91.00;84.00;87.00;329.00;7.10;3.00
INMET-000743;A999;CO;DF;ESTACAO METEOROLOGICA MOCK MVP;-15.78000000;-47.93000000;1160.00;2026-01-31T22:00:00Z;0.00;887.00;887.20;886.40;;18.80;16.10;19.10;18.20;16.20;15.60;93.00;81.00;86.00;255.00;5.80;1.20
INMET-000744;A999;CO;DF;ESTACAO METEOROLOGICA MOCK MVP;-15.78000000;-47.93000000;1160.00;2026-01-31T23:00:00Z;0.00;887.70;888.00;887.40;;18.60;16.90;18.90;18.10;17.30;16.60;97.00;87.00;92.00;314.00;6.70;2.00
INMET-000745;A999;CO;DF;ESTACAO METEOROLOGICA MOCK MVP;-15.78000000;-47.93000000;1160.00;2026-02-01T00:00:00Z;0.00;887.80;888.00;887.60;;16.30;15.90;16.60;15.40;16.10;15.80;100.00;95.00;98.00;6.00;5.20;4.60
INMET-000746;A999;CO;DF;ESTACAO METEOROLOGICA MOCK MVP;-15.78000000;-47.93000000;1160.00;2026-02-01T01:00:00Z;0.00;887.90;888.50;887.50;;16.20;15.70;16.80;15.20;15.90;15.10;100.00;92.00;98.00;33.00;2.90;0.90
INMET-000747;A999;CO;DF;ESTACAO METEOROLOGICA MOCK MVP;-15.78000000;-47.93000000;1160.00;2026-02-01T02:00:00Z;0.00;888.00;888.40;887.70;;16.20;15.80;16.80;15.20;16.00;15.60;100.00;95.00;98.00;69.00;7.50;4.60
INMET-000748;A999;CO;DF;ESTACAO METEOROLOGICA MOCK MVP;-15.78000000;-47.93000000;1160.00;2026-02-01T03:00:00Z;0.00;886.90;887.40;886.70;;17.00;15.80;17.30;16.20;16.40;15.10;97.00;88.00;94.00;56.00;3.40;0.80
INMET-000749;A999;CO;DF;ESTACAO METEOROLOGICA MOCK MVP;-15.78000000;-47.93000000;1160.00;2026-02-01T04:00:00Z;0.00;886.20;886.70;885.70;;18.10;16.40;18.50;17.10;16.70;16.20;98.00;89.00;91.00;51.00;9.00;4.40
INMET-000750;A999;CO;DF;ESTACAO METEOROLOGICA MOCK MVP;-15.78000000;-47.93000000;1160.00;2026-02-01T05:00:00Z;0.00;885.40;885.90;885.10;;18.70;15.70;19.30;17.70;16.30;15.10;90.00;80.00;85.00;63.00;3.00;1.20
INMET-000751;A999;CO;DF;ESTACAO METEOROLOGICA MOCK MVP;-15.78000000;-47.93000000;1160.00;2026-02-01T06:00:00Z;0.00;884.70;885.20;884.20;0.00;20.20;16.90;20.60;19.30;17.50;16.60;89.00;81.00;83.00;162.00;1.80;1.00
INMET-000752;A999;CO;DF;ESTACAO METEOROLOGICA MOCK MVP;-15.78000000;-47.93000000;1160.00;2026-02-01T07:00:00Z;0.00;884.70;884.90;884.40;657.20;21.80;16.30;22.70;21.30;16.70;15.60;75.00;69.00;72.00;163.00;6.40;4.50
INMET-000753;A999;CO;DF;ESTACAO METEOROLOGICA MOCK MVP;-15.78000000;-47.93000000;1160.00;2026-02-01T08:00:00Z;0.00;884.70;885.30;884.30;1253.40;23.20;16.40;24.30;22.50;16.90;16.10;68.00;59.00;66.00;168.00;1.30;0.50
INMET-000754;A999;CO;DF;ESTACAO METEOROLOGICA MOCK MVP;-15.78000000;-47.93000000;1160.00;2026-02-01T09:00:00Z;0.00;885.40;885.90;885.10;1587.80;24.80;17.80;25.30;23.80;18.00;17.60;68.00;59.00;65.00;179.00;6.40;3.30
INMET-000755;A999;CO;DF;ESTACAO METEOROLOGICA MOCK MVP;-15.78000000;-47.93000000;1160.00;2026-02-01T10:00:00Z;0.00;886.50;886.80;886.00;1942.10;26.00;17.30;26.30;25.80;17.80;17.20;60.00;54.00;56.00;210.00;6.20;3.20
INMET-000756;A999;CO;DF;ESTACAO METEOROLOGICA MOCK MVP;-15.78000000;-47.93000000;1160.00;2026-02-01T11:00:00Z;0.00;887.30;887.90;887.00;1777.00;26.90;17.60;27.70;26.30;18.10;17.10;57.00;52.00;54.00;194.00;5.50;3.80
INMET-000757;A999;CO;DF;ESTACAO METEOROLOGICA MOCK MVP;-15.78000000;-47.93000000;1160.00;2026-02-01T12:00:00Z;0.00;887.90;888.40;887.50;2688.00;28.10;19.10;28.40;27.90;19.50;18.60;61.00;52.00;55.00;179.00;6.60;3.20
INMET-000758;A999;CO;DF;ESTACAO METEOROLOGICA MOCK MVP;-15.78000000;-47.93000000;1160.00;2026-02-01T13:00:00Z;0.00;888.20;888.70;888.00;1824.50;28.70;19.40;29.10;27.80;19.90;18.90;57.00;47.00;54.00;146.00;6.60;3.30
INMET-000759;A999;CO;DF;ESTACAO METEOROLOGICA MOCK MVP;-15.78000000;-47.93000000;1160.00;2026-02-01T14:00:00Z;0.00;887.90;888.10;887.40;2352.60;28.50;19.80;28.70;28.10;20.40;19.30;61.00;50.00;57.00;233.00;5.50;2.60
INMET-000760;A999;CO;DF;ESTACAO METEOROLOGICA MOCK MVP;-15.78000000;-47.93000000;1160.00;2026-02-01T15:00:00Z;0.00;887.30;887.60;886.80;1890.90;27.20;17.50;27.70;26.50;18.20;17.10;55.00;50.00;52.00;265.00;3.80;2.10
INMET-000761;A999;CO;DF;ESTACAO METEOROLOGICA MOCK MVP;-15.78000000;-47.93000000;1160.00;2026-02-01T16:00:00Z;0.00;886.50;886.80;886.40;1175.00;25.70;17.60;26.30;25.00;17.80;17.30;63.00;54.00;59.00;282.00;7.00;3.30
INMET-000762;A999;CO;DF;ESTACAO METEOROLOGICA MOCK MVP;-15.78000000;-47.93000000;1160.00;2026-02-01T17:00:00Z;0.00;885.40;885.60;885.10;716.30;25.40;17.90;25.80;24.60;18.00;17.60;69.00;61.00;62.00;250.00;9.60;5.20
INMET-000763;A999;CO;DF;ESTACAO METEOROLOGICA MOCK MVP;-15.78000000;-47.93000000;1160.00;2026-02-01T18:00:00Z;46.40;885.00;885.30;884.90;0.00;19.80;17.70;20.80;19.10;18.10;17.40;92.00;86.00;90.00;264.00;5.60;1.90
INMET-000764;A999;CO;DF;ESTACAO METEOROLOGICA MOCK MVP;-15.78000000;-47.93000000;1160.00;2026-02-01T19:00:00Z;0.00;884.40;884.60;884.20;;22.00;16.70;22.80;21.60;17.00;16.60;75.00;71.00;74.00;276.00;4.30;0.60
INMET-000765;A999;CO;DF;ESTACAO METEOROLOGICA MOCK MVP;-15.78000000;-47.93000000;1160.00;2026-02-01T20:00:00Z;0.00;884.70;885.20;884.50;;20.60;17.00;21.50;20.00;17.40;16.80;86.00;80.00;82.00;270.00;8.30;4.00
INMET-000766;A999;CO;DF;ESTACAO METEOROLOGICA MOCK MVP;-15.78000000;-47.93000000;1160.00;2026-02-01T21:00:00Z;0.00;885.70;885.90;885.10;;19.90;17.70;20.90;19.60;18.30;17.40;91.00;86.00;89.00;289.00;5.90;3.50
INMET-000767;A999;CO;DF;ESTACAO METEOROLOGICA MOCK MVP;-15.78000000;-47.93000000;1160.00;2026-02-01T22:00:00Z;9.80;886.30;886.70;885.90;;14.30;14.10;15.00;13.90;14.60;13.90;100.00;98.00;99.00;330.00;10.60;6.50
INMET-000768;A999;CO;DF;ESTACAO METEOROLOGICA MOCK MVP;-15.78000000;-47.93000000;1160.00;2026-02-01T23:00:00Z;0.00;887.20;887.70;886.70;;17.60;17.20;18.50;17.30;17.40;16.80;100.00;91.00;98.00;300.00;6.10;4.70
INMET-000769;A999;CO;DF;ESTACAO METEOROLOGICA MOCK MVP;-15.78000000;-47.93000000;1160.00;2026-02-02T00:00:00Z;0.00;887.50;888.00;887.20;;16.10;15.70;17.10;15.30;16.40;15.20;100.00;91.00;98.00;5.00;6.80;3.30
INMET-000770;A999;CO;DF;ESTACAO METEOROLOGICA MOCK MVP;-15.78000000;-47.93000000;1160.00;2026-02-02T01:00:00Z;0.00;887.80;888.10;887.30;;16.70;16.30;17.70;16.50;16.80;16.00;100.00;94.00;98.00;54.00;5.20;2.00
INMET-000771;A999;CO;DF;ESTACAO METEOROLOGICA MOCK MVP;-15.78000000;-47.93000000;1160.00;2026-02-02T02:00:00Z;0.00;887.40;887.90;886.90;;16.00;15.60;16.70;15.40;16.20;15.30;100.00;92.00;98.00;46.00;7.70;4.70
INMET-000772;A999;CO;DF;ESTACAO METEOROLOGICA MOCK MVP;-15.78000000;-47.93000000;1160.00;2026-02-02T03:00:00Z;0.00;887.10;887.60;887.00;;17.20;16.80;17.50;16.70;17.30;16.60;100.00;92.00;98.00;115.00;8.20;5.00
INMET-000773;A999;CO;DF;ESTACAO METEOROLOGICA MOCK MVP;-15.78000000;-47.93000000;1160.00;2026-02-02T04:00:00Z;0.00;886.30;886.60;886.00;;17.30;16.90;17.80;16.80;17.20;16.30;100.00;95.00;98.00;49.00;4.90;1.20
INMET-000774;A999;CO;DF;ESTACAO METEOROLOGICA MOCK MVP;-15.78000000;-47.93000000;1160.00;2026-02-02T05:00:00Z;0.00;885.30;885.60;885.20;;18.60;17.20;19.10;18.00;17.70;16.80;98.00;88.00;93.00;89.00;6.80;3.60
INMET-000775;A999;CO;DF;ESTACAO METEOROLOGICA MOCK MVP;-15.78000000;-47.93000000;1160.00;2026-02-02T06:00:00Z;0.00;884.60;884.90;884.40;0.00;20.20;17.60;20.90;19.10;18.30;17.00;94.00;85.00;87.00;95.00;2.90;1.60
INMET-000776;A999;CO;DF;ESTACAO METEOROLOGICA MOCK MVP;-15.78000000;-47.93000000;1160.00;2026-02-02T07:00:00Z;0.00;884.40;884.80;884.20;704.20;22.10;17.70;22.40;21.20;17.90;17.30;83.00;73.00;78.00;178.00;6.90;2.90
INMET-000777;A999;CO;DF;ESTACAO METEOROLOGICA MOCK MVP;-15.78000000;-47.93000000;1160.00;2026-02-02T08:00:00Z;0.00;884.70;884.90;884.60;1218.20;23.20;17.00;24.10;22.90;17.30;16.30;71.00;67.00;69.00;177.00;2.50;1.80
INMET-000778;A999;CO;DF;ESTACAO METEOROLOGICA MOCK MVP;-15.78000000;-47.93000000;1160.00;2026-02-02T09:00:00Z;0.00;885.30;885.50;884.80;1310.20;24.30;16.70;25.30;23.60;16.90;16.10;66.00;56.00;62.00;121.00;7.70;5.10
INMET-000779;A999;CO;DF;ESTACAO METEOROLOGICA MOCK MVP;-15.78000000;-47.93000000;1160.00;2026-02-02T10:00:00Z;0.00;886.20;886.30;885.70;1776.40;25.40;18.10;26.00;24.60;18.60;18.00;65.00;58.00;63.00;129.00;2.20;1.60
INMET-000780;A999;CO;DF;ESTACAO METEOROLOGICA MOCK MVP;-15.78000000;-47.93000000;1160.00;2026-02-02T11:00:00Z;0.00;887.10;887.40;886.50;2509.00;27.50;18.10;27.70;27.00;18.80;17.60;57.00;49.00;53.00;145.00;5.80;1.40
INMET-000781;A999;CO;DF;ESTACAO METEOROLOGICA MOCK MVP;-15.78000000;-47.93000000;1160.00;2026-02-02T12:00:00Z;0.00;887.60;888.10;887.50;1929.70;27.20;17.60;27.50;26.30;18.10;17.40;55.00;50.00;52.00;178.00;6.30;4.20
INMET-000782;A999;CO;DF;ESTACAO METEOROLOGICA MOCK MVP;-15.78000000;-47.93000000;1160.00;2026-02-02T13:00:00Z;0.00;888.00;888.50;887.40;2179.30;28.10;18.30;28.70;27.20;19.00;18.00;52.00;48.00;51.00;225.00;4.70;1.20
INMET-000783;A999;CO;DF;ESTACAO METEOROLOGICA MOCK MVP;-15.78000000;-47.93000000;1160.00;2026-02-02T14:00:00Z;0.00;887.70;888.30;887.50;2273.10;28.00;18.20;28.40;26.90;18.40;18.00;52.00;45.00;51.00;201.00;8.20;4.30
INMET-000784;A999;CO;DF;ESTACAO METEOROLOGICA MOCK MVP;-15.78000000;-47.93000000;1160.00;2026-02-02T15:00:00Z;0.00;887.10;887.70;887.00;1966.00;26.40;17.20;27.40;25.70;17.60;16.60;60.00;53.00;54.00;284.00;6.10;4.20
INMET-000785;A999;CO;DF;ESTACAO METEOROLOGICA MOCK MVP;-15.78000000;-47.93000000;1160.00;2026-02-02T16:00:00Z;0.00;886.10;886.40;885.80;1330.80;25.80;18.50;26.20;24.80;19.20;17.90;66.00;59.00;64.00;228.00;3.20;2.50
INMET-000786;A999;CO;DF;ESTACAO METEOROLOGICA MOCK MVP;-15.78000000;-47.93000000;1160.00;2026-02-02T17:00:00Z;0.00;885.20;885.70;884.90;650.00;25.40;17.70;26.40;24.90;18.30;17.40;68.00;59.00;62.00;246.00;4.50;0.90
INMET-000787;A999;CO;DF;ESTACAO METEOROLOGICA MOCK MVP;-15.78000000;-47.93000000;1160.00;2026-02-02T18:00:00Z;0.00;884.40;884.60;884.20;0.00;22.80;17.10;23.70;22.30;17.40;16.60;73.00;67.00;72.00;219.00;2.70;0.90
INMET-000788;A999;CO;DF;ESTACAO METEOROLOGICA MOCK MVP;-15.78000000;-47.93000000;1160.00;2026-02-02T19:00:00Z;0.00;884.20;884.70;883.60;;22.40;17.60;23.40;22.20;17.90;17.30;77.00;74.00;76.00;331.00;4.50;3.10
INMET-000789;A999;CO;DF;ESTACAO METEOROLOGICA MOCK MVP;-15.78000000;-47.93000000;1160.00;2026-02-02T20:00:00Z;0.00;884.70;884.90;884.30;;19.90;16.50;20.80;18.90;16.80;16.00;84.00;76.00;83.00;269.00;;
INMET-000790;A999;CO;DF;ESTACAO METEOROLOGICA MOCK MVP;-15.78000000;-47.93000000;1160.00;2026-02-02T21:00:00Z;0.00;885.40;885.70;884.80;;19.50;16.70;20.40;18.50;17.00;16.00;92.00;83.00;86.00;338.00;7.00;4.80
INMET-000791;A999;CO;DF;ESTACAO METEOROLOGICA MOCK MVP;-15.78000000;-47.93000000;1160.00;2026-02-02T22:00:00Z;22.70;886.00;886.40;885.70;;15.30;15.10;16.10;14.60;15.60;14.60;100.00;93.00;99.00;311.00;5.10;3.20
INMET-000792;A999;CO;DF;ESTACAO METEOROLOGICA MOCK MVP;-15.78000000;-47.93000000;1160.00;2026-02-02T23:00:00Z;0.00;886.90;887.40;886.40;;17.10;16.00;17.50;16.10;16.70;15.60;100.00;91.00;95.00;15.00;8.50;4.50
INMET-000793;A999;CO;DF;ESTACAO METEOROLOGICA MOCK MVP;-15.78000000;-47.93000000;1160.00;2026-02-03T00:00:00Z;0.00;887.80;888.30;887.50;;17.20;16.80;18.20;16.10;17.40;16.30;99.00;97.00;98.00;9.00;6.70;3.60
INMET-000794;A999;CO;DF;ESTACAO METEOROLOGICA MOCK MVP;-15.78000000;-47.93000000;1160.00;2026-02-03T01:00:00Z;0.00;888.00;888.60;887.60;;15.90;15.50;16.30;15.70;15.70;15.20;100.00;96.00;98.00;4.00;5.50;1.70
INMET-000795;A999;CO;DF;ESTACAO METEOROLOGICA MOCK MVP;-15.78000000;-47.93000000;1160.00;2026-02-03T02:00:00Z;0.00;887.90;888.00;887.30;;17.10;16.70;18.00;16.50;16.80;16.20;100.00;96.00;98.00;23.00;6.00;1.90
INMET-000796;A999;CO;DF;ESTACAO METEOROLOGICA MOCK MVP;-15.78000000;-47.93000000;1160.00;2026-02-03T03:00:00Z;0.00;887.40;887.80;887.00;;17.60;16.70;18.50;16.70;17.30;16.40;97.00;90.00;96.00;119.00;6.70;2.90
INMET-000797;A999;CO;DF;ESTACAO METEOROLOGICA MOCK MVP;-15.78000000;-47.93000000;1160.00;2026-02-03T04:00:00Z;0.00;886.40;886.90;886.20;;17.80;15.90;18.90;17.10;16.20;15.50;94.00;88.00;90.00;55.00;4.80;1.40
INMET-000798;A999;CO;DF;ESTACAO METEOROLOGICA MOCK MVP;-15.78000000;-47.93000000;1160.00;2026-02-03T05:00:00Z;0.00;885.40;885.60;885.10;;20.20;17.80;20.40;19.90;18.50;17.50;92.00;84.00;88.00;62.00;4.50;0.60
INMET-000799;A999;CO;DF;ESTACAO METEOROLOGICA MOCK MVP;-15.78000000;-47.93000000;1160.00;2026-02-03T06:00:00Z;0.00;884.80;885.30;884.40;0.00;20.30;16.30;20.50;20.00;16.90;16.10;85.00;79.00;80.00;136.00;4.90;2.40
INMET-000800;A999;CO;DF;ESTACAO METEOROLOGICA MOCK MVP;-15.78000000;-47.93000000;1160.00;2026-02-03T07:00:00Z;0.00;884.80;885.30;884.40;704.60;22.50;17.50;23.00;21.60;18.00;16.90;77.00;69.00;75.00;148.00;5.10;3.80
INMET-000801;A999;CO;DF;ESTACAO METEOROLOGICA MOCK MVP;-15.78000000;-47.93000000;1160.00;2026-02-03T08:00:00Z;0.00;885.10;885.70;884.70;1234.40;23.90;18.20;24.60;23.60;18.50;17.70;73.00;67.00;72.00;129.00;7.10;3.10
INMET-000802;A999;CO;DF;ESTACAO METEOROLOGICA MOCK MVP;-15.78000000;-47.93000000;1160.00;2026-02-03T09:00:00Z;0.00;885.80;886.10;885.60;1809.50;25.80;18.10;26.30;25.40;18.60;17.80;65.00;57.00;62.00;166.00;3.60;2.30
INMET-000803;A999;CO;DF;ESTACAO METEOROLOGICA MOCK MVP;-15.78000000;-47.93000000;1160.00;2026-02-03T10:00:00Z;0.00;886.30;886.80;886.10;2289.00;25.90;18.20;26.40;25.70;18.90;17.90;64.00;59.00;62.00;209.00;5.40;1.80
INMET-000804;A999;CO;DF;ESTACAO METEOROLOGICA MOCK MVP;-15.78000000;-47.93000000;1160.00;2026-02-03T11:00:00Z;0.00;887.50;888.10;886.90;2678.00;27.00;18.20;27.60;26.00;18.80;17.70;59.00;53.00;56.00;154.00;2.30;1.00
INMET-000805;A999;CO;DF;ESTACAO METEOROLOGICA MOCK MVP;-15.78000000;-47.93000000;1160.00;2026-02-03T12:00:00Z;0.00;888.10;888.40;887.90;2193.50;27.90;17.60;28.80;26.90;17.90;17.20;51.00;43.00;49.00;227.00;5.90;3.20
INMET-000806;A999;CO;DF;ESTACAO METEOROLOGICA MOCK MVP;-15.78000000;-47.93000000;1160.00;2026-02-03T13:00:00Z;0.00;888.30;888.50;888.00;2052.60;28.10;19.00;28.60;27.30;19.30;18.80;59.00;49.00;54.00;188.00;5.90;4.30
INMET-000807;A999;CO;DF;ESTACAO METEOROLOGICA MOCK MVP;-15.78000000;-47.93000000;1160.00;2026-02-03T14:00:00Z;0.00;887.90;888.50;887.40;1872.40;27.50;18.60;28.30;27.00;18.90;18.10;60.00;52.00;56.00;277.00;5.40;1.50
INMET-000808;A999;CO;DF;ESTACAO METEOROLOGICA MOCK MVP;-15.78000000;-47.93000000;1160.00;2026-02-03T15:00:00Z;16.80;887.20;887.60;886.80;645.70;23.60;18.30;24.60;23.30;18.90;18.10;78.00;67.00;73.00;289.00;3.40;2.50
INMET-000809;A999;CO;DF;ESTACAO METEOROLOGICA MOCK MVP;-15.78000000;-47.93000000;1160.00;2026-02-03T16:00:00Z;0.00;886.30;886.50;885.70;1087.40;27.00;18.30;27.20;26.30;18.60;17.70;62.00;54.00;57.00;265.00;5.30;2.60
INMET-000810;A999;CO;DF;ESTACAO METEOROLOGICA MOCK MVP;-15.78000000;-47.93000000;1160.00;2026-02-03T17:00:00Z;0.00;885.80;886.20;885.30;677.90;24.70;17.30;25.30;24.20;17.50;16.70;68.00;61.00;63.00;284.00;6.00;4.90
INMET-000811;A999;CO;DF;ESTACAO METEOROLOGICA MOCK MVP;-15.78000000;-47.93000000;1160.00;2026-02-03T18:00:00Z;0.00;885.10;885.30;884.80;0.00;24.00;17.60;24.60;23.20;18.20;17.10;74.00;64.00;68.00;223.00;5.50;1.30
INMET-000812;A999;CO;DF;ESTACAO METEOROLOGICA MOCK MVP;-15.78000000;-47.93000000;1160.00;2026-02-03T19:00:00Z;0.00;884.90;885.30;884.50;;22.00;17.60;23.00;21.20;18.30;17.40;80.00;74.00;78.00;284.00;1.60;1.10
INMET-000813;A999;CO;DF;ESTACAO METEOROLOGICA MOCK MVP;-15.78000000;-47.93000000;1160.00;2026-02-03T20:00:00Z;0.00;884.80;885.30;884.60;;20.70;16.30;21.20;19.60;16.90;15.90;85.00;73.00;78.00;303.00;7.60;4.20
INMET-000814;A999;CO;DF;ESTACAO METEOROLOGICA MOCK MVP;-15.78000000;-47.93000000;1160.00;2026-02-03T21:00:00Z;0.00;885.80;886.10;885.40;;19.30;16.20;20.00;18.80;16.30;16.00;90.00;81.00;84.00;276.00;3.20;0.60
INMET-000815;A999;CO;DF;ESTACAO METEOROLOGICA MOCK MVP;-15.78000000;-47.93000000;1160.00;2026-02-03T22:00:00Z;0.00;886.50;886.90;886.00;;18.70;17.20;19.70;18.30;17.60;17.00;97.00;91.00;93.00;31.00;4.00;3.20
INMET-000816;A999;CO;DF;ESTACAO METEOROLOGICA MOCK MVP;-15.78000000;-47.93000000;1160.00;2026-02-03T23:00:00Z;0.00;887.50;887.70;887.00;;17.70;17.30;18.40;17.40;17.70;16.70;100.00;93.00;98.00;353.00;6.80;3.80
INMET-000817;A999;CO;DF;ESTACAO METEOROLOGICA MOCK MVP;-15.78000000;-47.93000000;1160.00;2026-02-04T00:00:00Z;0.00;888.70;889.00;888.20;;17.80;16.70;18.30;17.00;17.20;16.30;98.00;91.00;95.00;71.00;7.70;3.10
INMET-000818;A999;CO;DF;ESTACAO METEOROLOGICA MOCK MVP;-15.78000000;-47.93000000;1160.00;2026-02-04T01:00:00Z;0.00;889.00;889.10;888.80;;17.30;16.40;17.70;16.90;16.60;16.10;100.00;94.00;96.00;15.00;5.30;4.30
INMET-000819;A999;CO;DF;ESTACAO METEOROLOGICA MOCK MVP;-15.78000000;-47.93000000;1160.00;2026-02-04T02:00:00Z;0.00;888.50;888.60;888.30;;17.70;16.40;18.40;16.90;16.60;16.10;95.00;88.00;93.00;55.00;6.50;4.90
INMET-000820;A999;CO;DF;ESTACAO METEOROLOGICA MOCK MVP;-15.78000000;-47.93000000;1160.00;2026-02-04T03:00:00Z;0.00;888.20;888.50;887.70;;18.50;17.40;19.30;17.90;17.90;17.10;100.00;90.00;95.00;85.00;6.90;4.50
INMET-000821;A999;CO;DF;ESTACAO METEOROLOGICA MOCK MVP;-15.78000000;-47.93000000;1160.00;2026-02-04T04:00:00Z;0.00;887.40;887.90;887.30;;19.00;16.70;19.40;18.30;17.20;16.60;93.00;87.00;89.00;110.00;4.70;4.20
INMET-000822;A999;CO;DF;ESTACAO METEOROLOGICA MOCK MVP;-15.78000000;-47.93000000;1160.00;2026-02-04T05:00:00Z;0.00;886.10;886.40;885.60;;20.70;17.90;21.40;19.70;18.50;17.30;90.00;83.00;86.00;71.00;4.50;2.10
INMET-000823;A999;CO;DF;ESTACAO METEOROLOGICA MOCK MVP;-15.78000000;-47.93000000;1160.00;2026-02-04T06:00:00Z;0.00;885.60;885.90;885.40;0.00;22.30;17.60;22.60;21.70;17.70;16.90;79.00;74.00;76.00;191.00;4.80;0.50
INMET-000824;A999;CO;DF;ESTACAO METEOROLOGICA MOCK MVP;-15.78000000;-47.93000000;1160.00;2026-02-04T07:00:00Z;0.00;885.50;885.90;884.90;608.70;23.70;17.70;24.20;22.90;18.40;17.10;77.00;68.00;70.00;127.00;7.40;4.00
INMET-000825;A999;CO;DF;ESTACAO METEOROLOGICA MOCK MVP;-15.78000000;-47.93000000;1160.00;2026-02-04T08:00:00Z;0.00;885.50;886.00;885.10;1361.70;25.10;18.70;25.30;24.20;19.20;18.00;72.00;62.00;68.00;199.00;5.10;2.00
INMET-000826;A999;CO;DF;ESTACAO METEOROLOGICA MOCK MVP;-15.78000000;-47.93000000;1160.00;2026-02-04T09:00:00Z;0.00;886.60;887.00;886.20;1883.80;26.40;18.40;26.80;25.80;18.60;18.20;63.00;55.00;60.00;113.00;6.80;3.30
INMET-000827;A999;CO;DF;ESTACAO METEOROLOGICA MOCK MVP;-15.78000000;-47.93000000;1160.00;2026-02-04T10:00:00Z;0.00;887.10;887.50;886.60;2084.50;27.20;17.80;28.20;26.40;18.40;17.50;60.00;52.00;53.00;163.00;3.10;2.40
INMET-000828;A999;CO;DF;ESTACAO METEOROLOGICA MOCK MVP;-15.78000000;-47.93000000;1160.00;2026-02-04T11:00:00Z;0.00;888.20;888.50;887.90;2234.80;29.00;19.70;29.80;28.40;20.20;19.50;55.00;51.00;54.00;244.00;4.40;3.30
INMET-000829;A999;CO;DF;ESTACAO METEOROLOGICA MOCK MVP;-15.78000000;-47.93000000;1160.00;2026-02-04T12:00:00Z;0.00;888.50;888.80;888.30;1994.80;29.60;18.70;30.60;29.30;19.20;18.30;52.00;44.00;46.00;213.00;5.40;2.60
INMET-000830;A999;CO;DF;ESTACAO METEOROLOGICA MOCK MVP;-15.78000000;-47.93000000;1160.00;2026-02-04T13:00:00Z;0.00;888.90;889.40;888.30;2098.00;28.90;17.70;29.60;28.30;18.00;17.30;51.00;39.00;44.00;270.00;2.80;1.50
INMET-000831;A999;CO;DF;ESTACAO METEOROLOGICA MOCK MVP;-15.78000000;-47.93000000;1160.00;2026-02-04T14:00:00Z;0.00;888.60;889.10;888.10;2095.90;29.00;18.20;29.40;28.80;18.60;17.70;52.00;43.00;46.00;275.00;8.00;4.30
INMET-000832;A999;CO;DF;ESTACAO METEOROLOGICA MOCK MVP;-15.78000000;-47.93000000;1160.00;2026-02-04T15:00:00Z;0.70;887.90;888.50;887.40;387.00;23.50;16.50;23.80;23.30;16.60;16.20;71.00;62.00;65.00;191.00;9.40;5.70
INMET-000833;A999;CO;DF;ESTACAO METEOROLOGICA MOCK MVP;-15.78000000;-47.93000000;1160.00;2026-02-04T16:00:00Z;14.70;887.20;887.70;887.00;282.30;23.50;17.50;23.70;22.80;17.90;17.20;76.00;69.00;70.00;290.00;8.30;4.60
INMET-000834;A999;CO;DF;ESTACAO METEOROLOGICA MOCK MVP;-15.78000000;-47.93000000;1160.00;2026-02-04T17:00:00Z;0.00;886.30;886.80;886.00;603.30;27.00;18.70;28.10;26.70;19.00;18.50;64.00;52.00;58.00;222.00;6.10;4.20
INMET-000835;A999;CO;DF;ESTACAO METEOROLOGICA MOCK MVP;-15.78000000;-47.93000000;1160.00;2026-02-04T18:00:00Z;0.00;885.50;886.10;885.00;0.00;25.00;17.50;25.40;24.70;17.80;17.30;68.00;61.00;63.00;292.00;6.30;2.80
INMET-000836;A999;CO;DF;ESTACAO METEOROLOGICA MOCK MVP;-15.78000000;-47.93000000;1160.00;2026-02-04T19:00:00Z;0.00;885.60;885.90;885.40;;23.70;18.70;24.20;23.20;18.90;18.60;77.00;69.00;75.00;276.00;6.90;4.90
INMET-000837;A999;CO;DF;ESTACAO METEOROLOGICA MOCK MVP;-15.78000000;-47.93000000;1160.00;2026-02-04T20:00:00Z;0.00;885.50;885.90;885.00;;21.60;17.20;22.00;20.90;17.70;16.90;79.00;77.00;78.00;360.00;1.70;0.90
INMET-000838;A999;CO;DF;ESTACAO METEOROLOGICA MOCK MVP;-15.78000000;-47.93000000;1160.00;2026-02-04T21:00:00Z;0.00;886.40;886.60;886.00;;20.20;16.90;20.60;19.90;17.00;16.70;89.00;80.00;83.00;311.00;4.90;2.40
INMET-000839;A999;CO;DF;ESTACAO METEOROLOGICA MOCK MVP;-15.78000000;-47.93000000;1160.00;2026-02-04T22:00:00Z;0.00;887.10;887.70;886.70;;19.10;17.00;19.70;18.20;17.20;16.50;91.00;88.00;89.00;324.00;6.40;1.70
INMET-000840;A999;CO;DF;ESTACAO METEOROLOGICA MOCK MVP;-15.78000000;-47.93000000;1160.00;2026-02-04T23:00:00Z;0.00;887.80;888.20;887.40;;18.10;16.30;18.30;17.50;16.60;15.80;96.00;88.00;91.00;0.00;5.60;2.70
INMET-000841;A999;CO;DF;ESTACAO METEOROLOGICA MOCK MVP;-15.78000000;-47.93000000;1160.00;2026-02-05T00:00:00Z;0.00;889.60;890.10;889.10;;18.30;17.30;18.80;18.00;17.60;16.70;97.00;90.00;95.00;37.00;3.40;1.90
INMET-000842;A999;CO;DF;ESTACAO METEOROLOGICA MOCK MVP;-15.78000000;-47.93000000;1160.00;2026-02-05T01:00:00Z;0.00;889.60;890.10;889.40;;18.80;17.50;19.90;18.10;18.00;17.40;96.00;92.00;94.00;120.00;2.60;0.50
INMET-000843;A999;CO;DF;ESTACAO METEOROLOGICA MOCK MVP;-15.78000000;-47.93000000;1160.00;2026-02-05T02:00:00Z;0.00;889.40;889.50;889.10;;18.30;16.90;19.10;17.40;17.20;16.70;96.00;92.00;93.00;127.00;8.10;3.50
INMET-000844;A999;CO;DF;ESTACAO METEOROLOGICA MOCK MVP;-15.78000000;-47.93000000;1160.00;2026-02-05T03:00:00Z;0.00;888.70;888.90;888.30;;19.60;18.00;20.30;19.20;18.50;17.60;93.00;86.00;92.00;57.00;3.60;2.10
INMET-000845;A999;CO;DF;ESTACAO METEOROLOGICA MOCK MVP;-15.78000000;-47.93000000;1160.00;2026-02-05T04:00:00Z;0.00;887.70;888.30;887.50;;20.00;16.90;21.00;18.90;17.30;16.30;86.00;78.00;84.00;95.00;5.90;4.10
INMET-000846;A999;CO;DF;ESTACAO METEOROLOGICA MOCK MVP;-15.78000000;-47.93000000;1160.00;2026-02-05T05:00:00Z;0.00;886.90;887.50;886.60;;22.00;18.30;22.70;21.70;18.50;17.70;87.00;76.00;81.00;113.00;6.30;2.40
INMET-000847;A999;CO;DF;ESTACAO METEOROLOGICA MOCK MVP;-15.78000000;-47.93000000;1160.00;2026-02-05T06:00:00Z;0.00;886.20;886.60;886.10;0.00;22.80;17.60;23.40;22.00;18.30;17.30;77.00;67.00;74.00;117.00;2.00;1.10
INMET-000848;A999;CO;DF;ESTACAO METEOROLOGICA MOCK MVP;-15.78000000;-47.93000000;1160.00;2026-02-05T07:00:00Z;0.00;886.20;886.40;885.70;714.70;25.00;18.50;25.60;24.60;19.20;18.30;72.00;65.00;68.00;126.00;9.10;4.50
INMET-000849;A999;CO;DF;ESTACAO METEOROLOGICA MOCK MVP;-15.78000000;-47.93000000;1160.00;2026-02-05T08:00:00Z;0.00;886.20;886.40;885.90;974.10;26.50;19.80;27.50;26.10;20.30;19.50;69.00;64.00;66.00;203.00;6.90;4.00
INMET-000850;A999;CO;DF;ESTACAO METEOROLOGICA MOCK MVP;-15.78000000;-47.93000000;1160.00;2026-02-05T09:00:00Z;0.00;886.90;887.50;886.50;1378.40;27.00;17.90;27.60;26.00;18.40;17.30;60.00;52.00;55.00;207.00;3.20;2.40
INMET-000851;A999;CO;DF;ESTACAO METEOROLOGICA MOCK MVP;-15.78000000;-47.93000000;1160.00;2026-02-05T10:00:00Z;0.00;887.80;888.20;887.50;1877.70;28.70;19.30;29.70;27.80;20.00;18.70;57.00;51.00;53.00;203.00;7.20;3.00
INMET-000852;A999;CO;DF;ESTACAO METEOROLOGICA MOCK MVP;-15.78000000;-47.93000000;1160.00;2026-02-05T11:00:00Z;0.00;888.90;889.10;888.30;1828.90;29.40;18.50;29.90;28.60;19.10;17.90;52.00;41.00;46.00;235.00;3.90;0.80
INMET-000853;A999;CO;DF;ESTACAO METEOROLOGICA MOCK MVP;-15.78000000;-47.93000000;1160.00;2026-02-05T12:00:00Z;0.00;889.20;889.50;888.70;2651.60;30.60;20.30;31.20;30.30;20.50;19.70;54.00;43.00;48.00;214.00;2.30;1.10
INMET-000854;A999;CO;DF;ESTACAO METEOROLOGICA MOCK MVP;-15.78000000;-47.93000000;1160.00;2026-02-05T13:00:00Z;0.00;889.40;889.80;888.90;2351.90;30.40;20.10;31.50;29.60;20.20;19.60;54.00;45.00;48.00;218.00;5.00;4.20
INMET-000855;A999;CO;DF;ESTACAO METEOROLOGICA MOCK MVP;-15.78000000;-47.93000000;1160.00;2026-02-05T14:00:00Z;0.00;889.60;889.70;889.20;1911.90;29.70;19.60;30.30;28.70;20.10;19.30;55.00;47.00;49.00;183.00;3.30;2.00
INMET-000856;A999;CO;DF;ESTACAO METEOROLOGICA MOCK MVP;-15.78000000;-47.93000000;1160.00;2026-02-05T15:00:00Z;0.00;888.60;888.90;888.30;1568.30;29.80;19.20;30.20;29.20;19.30;18.90;53.00;40.00;47.00;200.00;4.50;3.90
INMET-000857;A999;CO;DF;ESTACAO METEOROLOGICA MOCK MVP;-15.78000000;-47.93000000;1160.00;2026-02-05T16:00:00Z;0.00;887.70;888.10;887.40;1319.20;29.20;20.10;29.70;28.20;20.20;19.80;56.00;48.00;54.00;322.00;5.80;2.00
INMET-000858;A999;CO;DF;ESTACAO METEOROLOGICA MOCK MVP;-15.78000000;-47.93000000;1160.00;2026-02-05T17:00:00Z;16.90;887.30;887.50;887.00;264.60;25.30;19.70;25.80;24.40;19.90;19.50;76.00;70.00;72.00;262.00;3.40;2.70
INMET-000859;A999;CO;DF;ESTACAO METEOROLOGICA MOCK MVP;-15.78000000;-47.93000000;1160.00;2026-02-05T18:00:00Z;0.00;886.70;887.10;886.60;0.00;25.40;17.80;26.30;24.70;18.30;17.40;64.00;55.00;62.00;301.00;5.80;4.80
INMET-000860;A999;CO;DF;ESTACAO METEOROLOGICA MOCK MVP;-15.78000000;-47.93000000;1160.00;2026-02-05T19:00:00Z;13.60;886.20;886.40;885.70;;20.60;18.00;21.10;20.30;18.20;17.60;91.00;81.00;87.00;338.00;4.60;4.00
INMET-000861;A999;CO;DF;ESTACAO METEOROLOGICA MOCK MVP;-15.78000000;-47.93000000;1160.00;2026-02-05T20:00:00Z;21.00;886.50;886.90;886.40;;18.20;16.90;18.50;17.30;17.40;16.70;98.00;89.00;94.00;287.00;8.10;4.70
INMET-000862;A999;CO;DF;ESTACAO METEOROLOGICA MOCK MVP;-15.78000000;-47.93000000;1160.00;2026-02-05T21:00:00Z;0.00;887.20;887.40;886.90;;21.30;18.10;21.60;21.10;18.70;17.90;88.00;78.00;84.00;294.00;1.70;1.20
INMET-000863;A999;CO;DF;ESTACAO METEOROLOGICA MOCK MVP;-15.78000000;-47.93000000;1160.00;2026-02-05T22:00:00Z;0.00;887.80;888.00;887.40;;20.80;17.80;21.20;20.30;18.10;17.40;87.00;78.00;85.00;342.00;4.90;2.30
INMET-000864;A999;CO;DF;ESTACAO METEOROLOGICA MOCK MVP;-15.78000000;-47.93000000;1160.00;2026-02-05T23:00:00Z;0.00;888.60;889.00;888.50;;19.00;17.50;19.70;18.30;17.80;17.10;94.00;88.00;92.00;10.00;5.50;3.20
INMET-000865;A999;CO;DF;ESTACAO METEOROLOGICA MOCK MVP;-15.78000000;-47.93000000;1160.00;2026-02-06T00:00:00Z;0.00;889.50;890.00;889.20;;19.50;17.50;19.90;19.00;18.00;16.80;93.00;86.00;90.00;32.00;5.80;2.30
INMET-000866;A999;CO;DF;ESTACAO METEOROLOGICA MOCK MVP;-15.78000000;-47.93000000;1160.00;2026-02-06T01:00:00Z;0.00;890.00;890.30;889.60;;19.30;17.50;19.70;18.40;18.00;17.30;98.00;89.00;91.00;135.00;5.70;1.30
INMET-000867;A999;CO;DF;ESTACAO METEOROLOGICA MOCK MVP;-15.78000000;-47.93000000;1160.00;2026-02-06T02:00:00Z;0.00;890.00;890.40;889.80;;18.70;16.50;19.00;18.00;16.70;16.00;92.00;83.00;89.00;56.00;4.80;3.70
INMET-000868;A999;CO;DF;ESTACAO METEOROLOGICA MOCK MVP;-15.78000000;-47.93000000;1160.00;2026-02-06T03:00:00Z;0.00;889.30;889.50;889.20;;19.60;16.90;20.40;18.80;17.10;16.80;90.00;80.00;87.00;58.00;6.40;3.70
INMET-000869;A999;CO;DF;ESTACAO METEOROLOGICA MOCK MVP;-15.78000000;-47.93000000;1160.00;2026-02-06T04:00:00Z;0.00;888.40;888.80;887.90;;20.90;18.40;21.90;20.50;18.80;17.90;91.00;81.00;87.00;153.00;2.00;1.30
INMET-000870;A999;CO;DF;ESTACAO METEOROLOGICA MOCK MVP;-15.78000000;-47.93000000;1160.00;2026-02-06T05:00:00Z;0.00;887.60;887.70;887.20;;22.10;18.30;23.20;21.80;18.80;18.00;83.00;80.00;81.00;133.00;8.50;5.10
INMET-000871;A999;CO;DF;ESTACAO METEOROLOGICA MOCK MVP;-15.78000000;-47.93000000;1160.00;2026-02-06T06:00:00Z;0.00;886.90;887.40;886.50;0.00;23.70;18.80;24.60;23.20;19.10;18.50;77.00;74.00;76.00;143.00;2.70;0.70
INMET-000872;A999;CO;DF;ESTACAO METEOROLOGICA MOCK MVP;-15.78000000;-47.93000000;1160.00;2026-02-06T07:00:00Z;0.00;886.50;886.90;886.00;540.00;25.40;18.40;26.20;24.70;18.70;18.00;68.00;59.00;65.00;186.00;7.30;3.60
INMET-000873;A999;CO;DF;ESTACAO METEOROLOGICA MOCK MVP;-15.78000000;-47.93000000;1160.00;2026-02-06T08:00:00Z;0.00;886.90;887.30;886.50;1302.40;26.00;18.30;26.50;25.40;18.80;18.10;63.00;60.00;61.00;199.00;3.90;2.80
INMET-000874;A999;CO;DF;ESTACAO METEOROLOGICA MOCK MVP;-15.78000000;-47.93000000;1160.00;2026-02-06T09:00:00Z;0.00;887.60;888.00;887.10;1616.00;27.20;17.80;28.00;26.80;18.30;17.40;57.00;48.00;53.00;128.00;7.20;4.30
INMET-000875;A999;CO;DF;ESTACAO METEOROLOGICA MOCK MVP;-15.78000000;-47.93000000;1160.00;2026-02-06T10:00:00Z;0.00;888.30;888.50;887.90;1812.20;29.40;18.80;30.20;29.10;19.30;18.40;48.00;43.00;47.00;228.00;6.50;4.20
INMET-000876;A999;CO;DF;ESTACAO METEOROLOGICA MOCK MVP;-15.78000000;-47.93000000;1160.00;2026-02-06T11:00:00Z;0.00;889.10;889.50;888.60;2398.60;30.30;19.20;30.80;29.70;19.40;18.80;49.00;38.00;45.00;252.00;2.80;1.20
INMET-000877;A999;CO;DF;ESTACAO METEOROLOGICA MOCK MVP;-15.78000000;-47.93000000;1160.00;2026-02-06T12:00:00Z;0.00;889.50;890.00;889.30;1972.90;31.10;19.90;32.00;30.20;20.00;19.50;51.00;41.00;44.00;233.00;7.80;3.80
INMET-000878;A999;CO;DF;ESTACAO METEOROLOGICA MOCK MVP;-15.78000000;-47.93000000;1160.00;2026-02-06T13:00:00Z;0.00;890.20;890.40;889.80;2354.20;30.50;18.80;31.20;30.00;19.10;18.30;48.00;39.00;41.00;206.00;5.40;0.80
INMET-000879;A999;CO;DF;ESTACAO METEOROLOGICA MOCK MVP;-15.78000000;-47.93000000;1160.00;2026-02-06T14:00:00Z;0.00;889.60;889.80;889.10;1690.20;30.60;20.10;31.10;30.30;20.70;19.80;54.00;45.00;48.00;209.00;3.80;0.90
INMET-000880;A999;CO;DF;ESTACAO METEOROLOGICA MOCK MVP;-15.78000000;-47.93000000;1160.00;2026-02-06T15:00:00Z;0.00;889.10;889.50;888.90;1269.70;30.50;19.90;31.30;30.10;20.50;19.50;52.00;43.00;47.00;296.00;6.90;4.40
INMET-000881;A999;CO;DF;ESTACAO METEOROLOGICA MOCK MVP;-15.78000000;-47.93000000;1160.00;2026-02-06T16:00:00Z;0.00;888.10;888.50;887.70;939.70;29.50;19.60;30.50;29.20;19.90;19.00;55.00;49.00;50.00;264.00;6.70;5.10
INMET-000882;A999;CO;DF;ESTACAO METEOROLOGICA MOCK MVP;-15.78000000;-47.93000000;1160.00;2026-02-06T17:00:00Z;0.00;887.30;887.80;887.00;517.50;27.80;19.00;28.50;27.30;19.70;18.90;60.00;54.00;56.00;323.00;7.00;4.60
INMET-000883;A999;CO;DF;ESTACAO METEOROLOGICA MOCK MVP;-15.78000000;-47.93000000;1160.00;2026-02-06T18:00:00Z;0.00;886.90;887.10;886.40;0.00;26.50;19.00;27.20;26.00;19.20;18.40;69.00;60.00;63.00;349.00;5.30;1.60
INMET-000884;A999;CO;DF;ESTACAO METEOROLOGICA MOCK MVP;-15.78000000;-47.93000000;1160.00;2026-02-06T19:00:00Z;0.00;886.60;886.70;886.40;;25.50;19.60;26.50;25.00;20.00;19.40;77.00;67.00;70.00;14.00;6.90;4.20
INMET-000885;A999;CO;DF;ESTACAO METEOROLOGICA MOCK MVP;-15.78000000;-47.93000000;1160.00;2026-02-06T20:00:00Z;5.50;886.90;887.30;886.70;;18.50;17.20;18.90;17.70;17.50;16.70;100.00;88.00;93.00;337.00;7.60;6.30
INMET-000886;A999;CO;DF;ESTACAO METEOROLOGICA MOCK MVP;-15.78000000;-47.93000000;1160.00;2026-02-06T21:00:00Z;17.40;887.70;888.10;887.30;;19.60;18.90;20.30;18.60;19.40;18.30;100.00;92.00;96.00;286.00;5.40;2.70
INMET-000887;A999;CO;DF;ESTACAO METEOROLOGICA MOCK MVP;-15.78000000;-47.93000000;1160.00;2026-02-06T22:00:00Z;0.00;888.10;888.30;887.90;;21.50;18.70;22.20;20.70;19.00;18.40;89.00;83.00;86.00;52.00;5.80;3.70
INMET-000888;A999;CO;DF;ESTACAO METEOROLOGICA MOCK MVP;-15.78000000;-47.93000000;1160.00;2026-02-06T23:00:00Z;0.00;889.30;889.50;889.00;;19.50;16.70;20.30;18.50;17.10;16.50;91.00;80.00;86.00;321.00;6.90;2.30
INMET-000889;A999;CO;DF;ESTACAO METEOROLOGICA MOCK MVP;-15.78000000;-47.93000000;1160.00;2026-02-07T00:00:00Z;0.00;889.50;889.60;889.30;;19.70;18.70;20.60;18.70;18.90;18.20;96.00;90.00;95.00;27.00;7.10;5.10
INMET-000890;A999;CO;DF;ESTACAO METEOROLOGICA MOCK MVP;-15.78000000;-47.93000000;1160.00;2026-02-07T01:00:00Z;0.00;889.70;890.20;889.60;;18.90;17.90;19.10;17.80;18.30;17.30;100.00;91.00;95.00;118.00;3.50;3.00
INMET-000891;A999;CO;DF;ESTACAO METEOROLOGICA MOCK MVP;-15.78000000;-47.93000000;1160.00;2026-02-07T02:00:00Z;0.00;889.60;890.20;889.00;;19.10;17.40;19.60;18.00;17.80;17.00;96.00;85.00;92.00;98.00;5.80;3.70
INMET-000892;A999;CO;DF;ESTACAO METEOROLOGICA MOCK MVP;-15.78000000;-47.93000000;1160.00;2026-02-07T03:00:00Z;0.00;888.80;889.30;888.60;;19.90;17.70;20.40;19.50;18.30;17.60;90.00;86.00;89.00;156.00;3.60;2.60
INMET-000893;A999;CO;DF;ESTACAO METEOROLOGICA MOCK MVP;-15.78000000;-47.93000000;1160.00;2026-02-07T04:00:00Z;0.00;888.00;888.30;887.50;;20.60;18.00;21.50;19.60;18.50;17.70;92.00;85.00;87.00;130.00;7.40;3.80
INMET-000894;A999;CO;DF;ESTACAO METEOROLOGICA MOCK MVP;-15.78000000;-47.93000000;1160.00;2026-02-07T05:00:00Z;0.00;887.40;887.70;886.90;;21.80;18.40;22.30;20.80;18.50;18.20;87.00;77.00;83.00;156.00;7.00;3.20
INMET-000895;A999;CO;DF;ESTACAO METEOROLOGICA MOCK MVP;-15.78000000;-47.93000000;1160.00;2026-02-07T06:00:00Z;0.00;886.50;886.90;886.20;0.00;23.00;17.20;23.40;22.80;17.40;16.80;77.00;66.00;71.00;190.00;2.90;2.30
INMET-000896;A999;CO;DF;ESTACAO METEOROLOGICA MOCK MVP;-15.78000000;-47.93000000;1160.00;2026-02-07T07:00:00Z;0.00;886.50;887.10;886.20;507.90;24.20;17.60;25.10;23.70;18.00;17.30;70.00;64.00;67.00;217.00;4.60;2.90
INMET-000897;A999;CO;DF;ESTACAO METEOROLOGICA MOCK MVP;-15.78000000;-47.93000000;1160.00;2026-02-07T08:00:00Z;0.00;886.50;886.80;886.10;1339.50;25.60;17.30;26.50;25.30;17.90;16.90;61.00;55.00;58.00;237.00;3.30;0.90
INMET-000898;A999;CO;DF;ESTACAO METEOROLOGICA MOCK MVP;-15.78000000;-47.93000000;1160.00;2026-02-07T09:00:00Z;0.00;887.10;887.50;886.90;1250.30;27.90;18.50;28.90;26.80;19.00;18.10;60.00;51.00;53.00;137.00;4.30;3.30
INMET-000899;A999;CO;DF;ESTACAO METEOROLOGICA MOCK MVP;-15.78000000;-47.93000000;1160.00;2026-02-07T10:00:00Z;0.00;888.20;888.50;888.10;1730.10;28.60;19.50;29.20;27.50;19.80;18.90;59.00;49.00;55.00;215.00;5.50;3.50
INMET-000900;A999;CO;DF;ESTACAO METEOROLOGICA MOCK MVP;-15.78000000;-47.93000000;1160.00;2026-02-07T11:00:00Z;0.00;888.70;889.10;888.30;2020.60;30.10;18.80;30.60;29.50;19.10;18.20;50.00;41.00;43.00;171.00;6.00;3.00
INMET-000901;A999;CO;DF;ESTACAO METEOROLOGICA MOCK MVP;-15.78000000;-47.93000000;1160.00;2026-02-07T12:00:00Z;0.00;889.40;889.90;889.10;1943.70;30.10;19.50;31.10;29.20;20.00;19.00;51.00;42.00;47.00;261.00;7.60;4.00
INMET-000902;A999;CO;DF;ESTACAO METEOROLOGICA MOCK MVP;-15.78000000;-47.93000000;1160.00;2026-02-07T13:00:00Z;0.00;889.80;890.10;889.60;1893.00;30.60;19.00;31.20;29.60;19.30;18.80;48.00;38.00;42.00;201.00;6.90;3.00
INMET-000903;A999;CO;DF;ESTACAO METEOROLOGICA MOCK MVP;-15.78000000;-47.93000000;1160.00;2026-02-07T14:00:00Z;0.00;889.70;890.30;889.20;1702.30;30.70;19.20;31.00;29.70;19.40;18.60;49.00;38.00;42.00;231.00;6.10;1.80
INMET-000904;A999;CO;DF;ESTACAO METEOROLOGICA MOCK MVP;-15.78000000;-47.93000000;1160.00;2026-02-07T15:00:00Z;0.00;888.80;889.00;888.50;1508.00;29.10;18.30;30.00;28.00;18.70;17.60;50.00;42.00;46.00;282.00;7.80;3.40
INMET-000905;A999;CO;DF;ESTACAO METEOROLOGICA MOCK MVP;-15.78000000;-47.93000000;1160.00;2026-02-07T16:00:00Z;0.00;888.10;888.60;888.00;1178.80;28.40;18.20;29.30;27.50;18.40;17.80;51.00;47.00;49.00;310.00;7.00;3.50
INMET-000906;A999;CO;DF;ESTACAO METEOROLOGICA MOCK MVP;-15.78000000;-47.93000000;1160.00;2026-02-07T17:00:00Z;0.00;887.00;887.40;886.60;507.20;27.30;18.40;28.10;26.30;18.50;18.30;57.00;52.00;56.00;349.00;6.10;4.20
INMET-000907;A999;CO;DF;ESTACAO METEOROLOGICA MOCK MVP;-15.78000000;-47.93000000;1160.00;2026-02-07T18:00:00Z;0.00;886.80;887.20;886.60;0.00;25.90;18.20;26.50;25.40;18.70;18.00;66.00;55.00;61.00;326.00;8.70;4.30
INMET-000908;A999;CO;DF;ESTACAO METEOROLOGICA MOCK MVP;-15.78000000;-47.93000000;1160.00;2026-02-07T19:00:00Z;0.00;886.30;886.80;885.70;;24.10;17.20;24.60;23.30;17.60;16.70;71.00;63.00;65.00;280.00;5.30;1.60
INMET-000909;A999;CO;DF;ESTACAO METEOROLOGICA MOCK MVP;-15.78000000;-47.93000000;1160.00;2026-02-07T20:00:00Z;0.00;886.60;887.10;886.50;;23.10;17.70;24.00;22.40;17.80;17.30;77.00;69.00;73.00;340.00;5.40;3.90
INMET-000910;A999;CO;DF;ESTACAO METEOROLOGICA MOCK MVP;-15.78000000;-47.93000000;1160.00;2026-02-07T21:00:00Z;0.00;887.40;887.90;886.90;;21.50;17.60;22.30;20.70;18.30;17.00;82.00;77.00;80.00;343.00;5.90;1.20
INMET-000911;A999;CO;DF;ESTACAO METEOROLOGICA MOCK MVP;-15.78000000;-47.93000000;1160.00;2026-02-07T22:00:00Z;17.40;888.10;888.50;887.60;;16.50;16.30;16.80;15.70;16.70;16.10;100.00;92.00;99.00;31.00;7.00;6.20
INMET-000912;A999;CO;DF;ESTACAO METEOROLOGICA MOCK MVP;-15.78000000;-47.93000000;1160.00;2026-02-07T23:00:00Z;0.00;889.10;889.40;888.50;;20.00;18.00;21.00;19.00;18.30;17.50;96.00;86.00;90.00;65.00;3.80;3.00
INMET-000913;A999;CO;DF;ESTACAO METEOROLOGICA MOCK MVP;-15.78000000;-47.93000000;1160.00;2026-02-08T00:00:00Z;0.00;888.90;889.10;888.40;;17.90;16.90;19.00;17.20;17.10;16.60;97.00;91.00;95.00;39.00;7.20;5.10
INMET-000914;A999;CO;DF;ESTACAO METEOROLOGICA MOCK MVP;-15.78000000;-47.93000000;1160.00;2026-02-08T01:00:00Z;0.00;888.90;889.00;888.60;;17.40;16.20;18.40;16.70;16.70;16.00;96.00;89.00;94.00;125.00;6.10;5.20
INMET-000915;A999;CO;DF;ESTACAO METEOROLOGICA MOCK MVP;-15.78000000;-47.93000000;1160.00;2026-02-08T02:00:00Z;0.00;888.90;889.40;888.70;;17.60;16.70;18.50;17.30;17.00;16.40;100.00;90.00;96.00;91.00;4.60;3.30
INMET-000916;A999;CO;DF;ESTACAO METEOROLOGICA MOCK MVP;-15.78000000;-47.93000000;1160.00;2026-02-08T03:00:00Z;0.00;888.50;888.70;888.20;;18.50;17.10;19.40;17.70;17.60;16.70;100.00;90.00;93.00;90.00;5.40;1.80
INMET-000917;A999;CO;DF;ESTACAO METEOROLOGICA MOCK MVP;-15.78000000;-47.93000000;1160.00;2026-02-08T04:00:00Z;0.00;887.50;888.00;887.10;;19.60;17.50;19.80;18.70;17.90;17.30;91.00;88.00;89.00;79.00;4.80;1.00
INMET-000918;A999;CO;DF;ESTACAO METEOROLOGICA MOCK MVP;-15.78000000;-47.93000000;1160.00;2026-02-08T05:00:00Z;0.00;886.60;887.10;886.40;;20.10;17.10;20.40;19.20;17.70;16.40;88.00;84.00;85.00;197.00;6.20;2.80
INMET-000919;A999;CO;DF;ESTACAO METEOROLOGICA MOCK MVP;-15.78000000;-47.93000000;1160.00;2026-02-08T06:00:00Z;0.00;885.80;885.90;885.20;0.00;22.10;17.70;22.50;21.70;18.00;17.00;84.00;71.00;78.00;174.00;3.80;1.80
INMET-000920;A999;CO;DF;ESTACAO METEOROLOGICA MOCK MVP;-15.78000000;-47.93000000;1160.00;2026-02-08T07:00:00Z;0.00;885.90;886.10;885.50;634.10;24.10;18.50;24.40;23.30;18.90;18.10;76.00;66.00;72.00;136.00;5.00;2.10
INMET-000921;A999;CO;DF;ESTACAO METEOROLOGICA MOCK MVP;-15.78000000;-47.93000000;1160.00;2026-02-08T08:00:00Z;0.00;886.20;886.40;885.80;1266.90;24.60;18.00;25.50;23.60;18.60;17.60;69.00;62.00;67.00;148.00;6.10;4.60
INMET-000922;A999;CO;DF;ESTACAO METEOROLOGICA MOCK MVP;-15.78000000;-47.93000000;1160.00;2026-02-08T09:00:00Z;0.00;886.40;886.60;886.20;1718.60;27.00;18.00;27.80;26.20;18.20;17.40;60.00;50.00;55.00;210.00;4.40;2.20
INMET-000923;A999;CO;DF;ESTACAO METEOROLOGICA MOCK MVP;-15.78000000;-47.93000000;1160.00;2026-02-08T10:00:00Z;0.00;887.50;887.70;887.20;2285.30;28.30;19.40;28.90;27.30;19.60;19.10;62.00;52.00;56.00;207.00;7.70;3.80
INMET-000924;A999;CO;DF;ESTACAO METEOROLOGICA MOCK MVP;-15.78000000;-47.93000000;1160.00;2026-02-08T11:00:00Z;0.00;888.40;888.80;888.00;1994.50;28.20;18.30;28.90;27.10;18.80;18.10;52.00;49.00;51.00;248.00;7.90;4.00
INMET-000925;A999;CO;DF;ESTACAO METEOROLOGICA MOCK MVP;-15.78000000;-47.93000000;1160.00;2026-02-08T12:00:00Z;0.00;888.70;889.10;888.40;1815.60;29.00;19.30;29.20;28.10;19.50;18.90;53.00;50.00;52.00;294.00;8.10;5.00
INMET-000926;A999;CO;DF;ESTACAO METEOROLOGICA MOCK MVP;-15.78000000;-47.93000000;1160.00;2026-02-08T13:00:00Z;0.00;888.90;889.20;888.60;2285.40;29.70;19.10;30.40;29.40;19.80;18.70;51.00;41.00;47.00;211.00;5.50;1.30
INMET-000927;A999;CO;DF;ESTACAO METEOROLOGICA MOCK MVP;-15.78000000;-47.93000000;1160.00;2026-02-08T14:00:00Z;0.00;888.80;889.30;888.60;1650.30;28.90;19.10;30.00;28.30;19.40;18.60;58.00;44.00;51.00;209.00;3.10;2.10
INMET-000928;A999;CO;DF;ESTACAO METEOROLOGICA MOCK MVP;-15.78000000;-47.93000000;1160.00;2026-02-08T15:00:00Z;0.00;888.10;888.50;887.60;1779.70;28.80;18.60;29.30;28.00;19.10;18.20;51.00;45.00;49.00;279.00;3.00;1.10
INMET-000929;A999;CO;DF;ESTACAO METEOROLOGICA MOCK MVP;-15.78000000;-47.93000000;1160.00;2026-02-08T16:00:00Z;0.00;887.50;887.90;887.00;1332.70;28.00;19.50;28.40;27.40;20.00;19.10;64.00;53.00;57.00;288.00;5.70;4.40
INMET-000930;A999;CO;DF;ESTACAO METEOROLOGICA MOCK MVP;-15.78000000;-47.93000000;1160.00;2026-02-08T17:00:00Z;0.00;886.50;886.90;886.00;470.00;26.70;18.50;27.70;26.10;18.80;18.20;64.00;57.00;59.00;323.00;3.10;0.50
INMET-000931;A999;CO;DF;ESTACAO METEOROLOGICA MOCK MVP;-15.78000000;-47.93000000;1160.00;2026-02-08T18:00:00Z;22.50;885.80;886.40;885.30;0.00;22.90;18.60;23.50;22.50;18.90;18.10;81.00;72.00;79.00;286.00;9.40;4.70
INMET-000932;A999;CO;DF;ESTACAO METEOROLOGICA MOCK MVP;-15.78000000;-47.93000000;1160.00;2026-02-08T19:00:00Z;0.00;885.70;885.90;885.20;;24.00;18.40;24.80;23.10;18.80;18.10;76.00;71.00;72.00;286.00;9.10;5.10
INMET-000933;A999;CO;DF;ESTACAO METEOROLOGICA MOCK MVP;-15.78000000;-47.93000000;1160.00;2026-02-08T20:00:00Z;0.00;885.70;886.10;885.60;;21.80;17.10;22.00;20.80;17.40;16.60;80.00;74.00;77.00;34.00;9.00;4.50
INMET-000934;A999;CO;DF;ESTACAO METEOROLOGICA MOCK MVP;-15.78000000;-47.93000000;1160.00;2026-02-08T21:00:00Z;0.00;886.50;887.10;886.10;;21.00;18.00;21.80;19.90;18.30;17.80;89.00;84.00;85.00;0.00;2.30;1.00
INMET-000935;A999;CO;DF;ESTACAO METEOROLOGICA MOCK MVP;-15.78000000;-47.93000000;1160.00;2026-02-08T22:00:00Z;0.00;887.60;888.00;887.10;;19.20;17.50;20.10;18.30;17.70;17.10;98.00;87.00;92.00;342.00;7.60;3.90
INMET-000936;A999;CO;DF;ESTACAO METEOROLOGICA MOCK MVP;-15.78000000;-47.93000000;1160.00;2026-02-08T23:00:00Z;0.00;888.40;889.00;887.80;;18.30;17.10;19.20;18.00;17.70;16.90;100.00;87.00;94.00;357.00;7.30;2.70
INMET-000937;A999;CO;DF;ESTACAO METEOROLOGICA MOCK MVP;-15.78000000;-47.93000000;1160.00;2026-02-09T00:00:00Z;0.00;888.20;888.40;887.80;;17.20;16.40;17.50;16.90;16.80;16.10;100.00;90.00;96.00;129.00;4.20;1.90
INMET-000938;A999;CO;DF;ESTACAO METEOROLOGICA MOCK MVP;-15.78000000;-47.93000000;1160.00;2026-02-09T01:00:00Z;0.00;888.10;888.60;887.60;;16.10;15.30;17.10;15.00;15.80;14.90;100.00;93.00;96.00;60.00;4.60;1.00
INMET-000939;A999;CO;DF;ESTACAO METEOROLOGICA MOCK MVP;-15.78000000;-47.93000000;1160.00;2026-02-09T02:00:00Z;0.00;887.90;888.10;887.60;;16.80;16.40;17.60;16.10;16.70;16.20;100.00;96.00;98.00;103.00;3.40;1.80
INMET-000940;A999;CO;DF;ESTACAO METEOROLOGICA MOCK MVP;-15.78000000;-47.93000000;1160.00;2026-02-09T03:00:00Z;0.00;887.40;887.70;887.10;;18.20;17.80;19.10;17.30;18.00;17.20;100.00;93.00;98.00;177.00;3.70;2.40
INMET-000941;A999;CO;DF;ESTACAO METEOROLOGICA MOCK MVP;-15.78000000;-47.93000000;1160.00;2026-02-09T04:00:00Z;0.00;886.50;886.70;886.00;;18.70;16.20;19.50;17.80;16.40;16.10;94.00;84.00;88.00;86.00;5.70;1.70
INMET-000942;A999;CO;DF;ESTACAO METEOROLOGICA MOCK MVP;-15.78000000;-47.93000000;1160.00;2026-02-09T05:00:00Z;0.00;885.80;886.10;885.50;;20.30;17.80;21.00;19.40;18.20;17.50;91.00;86.00;88.00;184.00;5.70;1.60
INMET-000943;A999;CO;DF;ESTACAO METEOROLOGICA MOCK MVP;-15.78000000;-47.93000000;1160.00;2026-02-09T06:00:00Z;0.00;885.10;885.40;884.70;0.00;20.60;16.20;21.60;19.60;16.80;15.80;85.00;72.00;78.00;195.00;7.10;3.80
INMET-000944;A999;CO;DF;ESTACAO METEOROLOGICA MOCK MVP;-15.78000000;-47.93000000;1160.00;2026-02-09T07:00:00Z;0.00;885.10;885.40;885.00;593.90;22.20;16.50;22.90;22.00;16.70;16.40;77.00;66.00;72.00;149.00;5.00;3.10
INMET-000945;A999;CO;DF;ESTACAO METEOROLOGICA MOCK MVP;-15.78000000;-47.93000000;1160.00;2026-02-09T08:00:00Z;0.00;885.00;885.30;884.50;1096.20;24.00;17.90;24.80;23.20;18.30;17.50;75.00;68.00;69.00;221.00;4.30;1.10
INMET-000946;A999;CO;DF;ESTACAO METEOROLOGICA MOCK MVP;-15.78000000;-47.93000000;1160.00;2026-02-09T09:00:00Z;0.00;885.60;886.10;885.10;1522.20;25.60;18.10;26.50;24.50;18.70;17.90;69.00;60.00;63.00;259.00;3.60;2.50
INMET-000947;A999;CO;DF;ESTACAO METEOROLOGICA MOCK MVP;-15.78000000;-47.93000000;1160.00;2026-02-09T10:00:00Z;0.00;886.70;887.20;886.50;1797.40;26.10;17.10;26.70;25.10;17.50;16.90;58.00;48.00;55.00;271.00;6.10;3.70
INMET-000948;A999;CO;DF;ESTACAO METEOROLOGICA MOCK MVP;-15.78000000;-47.93000000;1160.00;2026-02-09T11:00:00Z;0.00;887.60;888.10;887.40;2651.20;27.80;18.00;28.50;26.90;18.40;17.50;55.00;49.00;51.00;281.00;6.20;4.60
INMET-000949;A999;CO;DF;ESTACAO METEOROLOGICA MOCK MVP;-15.78000000;-47.93000000;1160.00;2026-02-09T12:00:00Z;0.00;888.20;888.80;887.90;2037.80;28.10;18.50;29.20;27.10;19.20;18.00;56.00;47.00;52.00;303.00;3.80;0.60
INMET-000950;A999;CO;DF;ESTACAO METEOROLOGICA MOCK MVP;-15.78000000;-47.93000000;1160.00;2026-02-09T13:00:00Z;0.00;888.10;888.60;887.50;1885.80;28.70;19.50;29.70;27.90;19.70;18.80;61.00;48.00;54.00;263.00;7.90;3.60
INMET-000951;A999;CO;DF;ESTACAO METEOROLOGICA MOCK MVP;-15.78000000;-47.93000000;1160.00;2026-02-09T14:00:00Z;0.00;888.00;888.30;887.90;1630.50;28.50;19.20;29.20;28.30;19.90;19.10;55.00;49.00;53.00;264.00;4.10;0.40
INMET-000952;A999;CO;DF;ESTACAO METEOROLOGICA MOCK MVP;-15.78000000;-47.93000000;1160.00;2026-02-09T15:00:00Z;0.00;887.40;887.60;887.20;1974.40;27.70;18.10;28.70;27.40;18.50;17.50;55.00;47.00;52.00;299.00;6.70;2.90
INMET-000953;A999;CO;DF;ESTACAO METEOROLOGICA MOCK MVP;-15.78000000;-47.93000000;1160.00;2026-02-09T16:00:00Z;0.00;886.80;887.00;886.40;1243.20;27.30;19.30;27.80;26.80;19.70;18.80;61.00;53.00;60.00;317.00;5.90;1.90
INMET-000954;A999;CO;DF;ESTACAO METEOROLOGICA MOCK MVP;-15.78000000;-47.93000000;1160.00;2026-02-09T17:00:00Z;0.00;885.80;886.40;885.70;657.50;25.40;17.10;26.10;24.90;17.30;16.80;60.00;54.00;59.00;345.00;8.10;5.00
INMET-000955;A999;CO;DF;ESTACAO METEOROLOGICA MOCK MVP;-15.78000000;-47.93000000;1160.00;2026-02-09T18:00:00Z;0.00;885.30;885.70;885.00;0.00;24.00;17.20;25.00;23.40;17.70;17.00;70.00;61.00;66.00;268.00;2.30;0.40
INMET-000956;A999;CO;DF;ESTACAO METEOROLOGICA MOCK MVP;-15.78000000;-47.93000000;1160.00;2026-02-09T19:00:00Z;17.90;884.80;885.30;884.50;;18.60;16.30;19.50;17.90;16.70;15.70;92.00;83.00;89.00;293.00;5.20;2.20
INMET-000957;A999;CO;DF;ESTACAO METEOROLOGICA MOCK MVP;-15.78000000;-47.93000000;1160.00;2026-02-09T20:00:00Z;0.00;885.00;885.40;884.50;;21.70;18.10;22.70;20.90;18.30;17.50;87.00;76.00;82.00;341.00;4.80;0.70
INMET-000958;A999;CO;DF;ESTACAO METEOROLOGICA MOCK MVP;-15.78000000;-47.93000000;1160.00;2026-02-09T21:00:00Z;0.00;885.90;886.10;885.70;;19.90;17.70;20.80;19.20;18.10;17.50;91.00;86.00;89.00;330.00;4.20;2.20
INMET-000959;A999;CO;DF;ESTACAO METEOROLOGICA MOCK MVP;-15.78000000;-47.93000000;1160.00;2026-02-09T22:00:00Z;0.00;886.80;887.30;886.40;;19.00;17.10;19.80;18.50;17.80;16.50;97.00;86.00;91.00;16.00;5.40;2.70
INMET-000960;A999;CO;DF;ESTACAO METEOROLOGICA MOCK MVP;-15.78000000;-47.93000000;1160.00;2026-02-09T23:00:00Z;0.00;887.40;887.80;887.20;;18.30;17.90;19.10;17.30;18.30;17.50;99.00;91.00;98.00;58.00;7.30;3.70
INMET-000961;A999;CO;DF;ESTACAO METEOROLOGICA MOCK MVP;-15.78000000;-47.93000000;1160.00;2026-02-10T00:00:00Z;0.00;887.60;887.90;887.20;;16.00;15.40;17.00;15.20;16.00;14.70;100.00;91.00;97.00;58.00;5.40;3.10
INMET-000962;A999;CO;DF;ESTACAO METEOROLOGICA MOCK MVP;-15.78000000;-47.93000000;1160.00;2026-02-10T01:00:00Z;0.00;887.90;888.40;887.40;;15.60;15.20;16.30;15.40;15.70;15.00;100.00;94.00;98.00;143.00;2.80;2.00
INMET-000963;A999;CO;DF;ESTACAO METEOROLOGICA MOCK MVP;-15.78000000;-47.93000000;1160.00;2026-02-10T02:00:00Z;0.00;887.40;887.50;887.20;;16.20;15.80;16.90;15.70;16.50;15.40;100.00;97.00;98.00;104.00;1.30;0.50
INMET-000964;A999;CO;DF;ESTACAO METEOROLOGICA MOCK MVP;-15.78000000;-47.93000000;1160.00;2026-02-10T03:00:00Z;0.00;887.10;887.20;886.90;;17.30;16.50;17.70;16.70;16.80;16.20;98.00;93.00;96.00;151.00;4.10;1.70
INMET-000965;A999;CO;DF;ESTACAO METEOROLOGICA MOCK MVP;-15.78000000;-47.93000000;1160.00;2026-02-10T04:00:00Z;0.00;886.30;886.90;885.80;;17.30;15.90;18.10;17.10;16.40;15.50;98.00;91.00;93.00;180.00;4.70;0.50
INMET-000966;A999;CO;DF;ESTACAO METEOROLOGICA MOCK MVP;-15.78000000;-47.93000000;1160.00;2026-02-10T05:00:00Z;0.00;885.10;885.20;884.60;;18.70;15.90;19.20;18.40;16.10;15.30;92.00;80.00;86.00;104.00;8.00;4.40
INMET-000967;A999;CO;DF;ESTACAO METEOROLOGICA MOCK MVP;-15.78000000;-47.93000000;1160.00;2026-02-10T06:00:00Z;0.00;884.80;885.10;884.30;0.00;20.30;16.30;20.60;19.90;16.60;16.20;82.00;75.00;80.00;183.00;6.00;2.20
INMET-000968;A999;CO;DF;ESTACAO METEOROLOGICA MOCK MVP;-15.78000000;-47.93000000;1160.00;2026-02-10T07:00:00Z;0.00;884.40;884.50;884.30;520.50;22.10;18.20;22.90;21.70;18.50;17.90;86.00;78.00;80.00;131.00;6.40;3.30
INMET-000969;A999;CO;DF;ESTACAO METEOROLOGICA MOCK MVP;-15.78000000;-47.93000000;1160.00;2026-02-10T08:00:00Z;0.00;884.50;884.80;884.40;1081.00;23.80;17.30;24.10;23.30;17.80;17.10;74.00;62.00;67.00;254.00;8.00;3.90
INMET-000970;A999;CO;DF;ESTACAO METEOROLOGICA MOCK MVP;-15.78000000;-47.93000000;1160.00;2026-02-10T09:00:00Z;0.00;885.50;886.00;885.40;1291.00;24.90;17.80;25.20;24.40;18.20;17.60;70.00;60.00;65.00;258.00;3.20;2.20
INMET-000971;A999;CO;DF;ESTACAO METEOROLOGICA MOCK MVP;-15.78000000;-47.93000000;1160.00;2026-02-10T10:00:00Z;0.00;886.20;886.50;885.70;1641.30;25.80;17.70;26.40;25.20;18.30;17.10;66.00;55.00;59.00;244.00;7.10;2.90
INMET-000972;A999;CO;DF;ESTACAO METEOROLOGICA MOCK MVP;-15.78000000;-47.93000000;1160.00;2026-02-10T11:00:00Z;0.00;887.20;887.60;886.80;1907.40;27.40;18.00;27.70;27.00;18.10;17.70;57.00;48.00;53.00;286.00;6.10;4.10
INMET-000973;A999;CO;DF;ESTACAO METEOROLOGICA MOCK MVP;-15.78000000;-47.93000000;1160.00;2026-02-10T12:00:00Z;0.00;887.80;888.30;887.60;2565.10;27.90;18.30;28.10;26.90;18.40;18.00;54.00;49.00;52.00;296.00;2.60;0.80
INMET-000974;A999;CO;DF;ESTACAO METEOROLOGICA MOCK MVP;-15.78000000;-47.93000000;1160.00;2026-02-10T13:00:00Z;0.00;887.90;888.10;887.40;2115.90;27.60;17.80;27.80;27.00;18.40;17.20;54.00;47.00;51.00;287.00;5.60;1.30
INMET-000975;A999;CO;DF;ESTACAO METEOROLOGICA MOCK MVP;-15.78000000;-47.93000000;1160.00;2026-02-10T14:00:00Z;0.00;887.80;888.40;887.30;1685.20;28.10;18.50;28.50;27.30;18.90;18.10;57.00;46.00;52.00;236.00;6.90;4.80
INMET-000976;A999;CO;DF;ESTACAO METEOROLOGICA MOCK MVP;-15.78000000;-47.93000000;1160.00;2026-02-10T15:00:00Z;1.20;887.10;887.40;886.90;537.40;24.40;19.00;25.40;24.10;19.50;18.40;76.00;68.00;73.00;271.00;5.90;2.70
INMET-000977;A999;CO;DF;ESTACAO METEOROLOGICA MOCK MVP;-15.78000000;-47.93000000;1160.00;2026-02-10T16:00:00Z;0.00;886.10;886.60;885.90;1098.00;26.30;17.70;27.20;25.40;18.40;17.30;62.00;55.00;57.00;325.00;6.80;4.10
INMET-000978;A999;CO;DF;ESTACAO METEOROLOGICA MOCK MVP;-15.78000000;-47.93000000;1160.00;2026-02-10T17:00:00Z;0.00;885.30;885.50;885.10;529.30;24.60;17.80;25.00;24.00;18.20;17.50;69.00;65.00;66.00;353.00;4.80;1.20
INMET-000979;A999;CO;DF;ESTACAO METEOROLOGICA MOCK MVP;-15.78000000;-47.93000000;1160.00;2026-02-10T18:00:00Z;0.00;884.40;884.90;883.90;0.00;23.60;16.90;24.10;23.20;17.40;16.30;73.00;61.00;67.00;314.00;6.30;4.20
INMET-000980;A999;CO;DF;ESTACAO METEOROLOGICA MOCK MVP;-15.78000000;-47.93000000;1160.00;2026-02-10T19:00:00Z;0.00;884.30;884.90;884.00;;21.30;16.20;22.00;20.80;16.80;15.80;78.00;71.00;74.00;316.00;7.30;4.50
INMET-000981;A999;CO;DF;ESTACAO METEOROLOGICA MOCK MVP;-15.78000000;-47.93000000;1160.00;2026-02-10T20:00:00Z;0.90;884.40;884.60;884.30;;18.40;18.20;19.20;18.20;18.40;17.70;100.00;98.00;99.00;358.00;6.40;2.80
INMET-000982;A999;CO;DF;ESTACAO METEOROLOGICA MOCK MVP;-15.78000000;-47.93000000;1160.00;2026-02-10T21:00:00Z;0.00;885.30;885.80;885.00;;18.70;15.80;19.00;18.40;16.00;15.40;90.00;84.00;85.00;0.00;5.00;1.50
INMET-000983;A999;CO;DF;ESTACAO METEOROLOGICA MOCK MVP;-15.78000000;-47.93000000;1160.00;2026-02-10T22:00:00Z;0.00;886.10;886.40;885.80;;17.60;17.00;18.70;17.00;17.40;16.80;99.00;94.00;97.00;20.00;5.70;2.20
INMET-000984;A999;CO;DF;ESTACAO METEOROLOGICA MOCK MVP;-15.78000000;-47.93000000;1160.00;2026-02-10T23:00:00Z;0.00;887.10;887.60;886.90;;16.30;15.90;17.10;15.20;16.40;15.60;100.00;96.00;98.00;38.00;4.50;3.60
INMET-000985;A999;CO;DF;ESTACAO METEOROLOGICA MOCK MVP;-15.78000000;-47.93000000;1160.00;2026-02-11T00:00:00Z;0.00;887.50;887.70;887.30;;16.30;15.90;17.20;15.70;16.40;15.50;99.00;94.00;98.00;156.00;6.80;3.10
INMET-000986;A999;CO;DF;ESTACAO METEOROLOGICA MOCK MVP;-15.78000000;-47.93000000;1160.00;2026-02-11T01:00:00Z;0.00;888.10;888.30;887.70;;15.60;15.20;16.50;15.10;15.60;15.00;100.00;92.00;98.00;76.00;;
INMET-000987;A999;CO;DF;ESTACAO METEOROLOGICA MOCK MVP;-15.78000000;-47.93000000;1160.00;2026-02-11T02:00:00Z;0.00;887.70;888.10;887.30;;15.90;15.50;16.90;15.40;15.80;15.10;100.00;97.00;98.00;72.00;5.40;2.50
INMET-000988;A999;CO;DF;ESTACAO METEOROLOGICA MOCK MVP;-15.78000000;-47.93000000;1160.00;2026-02-11T03:00:00Z;0.00;887.30;887.60;887.10;;16.40;16.00;17.30;15.40;16.20;15.80;100.00;93.00;98.00;135.00;5.50;4.30
INMET-000989;A999;CO;DF;ESTACAO METEOROLOGICA MOCK MVP;-15.78000000;-47.93000000;1160.00;2026-02-11T04:00:00Z;0.00;886.20;886.40;885.70;;17.30;16.60;17.80;16.50;16.70;16.40;100.00;90.00;96.00;200.00;7.30;3.30
INMET-000990;A999;CO;DF;ESTACAO METEOROLOGICA MOCK MVP;-15.78000000;-47.93000000;1160.00;2026-02-11T05:00:00Z;0.00;885.30;885.50;885.00;;19.20;16.50;20.30;18.60;16.60;16.40;89.00;81.00;86.00;187.00;9.50;5.10
INMET-000991;A999;CO;DF;ESTACAO METEOROLOGICA MOCK MVP;-15.78000000;-47.93000000;1160.00;2026-02-11T06:00:00Z;0.00;885.00;885.30;884.80;0.00;21.10;17.40;21.40;20.30;17.80;17.20;84.00;76.00;82.00;230.00;2.80;1.40
INMET-000992;A999;CO;DF;ESTACAO METEOROLOGICA MOCK MVP;-15.78000000;-47.93000000;1160.00;2026-02-11T07:00:00Z;0.00;884.70;884.80;884.30;526.70;21.50;16.40;22.30;21.00;17.10;15.80;76.00;70.00;75.00;189.00;8.20;3.50
INMET-000993;A999;CO;DF;ESTACAO METEOROLOGICA MOCK MVP;-15.78000000;-47.93000000;1160.00;2026-02-11T08:00:00Z;0.00;884.90;885.30;884.70;1004.40;23.90;18.70;24.30;22.80;19.20;18.00;77.00;69.00;74.00;222.00;5.20;0.90
INMET-000994;A999;CO;DF;ESTACAO METEOROLOGICA MOCK MVP;-15.78000000;-47.93000000;1160.00;2026-02-11T09:00:00Z;0.00;885.10;885.30;884.90;1772.90;24.50;17.30;25.50;24.30;17.50;16.70;69.00;61.00;64.00;256.00;4.70;0.40
INMET-000995;A999;CO;DF;ESTACAO METEOROLOGICA MOCK MVP;-15.78000000;-47.93000000;1160.00;2026-02-11T10:00:00Z;0.00;886.40;887.00;886.00;2285.50;25.60;17.90;26.60;24.80;18.20;17.20;66.00;58.00;61.00;250.00;3.70;1.20
INMET-000996;A999;CO;DF;ESTACAO METEOROLOGICA MOCK MVP;-15.78000000;-47.93000000;1160.00;2026-02-11T11:00:00Z;0.00;887.10;887.30;886.90;2556.60;27.50;18.40;28.50;26.80;19.00;18.30;61.00;51.00;55.00;253.00;2.60;0.70
INMET-000997;A999;CO;DF;ESTACAO METEOROLOGICA MOCK MVP;-15.78000000;-47.93000000;1160.00;2026-02-11T12:00:00Z;0.00;887.80;888.30;887.50;2454.10;27.60;18.00;28.50;27.30;18.10;17.80;55.00;50.00;52.00;258.00;9.00;4.80
INMET-000998;A999;CO;DF;ESTACAO METEOROLOGICA MOCK MVP;-15.78000000;-47.93000000;1160.00;2026-02-11T13:00:00Z;0.00;888.00;888.30;887.80;2018.80;27.80;18.90;28.50;27.60;19.10;18.60;59.00;51.00;55.00;225.00;3.90;3.20
INMET-000999;A999;CO;DF;ESTACAO METEOROLOGICA MOCK MVP;-15.78000000;-47.93000000;1160.00;2026-02-11T14:00:00Z;0.00;887.90;888.40;887.50;2289.20;28.20;18.60;29.00;28.00;19.20;18.00;56.00;45.00;52.00;328.00;7.80;5.20
INMET-001000;A999;CO;DF;ESTACAO METEOROLOGICA MOCK MVP;-15.78000000;-47.93000000;1160.00;2026-02-11T15:00:00Z;0.00;887.00;887.50;886.70;1314.90;27.60;18.60;28.50;26.90;18.80;18.50;61.00;52.00;55.00;324.00;4.20;0.50
