ID_REGISTRO_NORMALIZADO;CNPJ_NORMALIZADO;VALOR_NUMERICO;CPF_CNPJ;TIPO_PESSOA;TIPO_DEVEDOR;NOME_DEVEDOR;UF_DEVEDOR;UNIDADE_RESPONSAVEL;NUMERO_INSCRICAO;TIPO_SITUACAO_INSCRICAO;SITUACAO_INSCRICAO;RECEITA_PRINCIPAL;DATA_INSCRICAO;INDICADOR_AJUIZADO;VALOR_CONSOLIDADO
NAO_PREVIDENCIARIO-000001;;1160133.13;XXX100.000XX;Pessoa física;SOLIDARIO;CONTRIBUINTE FICTICIO 0001;AC;ACRE;8000000000001;Em cobrança;ATIVA AJUIZADA;Receita da dívida ativa - PIS;20/06/2009;SIM;1160133.13
NAO_PREVIDENCIARIO-000002;96000001000105;185568.91;96.000.001/0001-05;Pessoa jurídica;PRINCIPAL;BOA VISTA OBRAS E SERVICOS LTDA;PA;1ª REGIÃO;8000000104730;Em cobrança;ATIVA A SER COBRADA;Receita da dívida ativa - COFINS;07/11/2004;NAO;185568.91
NAO_PREVIDENCIARIO-000003;96000002000150;491922.05;96.000.002/0001-50;Pessoa jurídica;PRINCIPAL;CAMINHO VERDE OBRAS E SERVICOS LTDA;TO;1ª REGIÃO;8000000209459;Em cobrança;ATIVA A SER COBRADA;Receita da dívida ativa - IRPJ;13/02/2024;NAO;491922.05
NAO_PREVIDENCIARIO-000004;96000003000102;24193.89;96.000.003/0001-02;Pessoa jurídica;PRINCIPAL;CAMPOS DO SUL OBRAS E SERVICOS S.A.;MG;6ª REGIÃO;8000000314188;Em cobrança;ATIVA COM AJUIZAMENTO A SER PROSSEGUIDO;Receita da dívida ativa - CSLL;07/09/2014;SIM;24193.89
NAO_PREVIDENCIARIO-000005;96000004000149;1422666.45;96.000.004/0001-49;Pessoa jurídica;PRINCIPAL;CERRADO OBRAS E SERVICOS LTDA;SE;5ª REGIÃO;8000000418917;Em cobrança;ATIVA A SER COBRADA;Receita da dívida ativa - IRPF;06/03/2000;NAO;1422666.45
NAO_PREVIDENCIARIO-000006;96000005000193;537947.72;96.000.005/0001-93;Pessoa jurídica;PRINCIPAL;COSTA AZUL OBRAS E SERVICOS LTDA;MS;MATO GROSSO DO SUL;8000000523646;Benefício Fiscal;ATIVA AJUIZADA NEGOCIADA NO SISPAR;Receita da dívida ativa - IRRF;01/12/2001;SIM;537947.72
NAO_PREVIDENCIARIO-000007;96000006000138;2202851.01;96.000.006/0001-38;Pessoa jurídica;PRINCIPAL;CRUZEIRO OBRAS E SERVICOS S.A.;SP;3ª REGIÃO;8000000628375;Em cobrança;ATIVA A SER COBRADA;Receita da dívida ativa - Multa - CLT;22/01/2002;NAO;2202851.01
NAO_PREVIDENCIARIO-000008;;1923056.81;XXX155.433XX;Pessoa física;PRINCIPAL;CONTRIBUINTE FICTICIO 0008;MT;1ª REGIÃO;8000000733104;Em cobrança;ATIVA AJUIZADA;DIV.ATIVA-CPMF;07/05/2004;SIM;1923056.81
NAO_PREVIDENCIARIO-000009;96000008000127;1292038.44;96.000.008/0001-27;Pessoa jurídica;PRINCIPAL;HORIZONTE OBRAS E SERVICOS LTDA;SC;4ª REGIÃO;8000000837833;Em cobrança;ATIVA A SER COBRADA;Receita da dívida ativa - Contribuição açúcar e álcool;25/11/1998;NAO;1292038.44
NAO_PREVIDENCIARIO-000010;96000009000171;1773214.72;96.000.009/0001-71;Pessoa jurídica;CORRESPONSAVEL;INTEGRA OBRAS E SERVICOS S.A.;MA;1ª REGIÃO;8000000942562;Em cobrança;ATIVA A SER COBRADA;R D Ativa - Crédito Rural - Prog Nac Fortalec Agric Familiar;25/07/2010;NAO;1773214.72
NAO_PREVIDENCIARIO-000011;96000010000104;522246.46;96.000.010/0001-04;Pessoa jurídica;PRINCIPAL;JARDINS OBRAS E SERVICOS LTDA;RR;RORAIMA;8000001047291;Em cobrança;ATIVA A SER COBRADA;Receita da dívida ativa - PIS;14/10/2011;NAO;522246.46
NAO_PREVIDENCIARIO-000012;90000000000184;1447074.07;90.000.000/0001-84;Pessoa jurídica;PRINCIPAL;MONTE ALTO OBRAS E SERVICOS LTDA;GO;1ª REGIÃO;8000001152020;Suspenso por decisão judicial;ATIVA NAO AJUIZAVEL COM EXIGIBILIDADE DO CREDITO SUSPENSA-DEC.JUDICIAL;Receita da dívida ativa - COFINS;04/07/2007;NAO;1447074.07
NAO_PREVIDENCIARIO-000013;96000012000195;1750563.06;96.000.012/0001-95;Pessoa jurídica;PRINCIPAL;NOVA ERA OBRAS E SERVICOS S.A.;RO;1ª REGIÃO;8000001256749;Em cobrança;ATIVA A SER COBRADA;Receita da dívida ativa - IRPJ;13/02/2002;NAO;1750563.06
NAO_PREVIDENCIARIO-000014;96000013000130;2038537.97;96.000.013/0001-30;Pessoa jurídica;PRINCIPAL;PIONEIRA OBRAS E SERVICOS LTDA;ES;2ª REGIÃO;8000001361478;Em cobrança;ATIVA NAO PRIORIZADA PARA AJUIZAMENTO;Receita da dívida ativa - CSLL;30/10/2017;SIM;2038537.97
NAO_PREVIDENCIARIO-000015;;1258506.11;XXX210.866XX;Pessoa física;PRINCIPAL;CONTRIBUINTE FICTICIO 0015;RS;4ª REGIÃO;8000001466207;Em cobrança;ATIVA A SER COBRADA;Receita da dívida ativa - IRPF;18/03/2000;NAO;1258506.11
NAO_PREVIDENCIARIO-000016;96000015000129;2019294.22;96.000.015/0001-29;Pessoa jurídica;PRINCIPAL;RIO CLARO OBRAS E SERVICOS S.A.;DF;DISTRITO FEDERAL;8000001570936;Em cobrança;ATIVA A SER COBRADA;Receita da dívida ativa - IRRF;31/01/2017;NAO;2019294.22
NAO_PREVIDENCIARIO-000017;96000016000173;1779508.14;96.000.016/0001-73;Pessoa jurídica;PRINCIPAL;SERRA DOURADA OBRAS E SERVICOS LTDA;RN;5ª REGIÃO;8000001675665;Em cobrança;ATIVA A SER COBRADA;Receita da dívida ativa - Multa - CLT;30/06/2011;NAO;1779508.14
NAO_PREVIDENCIARIO-000018;96000017000118;1748530.91;96.000.017/0001-18;Pessoa jurídica;PRINCIPAL;SOL NASCENTE OBRAS E SERVICOS LTDA;CE;5ª REGIÃO;8000001780394;Garantia;ATIVA AJUIZADA;DIV.ATIVA-CPMF;13/04/1998;SIM;1748530.91
NAO_PREVIDENCIARIO-000019;96000018000162;165362.27;96.000.018/0001-62;Pessoa jurídica;CORRESPONSAVEL;VALE FORTE OBRAS E SERVICOS S.A.;RJ;2ª REGIÃO;8000001885123;Em cobrança;ATIVA A SER COBRADA;Receita da dívida ativa - Contribuição açúcar e álcool;13/04/2014;NAO;165362.27
NAO_PREVIDENCIARIO-000020;96000019000107;671166.70;96.000.019/0001-07;Pessoa jurídica;PRINCIPAL;VILA NOVA OBRAS E SERVICOS LTDA;BA;1ª REGIÃO;8000001989852;Em cobrança;ATIVA A SER COBRADA;R D Ativa - Crédito Rural - Prog Nac Fortalec Agric Familiar;31/08/2002;NAO;671166.70
NAO_PREVIDENCIARIO-000021;96000020000131;1820760.25;96.000.020/0001-31;Pessoa jurídica;PRINCIPAL;ALVORADA PRODUTOS AGRICOLAS LTDA;PI;PIAUI;8000002094581;Em cobrança;ATIVA AJUIZADA;Receita da dívida ativa - PIS;11/08/1999;SIM;1820760.25
NAO_PREVIDENCIARIO-000022;;1148904.33;XXX266.299XX;Pessoa física;PRINCIPAL;CONTRIBUINTE FICTICIO 0022;AM;1ª REGIÃO;8000002199310;Em cobrança;ATIVA A SER COBRADA;Receita da dívida ativa - COFINS;25/07/1999;NAO;1148904.33
NAO_PREVIDENCIARIO-000023;96000022000120;1168108.51;96.000.022/0001-20;Pessoa jurídica;PRINCIPAL;CAMINHO VERDE PRODUTOS AGRICOLAS LTDA;PE;5ª REGIÃO;8000002304039;Em cobrança;ATIVA A SER COBRADA;Receita da dívida ativa - IRPJ;25/11/2010;NAO;1168108.51
NAO_PREVIDENCIARIO-000024;96000023000175;995710.72;96.000.023/0001-75;Pessoa jurídica;PRINCIPAL;CAMPOS DO SUL PRODUTOS AGRICOLAS LTDA;AP;1ª REGIÃO;8000002408768;Em cobrança;ATIVA COM AJUIZAMENTO A SER PROSSEGUIDO;Receita da dívida ativa - CSLL;13/04/2018;SIM;995710.72
NAO_PREVIDENCIARIO-000025;96000024000110;520223.20;96.000.024/0001-10;Pessoa jurídica;PRINCIPAL;CERRADO PRODUTOS AGRICOLAS S.A.;PR;4ª REGIÃO;8000002513497;Em cobrança;ATIVA A SER COBRADA;Receita da dívida ativa - IRPF;08/10/2005;NAO;520223.20
NAO_PREVIDENCIARIO-000026;96000025000164;2411042.15;96.000.025/0001-64;Pessoa jurídica;PRINCIPAL;COSTA AZUL PRODUTOS AGRICOLAS LTDA;AL;ALAGOAS;8000002618226;Benefício Fiscal;ATIVA AJUIZADA NEGOCIADA NO SISPAR;Receita da dívida ativa - IRRF;01/10/2001;SIM;2411042.15
NAO_PREVIDENCIARIO-000027;96000026000109;373540.09;96.000.026/0001-09;Pessoa jurídica;PRINCIPAL;CRUZEIRO PRODUTOS AGRICOLAS LTDA;PB;5ª REGIÃO;8000002722955;Em cobrança;ATIVA A SER COBRADA;Receita da dívida ativa - Multa - CLT;08/11/2024;NAO;373540.09
NAO_PREVIDENCIARIO-000028;96000027000153;633767.89;96.000.027/0001-53;Pessoa jurídica;CORRESPONSAVEL;ESTRELA DO NORTE PRODUTOS AGRICOLAS S.A.;AC;1ª REGIÃO;8000002827684;Em cobrança;ATIVA AJUIZADA;DIV.ATIVA-CPMF;28/07/1998;SIM;633767.89
NAO_PREVIDENCIARIO-000029;;2251690.37;XXX321.732XX;Pessoa física;PRINCIPAL;CONTRIBUINTE FICTICIO 0029;PA;1ª REGIÃO;8000002932413;Em cobrança;ATIVA A SER COBRADA;Receita da dívida ativa - Contribuição açúcar e álcool;06/11/2019;NAO;2251690.37
NAO_PREVIDENCIARIO-000030;96000029000142;1258580.87;96.000.029/0001-42;Pessoa jurídica;PRINCIPAL;INTEGRA PRODUTOS AGRICOLAS LTDA;TO;1ª REGIÃO;8000003037142;Em cobrança;ATIVA A SER COBRADA;R D Ativa - Crédito Rural - Prog Nac Fortalec Agric Familiar;21/06/2006;NAO;1258580.87
NAO_PREVIDENCIARIO-000031;96000030000177;858928.15;96.000.030/0001-77;Pessoa jurídica;PRINCIPAL;JARDINS PRODUTOS AGRICOLAS S.A.;MG;MINAS GERAIS;8000003141871;Em cobrança;ATIVA A SER COBRADA;Receita da dívida ativa - PIS;21/10/2010;NAO;858928.15
NAO_PREVIDENCIARIO-000032;96000031000111;789918.57;96.000.031/0001-11;Pessoa jurídica;PRINCIPAL;MONTE ALTO PRODUTOS AGRICOLAS LTDA;SE;5ª REGIÃO;8000003246600;Suspenso por decisão judicial;ATIVA NAO AJUIZAVEL COM EXIGIBILIDADE DO CREDITO SUSPENSA-DEC.JUDICIAL;Receita da dívida ativa - COFINS;06/08/2012;NAO;789918.57
NAO_PREVIDENCIARIO-000033;96000032000166;423710.76;96.000.032/0001-66;Pessoa jurídica;PRINCIPAL;NOVA ERA PRODUTOS AGRICOLAS LTDA;MS;1ª REGIÃO;8000003351329;Em cobrança;ATIVA A SER COBRADA;Receita da dívida ativa - IRPJ;20/08/2024;NAO;423710.76
NAO_PREVIDENCIARIO-000034;90000003000118;623652.85;90.000.003/0001-18;Pessoa jurídica;PRINCIPAL;PIONEIRA PRODUTOS AGRICOLAS S.A.;SP;3ª REGIÃO;8000003456058;Em cobrança;ATIVA NAO PRIORIZADA PARA AJUIZAMENTO;Receita da dívida ativa - CSLL;14/10/2013;SIM;623652.85
NAO_PREVIDENCIARIO-000035;96000034000155;744167.62;96.000.034/0001-55;Pessoa jurídica;PRINCIPAL;PLANALTO PRODUTOS AGRICOLAS LTDA;MT;1ª REGIÃO;8000003560787;Em cobrança;ATIVA A SER COBRADA;Receita da dívida ativa - IRPF;30/09/2014;NAO;744167.62
NAO_PREVIDENCIARIO-000036;;280761.98;XXX377.165XX;Pessoa física;PRINCIPAL;CONTRIBUINTE FICTICIO 0036;SC;SANTA CATARINA;8000003665516;Em cobrança;ATIVA A SER COBRADA;Receita da dívida ativa - IRRF;31/07/2006;NAO;280761.98
NAO_PREVIDENCIARIO-000037;96000036000144;1564768.78;96.000.036/0001-44;Pessoa jurídica;CORRESPONSAVEL;SERRA DOURADA PRODUTOS AGRICOLAS S.A.;MA;1ª REGIÃO;8000003770245;Em cobrança;ATIVA A SER COBRADA;Receita da dívida ativa - Multa - CLT;25/09/2025;NAO;1564768.78
NAO_PREVIDENCIARIO-000038;96000037000199;1336033.29;96.000.037/0001-99;Pessoa jurídica;PRINCIPAL;SOL NASCENTE PRODUTOS AGRICOLAS LTDA;RR;1ª REGIÃO;8000003874974;Garantia;ATIVA AJUIZADA;DIV.ATIVA-CPMF;21/11/2000;SIM;1336033.29
NAO_PREVIDENCIARIO-000039;96000038000133;2043678.92;96.000.038/0001-33;Pessoa jurídica;PRINCIPAL;VALE FORTE PRODUTOS AGRICOLAS LTDA;GO;1ª REGIÃO;8000003979703;Em cobrança;ATIVA A SER COBRADA;Receita da dívida ativa - Contribuição açúcar e álcool;04/08/2019;NAO;2043678.92
NAO_PREVIDENCIARIO-000040;96000039000188;1613580.08;96.000.039/0001-88;Pessoa jurídica;PRINCIPAL;VILA NOVA PRODUTOS AGRICOLAS S.A.;RO;1ª REGIÃO;8000004084432;Em cobrança;ATIVA A SER COBRADA;R D Ativa - Crédito Rural - Prog Nac Fortalec Agric Familiar;13/04/2004;NAO;1613580.08
NAO_PREVIDENCIARIO-000041;96000040000102;193257.84;96.000.040/0001-02;Pessoa jurídica;PRINCIPAL;ALVORADA TECNOLOGIA LTDA;ES;ESPIRITO SANTO;8000004189161;Em cobrança;ATIVA AJUIZADA;Receita da dívida ativa - PIS;22/12/2011;SIM;193257.84
NAO_PREVIDENCIARIO-000042;96000041000157;2342850.94;96.000.041/0001-57;Pessoa jurídica;PRINCIPAL;BOA VISTA TECNOLOGIA LTDA;RS;4ª REGIÃO;8000004293890;Em cobrança;ATIVA A SER COBRADA;Receita da dívida ativa - COFINS;18/07/2016;NAO;2342850.94
NAO_PREVIDENCIARIO-000043;;300943.38;XXX432.598XX;Pessoa física;PRINCIPAL;CONTRIBUINTE FICTICIO 0043;DF;1ª REGIÃO;8000004398619;Em cobrança;ATIVA A SER COBRADA;Receita da dívida ativa - IRPJ;14/03/2006;NAO;300943.38
NAO_PREVIDENCIARIO-000044;96000043000146;1597365.19;96.000.043/0001-46;Pessoa jurídica;PRINCIPAL;CAMPOS DO SUL TECNOLOGIA LTDA;RN;5ª REGIÃO;8000004503348;Em cobrança;ATIVA COM AJUIZAMENTO A SER PROSSEGUIDO;Receita da dívida ativa - CSLL;09/04/2024;SIM;1597365.19
NAO_PREVIDENCIARIO-000045;96000044000190;1965227.62;96.000.044/0001-90;Pessoa jurídica;PRINCIPAL;CERRADO TECNOLOGIA LTDA;CE;5ª REGIÃO;8000004608077;Em cobrança;ATIVA A SER COBRADA;Receita da dívida ativa - IRPF;15/05/2017;NAO;1965227.62
NAO_PREVIDENCIARIO-000046;96000045000135;459582.65;96.000.045/0001-35;Pessoa jurídica;CORRESPONSAVEL;COSTA AZUL TECNOLOGIA S.A.;RJ;RIO DE JANEIRO;8000004712806;Benefício Fiscal;ATIVA AJUIZADA NEGOCIADA NO SISPAR;Receita da dívida ativa - IRRF;11/11/2020;SIM;459582.65
NAO_PREVIDENCIARIO-000047;96000046000180;2432.43;96.000.046/0001-80;Pessoa jurídica;PRINCIPAL;CRUZEIRO TECNOLOGIA LTDA;BA;1ª REGIÃO;8000004817535;Em cobrança;ATIVA A SER COBRADA;Receita da dívida ativa - Multa - CLT;22/12/2001;NAO;2432.43
NAO_PREVIDENCIARIO-000048;96000047000124;1483691.36;96.000.047/0001-24;Pessoa jurídica;PRINCIPAL;ESTRELA DO NORTE TECNOLOGIA LTDA;PI;1ª REGIÃO;8000004922264;Em cobrança;ATIVA AJUIZADA;DIV.ATIVA-CPMF;09/12/1998;SIM;1483691.36
NAO_PREVIDENCIARIO-000049;96000048000179;106745.15;96.000.048/0001-79;Pessoa jurídica;PRINCIPAL;HORIZONTE TECNOLOGIA S.A.;AM;1ª REGIÃO;8000005026993;Em cobrança;ATIVA A SER COBRADA;Receita da dívida ativa - Contribuição açúcar e álcool;15/08/1999;NAO;106745.15
NAO_PREVIDENCIARIO-000050;;2151431.57;XXX488.031XX;Pessoa física;PRINCIPAL;CONTRIBUINTE FICTICIO 0050;PE;5ª REGIÃO;8000005131722;Em cobrança;ATIVA A SER COBRADA;R D Ativa - Crédito Rural - Prog Nac Fortalec Agric Familiar;20/10/2011;NAO;2151431.57
NAO_PREVIDENCIARIO-000051;96000050000148;774890.50;96.000.050/0001-48;Pessoa jurídica;PRINCIPAL;JARDINS TECNOLOGIA LTDA;AP;AMAPA;8000005236451;Em cobrança;ATIVA A SER COBRADA;Receita da dívida ativa - PIS;03/01/2003;NAO;774890.50
NAO_PREVIDENCIARIO-000052;96000051000192;1639949.47;96.000.051/0001-92;Pessoa jurídica;PRINCIPAL;MONTE ALTO TECNOLOGIA S.A.;PR;4ª REGIÃO;8000005341180;Suspenso por decisão judicial;ATIVA NAO AJUIZAVEL COM EXIGIBILIDADE DO CREDITO SUSPENSA-DEC.JUDICIAL;Receita da dívida ativa - COFINS;27/09/2008;NAO;1639949.47
NAO_PREVIDENCIARIO-000053;96000052000137;124029.57;96.000.052/0001-37;Pessoa jurídica;PRINCIPAL;NOVA ERA TECNOLOGIA LTDA;AL;5ª REGIÃO;8000005445909;Em cobrança;ATIVA A SER COBRADA;Receita da dívida ativa - IRPJ;05/08/2019;NAO;124029.57
NAO_PREVIDENCIARIO-000054;96000053000181;2348329.14;96.000.053/0001-81;Pessoa jurídica;PRINCIPAL;PIONEIRA TECNOLOGIA LTDA;PB;5ª REGIÃO;8000005550638;Em cobrança;ATIVA NAO PRIORIZADA PARA AJUIZAMENTO;Receita da dívida ativa - CSLL;20/12/2010;SIM;2348329.14
NAO_PREVIDENCIARIO-000055;96000054000126;1862551.75;96.000.054/0001-26;Pessoa jurídica;CORRESPONSAVEL;PLANALTO TECNOLOGIA S.A.;AC;1ª REGIÃO;8000005655367;Em cobrança;ATIVA A SER COBRADA;Receita da dívida ativa - IRPF;18/03/2026;NAO;1862551.75
NAO_PREVIDENCIARIO-000056;90000018000186;753506.10;90.000.018/0001-86;Pessoa jurídica;PRINCIPAL;RIO CLARO TECNOLOGIA LTDA;PA;PARA;8000005760096;Em cobrança;ATIVA A SER COBRADA;Receita da dívida ativa - IRRF;27/04/2005;NAO;753506.10
NAO_PREVIDENCIARIO-000057;;298020.75;XXX543.464XX;Pessoa física;PRINCIPAL;CONTRIBUINTE FICTICIO 0057;TO;1ª REGIÃO;8000005864825;Em cobrança;ATIVA A SER COBRADA;Receita da dívida ativa - Multa - CLT;02/06/2009;NAO;298020.75
NAO_PREVIDENCIARIO-000058;96000057000160;288520.88;96.000.057/0001-60;Pessoa jurídica;PRINCIPAL;SOL NASCENTE TECNOLOGIA S.A.;MG;6ª REGIÃO;8000005969554;Garantia;ATIVA AJUIZADA;DIV.ATIVA-CPMF;23/09/2022;SIM;288520.88
NAO_PREVIDENCIARIO-000059;96000058000104;2385910.45;96.000.058/0001-04;Pessoa jurídica;PRINCIPAL;VALE FORTE TECNOLOGIA LTDA;SE;5ª REGIÃO;8000006074283;Em cobrança;ATIVA A SER COBRADA;Receita da dívida ativa - Contribuição açúcar e álcool;18/07/2006;NAO;2385910.45
NAO_PREVIDENCIARIO-000060;96000059000159;2066606.17;96.000.059/0001-59;Pessoa jurídica;PRINCIPAL;VILA NOVA TECNOLOGIA LTDA;MS;1ª REGIÃO;8000006179012;Em cobrança;ATIVA A SER COBRADA;R D Ativa - Crédito Rural - Prog Nac Fortalec Agric Familiar;02/11/2020;NAO;2066606.17
NAO_PREVIDENCIARIO-000061;96000060000183;458161.56;96.000.060/0001-83;Pessoa jurídica;PRINCIPAL;ALVORADA TRANSPORTES S.A.;SP;SAO PAULO;8000006283741;Em cobrança;ATIVA AJUIZADA;Receita da dívida ativa - PIS;10/07/2012;SIM;458161.56
NAO_PREVIDENCIARIO-000062;96000061000128;2394335.82;96.000.061/0001-28;Pessoa jurídica;PRINCIPAL;BOA VISTA TRANSPORTES LTDA;MT;1ª REGIÃO;8000006388470;Em cobrança;ATIVA A SER COBRADA;Receita da dívida ativa - COFINS;22/07/2023;NAO;2394335.82
NAO_PREVIDENCIARIO-000063;96000062000172;2381685.18;96.000.062/0001-72;Pessoa jurídica;PRINCIPAL;CAMINHO VERDE TRANSPORTES LTDA;SC;4ª REGIÃO;8000006493199;Em cobrança;ATIVA A SER COBRADA;Receita da dívida ativa - IRPJ;05/09/2023;NAO;2381685.18
NAO_PREVIDENCIARIO-000064;;1643819.28;XXX598.897XX;Pessoa física;CORRESPONSAVEL;CONTRIBUINTE FICTICIO 0064;MA;1ª REGIÃO;8000006597928;Em cobrança;ATIVA COM AJUIZAMENTO A SER PROSSEGUIDO;Receita da dívida ativa - CSLL;11/08/2008;SIM;1643819.28
NAO_PREVIDENCIARIO-000065;96000064000161;1538093.91;96.000.064/0001-61;Pessoa jurídica;PRINCIPAL;CERRADO TRANSPORTES LTDA;RR;1ª REGIÃO;8000006702657;Em cobrança;ATIVA A SER COBRADA;Receita da dívida ativa - IRPF;09/04/2012;NAO;1538093.91
NAO_PREVIDENCIARIO-000066;96000065000106;2180859.78;96.000.065/0001-06;Pessoa jurídica;PRINCIPAL;COSTA AZUL TRANSPORTES LTDA;GO;GOIAS;8000006807386;Benefício Fiscal;ATIVA AJUIZADA NEGOCIADA NO SISPAR;Receita da dívida ativa - IRRF;12/03/2010;SIM;2180859.78
NAO_PREVIDENCIARIO-000067;96000066000150;2124156.77;96.000.066/0001-50;Pessoa jurídica;PRINCIPAL;CRUZEIRO TRANSPORTES S.A.;RO;1ª REGIÃO;8000006912115;Em cobrança;ATIVA A SER COBRADA;Receita da dívida ativa - Multa - CLT;21/04/2003;NAO;2124156.77
NAO_PREVIDENCIARIO-000068;96000067000103;1168969.84;96.000.067/0001-03;Pessoa jurídica;PRINCIPAL;ESTRELA DO NORTE TRANSPORTES LTDA;ES;2ª REGIÃO;8000007016844;Em cobrança;ATIVA AJUIZADA;DIV.ATIVA-CPMF;07/01/1999;SIM;1168969.84
NAO_PREVIDENCIARIO-000069;96000068000140;912908.58;96.000.068/0001-40;Pessoa jurídica;PRINCIPAL;HORIZONTE TRANSPORTES LTDA;RS;4ª REGIÃO;8000007121573;Em cobrança;ATIVA A SER COBRADA;Receita da dívida ativa - Contribuição açúcar e álcool;03/08/2004;NAO;912908.58
NAO_PREVIDENCIARIO-000070;96000069000194;2192832.36;96.000.069/0001-94;Pessoa jurídica;PRINCIPAL;INTEGRA TRANSPORTES S.A.;DF;1ª REGIÃO;8000007226302;Em cobrança;ATIVA A SER COBRADA;R D Ativa - Crédito Rural - Prog Nac Fortalec Agric Familiar;24/01/2021;NAO;2192832.36
NAO_PREVIDENCIARIO-000071;;2227699.96;XXX654.330XX;Pessoa física;PRINCIPAL;CONTRIBUINTE FICTICIO 0071;RN;RIO GRANDE DO NORTE;8000007331031;Em cobrança;ATIVA A SER COBRADA;Receita da dívida ativa - PIS;11/05/2004;NAO;2227699.96
NAO_PREVIDENCIARIO-000072;96000071000163;274790.94;96.000.071/0001-63;Pessoa jurídica;PRINCIPAL;MONTE ALTO TRANSPORTES LTDA;CE;5ª REGIÃO;8000007435760;Suspenso por decisão judicial;ATIVA NAO AJUIZAVEL COM EXIGIBILIDADE DO CREDITO SUSPENSA-DEC.JUDICIAL;Receita da dívida ativa - COFINS;12/09/2000;NAO;274790.94
NAO_PREVIDENCIARIO-000073;96000072000108;1016688.76;96.000.072/0001-08;Pessoa jurídica;CORRESPONSAVEL;NOVA ERA TRANSPORTES S.A.;RJ;2ª REGIÃO;8000007540489;Em cobrança;ATIVA A SER COBRADA;Receita da dívida ativa - IRPJ;20/02/2001;NAO;1016688.76
NAO_PREVIDENCIARIO-000074;96000073000152;475347.67;96.000.073/0001-52;Pessoa jurídica;PRINCIPAL;PIONEIRA TRANSPORTES LTDA;BA;1ª REGIÃO;8000007645218;Em cobrança;ATIVA NAO PRIORIZADA PARA AJUIZAMENTO;Receita da dívida ativa - CSLL;07/01/2017;SIM;475347.67
NAO_PREVIDENCIARIO-000075;96000074000105;2030688.86;96.000.074/0001-05;Pessoa jurídica;PRINCIPAL;PLANALTO TRANSPORTES LTDA;PI;1ª REGIÃO;8000007749947;Em cobrança;ATIVA A SER COBRADA;Receita da dívida ativa - IRPF;25/05/2009;NAO;2030688.86
NAO_PREVIDENCIARIO-000076;96000075000141;902961.96;96.000.075/0001-41;Pessoa jurídica;PRINCIPAL;RIO CLARO TRANSPORTES S.A.;AM;AMAZONAS;8000007854676;Em cobrança;ATIVA A SER COBRADA;Receita da dívida ativa - IRRF;17/07/2017;NAO;902961.96
NAO_PREVIDENCIARIO-000077;96000076000196;1242507.37;96.000.076/0001-96;Pessoa jurídica;PRINCIPAL;SERRA DOURADA TRANSPORTES LTDA;PE;5ª REGIÃO;8000007959405;Em cobrança;ATIVA A SER COBRADA;Receita da dívida ativa - Multa - CLT;14/01/2020;NAO;1242507.37
NAO_PREVIDENCIARIO-000078;90000020000155;1574038.82;90.000.020/0001-55;Pessoa jurídica;PRINCIPAL;SOL NASCENTE TRANSPORTES LTDA;AP;1ª REGIÃO;8000008064134;Garantia;ATIVA AJUIZADA;DIV.ATIVA-CPMF;14/04/2020;SIM;1574038.82
NAO_PREVIDENCIARIO-000079;96000078000185;1260416.08;96.000.078/0001-85;Pessoa jurídica;PRINCIPAL;VALE FORTE TRANSPORTES S.A.;PR;4ª REGIÃO;8000008168863;Em cobrança;ATIVA A SER COBRADA;Receita da dívida ativa - Contribuição açúcar e álcool;23/11/2015;NAO;1260416.08
NAO_PREVIDENCIARIO-000080;96000079000120;1196149.94;96.000.079/0001-20;Pessoa jurídica;PRINCIPAL;VILA NOVA TRANSPORTES LTDA;AL;5ª REGIÃO;8000008273592;Em cobrança;ATIVA A SER COBRADA;R D Ativa - Crédito Rural - Prog Nac Fortalec Agric Familiar;14/06/2010;NAO;1196149.94
NAO_PREVIDENCIARIO-000081;96000080000154;622898.10;96.000.080/0001-54;Pessoa jurídica;PRINCIPAL;ALVORADA ALIMENTOS LTDA;PB;PARAIBA;8000008378321;Em cobrança;ATIVA AJUIZADA;Receita da dívida ativa - PIS;31/01/2007;SIM;622898.10
NAO_PREVIDENCIARIO-000082;96000081000107;2068346.18;96.000.081/0001-07;Pessoa jurídica;CORRESPONSAVEL;BOA VISTA ALIMENTOS S.A.;AC;1ª REGIÃO;8000008483050;Em cobrança;ATIVA A SER COBRADA;Receita da dívida ativa - COFINS;14/10/1998;NAO;2068346.18
NAO_PREVIDENCIARIO-000083;96000082000143;2479205.70;96.000.082/0001-43;Pessoa jurídica;PRINCIPAL;CAMINHO VERDE ALIMENTOS LTDA;PA;1ª REGIÃO;8000008587779;Em cobrança;ATIVA A SER COBRADA;Receita da dívida ativa - IRPJ;19/02/2001;NAO;2479205.70
NAO_PREVIDENCIARIO-000084;96000083000198;1420434.70;96.000.083/0001-98;Pessoa jurídica;PRINCIPAL;CAMPOS DO SUL ALIMENTOS LTDA;TO;1ª REGIÃO;8000008692508;Em cobrança;ATIVA COM AJUIZAMENTO A SER PROSSEGUIDO;Receita da dívida ativa - CSLL;08/05/2003;SIM;1420434.70
NAO_PREVIDENCIARIO-000085;;1291520.21;XXX765.196XX;Pessoa física;PRINCIPAL;CONTRIBUINTE FICTICIO 0085;MG;6ª REGIÃO;8000008797237;Em cobrança;ATIVA A SER COBRADA;Receita da dívida ativa - IRPF;04/01/2001;NAO;1291520.21
NAO_PREVIDENCIARIO-000086;96000085000187;634269.36;96.000.085/0001-87;Pessoa jurídica;PRINCIPAL;COSTA AZUL ALIMENTOS LTDA;SE;SERGIPE;8000008901966;Benefício Fiscal;ATIVA AJUIZADA NEGOCIADA NO SISPAR;Receita da dívida ativa - IRRF;23/08/2008;SIM;634269.36
NAO_PREVIDENCIARIO-000087;96000086000121;1812619.95;96.000.086/0001-21;Pessoa jurídica;PRINCIPAL;CRUZEIRO ALIMENTOS LTDA;MS;1ª REGIÃO;8000009006695;Em cobrança;ATIVA A SER COBRADA;Receita da dívida ativa - Multa - CLT;13/02/2017;NAO;1812619.95
NAO_PREVIDENCIARIO-000088;96000087000176;1919557.69;96.000.087/0001-76;Pessoa jurídica;PRINCIPAL;ESTRELA DO NORTE ALIMENTOS S.A.;SP;3ª REGIÃO;8000009111424;Em cobrança;ATIVA AJUIZADA;DIV.ATIVA-CPMF;09/01/2020;SIM;1919557.69
NAO_PREVIDENCIARIO-000089;96000088000110;226917.12;96.000.088/0001-10;Pessoa jurídica;PRINCIPAL;HORIZONTE ALIMENTOS LTDA;MT;1ª REGIÃO;8000009216153;Em cobrança;ATIVA A SER COBRADA;Receita da dívida ativa - Contribuição açúcar e álcool;21/04/2001;NAO;226917.12
NAO_PREVIDENCIARIO-000090;96000089000165;138942.95;96.000.089/0001-65;Pessoa jurídica;PRINCIPAL;INTEGRA ALIMENTOS LTDA;SC;4ª REGIÃO;8000009320882;Em cobrança;ATIVA A SER COBRADA;R D Ativa - Crédito Rural - Prog Nac Fortalec Agric Familiar;28/01/2025;NAO;138942.95
NAO_PREVIDENCIARIO-000091;96000090000190;457419.62;96.000.090/0001-90;Pessoa jurídica;CORRESPONSAVEL;JARDINS ALIMENTOS S.A.;MA;MARANHAO;8000009425611;Em cobrança;ATIVA A SER COBRADA;Receita da dívida ativa - PIS;06/07/2016;NAO;457419.62
NAO_PREVIDENCIARIO-000092;;600454.65;XXX820.629XX;Pessoa física;PRINCIPAL;CONTRIBUINTE FICTICIO 0092;RR;1ª REGIÃO;8000009530340;Suspenso por decisão judicial;ATIVA NAO AJUIZAVEL COM EXIGIBILIDADE DO CREDITO SUSPENSA-DEC.JUDICIAL;Receita da dívida ativa - COFINS;28/09/2022;NAO;600454.65
NAO_PREVIDENCIARIO-000093;96000092000189;1776028.67;96.000.092/0001-89;Pessoa jurídica;PRINCIPAL;NOVA ERA ALIMENTOS LTDA;GO;1ª REGIÃO;8000009635069;Em cobrança;ATIVA A SER COBRADA;Receita da dívida ativa - IRPJ;07/01/2023;NAO;1776028.67
NAO_PREVIDENCIARIO-000094;96000093000123;1767036.03;96.000.093/0001-23;Pessoa jurídica;PRINCIPAL;PIONEIRA ALIMENTOS S.A.;RO;1ª REGIÃO;8000009739798;Em cobrança;ATIVA NAO PRIORIZADA PARA AJUIZAMENTO;Receita da dívida ativa - CSLL;26/12/2002;SIM;1767036.03
NAO_PREVIDENCIARIO-000095;96000094000178;1971798.24;96.000.094/0001-78;Pessoa jurídica;PRINCIPAL;PLANALTO ALIMENTOS LTDA;ES;2ª REGIÃO;8000009844527;Em cobrança;ATIVA A SER COBRADA;Receita da dívida ativa - IRPF;05/02/2008;NAO;1971798.24
NAO_PREVIDENCIARIO-000096;96000095000112;2449171.92;96.000.095/0001-12;Pessoa jurídica;PRINCIPAL;RIO CLARO ALIMENTOS LTDA;RS;RIO GRANDE DO SUL;8000009949256;Em cobrança;ATIVA A SER COBRADA;Receita da dívida ativa - IRRF;11/08/2023;NAO;2449171.92
NAO_PREVIDENCIARIO-000097;96000096000167;961057.19;96.000.096/0001-67;Pessoa jurídica;PRINCIPAL;SERRA DOURADA ALIMENTOS S.A.;DF;1ª REGIÃO;8000010053985;Em cobrança;ATIVA A SER COBRADA;Receita da dívida ativa - Multa - CLT;26/02/2025;NAO;961057.19
NAO_PREVIDENCIARIO-000098;96000097000101;1178255.37;96.000.097/0001-01;Pessoa jurídica;SOLIDARIO;SOL NASCENTE ALIMENTOS LTDA;RN;5ª REGIÃO;8000010158714;Garantia;ATIVA AJUIZADA;DIV.ATIVA-CPMF;28/10/2024;SIM;1178255.37
NAO_PREVIDENCIARIO-000099;;347530.03;XXX876.062XX;Pessoa física;PRINCIPAL;CONTRIBUINTE FICTICIO 0099;CE;5ª REGIÃO;8000010263443;Em cobrança;ATIVA A SER COBRADA;Receita da dívida ativa - Contribuição açúcar e álcool;10/04/2000;NAO;347530.03
NAO_PREVIDENCIARIO-000100;96000099000109;1080046.59;96.000.099/0001-09;Pessoa jurídica;CORRESPONSAVEL;VILA NOVA ALIMENTOS S.A.;RJ;2ª REGIÃO;8000010368172;Em cobrança;ATIVA A SER COBRADA;R D Ativa - Crédito Rural - Prog Nac Fortalec Agric Familiar;03/04/1998;NAO;1080046.59
NAO_PREVIDENCIARIO-000101;90000032000180;65187.31;90.000.032/0001-80;Pessoa jurídica;PRINCIPAL;ALVORADA COMERCIO E LOGISTICA LTDA;BA;BAHIA;8000010472901;Em cobrança;ATIVA AJUIZADA;Receita da dívida ativa - PIS;12/01/2026;SIM;65187.31
NAO_PREVIDENCIARIO-000102;96000101000131;1694872.49;96.000.101/0001-31;Pessoa jurídica;PRINCIPAL;BOA VISTA COMERCIO E LOGISTICA LTDA;PI;1ª REGIÃO;8000010577630;Em cobrança;ATIVA A SER COBRADA;Receita da dívida ativa - COFINS;06/11/2022;NAO;1694872.49
NAO_PREVIDENCIARIO-000103;96000102000186;1360971.55;96.000.102/0001-86;Pessoa jurídica;PRINCIPAL;CAMINHO VERDE COMERCIO E LOGISTICA S.A.;AM;1ª REGIÃO;8000010682359;Em cobrança;ATIVA A SER COBRADA;Receita da dívida ativa - IRPJ;12/08/2017;NAO;1360971.55
NAO_PREVIDENCIARIO-000104;96000103000120;2313110.39;96.000.103/0001-20;Pessoa jurídica;PRINCIPAL;CAMPOS DO SUL COMERCIO E LOGISTICA LTDA;PE;5ª REGIÃO;8000010787088;Em cobrança;ATIVA COM AJUIZAMENTO A SER PROSSEGUIDO;Receita da dívida ativa - CSLL;30/09/2000;SIM;2313110.39
NAO_PREVIDENCIARIO-000105;96000104000175;1001299.54;96.000.104/0001-75;Pessoa jurídica;PRINCIPAL;CERRADO COMERCIO E LOGISTICA LTDA;AP;1ª REGIÃO;8000010891817;Em cobrança;ATIVA A SER COBRADA;Receita da dívida ativa - IRPF;18/09/2006;NAO;1001299.54
NAO_PREVIDENCIARIO-000106;;2022334.32;XXX931.495XX;Pessoa física;PRINCIPAL;CONTRIBUINTE FICTICIO 0106;PR;PARANA;8000010996546;Benefício Fiscal;ATIVA AJUIZADA NEGOCIADA NO SISPAR;Receita da dívida ativa - IRRF;09/01/2016;SIM;2022334.32
NAO_PREVIDENCIARIO-000107;96000106000164;2208317.17;96.000.106/0001-64;Pessoa jurídica;PRINCIPAL;CRUZEIRO COMERCIO E LOGISTICA LTDA;AL;5ª REGIÃO;8000011101275;Em cobrança;ATIVA A SER COBRADA;Receita da dívida ativa - Multa - CLT;30/05/2019;NAO;2208317.17
NAO_PREVIDENCIARIO-000108;96000107000109;2286017.25;96.000.107/0001-09;Pessoa jurídica;PRINCIPAL;ESTRELA DO NORTE COMERCIO E LOGISTICA LTDA;PB;5ª REGIÃO;8000011206004;Em cobrança;ATIVA AJUIZADA;DIV.ATIVA-CPMF;09/11/2023;SIM;2286017.25
NAO_PREVIDENCIARIO-000109;96000108000153;961697.51;96.000.108/0001-53;Pessoa jurídica;CORRESPONSAVEL;HORIZONTE COMERCIO E LOGISTICA S.A.;AC;1ª REGIÃO;8000011310733;Em cobrança;ATIVA A SER COBRADA;Receita da dívida ativa - Contribuição açúcar e álcool;20/06/2001;NAO;961697.51
NAO_PREVIDENCIARIO-000110;96000109000106;999897.77;96.000.109/0001-06;Pessoa jurídica;PRINCIPAL;INTEGRA COMERCIO E LOGISTICA LTDA;PA;1ª REGIÃO;8000011415462;Em cobrança;ATIVA A SER COBRADA;R D Ativa - Crédito Rural - Prog Nac Fortalec Agric Familiar;11/10/2006;NAO;999897.77
NAO_PREVIDENCIARIO-000111;96000110000122;1919888.21;96.000.110/0001-22;Pessoa jurídica;PRINCIPAL;JARDINS COMERCIO E LOGISTICA LTDA;TO;TOCANTINS;8000011520191;Em cobrança;ATIVA A SER COBRADA;Receita da dívida ativa - PIS;08/04/2005;NAO;1919888.21
NAO_PREVIDENCIARIO-000112;96000111000177;94734.70;96.000.111/0001-77;Pessoa jurídica;PRINCIPAL;MONTE ALTO COMERCIO E LOGISTICA S.A.;MG;6ª REGIÃO;8000011624920;Suspenso por decisão judicial;ATIVA NAO AJUIZAVEL COM EXIGIBILIDADE DO CREDITO SUSPENSA-DEC.JUDICIAL;Receita da dívida ativa - COFINS;26/07/2003;NAO;94734.70
NAO_PREVIDENCIARIO-000113;;1348129.09;XXX986.928XX;Pessoa física;PRINCIPAL;CONTRIBUINTE FICTICIO 0113;SE;5ª REGIÃO;8000011729649;Em cobrança;ATIVA A SER COBRADA;Receita da dívida ativa - IRPJ;01/10/2004;NAO;1348129.09
NAO_PREVIDENCIARIO-000114;96000113000166;1882547.92;96.000.113/0001-66;Pessoa jurídica;PRINCIPAL;PIONEIRA COMERCIO E LOGISTICA LTDA;MS;1ª REGIÃO;8000011834378;Em cobrança;ATIVA NAO PRIORIZADA PARA AJUIZAMENTO;Receita da dívida ativa - CSLL;13/01/2022;SIM;1882547.92
NAO_PREVIDENCIARIO-000115;96000114000100;56515.90;96.000.114/0001-00;Pessoa jurídica;PRINCIPAL;PLANALTO COMERCIO E LOGISTICA S.A.;SP;3ª REGIÃO;8000011939107;Em cobrança;ATIVA A SER COBRADA;Receita da dívida ativa - IRPF;23/09/2022;NAO;56515.90
NAO_PREVIDENCIARIO-000116;96000115000155;2466059.01;96.000.115/0001-55;Pessoa jurídica;PRINCIPAL;RIO CLARO COMERCIO E LOGISTICA LTDA;MT;MATO GROSSO;8000012043836;Em cobrança;ATIVA A SER COBRADA;Receita da dívida ativa - IRRF;22/10/2024;NAO;2466059.01
NAO_PREVIDENCIARIO-000117;96000116000108;2484081.15;96.000.116/0001-08;Pessoa jurídica;PRINCIPAL;SERRA DOURADA COMERCIO E LOGISTICA LTDA;SC;4ª REGIÃO;8000012148565;Em cobrança;ATIVA A SER COBRADA;Receita da dívida ativa - Multa - CLT;23/03/2008;NAO;2484081.15
NAO_PREVIDENCIARIO-000118;96000117000144;1155280.04;96.000.117/0001-44;Pessoa jurídica;CORRESPONSAVEL;SOL NASCENTE COMERCIO E LOGISTICA S.A.;MA;1ª REGIÃO;8000012253294;Garantia;ATIVA AJUIZADA;DIV.ATIVA-CPMF;17/07/2013;SIM;1155280.04
NAO_PREVIDENCIARIO-000119;96000118000199;1186758.02;96.000.118/0001-99;Pessoa jurídica;PRINCIPAL;VALE FORTE COMERCIO E LOGISTICA LTDA;RR;1ª REGIÃO;8000012358023;Em cobrança;ATIVA A SER COBRADA;Receita da dívida ativa - Contribuição açúcar e álcool;12/12/2019;NAO;1186758.02
NAO_PREVIDENCIARIO-000120;;463394.00;XXX142.361XX;Pessoa física;PRINCIPAL;CONTRIBUINTE FICTICIO 0120;GO;1ª REGIÃO;8000012462752;Em cobrança;ATIVA A SER COBRADA;R D Ativa - Crédito Rural - Prog Nac Fortalec Agric Familiar;10/02/2016;NAO;463394.00
NAO_PREVIDENCIARIO-000121;96000120000168;1608088.15;96.000.120/0001-68;Pessoa jurídica;PRINCIPAL;ALVORADA CONSTRUCOES S.A.;RO;RONDONIA;8000012567481;Em cobrança;ATIVA AJUIZADA;Receita da dívida ativa - PIS;22/04/2025;SIM;1608088.15
NAO_PREVIDENCIARIO-000122;96000121000102;1876865.30;96.000.121/0001-02;Pessoa jurídica;PRINCIPAL;BOA VISTA CONSTRUCOES LTDA;ES;2ª REGIÃO;8000012672210;Em cobrança;ATIVA A SER COBRADA;Receita da dívida ativa - COFINS;25/05/2016;NAO;1876865.30
NAO_PREVIDENCIARIO-000123;90000044000104;146749.39;90.000.044/0001-04;Pessoa jurídica;PRINCIPAL;CAMINHO VERDE CONSTRUCOES LTDA;RS;4ª REGIÃO;8000012776939;Em cobrança;ATIVA A SER COBRADA;Receita da dívida ativa - IRPJ;13/05/1999;NAO;146749.39
NAO_PREVIDENCIARIO-000124;96000123000100;719853.71;96.000.123/0001-00;Pessoa jurídica;PRINCIPAL;CAMPOS DO SUL CONSTRUCOES S.A.;DF;1ª REGIÃO;8000012881668;Em cobrança;ATIVA COM AJUIZAMENTO A SER PROSSEGUIDO;Receita da dívida ativa - CSLL;20/11/2015;SIM;719853.71
NAO_PREVIDENCIARIO-000125;96000124000146;1647514.40;96.000.124/0001-46;Pessoa jurídica;PRINCIPAL;CERRADO CONSTRUCOES LTDA;RN;5ª REGIÃO;8000012986397;Em cobrança;ATIVA A SER COBRADA;Receita da dívida ativa - IRPF;29/09/2017;NAO;1647514.40
NAO_PREVIDENCIARIO-000126;96000125000190;1556700.31;96.000.125/0001-90;Pessoa jurídica;PRINCIPAL;COSTA AZUL CONSTRUCOES LTDA;CE;CEARA;8000013091126;Benefício Fiscal;ATIVA AJUIZADA NEGOCIADA NO SISPAR;Receita da dívida ativa - IRRF;24/06/2024;SIM;1556700.31
NAO_PREVIDENCIARIO-000127;;578905.99;XXX197.794XX;Pessoa física;CORRESPONSAVEL;CONTRIBUINTE FICTICIO 0127;RJ;2ª REGIÃO;8000013195855;Em cobrança;ATIVA A SER COBRADA;Receita da dívida ativa - Multa - CLT;26/05/2016;NAO;578905.99
NAO_PREVIDENCIARIO-000128;96000127000180;1206608.74;96.000.127/0001-80;Pessoa jurídica;PRINCIPAL;ESTRELA DO NORTE CONSTRUCOES LTDA;BA;1ª REGIÃO;8000013300584;Em cobrança;ATIVA AJUIZADA;DIV.ATIVA-CPMF;06/02/2013;SIM;1206608.74
NAO_PREVIDENCIARIO-000129;96000128000124;774970.17;96.000.128/0001-24;Pessoa jurídica;PRINCIPAL;HORIZONTE CONSTRUCOES LTDA;PI;1ª REGIÃO;8000013405313;Em cobrança;ATIVA A SER COBRADA;Receita da dívida ativa - Contribuição açúcar e álcool;24/03/2009;NAO;774970.17
NAO_PREVIDENCIARIO-000130;96000129000179;2061320.32;96.000.129/0001-79;Pessoa jurídica;PRINCIPAL;INTEGRA CONSTRUCOES S.A.;AM;1ª REGIÃO;8000013510042;Em cobrança;ATIVA A SER COBRADA;R D Ativa - Crédito Rural - Prog Nac Fortalec Agric Familiar;25/01/2010;NAO;2061320.32
NAO_PREVIDENCIARIO-000131;96000130000101;1754162.92;96.000.130/0001-01;Pessoa jurídica;PRINCIPAL;JARDINS CONSTRUCOES LTDA;PE;PERNAMBUCO;8000013614771;Em cobrança;ATIVA A SER COBRADA;Receita da dívida ativa - PIS;13/04/2023;NAO;1754162.92
NAO_PREVIDENCIARIO-000132;96000131000148;1529996.37;96.000.131/0001-48;Pessoa jurídica;PRINCIPAL;MONTE ALTO CONSTRUCOES LTDA;AP;1ª REGIÃO;8000013719500;Suspenso por decisão judicial;ATIVA NAO AJUIZAVEL COM EXIGIBILIDADE DO CREDITO SUSPENSA-DEC.JUDICIAL;Receita da dívida ativa - COFINS;05/09/2017;NAO;1529996.37
NAO_PREVIDENCIARIO-000133;96000132000192;244661.45;96.000.132/0001-92;Pessoa jurídica;PRINCIPAL;NOVA ERA CONSTRUCOES S.A.;PR;4ª REGIÃO;8000013824229;Em cobrança;ATIVA A SER COBRADA;Receita da dívida ativa - IRPJ;10/07/2015;NAO;244661.45
NAO_PREVIDENCIARIO-000134;;1553456.23;XXX253.227XX;Pessoa física;PRINCIPAL;CONTRIBUINTE FICTICIO 0134;AL;5ª REGIÃO;8000013928958;Em cobrança;ATIVA NAO PRIORIZADA PARA AJUIZAMENTO;Receita da dívida ativa - CSLL;06/04/2002;SIM;1553456.23
NAO_PREVIDENCIARIO-000135;96000134000181;1174326.08;96.000.134/0001-81;Pessoa jurídica;PRINCIPAL;PLANALTO CONSTRUCOES LTDA;PB;5ª REGIÃO;8000014033687;Em cobrança;ATIVA A SER COBRADA;Receita da dívida ativa - IRPF;29/09/2013;NAO;1174326.08
NAO_PREVIDENCIARIO-000136;96000135000126;260814.43;96.000.135/0001-26;Pessoa jurídica;CORRESPONSAVEL;RIO CLARO CONSTRUCOES S.A.;AC;ACRE;8000014138416;Em cobrança;ATIVA A SER COBRADA;Receita da dívida ativa - IRRF;14/09/2018;NAO;260814.43
NAO_PREVIDENCIARIO-000137;96000136000170;510833.52;96.000.136/0001-70;Pessoa jurídica;PRINCIPAL;SERRA DOURADA CONSTRUCOES LTDA;PA;1ª REGIÃO;8000014243145;Em cobrança;ATIVA A SER COBRADA;Receita da dívida ativa - Multa - CLT;26/02/2019;NAO;510833.52
NAO_PREVIDENCIARIO-000138;96000137000115;961295.35;96.000.137/0001-15;Pessoa jurídica;PRINCIPAL;SOL NASCENTE CONSTRUCOES LTDA;TO;1ª REGIÃO;8000014347874;Garantia;ATIVA AJUIZADA;DIV.ATIVA-CPMF;16/09/2024;SIM;961295.35
NAO_PREVIDENCIARIO-000139;96000138000160;455437.59;96.000.138/0001-60;Pessoa jurídica;PRINCIPAL;VALE FORTE CONSTRUCOES S.A.;MG;6ª REGIÃO;8000014452603;Em cobrança;ATIVA A SER COBRADA;Receita da dívida ativa - Contribuição açúcar e álcool;20/11/2012;NAO;455437.59
NAO_PREVIDENCIARIO-000140;96000139000104;1794178.93;96.000.139/0001-04;Pessoa jurídica;PRINCIPAL;VILA NOVA CONSTRUCOES LTDA;SE;5ª REGIÃO;8000014557332;Em cobrança;ATIVA A SER COBRADA;R D Ativa - Crédito Rural - Prog Nac Fortalec Agric Familiar;23/05/2001;NAO;1794178.93
NAO_PREVIDENCIARIO-000141;;627228.26;XXX308.660XX;Pessoa física;PRINCIPAL;CONTRIBUINTE FICTICIO 0141;MS;MATO GROSSO DO SUL;8000014662061;Em cobrança;ATIVA AJUIZADA;Receita da dívida ativa - PIS;13/02/2017;SIM;627228.26
NAO_PREVIDENCIARIO-000142;96000141000183;2479565.83;96.000.141/0001-83;Pessoa jurídica;PRINCIPAL;BOA VISTA ENERGIA S.A.;SP;3ª REGIÃO;8000014766790;Em cobrança;ATIVA A SER COBRADA;Receita da dívida ativa - COFINS;18/08/2006;NAO;2479565.83
NAO_PREVIDENCIARIO-000143;96000142000128;1993054.98;96.000.142/0001-28;Pessoa jurídica;PRINCIPAL;CAMINHO VERDE ENERGIA LTDA;MT;1ª REGIÃO;8000014871519;Em cobrança;ATIVA A SER COBRADA;Receita da dívida ativa - IRPJ;31/12/2025;NAO;1993054.98
NAO_PREVIDENCIARIO-000144;96000143000172;242285.40;96.000.143/0001-72;Pessoa jurídica;PRINCIPAL;CAMPOS DO SUL ENERGIA LTDA;SC;4ª REGIÃO;8000014976248;Em cobrança;ATIVA COM AJUIZAMENTO A SER PROSSEGUIDO;Receita da dívida ativa - CSLL;31/10/2022;SIM;242285.40
NAO_PREVIDENCIARIO-000145;90000047000148;927555.21;90.000.047/0001-48;Pessoa jurídica;CORRESPONSAVEL;CERRADO ENERGIA S.A.;MA;1ª REGIÃO;8000015080977;Em cobrança;ATIVA A SER COBRADA;Receita da dívida ativa - IRPF;09/02/1999;NAO;927555.21
NAO_PREVIDENCIARIO-000146;96000145000161;102444.99;96.000.145/0001-61;Pessoa jurídica;PRINCIPAL;COSTA AZUL ENERGIA LTDA;RR;RORAIMA;8000015185706;Benefício Fiscal;ATIVA AJUIZADA NEGOCIADA NO SISPAR;Receita da dívida ativa - IRRF;05/01/2009;SIM;102444.99
NAO_PREVIDENCIARIO-000147;96000146000106;1409084.12;96.000.146/0001-06;Pessoa jurídica;PRINCIPAL;CRUZEIRO ENERGIA LTDA;GO;1ª REGIÃO;8000015290435;Em cobrança;ATIVA A SER COBRADA;Receita da dívida ativa - Multa - CLT;21/06/2003;NAO;1409084.12
NAO_PREVIDENCIARIO-000148;;355754.03;XXX364.093XX;Pessoa física;PRINCIPAL;CONTRIBUINTE FICTICIO 0148;RO;1ª REGIÃO;8000015395164;Em cobrança;ATIVA AJUIZADA;DIV.ATIVA-CPMF;01/08/2004;SIM;355754.03
NAO_PREVIDENCIARIO-000149;96000148000103;1487516.35;96.000.148/0001-03;Pessoa jurídica;PRINCIPAL;HORIZONTE ENERGIA LTDA;ES;2ª REGIÃO;8000015499893;Em cobrança;ATIVA A SER COBRADA;Receita da dívida ativa - Contribuição açúcar e álcool;01/10/1998;NAO;1487516.35
NAO_PREVIDENCIARIO-000150;96000149000140;2185411.24;96.000.149/0001-40;Pessoa jurídica;PRINCIPAL;INTEGRA ENERGIA LTDA;RS;4ª REGIÃO;8000015604622;Em cobrança;ATIVA A SER COBRADA;R D Ativa - Crédito Rural - Prog Nac Fortalec Agric Familiar;29/03/2025;NAO;2185411.24
NAO_PREVIDENCIARIO-000151;96000150000174;778365.86;96.000.150/0001-74;Pessoa jurídica;PRINCIPAL;JARDINS ENERGIA S.A.;DF;DISTRITO FEDERAL;8000015709351;Em cobrança;ATIVA A SER COBRADA;Receita da dívida ativa - PIS;18/02/2021;NAO;778365.86
NAO_PREVIDENCIARIO-000152;96000151000119;478958.52;96.000.151/0001-19;Pessoa jurídica;PRINCIPAL;MONTE ALTO ENERGIA LTDA;RN;5ª REGIÃO;8000015814080;Suspenso por decisão judicial;ATIVA NAO AJUIZAVEL COM EXIGIBILIDADE DO CREDITO SUSPENSA-DEC.JUDICIAL;Receita da dívida ativa - COFINS;04/06/2011;NAO;478958.52
NAO_PREVIDENCIARIO-000153;96000152000163;1368024.67;96.000.152/0001-63;Pessoa jurídica;PRINCIPAL;NOVA ERA ENERGIA LTDA;CE;5ª REGIÃO;8000015918809;Em cobrança;ATIVA A SER COBRADA;Receita da dívida ativa - IRPJ;16/06/2018;NAO;1368024.67
NAO_PREVIDENCIARIO-000154;96000153000108;1042159.86;96.000.153/0001-08;Pessoa jurídica;CORRESPONSAVEL;PIONEIRA ENERGIA S.A.;RJ;2ª REGIÃO;8000016023538;Em cobrança;ATIVA NAO PRIORIZADA PARA AJUIZAMENTO;Receita da dívida ativa - CSLL;31/05/2011;SIM;1042159.86
NAO_PREVIDENCIARIO-000155;;138076.53;XXX419.526XX;Pessoa física;PRINCIPAL;CONTRIBUINTE FICTICIO 0155;BA;1ª REGIÃO;8000016128267;Em cobrança;ATIVA A SER COBRADA;Receita da dívida ativa - IRPF;13/10/2020;NAO;138076.53
NAO_PREVIDENCIARIO-000156;96000155000105;34838.73;96.000.155/0001-05;Pessoa jurídica;PRINCIPAL;RIO CLARO ENERGIA LTDA;PI;PIAUI;8000016232996;Em cobrança;ATIVA A SER COBRADA;Receita da dívida ativa - IRRF;30/12/2018;NAO;34838.73
NAO_PREVIDENCIARIO-000157;96000156000141;1139436.48;96.000.156/0001-41;Pessoa jurídica;PRINCIPAL;SERRA DOURADA ENERGIA S.A.;AM;1ª REGIÃO;8000016337725;Em cobrança;ATIVA A SER COBRADA;Receita da dívida ativa - Multa - CLT;27/09/1998;NAO;1139436.48
NAO_PREVIDENCIARIO-000158;96000157000196;2068482.47;96.000.157/0001-96;Pessoa jurídica;PRINCIPAL;SOL NASCENTE ENERGIA LTDA;PE;5ª REGIÃO;8000016442454;Garantia;ATIVA AJUIZADA;DIV.ATIVA-CPMF;04/12/2003;SIM;2068482.47
NAO_PREVIDENCIARIO-000159;96000158000130;2277422.07;96.000.158/0001-30;Pessoa jurídica;PRINCIPAL;VALE FORTE ENERGIA LTDA;AP;1ª REGIÃO;8000016547183;Em cobrança;ATIVA A SER COBRADA;Receita da dívida ativa - Contribuição açúcar e álcool;29/07/2022;NAO;2277422.07
NAO_PREVIDENCIARIO-000160;96000159000185;1541356.99;96.000.159/0001-85;Pessoa jurídica;PRINCIPAL;VILA NOVA ENERGIA S.A.;PR;4ª REGIÃO;8000016651912;Em cobrança;ATIVA A SER COBRADA;R D Ativa - Crédito Rural - Prog Nac Fortalec Agric Familiar;12/03/2025;NAO;1541356.99
NAO_PREVIDENCIARIO-000161;96000160000100;1187337.45;96.000.160/0001-00;Pessoa jurídica;PRINCIPAL;ALVORADA EQUIPAMENTOS LTDA;AL;ALAGOAS;8000016756641;Em cobrança;ATIVA AJUIZADA;Receita da dívida ativa - PIS;09/01/2003;SIM;1187337.45
NAO_PREVIDENCIARIO-000162;;2401030.30;XXX474.959XX;Pessoa física;PRINCIPAL;CONTRIBUINTE FICTICIO 0162;PB;5ª REGIÃO;8000016861370;Em cobrança;ATIVA A SER COBRADA;Receita da dívida ativa - COFINS;01/12/2010;NAO;2401030.30
NAO_PREVIDENCIARIO-000163;96000162000107;809785.97;96.000.162/0001-07;Pessoa jurídica;CORRESPONSAVEL;CAMINHO VERDE EQUIPAMENTOS S.A.;AC;1ª REGIÃO;8000016966099;Em cobrança;ATIVA A SER COBRADA;Receita da dívida ativa - IRPJ;30/07/2011;NAO;809785.97
NAO_PREVIDENCIARIO-000164;96000163000143;2159958.28;96.000.163/0001-43;Pessoa jurídica;PRINCIPAL;CAMPOS DO SUL EQUIPAMENTOS LTDA;PA;1ª REGIÃO;8000017070828;Em cobrança;ATIVA COM AJUIZAMENTO A SER PROSSEGUIDO;Receita da dívida ativa - CSLL;22/10/2020;SIM;2159958.28
NAO_PREVIDENCIARIO-000165;96000164000198;799522.45;96.000.164/0001-98;Pessoa jurídica;PRINCIPAL;CERRADO EQUIPAMENTOS LTDA;TO;1ª REGIÃO;8000017175557;Em cobrança;ATIVA A SER COBRADA;Receita da dívida ativa - IRPF;10/08/2019;NAO;799522.45
NAO_PREVIDENCIARIO-000166;96000165000132;1605021.16;96.000.165/0001-32;Pessoa jurídica;PRINCIPAL;COSTA AZUL EQUIPAMENTOS S.A.;MG;MINAS GERAIS;8000017280286;Benefício Fiscal;ATIVA AJUIZADA NEGOCIADA NO SISPAR;Receita da dívida ativa - IRRF;07/06/2019;SIM;1605021.16
NAO_PREVIDENCIARIO-000167;90000061000141;1523730.95;90.000.061/0001-41;Pessoa jurídica;PRINCIPAL;CRUZEIRO EQUIPAMENTOS LTDA;SE;5ª REGIÃO;8000017385015;Em cobrança;ATIVA A SER COBRADA;Receita da dívida ativa - Multa - CLT;05/04/2011;NAO;1523730.95
NAO_PREVIDENCIARIO-000168;96000167000121;2274054.06;96.000.167/0001-21;Pessoa jurídica;PRINCIPAL;ESTRELA DO NORTE EQUIPAMENTOS LTDA;MS;1ª REGIÃO;8000017489744;Em cobrança;ATIVA AJUIZADA;DIV.ATIVA-CPMF;24/12/2018;SIM;2274054.06
NAO_PREVIDENCIARIO-000169;;533989.04;XXX530.392XX;Pessoa física;PRINCIPAL;CONTRIBUINTE FICTICIO 0169;SP;3ª REGIÃO;8000017594473;Em cobrança;ATIVA A SER COBRADA;Receita da dívida ativa - Contribuição açúcar e álcool;19/07/2007;NAO;533989.04
NAO_PREVIDENCIARIO-000170;96000169000110;1893950.17;96.000.169/0001-10;Pessoa jurídica;PRINCIPAL;INTEGRA EQUIPAMENTOS LTDA;MT;1ª REGIÃO;8000017699202;Em cobrança;ATIVA A SER COBRADA;R D Ativa - Crédito Rural - Prog Nac Fortalec Agric Familiar;20/05/2004;NAO;1893950.17
NAO_PREVIDENCIARIO-000171;96000170000145;2018254.40;96.000.170/0001-45;Pessoa jurídica;PRINCIPAL;JARDINS EQUIPAMENTOS LTDA;SC;SANTA CATARINA;8000017803931;Em cobrança;ATIVA A SER COBRADA;Receita da dívida ativa - PIS;06/02/2002;NAO;2018254.40
NAO_PREVIDENCIARIO-000172;96000171000190;1099689.87;96.000.171/0001-90;Pessoa jurídica;CORRESPONSAVEL;MONTE ALTO EQUIPAMENTOS S.A.;MA;1ª REGIÃO;8000017908660;Suspenso por decisão judicial;ATIVA NAO AJUIZAVEL COM EXIGIBILIDADE DO CREDITO SUSPENSA-DEC.JUDICIAL;Receita da dívida ativa - COFINS;04/12/2000;NAO;1099689.87
NAO_PREVIDENCIARIO-000173;96000172000134;368484.84;96.000.172/0001-34;Pessoa jurídica;PRINCIPAL;NOVA ERA EQUIPAMENTOS LTDA;RR;1ª REGIÃO;8000018013389;Em cobrança;ATIVA A SER COBRADA;Receita da dívida ativa - IRPJ;09/08/2015;NAO;368484.84
NAO_PREVIDENCIARIO-000174;96000173000189;381124.30;96.000.173/0001-89;Pessoa jurídica;PRINCIPAL;PIONEIRA EQUIPAMENTOS LTDA;GO;1ª REGIÃO;8000018118118;Em cobrança;ATIVA NAO PRIORIZADA PARA AJUIZAMENTO;Receita da dívida ativa - CSLL;09/10/2024;SIM;381124.30
NAO_PREVIDENCIARIO-000175;96000174000123;2117077.55;96.000.174/0001-23;Pessoa jurídica;PRINCIPAL;PLANALTO EQUIPAMENTOS S.A.;RO;1ª REGIÃO;8000018222847;Em cobrança;ATIVA A SER COBRADA;Receita da dívida ativa - IRPF;25/08/1998;NAO;2117077.55
NAO_PREVIDENCIARIO-000176;;1826776.77;XXX585.825XX;Pessoa física;PRINCIPAL;CONTRIBUINTE FICTICIO 0176;ES;ESPIRITO SANTO;8000018327576;Em cobrança;ATIVA A SER COBRADA;Receita da dívida ativa - IRRF;12/12/2005;NAO;1826776.77
NAO_PREVIDENCIARIO-000177;96000176000112;1131068.55;96.000.176/0001-12;Pessoa jurídica;PRINCIPAL;SERRA DOURADA EQUIPAMENTOS LTDA;RS;4ª REGIÃO;8000018432305;Em cobrança;ATIVA A SER COBRADA;Receita da dívida ativa - Multa - CLT;04/10/2003;NAO;1131068.55
NAO_PREVIDENCIARIO-000178;96000177000167;861040.56;96.000.177/0001-67;Pessoa jurídica;PRINCIPAL;SOL NASCENTE EQUIPAMENTOS S.A.;DF;1ª REGIÃO;8000018537034;Garantia;ATIVA AJUIZADA;DIV.ATIVA-CPMF;09/04/2008;SIM;861040.56
NAO_PREVIDENCIARIO-000179;96000178000101;65208.39;96.000.178/0001-01;Pessoa jurídica;PRINCIPAL;VALE FORTE EQUIPAMENTOS LTDA;RN;5ª REGIÃO;8000018641763;Em cobrança;ATIVA A SER COBRADA;Receita da dívida ativa - Contribuição açúcar e álcool;28/02/2000;NAO;65208.39
NAO_PREVIDENCIARIO-000180;96000179000156;1292686.37;96.000.179/0001-56;Pessoa jurídica;PRINCIPAL;VILA NOVA EQUIPAMENTOS LTDA;CE;5ª REGIÃO;8000018746492;Em cobrança;ATIVA A SER COBRADA;R D Ativa - Crédito Rural - Prog Nac Fortalec Agric Familiar;24/09/2023;NAO;1292686.37
NAO_PREVIDENCIARIO-000181;96000180000180;1712224.77;96.000.180/0001-80;Pessoa jurídica;CORRESPONSAVEL;ALVORADA INDUSTRIA S.A.;RJ;RIO DE JANEIRO;8000018851221;Em cobrança;ATIVA AJUIZADA;Receita da dívida ativa - PIS;11/09/2022;SIM;1712224.77
NAO_PREVIDENCIARIO-000182;96000181000125;123848.02;96.000.181/0001-25;Pessoa jurídica;PRINCIPAL;BOA VISTA INDUSTRIA LTDA;BA;1ª REGIÃO;8000018955950;Em cobrança;ATIVA A SER COBRADA;Receita da dívida ativa - COFINS;16/12/2021;NAO;123848.02
NAO_PREVIDENCIARIO-000183;;2005798.37;XXX641.258XX;Pessoa física;PRINCIPAL;CONTRIBUINTE FICTICIO 0183;PI;1ª REGIÃO;8000019060679;Em cobrança;ATIVA A SER COBRADA;Receita da dívida ativa - IRPJ;04/04/2014;NAO;2005798.37
NAO_PREVIDENCIARIO-000184;96000183000114;1685509.75;96.000.183/0001-14;Pessoa jurídica;PRINCIPAL;CAMPOS DO SUL INDUSTRIA S.A.;AM;1ª REGIÃO;8000019165408;Em cobrança;ATIVA COM AJUIZAMENTO A SER PROSSEGUIDO;Receita da dívida ativa - CSLL;03/06/2002;SIM;1685509.75
NAO_PREVIDENCIARIO-000185;96000184000169;2057812.52;96.000.184/0001-69;Pessoa jurídica;PRINCIPAL;CERRADO INDUSTRIA LTDA;PE;5ª REGIÃO;8000019270137;Em cobrança;ATIVA A SER COBRADA;Receita da dívida ativa - IRPF;22/05/2010;NAO;2057812.52
NAO_PREVIDENCIARIO-000186;96000185000103;1299113.56;96.000.185/0001-03;Pessoa jurídica;PRINCIPAL;COSTA AZUL INDUSTRIA LTDA;AP;AMAPA;8000019374866;Benefício Fiscal;ATIVA AJUIZADA NEGOCIADA NO SISPAR;Receita da dívida ativa - IRRF;19/06/2003;SIM;1299113.56
NAO_PREVIDENCIARIO-000187;96000186000158;2240352.83;96.000.186/0001-58;Pessoa jurídica;PRINCIPAL;CRUZEIRO INDUSTRIA S.A.;PR;4ª REGIÃO;8000019479595;Em cobrança;ATIVA A SER COBRADA;Receita da dívida ativa - Multa - CLT;17/02/2011;NAO;2240352.83
NAO_PREVIDENCIARIO-000188;96000187000100;1780040.07;96.000.187/0001-00;Pessoa jurídica;PRINCIPAL;ESTRELA DO NORTE INDUSTRIA LTDA;AL;5ª REGIÃO;8000019584324;Em cobrança;ATIVA AJUIZADA;DIV.ATIVA-CPMF;08/12/2000;SIM;1780040.07
NAO_PREVIDENCIARIO-000189;90000068000163;1943567.61;90.000.068/0001-63;Pessoa jurídica;PRINCIPAL;HORIZONTE INDUSTRIA LTDA;PB;5ª REGIÃO;8000019689053;Em cobrança;ATIVA A SER COBRADA;Receita da dívida ativa - Contribuição açúcar e álcool;22/08/2003;NAO;1943567.61
NAO_PREVIDENCIARIO-000190;;1732671.32;XXX696.691XX;Pessoa física;CORRESPONSAVEL;CONTRIBUINTE FICTICIO 0190;AC;1ª REGIÃO;8000019793782;Em cobrança;ATIVA A SER COBRADA;R D Ativa - Crédito Rural - Prog Nac Fortalec Agric Familiar;16/10/2006;NAO;1732671.32
NAO_PREVIDENCIARIO-000191;96000190000116;1767435.15;96.000.190/0001-16;Pessoa jurídica;PRINCIPAL;JARDINS INDUSTRIA LTDA;PA;PARA;8000019898511;Em cobrança;ATIVA A SER COBRADA;Receita da dívida ativa - PIS;22/09/2007;NAO;1767435.15
NAO_PREVIDENCIARIO-000192;96000191000160;204138.92;96.000.191/0001-60;Pessoa jurídica;PRINCIPAL;MONTE ALTO INDUSTRIA LTDA;TO;1ª REGIÃO;8000020003240;Suspenso por decisão judicial;ATIVA NAO AJUIZAVEL COM EXIGIBILIDADE DO CREDITO SUSPENSA-DEC.JUDICIAL;Receita da dívida ativa - COFINS;25/02/2001;NAO;204138.92
NAO_PREVIDENCIARIO-000193;96000192000105;530798.62;96.000.192/0001-05;Pessoa jurídica;PRINCIPAL;NOVA ERA INDUSTRIA S.A.;MG;6ª REGIÃO;8000020107969;Em cobrança;ATIVA A SER COBRADA;Receita da dívida ativa - IRPJ;17/09/2023;NAO;530798.62
NAO_PREVIDENCIARIO-000194;96000193000150;393316.00;96.000.193/0001-50;Pessoa jurídica;PRINCIPAL;PIONEIRA INDUSTRIA LTDA;SE;5ª REGIÃO;8000020212698;Em cobrança;ATIVA NAO PRIORIZADA PARA AJUIZAMENTO;Receita da dívida ativa - CSLL;04/07/2022;SIM;393316.00
NAO_PREVIDENCIARIO-000195;96000194000102;104544.71;96.000.194/0001-02;Pessoa jurídica;SOLIDARIO;PLANALTO INDUSTRIA LTDA;MS;1ª REGIÃO;8000020317427;Em cobrança;ATIVA A SER COBRADA;Receita da dívida ativa - IRPF;06/07/2025;NAO;104544.71
NAO_PREVIDENCIARIO-000196;96000195000149;736206.46;96.000.195/0001-49;Pessoa jurídica;PRINCIPAL;RIO CLARO INDUSTRIA S.A.;SP;SAO PAULO;8000020422156;Em cobrança;ATIVA A SER COBRADA;Receita da dívida ativa - IRRF;14/10/2006;NAO;736206.46
NAO_PREVIDENCIARIO-000197;;1702916.77;XXX752.124XX;Pessoa física;PRINCIPAL;CONTRIBUINTE FICTICIO 0197;MT;1ª REGIÃO;8000020526885;Em cobrança;ATIVA A SER COBRADA;Receita da dívida ativa - Multa - CLT;26/06/2006;NAO;1702916.77
NAO_PREVIDENCIARIO-000198;96000197000138;2310959.81;96.000.197/0001-38;Pessoa jurídica;PRINCIPAL;SOL NASCENTE INDUSTRIA LTDA;SC;4ª REGIÃO;8000020631614;Garantia;ATIVA AJUIZADA;DIV.ATIVA-CPMF;25/02/1999;SIM;2310959.81
NAO_PREVIDENCIARIO-000199;96000198000182;390288.57;96.000.198/0001-82;Pessoa jurídica;CORRESPONSAVEL;VALE FORTE INDUSTRIA S.A.;MA;1ª REGIÃO;8000020736343;Em cobrança;ATIVA A SER COBRADA;Receita da dívida ativa - Contribuição açúcar e álcool;16/04/2007;NAO;390288.57
NAO_PREVIDENCIARIO-000200;96000199000127;2135015.26;96.000.199/0001-27;Pessoa jurídica;PRINCIPAL;VILA NOVA INDUSTRIA LTDA;RR;1ª REGIÃO;8000020841072;Em cobrança;ATIVA A SER COBRADA;R D Ativa - Crédito Rural - Prog Nac Fortalec Agric Familiar;07/08/2001;NAO;2135015.26
NAO_PREVIDENCIARIO-000201;96000200000113;184599.44;96.000.200/0001-13;Pessoa jurídica;PRINCIPAL;ALVORADA MINERACAO LTDA;GO;GOIAS;8000020945801;Em cobrança;ATIVA AJUIZADA;Receita da dívida ativa - PIS;31/01/2005;SIM;184599.44
NAO_PREVIDENCIARIO-000202;96000201000168;47693.23;96.000.201/0001-68;Pessoa jurídica;PRINCIPAL;BOA VISTA MINERACAO S.A.;RO;1ª REGIÃO;8000021050530;Em cobrança;ATIVA A SER COBRADA;Receita da dívida ativa - COFINS;07/12/2008;NAO;47693.23
NAO_PREVIDENCIARIO-000203;96000202000102;268826.87;96.000.202/0001-02;Pessoa jurídica;PRINCIPAL;CAMINHO VERDE MINERACAO LTDA;ES;2ª REGIÃO;8000021155259;Em cobrança;ATIVA A SER COBRADA;Receita da dívida ativa - IRPJ;12/06/2006;NAO;268826.87
NAO_PREVIDENCIARIO-000204;;2499747.95;XXX807.557XX;Pessoa física;PRINCIPAL;CONTRIBUINTE FICTICIO 0204;RS;4ª REGIÃO;8000021259988;Em cobrança;ATIVA COM AJUIZAMENTO A SER PROSSEGUIDO;Receita da dívida ativa - CSLL;19/05/2023;SIM;2499747.95
NAO_PREVIDENCIARIO-000205;96000204000100;939807.46;96.000.204/0001-00;Pessoa jurídica;PRINCIPAL;CERRADO MINERACAO S.A.;DF;1ª REGIÃO;8000021364717;Em cobrança;ATIVA A SER COBRADA;Receita da dívida ativa - IRPF;17/08/2009;NAO;939807.46
NAO_PREVIDENCIARIO-000206;96000205000146;2196709.48;96.000.205/0001-46;Pessoa jurídica;PRINCIPAL;COSTA AZUL MINERACAO LTDA;RN;RIO GRANDE DO NORTE;8000021469446;Benefício Fiscal;ATIVA AJUIZADA NEGOCIADA NO SISPAR;Receita da dívida ativa - IRRF;07/04/2016;SIM;2196709.48
NAO_PREVIDENCIARIO-000207;96000206000190;1054252.05;96.000.206/0001-90;Pessoa jurídica;PRINCIPAL;CRUZEIRO MINERACAO LTDA;CE;5ª REGIÃO;8000021574175;Em cobrança;ATIVA A SER COBRADA;Receita da dívida ativa - Multa - CLT;06/11/2021;NAO;1054252.05
NAO_PREVIDENCIARIO-000208;96000207000135;661498.56;96.000.207/0001-35;Pessoa jurídica;CORRESPONSAVEL;ESTRELA DO NORTE MINERACAO S.A.;RJ;2ª REGIÃO;8000021678904;Em cobrança;ATIVA AJUIZADA;DIV.ATIVA-CPMF;16/09/2011;SIM;661498.56
NAO_PREVIDENCIARIO-000209;96000208000180;1853696.20;96.000.208/0001-80;Pessoa jurídica;PRINCIPAL;HORIZONTE MINERACAO LTDA;BA;1ª REGIÃO;8000021783633;Em cobrança;ATIVA A SER COBRADA;Receita da dívida ativa - Contribuição açúcar e álcool;09/12/2010;NAO;1853696.20
NAO_PREVIDENCIARIO-000210;96000209000124;1416832.81;96.000.209/0001-24;Pessoa jurídica;PRINCIPAL;INTEGRA MINERACAO LTDA;PI;1ª REGIÃO;8000021888362;Em cobrança;ATIVA A SER COBRADA;R D Ativa - Crédito Rural - Prog Nac Fortalec Agric Familiar;04/07/2018;NAO;1416832.81
NAO_PREVIDENCIARIO-000211;;177421.73;XXX862.990XX;Pessoa física;PRINCIPAL;CONTRIBUINTE FICTICIO 0211;AM;AMAZONAS;8000021993091;Em cobrança;ATIVA A SER COBRADA;Receita da dívida ativa - PIS;20/09/2019;NAO;177421.73
NAO_PREVIDENCIARIO-000212;90000106000188;2105697.66;90.000.106/0001-88;Pessoa jurídica;PRINCIPAL;MONTE ALTO MINERACAO LTDA;PE;5ª REGIÃO;8000022097820;Suspenso por decisão judicial;ATIVA NAO AJUIZAVEL COM EXIGIBILIDADE DO CREDITO SUSPENSA-DEC.JUDICIAL;Receita da dívida ativa - COFINS;21/06/1999;NAO;2105697.66
NAO_PREVIDENCIARIO-000213;96000212000148;2193920.37;96.000.212/0001-48;Pessoa jurídica;PRINCIPAL;NOVA ERA MINERACAO LTDA;AP;1ª REGIÃO;8000022202549;Em cobrança;ATIVA A SER COBRADA;Receita da dívida ativa - IRPJ;28/04/2023;NAO;2193920.37
NAO_PREVIDENCIARIO-000214;96000213000192;1994010.44;96.000.213/0001-92;Pessoa jurídica;PRINCIPAL;PIONEIRA MINERACAO S.A.;PR;4ª REGIÃO;8000022307278;Em cobrança;ATIVA NAO PRIORIZADA PARA AJUIZAMENTO;Receita da dívida ativa - CSLL;08/07/2017;SIM;1994010.44
NAO_PREVIDENCIARIO-000215;96000214000137;1912725.45;96.000.214/0001-37;Pessoa jurídica;PRINCIPAL;PLANALTO MINERACAO LTDA;AL;5ª REGIÃO;8000022412007;Em cobrança;ATIVA A SER COBRADA;Receita da dívida ativa - IRPF;05/01/2000;NAO;1912725.45
NAO_PREVIDENCIARIO-000216;96000215000181;1927441.18;96.000.215/0001-81;Pessoa jurídica;PRINCIPAL;RIO CLARO MINERACAO LTDA;PB;PARAIBA;8000022516736;Em cobrança;ATIVA A SER COBRADA;Receita da dívida ativa - IRRF;11/03/2021;NAO;1927441.18
NAO_PREVIDENCIARIO-000217;96000216000126;1853852.55;96.000.216/0001-26;Pessoa jurídica;CORRESPONSAVEL;SERRA DOURADA MINERACAO S.A.;AC;1ª REGIÃO;8000022621465;Em cobrança;ATIVA A SER COBRADA;Receita da dívida ativa - Multa - CLT;13/05/2009;NAO;1853852.55
NAO_PREVIDENCIARIO-000218;;1937328.33;XXX918.423XX;Pessoa física;PRINCIPAL;CONTRIBUINTE FICTICIO 0218;PA;1ª REGIÃO;8000022726194;Garantia;ATIVA AJUIZADA;DIV.ATIVA-CPMF;09/07/2021;SIM;1937328.33
NAO_PREVIDENCIARIO-000219;96000218000115;1388025.05;96.000.218/0001-15;Pessoa jurídica;PRINCIPAL;VALE FORTE MINERACAO LTDA;TO;1ª REGIÃO;8000022830923;Em cobrança;ATIVA A SER COBRADA;Receita da dívida ativa - Contribuição açúcar e álcool;08/11/2021;NAO;1388025.05
NAO_PREVIDENCIARIO-000220;96000219000160;2315583.10;96.000.219/0001-60;Pessoa jurídica;PRINCIPAL;VILA NOVA MINERACAO S.A.;MG;6ª REGIÃO;8000022935652;Em cobrança;ATIVA A SER COBRADA;R D Ativa - Crédito Rural - Prog Nac Fortalec Agric Familiar;06/03/2023;NAO;2315583.10
NAO_PREVIDENCIARIO-000221;96000220000194;1376995.51;96.000.220/0001-94;Pessoa jurídica;PRINCIPAL;ALVORADA OBRAS E SERVICOS LTDA;SE;SERGIPE;8000023040381;Em cobrança;ATIVA AJUIZADA;Receita da dívida ativa - PIS;28/03/2020;SIM;1376995.51
NAO_PREVIDENCIARIO-000222;96000221000139;2104330.67;96.000.221/0001-39;Pessoa jurídica;PRINCIPAL;BOA VISTA OBRAS E SERVICOS LTDA;MS;1ª REGIÃO;8000023145110;Em cobrança;ATIVA A SER COBRADA;Receita da dívida ativa - COFINS;13/03/2020;NAO;2104330.67
NAO_PREVIDENCIARIO-000223;96000222000183;1873448.87;96.000.222/0001-83;Pessoa jurídica;PRINCIPAL;CAMINHO VERDE OBRAS E SERVICOS S.A.;SP;3ª REGIÃO;8000023249839;Em cobrança;ATIVA A SER COBRADA;Receita da dívida ativa - IRPJ;24/01/2017;NAO;1873448.87
NAO_PREVIDENCIARIO-000224;96000223000128;2070091.77;96.000.223/0001-28;Pessoa jurídica;PRINCIPAL;CAMPOS DO SUL OBRAS E SERVICOS LTDA;MT;1ª REGIÃO;8000023354568;Em cobrança;ATIVA COM AJUIZAMENTO A SER PROSSEGUIDO;Receita da dívida ativa - CSLL;02/05/2003;SIM;2070091.77
NAO_PREVIDENCIARIO-000225;;262768.27;XXX973.856XX;Pessoa física;PRINCIPAL;CONTRIBUINTE FICTICIO 0225;SC;4ª REGIÃO;8000023459297;Em cobrança;ATIVA A SER COBRADA;Receita da dívida ativa - IRPF;07/02/2010;NAO;262768.27
NAO_PREVIDENCIARIO-000226;96000225000117;2358523.11;96.000.225/0001-17;Pessoa jurídica;CORRESPONSAVEL;COSTA AZUL OBRAS E SERVICOS S.A.;MA;MARANHAO;8000023564026;Benefício Fiscal;ATIVA AJUIZADA NEGOCIADA NO SISPAR;Receita da dívida ativa - IRRF;04/08/2018;SIM;2358523.11
NAO_PREVIDENCIARIO-000227;96000226000161;353719.67;96.000.226/0001-61;Pessoa jurídica;PRINCIPAL;CRUZEIRO OBRAS E SERVICOS LTDA;RR;1ª REGIÃO;8000023668755;Em cobrança;ATIVA A SER COBRADA;Receita da dívida ativa - Multa - CLT;05/08/2018;NAO;353719.67
NAO_PREVIDENCIARIO-000228;96000227000106;649610.01;96.000.227/0001-06;Pessoa jurídica;PRINCIPAL;ESTRELA DO NORTE OBRAS E SERVICOS LTDA;GO;1ª REGIÃO;8000023773484;Em cobrança;ATIVA AJUIZADA;DIV.ATIVA-CPMF;11/05/2010;SIM;649610.01
NAO_PREVIDENCIARIO-000229;96000228000150;1053125.90;96.000.228/0001-50;Pessoa jurídica;PRINCIPAL;HORIZONTE OBRAS E SERVICOS S.A.;RO;1ª REGIÃO;8000023878213;Em cobrança;ATIVA A SER COBRADA;Receita da dívida ativa - Contribuição açúcar e álcool;17/06/2008;NAO;1053125.90
NAO_PREVIDENCIARIO-000230;96000229000103;2257799.76;96.000.229/0001-03;Pessoa jurídica;PRINCIPAL;INTEGRA OBRAS E SERVICOS LTDA;ES;2ª REGIÃO;8000023982942;Em cobrança;ATIVA A SER COBRADA;R D Ativa - Crédito Rural - Prog Nac Fortalec Agric Familiar;17/10/2015;NAO;2257799.76
NAO_PREVIDENCIARIO-000231;96000230000120;1379696.34;96.000.230/0001-20;Pessoa jurídica;PRINCIPAL;JARDINS OBRAS E SERVICOS LTDA;RS;RIO GRANDE DO SUL;8000024087671;Em cobrança;ATIVA A SER COBRADA;Receita da dívida ativa - PIS;03/02/2006;NAO;1379696.34
NAO_PREVIDENCIARIO-000232;;1750299.04;XXX129.289XX;Pessoa física;PRINCIPAL;CONTRIBUINTE FICTICIO 0232;DF;1ª REGIÃO;8000024192400;Suspenso por decisão judicial;ATIVA NAO AJUIZAVEL COM EXIGIBILIDADE DO CREDITO SUSPENSA-DEC.JUDICIAL;Receita da dívida ativa - COFINS;19/03/2002;NAO;1750299.04
NAO_PREVIDENCIARIO-000233;96000232000119;1701273.06;96.000.232/0001-19;Pessoa jurídica;PRINCIPAL;NOVA ERA OBRAS E SERVICOS LTDA;RN;5ª REGIÃO;8000024297129;Em cobrança;ATIVA A SER COBRADA;Receita da dívida ativa - IRPJ;06/08/2023;NAO;1701273.06
NAO_PREVIDENCIARIO-000234;90000117000168;1274153.95;90.000.117/0001-68;Pessoa jurídica;PRINCIPAL;PIONEIRA OBRAS E SERVICOS LTDA;CE;5ª REGIÃO;8000024401858;Em cobrança;ATIVA NAO PRIORIZADA PARA AJUIZAMENTO;Receita da dívida ativa - CSLL;27/11/2013;SIM;1274153.95
NAO_PREVIDENCIARIO-000235;96000234000108;1703269.29;96.000.234/0001-08;Pessoa jurídica;CORRESPONSAVEL;PLANALTO OBRAS E SERVICOS S.A.;RJ;2ª REGIÃO;8000024506587;Em cobrança;ATIVA A SER COBRADA;Receita da dívida ativa - IRPF;12/12/2023;NAO;1703269.29
NAO_PREVIDENCIARIO-000236;96000235000152;1417046.04;96.000.235/0001-52;Pessoa jurídica;PRINCIPAL;RIO CLARO OBRAS E SERVICOS LTDA;BA;BAHIA;8000024611316;Em cobrança;ATIVA A SER COBRADA;Receita da dívida ativa - IRRF;23/10/2019;NAO;1417046.04
NAO_PREVIDENCIARIO-000237;96000236000105;1220671.33;96.000.236/0001-05;Pessoa jurídica;PRINCIPAL;SERRA DOURADA OBRAS E SERVICOS LTDA;PI;1ª REGIÃO;8000024716045;Em cobrança;ATIVA A SER COBRADA;Receita da dívida ativa - Multa - CLT;13/01/2019;NAO;1220671.33
NAO_PREVIDENCIARIO-000238;96000237000141;1044492.69;96.000.237/0001-41;Pessoa jurídica;PRINCIPAL;SOL NASCENTE OBRAS E SERVICOS S.A.;AM;1ª REGIÃO;8000024820774;Garantia;ATIVA AJUIZADA;DIV.ATIVA-CPMF;12/04/2000;SIM;1044492.69
NAO_PREVIDENCIARIO-000239;;691649.65;XXX184.722XX;Pessoa física;PRINCIPAL;CONTRIBUINTE FICTICIO 0239;PE;5ª REGIÃO;8000024925503;Em cobrança;ATIVA A SER COBRADA;Receita da dívida ativa - Contribuição açúcar e álcool;02/12/2001;NAO;691649.65
NAO_PREVIDENCIARIO-000240;96000239000130;684155.53;96.000.239/0001-30;Pessoa jurídica;PRINCIPAL;VILA NOVA OBRAS E SERVICOS LTDA;AP;1ª REGIÃO;8000025030232;Em cobrança;ATIVA A SER COBRADA;R D Ativa - Crédito Rural - Prog Nac Fortalec Agric Familiar;20/07/2020;NAO;684155.53
NAO_PREVIDENCIARIO-000241;96000240000165;1115600.25;96.000.240/0001-65;Pessoa jurídica;PRINCIPAL;ALVORADA PRODUTOS AGRICOLAS S.A.;PR;PARANA;8000025134961;Em cobrança;ATIVA AJUIZADA;Receita da dívida ativa - PIS;05/01/2020;SIM;1115600.25
NAO_PREVIDENCIARIO-000242;96000241000100;2153094.94;96.000.241/0001-00;Pessoa jurídica;PRINCIPAL;BOA VISTA PRODUTOS AGRICOLAS LTDA;AL;5ª REGIÃO;8000025239690;Em cobrança;ATIVA A SER COBRADA;Receita da dívida ativa - COFINS;12/01/2017;NAO;2153094.94
NAO_PREVIDENCIARIO-000243;96000242000154;1523572.19;96.000.242/0001-54;Pessoa jurídica;PRINCIPAL;CAMINHO VERDE PRODUTOS AGRICOLAS LTDA;PB;5ª REGIÃO;8000025344419;Em cobrança;ATIVA A SER COBRADA;Receita da dívida ativa - IRPJ;22/03/2019;NAO;1523572.19
NAO_PREVIDENCIARIO-000244;96000243000107;248584.51;96.000.243/0001-07;Pessoa jurídica;CORRESPONSAVEL;CAMPOS DO SUL PRODUTOS AGRICOLAS S.A.;AC;1ª REGIÃO;8000025449148;Em cobrança;ATIVA COM AJUIZAMENTO A SER PROSSEGUIDO;Receita da dívida ativa - CSLL;10/08/1998;SIM;248584.51
NAO_PREVIDENCIARIO-000245;96000244000143;93452.13;96.000.244/0001-43;Pessoa jurídica;PRINCIPAL;CERRADO PRODUTOS AGRICOLAS LTDA;PA;1ª REGIÃO;8000025553877;Em cobrança;ATIVA A SER COBRADA;Receita da dívida ativa - IRPF;05/01/2008;NAO;93452.13
NAO_PREVIDENCIARIO-000246;;445353.56;XXX240.155XX;Pessoa física;PRINCIPAL;CONTRIBUINTE FICTICIO 0246;TO;TOCANTINS;8000025658606;Benefício Fiscal;ATIVA AJUIZADA NEGOCIADA NO SISPAR;Receita da dívida ativa - IRRF;20/05/2004;SIM;445353.56
NAO_PREVIDENCIARIO-000247;96000246000132;667592.01;96.000.246/0001-32;Pessoa jurídica;PRINCIPAL;CRUZEIRO PRODUTOS AGRICOLAS S.A.;MG;6ª REGIÃO;8000025763335;Em cobrança;ATIVA A SER COBRADA;Receita da dívida ativa - Multa - CLT;16/09/2014;NAO;667592.01
NAO_PREVIDENCIARIO-000248;96000247000187;2173921.31;96.000.247/0001-87;Pessoa jurídica;PRINCIPAL;ESTRELA DO NORTE PRODUTOS AGRICOLAS LTDA;SE;5ª REGIÃO;8000025868064;Em cobrança;ATIVA AJUIZADA;DIV.ATIVA-CPMF;18/06/2021;SIM;2173921.31
NAO_PREVIDENCIARIO-000249;96000248000121;2057320.60;96.000.248/0001-21;Pessoa jurídica;PRINCIPAL;HORIZONTE PRODUTOS AGRICOLAS LTDA;MS;1ª REGIÃO;8000025972793;Em cobrança;ATIVA A SER COBRADA;Receita da dívida ativa - Contribuição açúcar e álcool;14/04/2002;NAO;2057320.60
NAO_PREVIDENCIARIO-000250;96000249000176;371541.12;96.000.249/0001-76;Pessoa jurídica;PRINCIPAL;INTEGRA PRODUTOS AGRICOLAS S.A.;SP;3ª REGIÃO;8000026077522;Em cobrança;ATIVA A SER COBRADA;R D Ativa - Crédito Rural - Prog Nac Fortalec Agric Familiar;12/03/2016;NAO;371541.12
NAO_PREVIDENCIARIO-000251;96000250000109;639954.98;96.000.250/0001-09;Pessoa jurídica;PRINCIPAL;JARDINS PRODUTOS AGRICOLAS LTDA;MT;MATO GROSSO;8000026182251;Em cobrança;ATIVA A SER COBRADA;Receita da dívida ativa - PIS;18/01/2026;NAO;639954.98
NAO_PREVIDENCIARIO-000252;96000251000145;1126368.20;96.000.251/0001-45;Pessoa jurídica;PRINCIPAL;MONTE ALTO PRODUTOS AGRICOLAS LTDA;SC;4ª REGIÃO;8000026286980;Suspenso por decisão judicial;ATIVA NAO AJUIZAVEL COM EXIGIBILIDADE DO CREDITO SUSPENSA-DEC.JUDICIAL;Receita da dívida ativa - COFINS;01/11/2011;NAO;1126368.20
NAO_PREVIDENCIARIO-000253;;2381402.90;XXX295.588XX;Pessoa física;CORRESPONSAVEL;CONTRIBUINTE FICTICIO 0253;MA;1ª REGIÃO;8000026391709;Em cobrança;ATIVA A SER COBRADA;Receita da dívida ativa - IRPJ;13/12/2014;NAO;2381402.90
NAO_PREVIDENCIARIO-000254;96000253000134;363839.32;96.000.253/0001-34;Pessoa jurídica;PRINCIPAL;PIONEIRA PRODUTOS AGRICOLAS LTDA;RR;1ª REGIÃO;8000026496438;Em cobrança;ATIVA NAO PRIORIZADA PARA AJUIZAMENTO;Receita da dívida ativa - CSLL;20/11/2009;SIM;363839.32
NAO_PREVIDENCIARIO-000255;96000254000189;1045281.88;96.000.254/0001-89;Pessoa jurídica;PRINCIPAL;PLANALTO PRODUTOS AGRICOLAS LTDA;GO;1ª REGIÃO;8000026601167;Em cobrança;ATIVA A SER COBRADA;Receita da dívida ativa - IRPF;17/06/2017;NAO;1045281.88
NAO_PREVIDENCIARIO-000256;90000125000104;140207.78;90.000.125/0001-04;Pessoa jurídica;PRINCIPAL;RIO CLARO PRODUTOS AGRICOLAS S.A.;RO;RONDONIA;8000026705896;Em cobrança;ATIVA A SER COBRADA;Receita da dívida ativa - IRRF;24/09/2015;NAO;140207.78
NAO_PREVIDENCIARIO-000257;96000256000178;2465615.99;96.000.256/0001-78;Pessoa jurídica;PRINCIPAL;SERRA DOURADA PRODUTOS AGRICOLAS LTDA;ES;2ª REGIÃO;8000026810625;Em cobrança;ATIVA A SER COBRADA;Receita da dívida ativa - Multa - CLT;09/02/2022;NAO;2465615.99
NAO_PREVIDENCIARIO-000258;96000257000112;243032.30;96.000.257/0001-12;Pessoa jurídica;PRINCIPAL;SOL NASCENTE PRODUTOS AGRICOLAS LTDA;RS;4ª REGIÃO;8000026915354;Garantia;ATIVA AJUIZADA;DIV.ATIVA-CPMF;20/07/2008;SIM;243032.30
NAO_PREVIDENCIARIO-000259;96000258000167;397726.37;96.000.258/0001-67;Pessoa jurídica;PRINCIPAL;VALE FORTE PRODUTOS AGRICOLAS S.A.;DF;1ª REGIÃO;8000027020083;Em cobrança;ATIVA A SER COBRADA;Receita da dívida ativa - Contribuição açúcar e álcool;08/06/2008;NAO;397726.37
NAO_PREVIDENCIARIO-000260;;916353.07;XXX351.021XX;Pessoa física;PRINCIPAL;CONTRIBUINTE FICTICIO 0260;RN;5ª REGIÃO;8000027124812;Em cobrança;ATIVA A SER COBRADA;R D Ativa - Crédito Rural - Prog Nac Fortalec Agric Familiar;02/06/2016;NAO;916353.07
NAO_PREVIDENCIARIO-000261;96000260000136;73206.28;96.000.260/0001-36;Pessoa jurídica;PRINCIPAL;ALVORADA TECNOLOGIA LTDA;CE;CEARA;8000027229541;Em cobrança;ATIVA AJUIZADA;Receita da dívida ativa - PIS;24/12/2007;SIM;73206.28
NAO_PREVIDENCIARIO-000262;96000261000180;657023.56;96.000.261/0001-80;Pessoa jurídica;CORRESPONSAVEL;BOA VISTA TECNOLOGIA S.A.;RJ;2ª REGIÃO;8000027334270;Em cobrança;ATIVA A SER COBRADA;Receita da dívida ativa - COFINS;24/05/2008;NAO;657023.56
NAO_PREVIDENCIARIO-000263;96000262000125;1223146.66;96.000.262/0001-25;Pessoa jurídica;PRINCIPAL;CAMINHO VERDE TECNOLOGIA LTDA;BA;1ª REGIÃO;8000027438999;Em cobrança;ATIVA A SER COBRADA;Receita da dívida ativa - IRPJ;18/01/2019;NAO;1223146.66
NAO_PREVIDENCIARIO-000264;96000263000170;1151641.39;96.000.263/0001-70;Pessoa jurídica;PRINCIPAL;CAMPOS DO SUL TECNOLOGIA LTDA;PI;1ª REGIÃO;8000027543728;Em cobrança;ATIVA COM AJUIZAMENTO A SER PROSSEGUIDO;Receita da dívida ativa - CSLL;07/08/2006;SIM;1151641.39
NAO_PREVIDENCIARIO-000265;96000264000114;448113.24;96.000.264/0001-14;Pessoa jurídica;PRINCIPAL;CERRADO TECNOLOGIA S.A.;AM;1ª REGIÃO;8000027648457;Em cobrança;ATIVA A SER COBRADA;Receita da dívida ativa - IRPF;15/01/2025;NAO;448113.24
NAO_PREVIDENCIARIO-000266;96000265000169;2050636.78;96.000.265/0001-69;Pessoa jurídica;PRINCIPAL;COSTA AZUL TECNOLOGIA LTDA;PE;PERNAMBUCO;8000027753186;Benefício Fiscal;ATIVA AJUIZADA NEGOCIADA NO SISPAR;Receita da dívida ativa - IRRF;18/12/2001;SIM;2050636.78
NAO_PREVIDENCIARIO-000267;;943550.93;XXX406.454XX;Pessoa física;PRINCIPAL;CONTRIBUINTE FICTICIO 0267;AP;1ª REGIÃO;8000027857915;Em cobrança;ATIVA A SER COBRADA;Receita da dívida ativa - Multa - CLT;06/10/2002;NAO;943550.93
NAO_PREVIDENCIARIO-000268;96000267000158;1398691.99;96.000.267/0001-58;Pessoa jurídica;PRINCIPAL;ESTRELA DO NORTE TECNOLOGIA S.A.;PR;4ª REGIÃO;8000027962644;Em cobrança;ATIVA AJUIZADA;DIV.ATIVA-CPMF;18/05/2005;SIM;1398691.99
NAO_PREVIDENCIARIO-000269;96000268000100;715506.67;96.000.268/0001-00;Pessoa jurídica;PRINCIPAL;HORIZONTE TECNOLOGIA LTDA;AL;5ª REGIÃO;8000028067373;Em cobrança;ATIVA A SER COBRADA;Receita da dívida ativa - Contribuição açúcar e álcool;20/10/2013;NAO;715506.67
NAO_PREVIDENCIARIO-000270;96000269000147;666880.24;96.000.269/0001-47;Pessoa jurídica;PRINCIPAL;INTEGRA TECNOLOGIA LTDA;PB;5ª REGIÃO;8000028172102;Em cobrança;ATIVA A SER COBRADA;R D Ativa - Crédito Rural - Prog Nac Fortalec Agric Familiar;11/02/2003;NAO;666880.24
NAO_PREVIDENCIARIO-000271;96000270000171;1041476.49;96.000.270/0001-71;Pessoa jurídica;CORRESPONSAVEL;JARDINS TECNOLOGIA S.A.;AC;ACRE;8000028276831;Em cobrança;ATIVA A SER COBRADA;Receita da dívida ativa - PIS;03/04/2023;NAO;1041476.49
NAO_PREVIDENCIARIO-000272;96000271000116;1457767.40;96.000.271/0001-16;Pessoa jurídica;PRINCIPAL;MONTE ALTO TECNOLOGIA LTDA;PA;1ª REGIÃO;8000028381560;Suspenso por decisão judicial;ATIVA NAO AJUIZAVEL COM EXIGIBILIDADE DO CREDITO SUSPENSA-DEC.JUDICIAL;Receita da dívida ativa - COFINS;15/01/2020;NAO;1457767.40
NAO_PREVIDENCIARIO-000273;96000272000160;61717.79;96.000.272/0001-60;Pessoa jurídica;PRINCIPAL;NOVA ERA TECNOLOGIA LTDA;TO;1ª REGIÃO;8000028486289;Em cobrança;ATIVA A SER COBRADA;Receita da dívida ativa - IRPJ;19/12/2008;NAO;61717.79
NAO_PREVIDENCIARIO-000274;;1578235.11;XXX461.887XX;Pessoa física;PRINCIPAL;CONTRIBUINTE FICTICIO 0274;MG;6ª REGIÃO;8000028591018;Em cobrança;ATIVA NAO PRIORIZADA PARA AJUIZAMENTO;Receita da dívida ativa - CSLL;18/10/2016;SIM;1578235.11
NAO_PREVIDENCIARIO-000275;96000274000150;2006642.77;96.000.274/0001-50;Pessoa jurídica;PRINCIPAL;PLANALTO TECNOLOGIA LTDA;SE;5ª REGIÃO;8000028695747;Em cobrança;ATIVA A SER COBRADA;Receita da dívida ativa - IRPF;01/11/2019;NAO;2006642.77
NAO_PREVIDENCIARIO-000276;96000275000102;1299558.55;96.000.275/0001-02;Pessoa jurídica;PRINCIPAL;RIO CLARO TECNOLOGIA LTDA;MS;MATO GROSSO DO SUL;8000028800476;Em cobrança;ATIVA A SER COBRADA;Receita da dívida ativa - IRRF;05/08/2009;NAO;1299558.55
NAO_PREVIDENCIARIO-000277;96000276000149;696084.00;96.000.276/0001-49;Pessoa jurídica;PRINCIPAL;SERRA DOURADA TECNOLOGIA S.A.;SP;3ª REGIÃO;8000028905205;Em cobrança;ATIVA A SER COBRADA;Receita da dívida ativa - Multa - CLT;01/10/2019;NAO;696084.00
NAO_PREVIDENCIARIO-000278;90000163000167;1251387.43;90.000.163/0001-67;Pessoa jurídica;PRINCIPAL;SOL NASCENTE TECNOLOGIA LTDA;MT;1ª REGIÃO;8000029009934;Garantia;ATIVA AJUIZADA;DIV.ATIVA-CPMF;19/08/2010;SIM;1251387.43
NAO_PREVIDENCIARIO-000279;96000278000138;1563617.95;96.000.278/0001-38;Pessoa jurídica;PRINCIPAL;VALE FORTE TECNOLOGIA LTDA;SC;4ª REGIÃO;8000029114663;Em cobrança;ATIVA A SER COBRADA;Receita da dívida ativa - Contribuição açúcar e álcool;21/04/2016;NAO;1563617.95
NAO_PREVIDENCIARIO-000280;96000279000182;1519253.63;96.000.279/0001-82;Pessoa jurídica;CORRESPONSAVEL;VILA NOVA TECNOLOGIA S.A.;MA;1ª REGIÃO;8000029219392;Em cobrança;ATIVA A SER COBRADA;R D Ativa - Crédito Rural - Prog Nac Fortalec Agric Familiar;24/01/2021;NAO;1519253.63
NAO_PREVIDENCIARIO-000281;;2094527.49;XXX517.320XX;Pessoa física;PRINCIPAL;CONTRIBUINTE FICTICIO 0281;RR;RORAIMA;8000029324121;Em cobrança;ATIVA AJUIZADA;Receita da dívida ativa - PIS;27/08/2011;SIM;2094527.49
NAO_PREVIDENCIARIO-000282;96000281000151;2140903.84;96.000.281/0001-51;Pessoa jurídica;PRINCIPAL;BOA VISTA TRANSPORTES LTDA;GO;1ª REGIÃO;8000029428850;Em cobrança;ATIVA A SER COBRADA;Receita da dívida ativa - COFINS;17/03/2002;NAO;2140903.84
NAO_PREVIDENCIARIO-000283;96000282000104;1180139.39;96.000.282/0001-04;Pessoa jurídica;PRINCIPAL;CAMINHO VERDE TRANSPORTES S.A.;RO;1ª REGIÃO;8000029533579;Em cobrança;ATIVA A SER COBRADA;Receita da dívida ativa - IRPJ;05/12/2003;NAO;1180139.39
NAO_PREVIDENCIARIO-000284;96000283000140;822070.74;96.000.283/0001-40;Pessoa jurídica;PRINCIPAL;CAMPOS DO SUL TRANSPORTES LTDA;ES;2ª REGIÃO;8000029638308;Em cobrança;ATIVA COM AJUIZAMENTO A SER PROSSEGUIDO;Receita da dívida ativa - CSLL;17/02/2014;SIM;822070.74
NAO_PREVIDENCIARIO-000285;96000284000195;1023967.50;96.000.284/0001-95;Pessoa jurídica;PRINCIPAL;CERRADO TRANSPORTES LTDA;RS;4ª REGIÃO;8000029743037;Em cobrança;ATIVA A SER COBRADA;Receita da dívida ativa - IRPF;18/04/2018;NAO;1023967.50
NAO_PREVIDENCIARIO-000286;96000285000130;1815991.09;96.000.285/0001-30;Pessoa jurídica;PRINCIPAL;COSTA AZUL TRANSPORTES S.A.;DF;DISTRITO FEDERAL;8000029847766;Benefício Fiscal;ATIVA AJUIZADA NEGOCIADA NO SISPAR;Receita da dívida ativa - IRRF;21/09/2005;SIM;1815991.09
NAO_PREVIDENCIARIO-000287;96000286000184;857527.84;96.000.286/0001-84;Pessoa jurídica;PRINCIPAL;CRUZEIRO TRANSPORTES LTDA;RN;5ª REGIÃO;8000029952495;Em cobrança;ATIVA A SER COBRADA;Receita da dívida ativa - Multa - CLT;19/05/2011;NAO;857527.84
NAO_PREVIDENCIARIO-000288;;539534.21;XXX572.753XX;Pessoa física;PRINCIPAL;CONTRIBUINTE FICTICIO 0288;CE;5ª REGIÃO;8000030057224;Em cobrança;ATIVA AJUIZADA;DIV.ATIVA-CPMF;24/12/2000;SIM;539534.21
NAO_PREVIDENCIARIO-000289;96000288000173;2347206.37;96.000.288/0001-73;Pessoa jurídica;CORRESPONSAVEL;HORIZONTE TRANSPORTES S.A.;RJ;2ª REGIÃO;8000030161953;Em cobrança;ATIVA A SER COBRADA;Receita da dívida ativa - Contribuição açúcar e álcool;14/10/2012;NAO;2347206.37
NAO_PREVIDENCIARIO-000290;96000289000118;1617099.26;96.000.289/0001-18;Pessoa jurídica;PRINCIPAL;INTEGRA TRANSPORTES LTDA;BA;1ª REGIÃO;8000030266682;Em cobrança;ATIVA A SER COBRADA;R D Ativa - Crédito Rural - Prog Nac Fortalec Agric Familiar;19/11/2008;NAO;1617099.26
NAO_PREVIDENCIARIO-000291;96000290000142;2201755.35;96.000.290/0001-42;Pessoa jurídica;PRINCIPAL;JARDINS TRANSPORTES LTDA;PI;PIAUI;8000030371411;Em cobrança;ATIVA A SER COBRADA;Receita da dívida ativa - PIS;10/10/2019;NAO;2201755.35
NAO_PREVIDENCIARIO-000292;96000291000197;1177574.75;96.000.291/0001-97;Pessoa jurídica;SOLIDARIO;MONTE ALTO TRANSPORTES S.A.;AM;1ª REGIÃO;8000030476140;Suspenso por decisão judicial;ATIVA NAO AJUIZAVEL COM EXIGIBILIDADE DO CREDITO SUSPENSA-DEC.JUDICIAL;Receita da dívida ativa - COFINS;25/12/2016;NAO;1177574.75
NAO_PREVIDENCIARIO-000293;96000292000131;611169.39;96.000.292/0001-31;Pessoa jurídica;PRINCIPAL;NOVA ERA TRANSPORTES LTDA;PE;5ª REGIÃO;8000030580869;Em cobrança;ATIVA A SER COBRADA;Receita da dívida ativa - IRPJ;04/02/2023;NAO;611169.39
NAO_PREVIDENCIARIO-000294;96000293000186;2344708.77;96.000.293/0001-86;Pessoa jurídica;PRINCIPAL;PIONEIRA TRANSPORTES LTDA;AP;1ª REGIÃO;8000030685598;Em cobrança;ATIVA NAO PRIORIZADA PARA AJUIZAMENTO;Receita da dívida ativa - CSLL;04/08/2008;SIM;2344708.77
NAO_PREVIDENCIARIO-000295;;2276426.94;XXX628.186XX;Pessoa física;PRINCIPAL;CONTRIBUINTE FICTICIO 0295;PR;4ª REGIÃO;8000030790327;Em cobrança;ATIVA A SER COBRADA;Receita da dívida ativa - IRPF;04/09/2007;NAO;2276426.94
NAO_PREVIDENCIARIO-000296;96000295000175;995733.31;96.000.295/0001-75;Pessoa jurídica;PRINCIPAL;RIO CLARO TRANSPORTES LTDA;AL;ALAGOAS;8000030895056;Em cobrança;ATIVA A SER COBRADA;Receita da dívida ativa - IRRF;29/08/2007;NAO;995733.31
NAO_PREVIDENCIARIO-000297;96000296000110;2413458.32;96.000.296/0001-10;Pessoa jurídica;PRINCIPAL;SERRA DOURADA TRANSPORTES LTDA;PB;5ª REGIÃO;8000030999785;Em cobrança;ATIVA A SER COBRADA;Receita da dívida ativa - Multa - CLT;01/01/2007;NAO;2413458.32
NAO_PREVIDENCIARIO-000298;96000297000164;1979221.14;96.000.297/0001-64;Pessoa jurídica;CORRESPONSAVEL;SOL NASCENTE TRANSPORTES S.A.;AC;1ª REGIÃO;8000031104514;Garantia;ATIVA AJUIZADA;DIV.ATIVA-CPMF;18/11/2019;SIM;1979221.14
NAO_PREVIDENCIARIO-000299;96000298000109;736056.06;96.000.298/0001-09;Pessoa jurídica;PRINCIPAL;VALE FORTE TRANSPORTES LTDA;PA;1ª REGIÃO;8000031209243;Em cobrança;ATIVA A SER COBRADA;Receita da dívida ativa - Contribuição açúcar e álcool;26/02/2012;NAO;736056.06
NAO_PREVIDENCIARIO-000300;96000299000153;1617108.70;96.000.299/0001-53;Pessoa jurídica;PRINCIPAL;VILA NOVA TRANSPORTES LTDA;TO;1ª REGIÃO;8000031313972;Em cobrança;ATIVA A SER COBRADA;R D Ativa - Crédito Rural - Prog Nac Fortalec Agric Familiar;16/05/2002;NAO;1617108.70
NAO_PREVIDENCIARIO-000301;90000187000116;2053518.69;90.000.187/0001-16;Pessoa jurídica;PRINCIPAL;ALVORADA ALIMENTOS S.A.;MG;MINAS GERAIS;8000031418701;Em cobrança;ATIVA AJUIZADA;Receita da dívida ativa - PIS;10/07/1999;SIM;2053518.69
NAO_PREVIDENCIARIO-000302;;431593.43;XXX683.619XX;Pessoa física;PRINCIPAL;CONTRIBUINTE FICTICIO 0302;SE;5ª REGIÃO;8000031523430;Em cobrança;ATIVA A SER COBRADA;Receita da dívida ativa - COFINS;12/03/2001;NAO;431593.43
NAO_PREVIDENCIARIO-000303;96000302000139;241073.73;96.000.302/0001-39;Pessoa jurídica;PRINCIPAL;CAMINHO VERDE ALIMENTOS LTDA;MS;1ª REGIÃO;8000031628159;Em cobrança;ATIVA A SER COBRADA;Receita da dívida ativa - IRPJ;30/05/2006;NAO;241073.73
NAO_PREVIDENCIARIO-000304;96000303000183;670488.94;96.000.303/0001-83;Pessoa jurídica;PRINCIPAL;CAMPOS DO SUL ALIMENTOS S.A.;SP;3ª REGIÃO;8000031732888;Em cobrança;ATIVA COM AJUIZAMENTO A SER PROSSEGUIDO;Receita da dívida ativa - CSLL;10/11/2004;SIM;670488.94
NAO_PREVIDENCIARIO-000305;96000304000128;461940.90;96.000.304/0001-28;Pessoa jurídica;PRINCIPAL;CERRADO ALIMENTOS LTDA;MT;1ª REGIÃO;8000031837617;Em cobrança;ATIVA A SER COBRADA;Receita da dívida ativa - IRPF;27/11/2019;NAO;461940.90
NAO_PREVIDENCIARIO-000306;96000305000172;1325436.53;96.000.305/0001-72;Pessoa jurídica;PRINCIPAL;COSTA AZUL ALIMENTOS LTDA;SC;SANTA CATARINA;8000031942346;Benefício Fiscal;ATIVA AJUIZADA NEGOCIADA NO SISPAR;Receita da dívida ativa - IRRF;13/05/2009;SIM;1325436.53
NAO_PREVIDENCIARIO-000307;96000306000117;154571.52;96.000.306/0001-17;Pessoa jurídica;CORRESPONSAVEL;CRUZEIRO ALIMENTOS S.A.;MA;1ª REGIÃO;8000032047075;Em cobrança;ATIVA A SER COBRADA;Receita da dívida ativa - Multa - CLT;14/05/2021;NAO;154571.52
NAO_PREVIDENCIARIO-000308;96000307000161;1462506.40;96.000.307/0001-61;Pessoa jurídica;PRINCIPAL;ESTRELA DO NORTE ALIMENTOS LTDA;RR;1ª REGIÃO;8000032151804;Em cobrança;ATIVA AJUIZADA;DIV.ATIVA-CPMF;09/07/1999;SIM;1462506.40
NAO_PREVIDENCIARIO-000309;;2412574.96;XXX739.052XX;Pessoa física;PRINCIPAL;CONTRIBUINTE FICTICIO 0309;GO;1ª REGIÃO;8000032256533;Em cobrança;ATIVA A SER COBRADA;Receita da dívida ativa - Contribuição açúcar e álcool;03/03/2023;NAO;2412574.96
NAO_PREVIDENCIARIO-000310;96000309000150;811297.12;96.000.309/0001-50;Pessoa jurídica;PRINCIPAL;INTEGRA ALIMENTOS S.A.;RO;1ª REGIÃO;8000032361262;Em cobrança;ATIVA A SER COBRADA;R D Ativa - Crédito Rural - Prog Nac Fortalec Agric Familiar;21/06/2014;NAO;811297.12
NAO_PREVIDENCIARIO-000311;96000310000185;1019518.16;96.000.310/0001-85;Pessoa jurídica;PRINCIPAL;JARDINS ALIMENTOS LTDA;ES;ESPIRITO SANTO;8000032465991;Em cobrança;ATIVA A SER COBRADA;Receita da dívida ativa - PIS;15/05/1998;NAO;1019518.16
NAO_PREVIDENCIARIO-000312;96000311000120;2182516.65;96.000.311/0001-20;Pessoa jurídica;PRINCIPAL;MONTE ALTO ALIMENTOS LTDA;RS;4ª REGIÃO;8000032570720;Suspenso por decisão judicial;ATIVA NAO AJUIZAVEL COM EXIGIBILIDADE DO CREDITO SUSPENSA-DEC.JUDICIAL;Receita da dívida ativa - COFINS;20/06/2016;NAO;2182516.65
NAO_PREVIDENCIARIO-000313;96000312000174;2016739.09;96.000.312/0001-74;Pessoa jurídica;PRINCIPAL;NOVA ERA ALIMENTOS S.A.;DF;1ª REGIÃO;8000032675449;Em cobrança;ATIVA A SER COBRADA;Receita da dívida ativa - IRPJ;13/02/2010;NAO;2016739.09
NAO_PREVIDENCIARIO-000314;96000313000119;910423.45;96.000.313/0001-19;Pessoa jurídica;PRINCIPAL;PIONEIRA ALIMENTOS LTDA;RN;5ª REGIÃO;8000032780178;Em cobrança;ATIVA NAO PRIORIZADA PARA AJUIZAMENTO;Receita da dívida ativa - CSLL;25/05/2001;SIM;910423.45
NAO_PREVIDENCIARIO-000315;96000314000163;2317710.06;96.000.314/0001-63;Pessoa jurídica;PRINCIPAL;PLANALTO ALIMENTOS LTDA;CE;5ª REGIÃO;8000032884907;Em cobrança;ATIVA A SER COBRADA;Receita da dívida ativa - IRPF;26/10/1999;NAO;2317710.06
NAO_PREVIDENCIARIO-000316;;2137501.08;XXX794.485XX;Pessoa física;CORRESPONSAVEL;CONTRIBUINTE FICTICIO 0316;RJ;RIO DE JANEIRO;8000032989636;Em cobrança;ATIVA A SER COBRADA;Receita da dívida ativa - IRRF;07/12/1998;NAO;2137501.08
NAO_PREVIDENCIARIO-000317;96000316000152;1496282.01;96.000.316/0001-52;Pessoa jurídica;PRINCIPAL;SERRA DOURADA ALIMENTOS LTDA;BA;1ª REGIÃO;8000033094365;Em cobrança;ATIVA A SER COBRADA;Receita da dívida ativa - Multa - CLT;09/12/2010;NAO;1496282.01
NAO_PREVIDENCIARIO-000318;96000317000105;2391254.78;96.000.317/0001-05;Pessoa jurídica;PRINCIPAL;SOL NASCENTE ALIMENTOS LTDA;PI;1ª REGIÃO;8000033199094;Garantia;ATIVA AJUIZADA;DIV.ATIVA-CPMF;08/03/2016;SIM;2391254.78
NAO_PREVIDENCIARIO-000319;96000318000141;1009915.40;96.000.318/0001-41;Pessoa jurídica;PRINCIPAL;VALE FORTE ALIMENTOS S.A.;AM;1ª REGIÃO;8000033303823;Em cobrança;ATIVA A SER COBRADA;Receita da dívida ativa - Contribuição açúcar e álcool;05/06/2008;NAO;1009915.40
NAO_PREVIDENCIARIO-000320;96000319000196;18793.29;96.000.319/0001-96;Pessoa jurídica;PRINCIPAL;VILA NOVA ALIMENTOS LTDA;PE;5ª REGIÃO;8000033408552;Em cobrança;ATIVA A SER COBRADA;R D Ativa - Crédito Rural - Prog Nac Fortalec Agric Familiar;26/04/2014;NAO;18793.29
NAO_PREVIDENCIARIO-000321;96000320000110;739998.99;96.000.320/0001-10;Pessoa jurídica;PRINCIPAL;ALVORADA COMERCIO E LOGISTICA LTDA;AP;AMAPA;8000033513281;Em cobrança;ATIVA AJUIZADA;Receita da dívida ativa - PIS;21/04/1999;SIM;739998.99
NAO_PREVIDENCIARIO-000322;96000321000165;2176834.67;96.000.321/0001-65;Pessoa jurídica;PRINCIPAL;BOA VISTA COMERCIO E LOGISTICA S.A.;PR;4ª REGIÃO;8000033618010;Em cobrança;ATIVA A SER COBRADA;Receita da dívida ativa - COFINS;23/09/2014;NAO;2176834.67
NAO_PREVIDENCIARIO-000323;90000239000154;856492.12;90.000.239/0001-54;Pessoa jurídica;PRINCIPAL;CAMINHO VERDE COMERCIO E LOGISTICA LTDA;AL;5ª REGIÃO;8000033722739;Em cobrança;ATIVA A SER COBRADA;Receita da dívida ativa - IRPJ;27/12/1998;NAO;856492.12
NAO_PREVIDENCIARIO-000324;96000323000154;1699369.17;96.000.323/0001-54;Pessoa jurídica;PRINCIPAL;CAMPOS DO SUL COMERCIO E LOGISTICA LTDA;PB;5ª REGIÃO;8000033827468;Em cobrança;ATIVA COM AJUIZAMENTO A SER PROSSEGUIDO;Receita da dívida ativa - CSLL;10/03/2011;SIM;1699369.17
NAO_PREVIDENCIARIO-000325;96000324000107;140341.68;96.000.324/0001-07;Pessoa jurídica;CORRESPONSAVEL;CERRADO COMERCIO E LOGISTICA S.A.;AC;1ª REGIÃO;8000033932197;Em cobrança;ATIVA A SER COBRADA;Receita da dívida ativa - IRPF;02/01/2022;NAO;140341.68
NAO_PREVIDENCIARIO-000326;96000325000143;282787.95;96.000.325/0001-43;Pessoa jurídica;PRINCIPAL;COSTA AZUL COMERCIO E LOGISTICA LTDA;PA;PARA;8000034036926;Benefício Fiscal;ATIVA AJUIZADA NEGOCIADA NO SISPAR;Receita da dívida ativa - IRRF;28/02/1998;SIM;282787.95
NAO_PREVIDENCIARIO-000327;96000326000198;20819.57;96.000.326/0001-98;Pessoa jurídica;PRINCIPAL;CRUZEIRO COMERCIO E LOGISTICA LTDA;TO;1ª REGIÃO;8000034141655;Em cobrança;ATIVA A SER COBRADA;Receita da dívida ativa - Multa - CLT;04/02/2026;NAO;20819.57
NAO_PREVIDENCIARIO-000328;96000327000132;64400.80;96.000.327/0001-32;Pessoa jurídica;PRINCIPAL;ESTRELA DO NORTE COMERCIO E LOGISTICA S.A.;MG;6ª REGIÃO;8000034246384;Em cobrança;ATIVA AJUIZADA;DIV.ATIVA-CPMF;04/06/2005;SIM;64400.80
NAO_PREVIDENCIARIO-000329;96000328000187;1711501.63;96.000.328/0001-87;Pessoa jurídica;PRINCIPAL;HORIZONTE COMERCIO E LOGISTICA LTDA;SE;5ª REGIÃO;8000034351113;Em cobrança;ATIVA A SER COBRADA;Receita da dívida ativa - Contribuição açúcar e álcool;03/09/2002;NAO;1711501.63
NAO_PREVIDENCIARIO-000330;;1286941.47;XXX905.351XX;Pessoa física;PRINCIPAL;CONTRIBUINTE FICTICIO 0330;MS;1ª REGIÃO;8000034455842;Em cobrança;ATIVA A SER COBRADA;R D Ativa - Crédito Rural - Prog Nac Fortalec Agric Familiar;02/08/2007;NAO;1286941.47
NAO_PREVIDENCIARIO-000331;96000330000156;1952303.96;96.000.330/0001-56;Pessoa jurídica;PRINCIPAL;JARDINS COMERCIO E LOGISTICA S.A.;SP;SAO PAULO;8000034560571;Em cobrança;ATIVA A SER COBRADA;Receita da dívida ativa - PIS;12/07/2014;NAO;1952303.96
NAO_PREVIDENCIARIO-000332;96000331000109;1869674.03;96.000.331/0001-09;Pessoa jurídica;PRINCIPAL;MONTE ALTO COMERCIO E LOGISTICA LTDA;MT;1ª REGIÃO;8000034665300;Suspenso por decisão judicial;ATIVA NAO AJUIZAVEL COM EXIGIBILIDADE DO CREDITO SUSPENSA-DEC.JUDICIAL;Receita da dívida ativa - COFINS;19/09/2011;NAO;1869674.03
NAO_PREVIDENCIARIO-000333;96000332000145;989407.62;96.000.332/0001-45;Pessoa jurídica;PRINCIPAL;NOVA ERA COMERCIO E LOGISTICA LTDA;SC;4ª REGIÃO;8000034770029;Em cobrança;ATIVA A SER COBRADA;Receita da dívida ativa - IRPJ;27/05/2017;NAO;989407.62
NAO_PREVIDENCIARIO-000334;96000333000190;331308.57;96.000.333/0001-90;Pessoa jurídica;CORRESPONSAVEL;PIONEIRA COMERCIO E LOGISTICA S.A.;MA;1ª REGIÃO;8000034874758;Em cobrança;ATIVA NAO PRIORIZADA PARA AJUIZAMENTO;Receita da dívida ativa - CSLL;28/07/2006;SIM;331308.57
NAO_PREVIDENCIARIO-000335;96000334000134;2052377.53;96.000.334/0001-34;Pessoa jurídica;PRINCIPAL;PLANALTO COMERCIO E LOGISTICA LTDA;RR;1ª REGIÃO;8000034979487;Em cobrança;ATIVA A SER COBRADA;Receita da dívida ativa - IRPF;14/07/2021;NAO;2052377.53
NAO_PREVIDENCIARIO-000336;96000335000189;1635069.89;96.000.335/0001-89;Pessoa jurídica;PRINCIPAL;RIO CLARO COMERCIO E LOGISTICA LTDA;GO;GOIAS;8000035084216;Em cobrança;ATIVA A SER COBRADA;Receita da dívida ativa - IRRF;24/04/2005;NAO;1635069.89
NAO_PREVIDENCIARIO-000337;;2211296.68;XXX960.784XX;Pessoa física;PRINCIPAL;CONTRIBUINTE FICTICIO 0337;RO;1ª REGIÃO;8000035188945;Em cobrança;ATIVA A SER COBRADA;Receita da dívida ativa - Multa - CLT;25/07/2016;NAO;2211296.68
NAO_PREVIDENCIARIO-000338;96000337000178;1153017.36;96.000.337/0001-78;Pessoa jurídica;PRINCIPAL;SOL NASCENTE COMERCIO E LOGISTICA LTDA;ES;2ª REGIÃO;8000035293674;Garantia;ATIVA AJUIZADA;DIV.ATIVA-CPMF;02/12/2021;SIM;1153017.36
NAO_PREVIDENCIARIO-000339;96000338000112;119891.45;96.000.338/0001-12;Pessoa jurídica;PRINCIPAL;VALE FORTE COMERCIO E LOGISTICA LTDA;RS;4ª REGIÃO;8000035398403;Em cobrança;ATIVA A SER COBRADA;Receita da dívida ativa - Contribuição açúcar e álcool;03/04/2002;NAO;119891.45
NAO_PREVIDENCIARIO-000340;96000339000167;66089.68;96.000.339/0001-67;Pessoa jurídica;PRINCIPAL;VILA NOVA COMERCIO E LOGISTICA S.A.;DF;1ª REGIÃO;8000035503132;Em cobrança;ATIVA A SER COBRADA;R D Ativa - Crédito Rural - Prog Nac Fortalec Agric Familiar;27/07/1999;NAO;66089.68
NAO_PREVIDENCIARIO-000341;96000340000191;1778818.96;96.000.340/0001-91;Pessoa jurídica;PRINCIPAL;ALVORADA CONSTRUCOES LTDA;RN;RIO GRANDE DO NORTE;8000035607861;Em cobrança;ATIVA AJUIZADA;Receita da dívida ativa - PIS;10/07/2018;SIM;1778818.96
NAO_PREVIDENCIARIO-000342;96000341000136;1148862.68;96.000.341/0001-36;Pessoa jurídica;PRINCIPAL;BOA VISTA CONSTRUCOES LTDA;CE;5ª REGIÃO;8000035712590;Em cobrança;ATIVA A SER COBRADA;Receita da dívida ativa - COFINS;29/03/2001;NAO;1148862.68
NAO_PREVIDENCIARIO-000343;96000342000180;1078602.56;96.000.342/0001-80;Pessoa jurídica;CORRESPONSAVEL;CAMINHO VERDE CONSTRUCOES S.A.;RJ;2ª REGIÃO;8000035817319;Em cobrança;ATIVA A SER COBRADA;Receita da dívida ativa - IRPJ;03/08/2018;NAO;1078602.56
NAO_PREVIDENCIARIO-000344;;2008103.85;XXX116.217XX;Pessoa física;PRINCIPAL;CONTRIBUINTE FICTICIO 0344;BA;1ª REGIÃO;8000035922048;Em cobrança;ATIVA COM AJUIZAMENTO A SER PROSSEGUIDO;Receita da dívida ativa - CSLL;06/04/2011;SIM;2008103.85
NAO_PREVIDENCIARIO-000345;90000257000136;356.21;90.000.257/0001-36;Pessoa jurídica;PRINCIPAL;CERRADO CONSTRUCOES LTDA;PI;1ª REGIÃO;8000036026777;Em cobrança;ATIVA A SER COBRADA;Receita da dívida ativa - IRPF;13/12/2005;NAO;356.21
NAO_PREVIDENCIARIO-000346;96000345000114;969341.86;96.000.345/0001-14;Pessoa jurídica;PRINCIPAL;COSTA AZUL CONSTRUCOES S.A.;AM;AMAZONAS;8000036131506;Benefício Fiscal;ATIVA AJUIZADA NEGOCIADA NO SISPAR;Receita da dívida ativa - IRRF;28/03/2014;SIM;969341.86
NAO_PREVIDENCIARIO-000347;96000346000169;1486933.77;96.000.346/0001-69;Pessoa jurídica;PRINCIPAL;CRUZEIRO CONSTRUCOES LTDA;PE;5ª REGIÃO;8000036236235;Em cobrança;ATIVA A SER COBRADA;Receita da dívida ativa - Multa - CLT;06/03/2008;NAO;1486933.77
NAO_PREVIDENCIARIO-000348;96000347000103;1432784.61;96.000.347/0001-03;Pessoa jurídica;PRINCIPAL;ESTRELA DO NORTE CONSTRUCOES LTDA;AP;1ª REGIÃO;8000036340964;Em cobrança;ATIVA AJUIZADA;DIV.ATIVA-CPMF;18/03/1999;SIM;1432784.61
NAO_PREVIDENCIARIO-000349;96000348000158;1115434.15;96.000.348/0001-58;Pessoa jurídica;PRINCIPAL;HORIZONTE CONSTRUCOES S.A.;PR;4ª REGIÃO;8000036445693;Em cobrança;ATIVA A SER COBRADA;Receita da dívida ativa - Contribuição açúcar e álcool;26/02/2009;NAO;1115434.15
NAO_PREVIDENCIARIO-000350;96000349000100;1144874.20;96.000.349/0001-00;Pessoa jurídica;PRINCIPAL;INTEGRA CONSTRUCOES LTDA;AL;5ª REGIÃO;8000036550422;Em cobrança;ATIVA A SER COBRADA;R D Ativa - Crédito Rural - Prog Nac Fortalec Agric Familiar;26/11/1999;NAO;1144874.20
NAO_PREVIDENCIARIO-000351;;1827128.22;XXX171.650XX;Pessoa física;PRINCIPAL;CONTRIBUINTE FICTICIO 0351;PB;PARAIBA;8000036655151;Em cobrança;ATIVA A SER COBRADA;Receita da dívida ativa - PIS;30/04/2025;NAO;1827128.22
NAO_PREVIDENCIARIO-000352;96000351000171;953302.28;96.000.351/0001-71;Pessoa jurídica;CORRESPONSAVEL;MONTE ALTO CONSTRUCOES S.A.;AC;1ª REGIÃO;8000036759880;Suspenso por decisão judicial;ATIVA NAO AJUIZAVEL COM EXIGIBILIDADE DO CREDITO SUSPENSA-DEC.JUDICIAL;Receita da dívida ativa - COFINS;13/02/2004;NAO;953302.28
NAO_PREVIDENCIARIO-000353;96000352000116;1601228.45;96.000.352/0001-16;Pessoa jurídica;PRINCIPAL;NOVA ERA CONSTRUCOES LTDA;PA;1ª REGIÃO;8000036864609;Em cobrança;ATIVA A SER COBRADA;Receita da dívida ativa - IRPJ;12/12/2005;NAO;1601228.45
NAO_PREVIDENCIARIO-000354;96000353000160;743124.22;96.000.353/0001-60;Pessoa jurídica;PRINCIPAL;PIONEIRA CONSTRUCOES LTDA;TO;1ª REGIÃO;8000036969338;Em cobrança;ATIVA NAO PRIORIZADA PARA AJUIZAMENTO;Receita da dívida ativa - CSLL;02/11/1999;SIM;743124.22
NAO_PREVIDENCIARIO-000355;96000354000105;2076857.22;96.000.354/0001-05;Pessoa jurídica;PRINCIPAL;PLANALTO CONSTRUCOES S.A.;MG;6ª REGIÃO;8000037074067;Em cobrança;ATIVA A SER COBRADA;Receita da dívida ativa - IRPF;22/07/2013;NAO;2076857.22
NAO_PREVIDENCIARIO-000356;96000355000150;872965.46;96.000.355/0001-50;Pessoa jurídica;PRINCIPAL;RIO CLARO CONSTRUCOES LTDA;SE;SERGIPE;8000037178796;Em cobrança;ATIVA A SER COBRADA;Receita da dívida ativa - IRRF;17/04/2005;NAO;872965.46
NAO_PREVIDENCIARIO-000357;96000356000102;1758644.63;96.000.356/0001-02;Pessoa jurídica;PRINCIPAL;SERRA DOURADA CONSTRUCOES LTDA;MS;1ª REGIÃO;8000037283525;Em cobrança;ATIVA A SER COBRADA;Receita da dívida ativa - Multa - CLT;09/07/2008;NAO;1758644.63
NAO_PREVIDENCIARIO-000358;;557248.66;XXX227.083XX;Pessoa física;PRINCIPAL;CONTRIBUINTE FICTICIO 0358;SP;3ª REGIÃO;8000037388254;Garantia;ATIVA AJUIZADA;DIV.ATIVA-CPMF;26/12/2022;SIM;557248.66
NAO_PREVIDENCIARIO-000359;96000358000193;561841.97;96.000.358/0001-93;Pessoa jurídica;PRINCIPAL;VALE FORTE CONSTRUCOES LTDA;MT;1ª REGIÃO;8000037492983;Em cobrança;ATIVA A SER COBRADA;Receita da dívida ativa - Contribuição açúcar e álcool;29/07/2021;NAO;561841.97
NAO_PREVIDENCIARIO-000360;96000359000138;264244.84;96.000.359/0001-38;Pessoa jurídica;PRINCIPAL;VILA NOVA CONSTRUCOES LTDA;SC;4ª REGIÃO;8000037597712;Em cobrança;ATIVA A SER COBRADA;R D Ativa - Crédito Rural - Prog Nac Fortalec Agric Familiar;18/01/2007;NAO;264244.84
NAO_PREVIDENCIARIO-000361;96000360000162;580851.53;96.000.360/0001-62;Pessoa jurídica;CORRESPONSAVEL;ALVORADA ENERGIA S.A.;MA;MARANHAO;8000037702441;Em cobrança;ATIVA AJUIZADA;Receita da dívida ativa - PIS;18/11/2023;SIM;580851.53
NAO_PREVIDENCIARIO-000362;96000361000107;825787.20;96.000.361/0001-07;Pessoa jurídica;PRINCIPAL;BOA VISTA ENERGIA LTDA;RR;1ª REGIÃO;8000037807170;Em cobrança;ATIVA A SER COBRADA;Receita da dívida ativa - COFINS;03/02/2026;NAO;825787.20
NAO_PREVIDENCIARIO-000363;96000362000151;1089128.92;96.000.362/0001-51;Pessoa jurídica;PRINCIPAL;CAMINHO VERDE ENERGIA LTDA;GO;1ª REGIÃO;8000037911899;Em cobrança;ATIVA A SER COBRADA;Receita da dívida ativa - IRPJ;28/11/2007;NAO;1089128.92
NAO_PREVIDENCIARIO-000364;96000363000104;78900.84;96.000.363/0001-04;Pessoa jurídica;PRINCIPAL;CAMPOS DO SUL ENERGIA S.A.;RO;1ª REGIÃO;8000038016628;Em cobrança;ATIVA COM AJUIZAMENTO A SER PROSSEGUIDO;Receita da dívida ativa - CSLL;13/12/2012;SIM;78900.84
NAO_PREVIDENCIARIO-000365;;1402288.65;XXX282.516XX;Pessoa física;PRINCIPAL;CONTRIBUINTE FICTICIO 0365;ES;2ª REGIÃO;8000038121357;Em cobrança;ATIVA A SER COBRADA;Receita da dívida ativa - IRPF;22/10/2001;NAO;1402288.65
NAO_PREVIDENCIARIO-000366;96000365000195;983656.98;96.000.365/0001-95;Pessoa jurídica;PRINCIPAL;COSTA AZUL ENERGIA LTDA;RS;RIO GRANDE DO SUL;8000038226086;Benefício Fiscal;ATIVA AJUIZADA NEGOCIADA NO SISPAR;Receita da dívida ativa - IRRF;04/12/2009;SIM;983656.98
NAO_PREVIDENCIARIO-000367;90000266000127;862999.02;90.000.266/0001-27;Pessoa jurídica;PRINCIPAL;CRUZEIRO ENERGIA S.A.;DF;1ª REGIÃO;8000038330815;Em cobrança;ATIVA A SER COBRADA;Receita da dívida ativa - Multa - CLT;07/06/2003;NAO;862999.02
NAO_PREVIDENCIARIO-000368;96000367000184;789754.99;96.000.367/0001-84;Pessoa jurídica;PRINCIPAL;ESTRELA DO NORTE ENERGIA LTDA;RN;5ª REGIÃO;8000038435544;Em cobrança;ATIVA AJUIZADA;DIV.ATIVA-CPMF;01/11/2001;SIM;789754.99
NAO_PREVIDENCIARIO-000369;96000368000129;830127.22;96.000.368/0001-29;Pessoa jurídica;PRINCIPAL;HORIZONTE ENERGIA LTDA;CE;5ª REGIÃO;8000038540273;Em cobrança;ATIVA A SER COBRADA;Receita da dívida ativa - Contribuição açúcar e álcool;24/04/1998;NAO;830127.22
NAO_PREVIDENCIARIO-000370;96000369000173;1444250.80;96.000.369/0001-73;Pessoa jurídica;CORRESPONSAVEL;INTEGRA ENERGIA S.A.;RJ;2ª REGIÃO;8000038645002;Em cobrança;ATIVA A SER COBRADA;R D Ativa - Crédito Rural - Prog Nac Fortalec Agric Familiar;18/04/2003;NAO;1444250.80
NAO_PREVIDENCIARIO-000371;96000370000106;1680450.60;96.000.370/0001-06;Pessoa jurídica;PRINCIPAL;JARDINS ENERGIA LTDA;BA;BAHIA;8000038749731;Em cobrança;ATIVA A SER COBRADA;Receita da dívida ativa - PIS;16/01/2005;NAO;1680450.60
NAO_PREVIDENCIARIO-000372;;2063565.01;XXX337.949XX;Pessoa física;PRINCIPAL;CONTRIBUINTE FICTICIO 0372;PI;1ª REGIÃO;8000038854460;Suspenso por decisão judicial;ATIVA NAO AJUIZAVEL COM EXIGIBILIDADE DO CREDITO SUSPENSA-DEC.JUDICIAL;Receita da dívida ativa - COFINS;27/07/2019;NAO;2063565.01
NAO_PREVIDENCIARIO-000373;96000372000197;955304.97;96.000.372/0001-97;Pessoa jurídica;PRINCIPAL;NOVA ERA ENERGIA S.A.;AM;1ª REGIÃO;8000038959189;Em cobrança;ATIVA A SER COBRADA;Receita da dívida ativa - IRPJ;07/03/2013;NAO;955304.97
NAO_PREVIDENCIARIO-000374;96000373000131;2412999.17;96.000.373/0001-31;Pessoa jurídica;PRINCIPAL;PIONEIRA ENERGIA LTDA;PE;5ª REGIÃO;8000039063918;Em cobrança;ATIVA NAO PRIORIZADA PARA AJUIZAMENTO;Receita da dívida ativa - CSLL;20/05/2020;SIM;2412999.17
NAO_PREVIDENCIARIO-000375;96000374000186;1909316.05;96.000.374/0001-86;Pessoa jurídica;PRINCIPAL;PLANALTO ENERGIA LTDA;AP;1ª REGIÃO;8000039168647;Em cobrança;ATIVA A SER COBRADA;Receita da dívida ativa - IRPF;20/04/1999;NAO;1909316.05
NAO_PREVIDENCIARIO-000376;96000375000120;1965183.74;96.000.375/0001-20;Pessoa jurídica;PRINCIPAL;RIO CLARO ENERGIA S.A.;PR;PARANA;8000039273376;Em cobrança;ATIVA A SER COBRADA;Receita da dívida ativa - IRRF;27/02/2016;NAO;1965183.74
NAO_PREVIDENCIARIO-000377;96000376000175;2346194.72;96.000.376/0001-75;Pessoa jurídica;PRINCIPAL;SERRA DOURADA ENERGIA LTDA;AL;5ª REGIÃO;8000039378105;Em cobrança;ATIVA A SER COBRADA;Receita da dívida ativa - Multa - CLT;13/07/2014;NAO;2346194.72
NAO_PREVIDENCIARIO-000378;96000377000110;2232216.02;96.000.377/0001-10;Pessoa jurídica;PRINCIPAL;SOL NASCENTE ENERGIA LTDA;PB;5ª REGIÃO;8000039482834;Garantia;ATIVA AJUIZADA;DIV.ATIVA-CPMF;02/11/2019;SIM;2232216.02
NAO_PREVIDENCIARIO-000379;;1746672.30;XXX393.382XX;Pessoa física;CORRESPONSAVEL;CONTRIBUINTE FICTICIO 0379;AC;1ª REGIÃO;8000039587563;Em cobrança;ATIVA A SER COBRADA;Receita da dívida ativa - Contribuição açúcar e álcool;09/02/2002;NAO;1746672.30
NAO_PREVIDENCIARIO-000380;96000379000109;692641.68;96.000.379/0001-09;Pessoa jurídica;PRINCIPAL;VILA NOVA ENERGIA LTDA;PA;1ª REGIÃO;8000039692292;Em cobrança;ATIVA A SER COBRADA;R D Ativa - Crédito Rural - Prog Nac Fortalec Agric Familiar;27/01/1998;NAO;692641.68
NAO_PREVIDENCIARIO-000381;96000380000133;323286.63;96.000.380/0001-33;Pessoa jurídica;PRINCIPAL;ALVORADA EQUIPAMENTOS LTDA;TO;TOCANTINS;8000039797021;Em cobrança;ATIVA AJUIZADA;Receita da dívida ativa - PIS;09/11/2007;SIM;323286.63
NAO_PREVIDENCIARIO-000382;96000381000188;256868.16;96.000.381/0001-88;Pessoa jurídica;PRINCIPAL;BOA VISTA EQUIPAMENTOS S.A.;MG;6ª REGIÃO;8000039901750;Em cobrança;ATIVA A SER COBRADA;Receita da dívida ativa - COFINS;05/02/2008;NAO;256868.16
NAO_PREVIDENCIARIO-000383;96000382000122;1758984.93;96.000.382/0001-22;Pessoa jurídica;PRINCIPAL;CAMINHO VERDE EQUIPAMENTOS LTDA;SE;5ª REGIÃO;8000040006479;Em cobrança;ATIVA A SER COBRADA;Receita da dívida ativa - IRPJ;12/06/2000;NAO;1758984.93
NAO_PREVIDENCIARIO-000384;96000383000177;1343693.43;96.000.383/0001-77;Pessoa jurídica;PRINCIPAL;CAMPOS DO SUL EQUIPAMENTOS LTDA;MS;1ª REGIÃO;8000040111208;Em cobrança;ATIVA COM AJUIZAMENTO A SER PROSSEGUIDO;Receita da dívida ativa - CSLL;18/05/2011;SIM;1343693.43
NAO_PREVIDENCIARIO-000385;96000384000111;2013624.34;96.000.384/0001-11;Pessoa jurídica;PRINCIPAL;CERRADO EQUIPAMENTOS S.A.;SP;3ª REGIÃO;8000040215937;Em cobrança;ATIVA A SER COBRADA;Receita da dívida ativa - IRPF;26/02/2007;NAO;2013624.34
NAO_PREVIDENCIARIO-000386;;1761448.59;XXX448.815XX;Pessoa física;PRINCIPAL;CONTRIBUINTE FICTICIO 0386;MT;MATO GROSSO;8000040320666;Benefício Fiscal;ATIVA AJUIZADA NEGOCIADA NO SISPAR;Receita da dívida ativa - IRRF;30/01/2002;SIM;1761448.59
NAO_PREVIDENCIARIO-000387;96000386000100;2203446.17;96.000.386/0001-00;Pessoa jurídica;PRINCIPAL;CRUZEIRO EQUIPAMENTOS LTDA;SC;4ª REGIÃO;8000040425395;Em cobrança;ATIVA A SER COBRADA;Receita da dívida ativa - Multa - CLT;08/02/2024;NAO;2203446.17
NAO_PREVIDENCIARIO-000388;96000387000155;214367.74;96.000.387/0001-55;Pessoa jurídica;CORRESPONSAVEL;ESTRELA DO NORTE EQUIPAMENTOS S.A.;MA;1ª REGIÃO;8000040530124;Em cobrança;ATIVA AJUIZADA;DIV.ATIVA-CPMF;06/09/2012;SIM;214367.74
NAO_PREVIDENCIARIO-000389;90000268000116;1689494.70;90.000.268/0001-16;Pessoa jurídica;SOLIDARIO;HORIZONTE EQUIPAMENTOS LTDA;RR;1ª REGIÃO;8000040634853;Em cobrança;ATIVA A SER COBRADA;Receita da dívida ativa - Contribuição açúcar e álcool;27/01/2022;NAO;1689494.70
NAO_PREVIDENCIARIO-000390;96000389000144;2379573.45;96.000.389/0001-44;Pessoa jurídica;PRINCIPAL;INTEGRA EQUIPAMENTOS LTDA;GO;1ª REGIÃO;8000040739582;Em cobrança;ATIVA A SER COBRADA;R D Ativa - Crédito Rural - Prog Nac Fortalec Agric Familiar;05/02/2022;NAO;2379573.45
NAO_PREVIDENCIARIO-000391;96000390000179;630686.52;96.000.390/0001-79;Pessoa jurídica;PRINCIPAL;JARDINS EQUIPAMENTOS S.A.;RO;RONDONIA;8000040844311;Em cobrança;ATIVA A SER COBRADA;Receita da dívida ativa - PIS;02/07/2005;NAO;630686.52
NAO_PREVIDENCIARIO-000392;96000391000113;1627001.44;96.000.391/0001-13;Pessoa jurídica;PRINCIPAL;MONTE ALTO EQUIPAMENTOS LTDA;ES;2ª REGIÃO;8000040949040;Suspenso por decisão judicial;ATIVA NAO AJUIZAVEL COM EXIGIBILIDADE DO CREDITO SUSPENSA-DEC.JUDICIAL;Receita da dívida ativa - COFINS;22/04/1998;NAO;1627001.44
NAO_PREVIDENCIARIO-000393;;1885071.35;XXX504.248XX;Pessoa física;PRINCIPAL;CONTRIBUINTE FICTICIO 0393;RS;4ª REGIÃO;8000041053769;Em cobrança;ATIVA A SER COBRADA;Receita da dívida ativa - IRPJ;03/02/2004;NAO;1885071.35
NAO_PREVIDENCIARIO-000394;96000393000102;2072702.77;96.000.393/0001-02;Pessoa jurídica;PRINCIPAL;PIONEIRA EQUIPAMENTOS S.A.;DF;1ª REGIÃO;8000041158498;Em cobrança;ATIVA NAO PRIORIZADA PARA AJUIZAMENTO;Receita da dívida ativa - CSLL;01/02/2001;SIM;2072702.77
NAO_PREVIDENCIARIO-000395;96000394000157;267960.21;96.000.394/0001-57;Pessoa jurídica;PRINCIPAL;PLANALTO EQUIPAMENTOS LTDA;RN;5ª REGIÃO;8000041263227;Em cobrança;ATIVA A SER COBRADA;Receita da dívida ativa - IRPF;07/12/2025;NAO;267960.21
NAO_PREVIDENCIARIO-000396;96000395000100;2291717.02;96.000.395/0001-00;Pessoa jurídica;PRINCIPAL;RIO CLARO EQUIPAMENTOS LTDA;CE;CEARA;8000041367956;Em cobrança;ATIVA A SER COBRADA;Receita da dívida ativa - IRRF;31/03/2021;NAO;2291717.02
NAO_PREVIDENCIARIO-000397;96000396000146;296772.02;96.000.396/0001-46;Pessoa jurídica;CORRESPONSAVEL;SERRA DOURADA EQUIPAMENTOS S.A.;RJ;2ª REGIÃO;8000041472685;Em cobrança;ATIVA A SER COBRADA;Receita da dívida ativa - Multa - CLT;09/03/2008;NAO;296772.02
NAO_PREVIDENCIARIO-000398;96000397000190;1131404.95;96.000.397/0001-90;Pessoa jurídica;PRINCIPAL;SOL NASCENTE EQUIPAMENTOS LTDA;BA;1ª REGIÃO;8000041577414;Garantia;ATIVA AJUIZADA;DIV.ATIVA-CPMF;21/01/2009;SIM;1131404.95
NAO_PREVIDENCIARIO-000399;96000398000135;1684784.38;96.000.398/0001-35;Pessoa jurídica;PRINCIPAL;VALE FORTE EQUIPAMENTOS LTDA;PI;1ª REGIÃO;8000041682143;Em cobrança;ATIVA A SER COBRADA;Receita da dívida ativa - Contribuição açúcar e álcool;02/01/2008;NAO;1684784.38
NAO_PREVIDENCIARIO-000400;;197383.98;XXX559.681XX;Pessoa física;PRINCIPAL;CONTRIBUINTE FICTICIO 0400;AM;1ª REGIÃO;8000041786872;Em cobrança;ATIVA A SER COBRADA;R D Ativa - Crédito Rural - Prog Nac Fortalec Agric Familiar;27/06/2010;NAO;197383.98
NAO_PREVIDENCIARIO-000401;96000400000176;2463009.61;96.000.400/0001-76;Pessoa jurídica;PRINCIPAL;ALVORADA INDUSTRIA LTDA;PE;PERNAMBUCO;8000041891601;Em cobrança;ATIVA AJUIZADA;Receita da dívida ativa - PIS;13/02/2000;SIM;2463009.61
NAO_PREVIDENCIARIO-000402;96000401000110;707545.03;96.000.401/0001-10;Pessoa jurídica;PRINCIPAL;BOA VISTA INDUSTRIA LTDA;AP;1ª REGIÃO;8000041996330;Em cobrança;ATIVA A SER COBRADA;Receita da dívida ativa - COFINS;31/05/2023;NAO;707545.03
NAO_PREVIDENCIARIO-000403;96000402000165;239411.99;96.000.402/0001-65;Pessoa jurídica;PRINCIPAL;CAMINHO VERDE INDUSTRIA S.A.;PR;4ª REGIÃO;8000042101059;Em cobrança;ATIVA A SER COBRADA;Receita da dívida ativa - IRPJ;30/05/2022;NAO;239411.99
NAO_PREVIDENCIARIO-000404;96000403000100;534044.01;96.000.403/0001-00;Pessoa jurídica;PRINCIPAL;CAMPOS DO SUL INDUSTRIA LTDA;AL;5ª REGIÃO;8000042205788;Em cobrança;ATIVA COM AJUIZAMENTO A SER PROSSEGUIDO;Receita da dívida ativa - CSLL;24/06/2019;SIM;534044.01
NAO_PREVIDENCIARIO-000405;96000404000154;227656.96;96.000.404/0001-54;Pessoa jurídica;PRINCIPAL;CERRADO INDUSTRIA LTDA;PB;5ª REGIÃO;8000042310517;Em cobrança;ATIVA A SER COBRADA;Receita da dívida ativa - IRPF;24/08/2021;NAO;227656.96
NAO_PREVIDENCIARIO-000406;96000405000107;377936.66;96.000.405/0001-07;Pessoa jurídica;CORRESPONSAVEL;COSTA AZUL INDUSTRIA S.A.;AC;ACRE;8000042415246;Benefício Fiscal;ATIVA AJUIZADA NEGOCIADA NO SISPAR;Receita da dívida ativa - IRRF;02/07/2014;SIM;377936.66
NAO_PREVIDENCIARIO-000407;;1805238.52;XXX615.114XX;Pessoa física;PRINCIPAL;CONTRIBUINTE FICTICIO 0407;PA;1ª REGIÃO;8000042519975;Em cobrança;ATIVA A SER COBRADA;Receita da dívida ativa - Multa - CLT;07/06/2012;NAO;1805238.52
NAO_PREVIDENCIARIO-000408;96000407000198;1148059.80;96.000.407/0001-98;Pessoa jurídica;PRINCIPAL;ESTRELA DO NORTE INDUSTRIA LTDA;TO;1ª REGIÃO;8000042624704;Em cobrança;ATIVA AJUIZADA;DIV.ATIVA-CPMF;01/07/2020;SIM;1148059.80
NAO_PREVIDENCIARIO-000409;96000408000132;981105.43;96.000.408/0001-32;Pessoa jurídica;PRINCIPAL;HORIZONTE INDUSTRIA S.A.;MG;6ª REGIÃO;8000042729433;Em cobrança;ATIVA A SER COBRADA;Receita da dívida ativa - Contribuição açúcar e álcool;21/05/2001;NAO;981105.43
NAO_PREVIDENCIARIO-000410;96000409000187;238917.85;96.000.409/0001-87;Pessoa jurídica;PRINCIPAL;INTEGRA INDUSTRIA LTDA;SE;5ª REGIÃO;8000042834162;Em cobrança;ATIVA A SER COBRADA;R D Ativa - Crédito Rural - Prog Nac Fortalec Agric Familiar;31/05/2004;NAO;238917.85
NAO_PREVIDENCIARIO-000411;96000410000101;1781102.42;96.000.410/0001-01;Pessoa jurídica;PRINCIPAL;JARDINS INDUSTRIA LTDA;MS;MATO GROSSO DO SUL;8000042938891;Em cobrança;ATIVA A SER COBRADA;Receita da dívida ativa - PIS;22/10/2018;NAO;1781102.42
NAO_PREVIDENCIARIO-000412;90000287000142;26927.68;90.000.287/0001-42;Pessoa jurídica;PRINCIPAL;MONTE ALTO INDUSTRIA S.A.;SP;3ª REGIÃO;8000043043620;Suspenso por decisão judicial;ATIVA NAO AJUIZAVEL COM EXIGIBILIDADE DO CREDITO SUSPENSA-DEC.JUDICIAL;Receita da dívida ativa - COFINS;01/04/2014;NAO;26927.68
NAO_PREVIDENCIARIO-000413;96000412000109;186657.18;96.000.412/0001-09;Pessoa jurídica;PRINCIPAL;NOVA ERA INDUSTRIA LTDA;MT;1ª REGIÃO;8000043148349;Em cobrança;ATIVA A SER COBRADA;Receita da dívida ativa - IRPJ;25/01/2009;NAO;186657.18
NAO_PREVIDENCIARIO-000414;;32390.47;XXX670.547XX;Pessoa física;PRINCIPAL;CONTRIBUINTE FICTICIO 0414;SC;4ª REGIÃO;8000043253078;Em cobrança;ATIVA NAO PRIORIZADA PARA AJUIZAMENTO;Receita da dívida ativa - CSLL;23/08/2013;SIM;32390.47
NAO_PREVIDENCIARIO-000415;96000414000190;2380079.21;96.000.414/0001-90;Pessoa jurídica;CORRESPONSAVEL;PLANALTO INDUSTRIA S.A.;MA;1ª REGIÃO;8000043357807;Em cobrança;ATIVA A SER COBRADA;Receita da dívida ativa - IRPF;26/09/2021;NAO;2380079.21
NAO_PREVIDENCIARIO-000416;96000415000134;2315373.97;96.000.415/0001-34;Pessoa jurídica;PRINCIPAL;RIO CLARO INDUSTRIA LTDA;RR;RORAIMA;8000043462536;Em cobrança;ATIVA A SER COBRADA;Receita da dívida ativa - IRRF;21/09/1998;NAO;2315373.97
NAO_PREVIDENCIARIO-000417;96000416000189;2184691.25;96.000.416/0001-89;Pessoa jurídica;PRINCIPAL;SERRA DOURADA INDUSTRIA LTDA;GO;1ª REGIÃO;8000043567265;Em cobrança;ATIVA A SER COBRADA;Receita da dívida ativa - Multa - CLT;18/12/2012;NAO;2184691.25
NAO_PREVIDENCIARIO-000418;96000417000123;302963.47;96.000.417/0001-23;Pessoa jurídica;PRINCIPAL;SOL NASCENTE INDUSTRIA S.A.;RO;1ª REGIÃO;8000043671994;Garantia;ATIVA AJUIZADA;DIV.ATIVA-CPMF;21/06/2009;SIM;302963.47
NAO_PREVIDENCIARIO-000419;96000418000178;701629.51;96.000.418/0001-78;Pessoa jurídica;PRINCIPAL;VALE FORTE INDUSTRIA LTDA;ES;2ª REGIÃO;8000043776723;Em cobrança;ATIVA A SER COBRADA;Receita da dívida ativa - Contribuição açúcar e álcool;20/05/1998;NAO;701629.51
NAO_PREVIDENCIARIO-000420;96000419000112;1864535.13;96.000.419/0001-12;Pessoa jurídica;PRINCIPAL;VILA NOVA INDUSTRIA LTDA;RS;4ª REGIÃO;8000043881452;Em cobrança;ATIVA A SER COBRADA;R D Ativa - Crédito Rural - Prog Nac Fortalec Agric Familiar;16/05/2025;NAO;1864535.13
NAO_PREVIDENCIARIO-000421;;1780903.35;XXX725.980XX;Pessoa física;PRINCIPAL;CONTRIBUINTE FICTICIO 0421;DF;DISTRITO FEDERAL;8000043986181;Em cobrança;ATIVA AJUIZADA;Receita da dívida ativa - PIS;25/09/2023;SIM;1780903.35
NAO_PREVIDENCIARIO-000422;96000421000191;586559.89;96.000.421/0001-91;Pessoa jurídica;PRINCIPAL;BOA VISTA MINERACAO LTDA;RN;5ª REGIÃO;8000044090910;Em cobrança;ATIVA A SER COBRADA;Receita da dívida ativa - COFINS;24/08/1998;NAO;586559.89
NAO_PREVIDENCIARIO-000423;96000422000136;83320.64;96.000.422/0001-36;Pessoa jurídica;PRINCIPAL;CAMINHO VERDE MINERACAO LTDA;CE;5ª REGIÃO;8000044195639;Em cobrança;ATIVA A SER COBRADA;Receita da dívida ativa - IRPJ;11/11/2024;NAO;83320.64
NAO_PREVIDENCIARIO-000424;96000423000180;2309541.60;96.000.423/0001-80;Pessoa jurídica;CORRESPONSAVEL;CAMPOS DO SUL MINERACAO S.A.;RJ;2ª REGIÃO;8000044300368;Em cobrança;ATIVA COM AJUIZAMENTO A SER PROSSEGUIDO;Receita da dívida ativa - CSLL;07/08/2000;SIM;2309541.60
NAO_PREVIDENCIARIO-000425;96000424000125;1613219.42;96.000.424/0001-25;Pessoa jurídica;PRINCIPAL;CERRADO MINERACAO LTDA;BA;1ª REGIÃO;8000044405097;Em cobrança;ATIVA A SER COBRADA;Receita da dívida ativa - IRPF;15/05/2026;NAO;1613219.42
NAO_PREVIDENCIARIO-000426;96000425000170;2129947.60;96.000.425/0001-70;Pessoa jurídica;PRINCIPAL;COSTA AZUL MINERACAO LTDA;PI;PIAUI;8000044509826;Benefício Fiscal;ATIVA AJUIZADA NEGOCIADA NO SISPAR;Receita da dívida ativa - IRRF;01/11/2007;SIM;2129947.60
NAO_PREVIDENCIARIO-000427;96000426000114;2235182.10;96.000.426/0001-14;Pessoa jurídica;PRINCIPAL;CRUZEIRO MINERACAO S.A.;AM;1ª REGIÃO;8000044614555;Em cobrança;ATIVA A SER COBRADA;Receita da dívida ativa - Multa - CLT;22/11/2023;NAO;2235182.10
NAO_PREVIDENCIARIO-000428;;181085.42;XXX781.413XX;Pessoa física;PRINCIPAL;CONTRIBUINTE FICTICIO 0428;PE;5ª REGIÃO;8000044719284;Em cobrança;ATIVA AJUIZADA;DIV.ATIVA-CPMF;26/11/2001;SIM;181085.42
NAO_PREVIDENCIARIO-000429;96000428000103;302062.93;96.000.428/0001-03;Pessoa jurídica;PRINCIPAL;HORIZONTE MINERACAO LTDA;AP;1ª REGIÃO;8000044824013;Em cobrança;ATIVA A SER COBRADA;Receita da dívida ativa - Contribuição açúcar e álcool;24/08/2013;NAO;302062.93
NAO_PREVIDENCIARIO-000430;96000429000158;142273.80;96.000.429/0001-58;Pessoa jurídica;PRINCIPAL;INTEGRA MINERACAO S.A.;PR;4ª REGIÃO;8000044928742;Em cobrança;ATIVA A SER COBRADA;R D Ativa - Crédito Rural - Prog Nac Fortalec Agric Familiar;21/11/2008;NAO;142273.80
NAO_PREVIDENCIARIO-000431;96000430000182;155254.74;96.000.430/0001-82;Pessoa jurídica;PRINCIPAL;JARDINS MINERACAO LTDA;AL;ALAGOAS;8000045033471;Em cobrança;ATIVA A SER COBRADA;Receita da dívida ativa - PIS;18/10/2012;NAO;155254.74
NAO_PREVIDENCIARIO-000432;96000431000127;45931.63;96.000.431/0001-27;Pessoa jurídica;PRINCIPAL;MONTE ALTO MINERACAO LTDA;PB;5ª REGIÃO;8000045138200;Suspenso por decisão judicial;ATIVA NAO AJUIZAVEL COM EXIGIBILIDADE DO CREDITO SUSPENSA-DEC.JUDICIAL;Receita da dívida ativa - COFINS;13/12/2025;NAO;45931.63
NAO_PREVIDENCIARIO-000433;96000432000171;1380375.94;96.000.432/0001-71;Pessoa jurídica;CORRESPONSAVEL;NOVA ERA MINERACAO S.A.;AC;1ª REGIÃO;8000045242929;Em cobrança;ATIVA A SER COBRADA;Receita da dívida ativa - IRPJ;06/02/2007;NAO;1380375.94
NAO_PREVIDENCIARIO-000434;90000328000109;576083.22;90.000.328/0001-09;Pessoa jurídica;PRINCIPAL;PIONEIRA MINERACAO LTDA;PA;1ª REGIÃO;8000045347658;Em cobrança;ATIVA NAO PRIORIZADA PARA AJUIZAMENTO;Receita da dívida ativa - CSLL;09/11/2016;SIM;576083.22
NAO_PREVIDENCIARIO-000435;;1824173.64;XXX836.846XX;Pessoa física;PRINCIPAL;CONTRIBUINTE FICTICIO 0435;TO;1ª REGIÃO;8000045452387;Em cobrança;ATIVA A SER COBRADA;Receita da dívida ativa - IRPF;03/09/2025;NAO;1824173.64
NAO_PREVIDENCIARIO-000436;96000435000105;1680693.31;96.000.435/0001-05;Pessoa jurídica;PRINCIPAL;RIO CLARO MINERACAO S.A.;MG;MINAS GERAIS;8000045557116;Em cobrança;ATIVA A SER COBRADA;Receita da dívida ativa - IRRF;13/05/2023;NAO;1680693.31
NAO_PREVIDENCIARIO-000437;96000436000150;506453.89;96.000.436/0001-50;Pessoa jurídica;PRINCIPAL;SERRA DOURADA MINERACAO LTDA;SE;5ª REGIÃO;8000045661845;Em cobrança;ATIVA A SER COBRADA;Receita da dívida ativa - Multa - CLT;19/07/2008;NAO;506453.89
NAO_PREVIDENCIARIO-000438;96000437000102;1442140.19;96.000.437/0001-02;Pessoa jurídica;PRINCIPAL;SOL NASCENTE MINERACAO LTDA;MS;1ª REGIÃO;8000045766574;Garantia;ATIVA AJUIZADA;DIV.ATIVA-CPMF;14/10/2018;SIM;1442140.19
NAO_PREVIDENCIARIO-000439;96000438000149;2184724.89;96.000.438/0001-49;Pessoa jurídica;PRINCIPAL;VALE FORTE MINERACAO S.A.;SP;3ª REGIÃO;8000045871303;Em cobrança;ATIVA A SER COBRADA;Receita da dívida ativa - Contribuição açúcar e álcool;25/01/2023;NAO;2184724.89
NAO_PREVIDENCIARIO-000440;96000439000193;1775810.54;96.000.439/0001-93;Pessoa jurídica;PRINCIPAL;VILA NOVA MINERACAO LTDA;MT;1ª REGIÃO;8000045976032;Em cobrança;ATIVA A SER COBRADA;R D Ativa - Crédito Rural - Prog Nac Fortalec Agric Familiar;01/10/2020;NAO;1775810.54
NAO_PREVIDENCIARIO-000441;96000440000118;955994.20;96.000.440/0001-18;Pessoa jurídica;PRINCIPAL;ALVORADA OBRAS E SERVICOS LTDA;SC;SANTA CATARINA;8000046080761;Em cobrança;ATIVA AJUIZADA;Receita da dívida ativa - PIS;22/08/2024;SIM;955994.20
NAO_PREVIDENCIARIO-000442;;1153554.30;XXX892.279XX;Pessoa física;CORRESPONSAVEL;CONTRIBUINTE FICTICIO 0442;MA;1ª REGIÃO;8000046185490;Em cobrança;ATIVA A SER COBRADA;Receita da dívida ativa - COFINS;23/04/2018;NAO;1153554.30
NAO_PREVIDENCIARIO-000443;96000442000107;899355.90;96.000.442/0001-07;Pessoa jurídica;PRINCIPAL;CAMINHO VERDE OBRAS E SERVICOS LTDA;RR;1ª REGIÃO;8000046290219;Em cobrança;ATIVA A SER COBRADA;Receita da dívida ativa - IRPJ;13/02/2017;NAO;899355.90
NAO_PREVIDENCIARIO-000444;96000443000151;170452.96;96.000.443/0001-51;Pessoa jurídica;PRINCIPAL;CAMPOS DO SUL OBRAS E SERVICOS LTDA;GO;1ª REGIÃO;8000046394948;Em cobrança;ATIVA COM AJUIZAMENTO A SER PROSSEGUIDO;Receita da dívida ativa - CSLL;07/08/2016;SIM;170452.96
NAO_PREVIDENCIARIO-000445;96000444000104;2397318.51;96.000.444/0001-04;Pessoa jurídica;PRINCIPAL;CERRADO OBRAS E SERVICOS S.A.;RO;1ª REGIÃO;8000046499677;Em cobrança;ATIVA A SER COBRADA;Receita da dívida ativa - IRPF;13/12/2021;NAO;2397318.51
NAO_PREVIDENCIARIO-000446;96000445000140;1401549.94;96.000.445/0001-40;Pessoa jurídica;PRINCIPAL;COSTA AZUL OBRAS E SERVICOS LTDA;ES;ESPIRITO SANTO;8000046604406;Benefício Fiscal;ATIVA AJUIZADA NEGOCIADA NO SISPAR;Receita da dívida ativa - IRRF;09/01/2025;SIM;1401549.94
NAO_PREVIDENCIARIO-000447;96000446000195;890319.69;96.000.446/0001-95;Pessoa jurídica;PRINCIPAL;CRUZEIRO OBRAS E SERVICOS LTDA;RS;4ª REGIÃO;8000046709135;Em cobrança;ATIVA A SER COBRADA;Receita da dívida ativa - Multa - CLT;28/04/2013;NAO;890319.69
NAO_PREVIDENCIARIO-000448;96000447000130;619066.15;96.000.447/0001-30;Pessoa jurídica;PRINCIPAL;ESTRELA DO NORTE OBRAS E SERVICOS S.A.;DF;1ª REGIÃO;8000046813864;Em cobrança;ATIVA AJUIZADA;DIV.ATIVA-CPMF;21/05/2021;SIM;619066.15
NAO_PREVIDENCIARIO-000449;;447068.77;XXX947.712XX;Pessoa física;PRINCIPAL;CONTRIBUINTE FICTICIO 0449;RN;5ª REGIÃO;8000046918593;Em cobrança;ATIVA A SER COBRADA;Receita da dívida ativa - Contribuição açúcar e álcool;20/01/2012;NAO;447068.77
NAO_PREVIDENCIARIO-000450;96000449000129;2063059.53;96.000.449/0001-29;Pessoa jurídica;PRINCIPAL;INTEGRA OBRAS E SERVICOS LTDA;CE;5ª REGIÃO;8000047023322;Em cobrança;ATIVA A SER COBRADA;R D Ativa - Crédito Rural - Prog Nac Fortalec Agric Familiar;19/02/2017;NAO;2063059.53
NAO_PREVIDENCIARIO-000451;96000450000153;161552.75;96.000.450/0001-53;Pessoa jurídica;CORRESPONSAVEL;JARDINS OBRAS E SERVICOS S.A.;RJ;RIO DE JANEIRO;8000047128051;Em cobrança;ATIVA A SER COBRADA;Receita da dívida ativa - PIS;28/03/2025;NAO;161552.75
NAO_PREVIDENCIARIO-000452;96000451000106;1089921.74;96.000.451/0001-06;Pessoa jurídica;PRINCIPAL;MONTE ALTO OBRAS E SERVICOS LTDA;BA;1ª REGIÃO;8000047232780;Suspenso por decisão judicial;ATIVA NAO AJUIZAVEL COM EXIGIBILIDADE DO CREDITO SUSPENSA-DEC.JUDICIAL;Receita da dívida ativa - COFINS;02/01/2014;NAO;1089921.74
NAO_PREVIDENCIARIO-000453;96000452000142;2006017.05;96.000.452/0001-42;Pessoa jurídica;PRINCIPAL;NOVA ERA OBRAS E SERVICOS LTDA;PI;1ª REGIÃO;8000047337509;Em cobrança;ATIVA A SER COBRADA;Receita da dívida ativa - IRPJ;09/03/2010;NAO;2006017.05
NAO_PREVIDENCIARIO-000454;96000453000197;639240.53;96.000.453/0001-97;Pessoa jurídica;PRINCIPAL;PIONEIRA OBRAS E SERVICOS S.A.;AM;1ª REGIÃO;8000047442238;Em cobrança;ATIVA NAO PRIORIZADA PARA AJUIZAMENTO;Receita da dívida ativa - CSLL;18/11/2019;SIM;639240.53
NAO_PREVIDENCIARIO-000455;96000454000131;1900486.72;96.000.454/0001-31;Pessoa jurídica;PRINCIPAL;PLANALTO OBRAS E SERVICOS LTDA;PE;5ª REGIÃO;8000047546967;Em cobrança;ATIVA A SER COBRADA;Receita da dívida ativa - IRPF;26/10/2019;NAO;1900486.72
NAO_PREVIDENCIARIO-000456;90000354000129;1093691.30;90.000.354/0001-29;Pessoa jurídica;PRINCIPAL;RIO CLARO OBRAS E SERVICOS LTDA;AP;AMAPA;8000047651696;Em cobrança;ATIVA A SER COBRADA;Receita da dívida ativa - IRRF;15/12/2013;NAO;1093691.30
NAO_PREVIDENCIARIO-000457;96000456000120;1378949.10;96.000.456/0001-20;Pessoa jurídica;PRINCIPAL;SERRA DOURADA OBRAS E SERVICOS S.A.;PR;4ª REGIÃO;8000047756425;Em cobrança;ATIVA A SER COBRADA;Receita da dívida ativa - Multa - CLT;06/12/2009;NAO;1378949.10
NAO_PREVIDENCIARIO-000458;96000457000175;1224556.14;96.000.457/0001-75;Pessoa jurídica;PRINCIPAL;SOL NASCENTE OBRAS E SERVICOS LTDA;AL;5ª REGIÃO;8000047861154;Garantia;ATIVA AJUIZADA;DIV.ATIVA-CPMF;02/10/2014;SIM;1224556.14
NAO_PREVIDENCIARIO-000459;96000458000110;362853.88;96.000.458/0001-10;Pessoa jurídica;PRINCIPAL;VALE FORTE OBRAS E SERVICOS LTDA;PB;5ª REGIÃO;8000047965883;Em cobrança;ATIVA A SER COBRADA;Receita da dívida ativa - Contribuição açúcar e álcool;06/03/2021;NAO;362853.88
NAO_PREVIDENCIARIO-000460;96000459000164;1043843.93;96.000.459/0001-64;Pessoa jurídica;CORRESPONSAVEL;VILA NOVA OBRAS E SERVICOS S.A.;AC;1ª REGIÃO;8000048070612;Em cobrança;ATIVA A SER COBRADA;R D Ativa - Crédito Rural - Prog Nac Fortalec Agric Familiar;28/10/2012;NAO;1043843.93
NAO_PREVIDENCIARIO-000461;96000460000199;2172501.60;96.000.460/0001-99;Pessoa jurídica;PRINCIPAL;ALVORADA PRODUTOS AGRICOLAS LTDA;PA;PARA;8000048175341;Em cobrança;ATIVA AJUIZADA;Receita da dívida ativa - PIS;28/05/2002;SIM;2172501.60
NAO_PREVIDENCIARIO-000462;96000461000133;508759.83;96.000.461/0001-33;Pessoa jurídica;PRINCIPAL;BOA VISTA PRODUTOS AGRICOLAS LTDA;TO;1ª REGIÃO;8000048280070;Em cobrança;ATIVA A SER COBRADA;Receita da dívida ativa - COFINS;23/06/2021;NAO;508759.83
NAO_PREVIDENCIARIO-000463;;36346.26;XXX158.578XX;Pessoa física;PRINCIPAL;CONTRIBUINTE FICTICIO 0463;MG;6ª REGIÃO;8000048384799;Em cobrança;ATIVA A SER COBRADA;Receita da dívida ativa - IRPJ;24/06/2002;NAO;36346.26
NAO_PREVIDENCIARIO-000464;96000463000122;1148327.66;96.000.463/0001-22;Pessoa jurídica;PRINCIPAL;CAMPOS DO SUL PRODUTOS AGRICOLAS LTDA;SE;5ª REGIÃO;8000048489528;Em cobrança;ATIVA COM AJUIZAMENTO A SER PROSSEGUIDO;Receita da dívida ativa - CSLL;16/07/2021;SIM;1148327.66
NAO_PREVIDENCIARIO-000465;96000464000177;2476893.29;96.000.464/0001-77;Pessoa jurídica;PRINCIPAL;CERRADO PRODUTOS AGRICOLAS LTDA;MS;1ª REGIÃO;8000048594257;Em cobrança;ATIVA A SER COBRADA;Receita da dívida ativa - IRPF;30/06/2011;NAO;2476893.29
NAO_PREVIDENCIARIO-000466;96000465000111;808183.58;96.000.465/0001-11;Pessoa jurídica;PRINCIPAL;COSTA AZUL PRODUTOS AGRICOLAS S.A.;SP;SAO PAULO;8000048698986;Benefício Fiscal;ATIVA AJUIZADA NEGOCIADA NO SISPAR;Receita da dívida ativa - IRRF;24/10/2010;SIM;808183.58
NAO_PREVIDENCIARIO-000467;96000466000166;587988.60;96.000.466/0001-66;Pessoa jurídica;PRINCIPAL;CRUZEIRO PRODUTOS AGRICOLAS LTDA;MT;1ª REGIÃO;8000048803715;Em cobrança;ATIVA A SER COBRADA;Receita da dívida ativa - Multa - CLT;04/10/2021;NAO;587988.60
NAO_PREVIDENCIARIO-000468;96000467000100;2332354.52;96.000.467/0001-00;Pessoa jurídica;PRINCIPAL;ESTRELA DO NORTE PRODUTOS AGRICOLAS LTDA;SC;4ª REGIÃO;8000048908444;Em cobrança;ATIVA AJUIZADA;DIV.ATIVA-CPMF;06/06/2005;SIM;2332354.52
NAO_PREVIDENCIARIO-000469;96000468000155;827409.73;96.000.468/0001-55;Pessoa jurídica;CORRESPONSAVEL;HORIZONTE PRODUTOS AGRICOLAS S.A.;MA;1ª REGIÃO;8000049013173;Em cobrança;ATIVA A SER COBRADA;Receita da dívida ativa - Contribuição açúcar e álcool;19/08/2002;NAO;827409.73
NAO_PREVIDENCIARIO-000470;;129929.83;XXX214.011XX;Pessoa física;PRINCIPAL;CONTRIBUINTE FICTICIO 0470;RR;1ª REGIÃO;8000049117902;Em cobrança;ATIVA A SER COBRADA;R D Ativa - Crédito Rural - Prog Nac Fortalec Agric Familiar;30/07/2018;NAO;129929.83
NAO_PREVIDENCIARIO-000471;96000470000124;91445.04;96.000.470/0001-24;Pessoa jurídica;PRINCIPAL;JARDINS PRODUTOS AGRICOLAS LTDA;GO;GOIAS;8000049222631;Em cobrança;ATIVA A SER COBRADA;Receita da dívida ativa - PIS;28/05/2003;NAO;91445.04
NAO_PREVIDENCIARIO-000472;96000471000179;1692829.46;96.000.471/0001-79;Pessoa jurídica;PRINCIPAL;MONTE ALTO PRODUTOS AGRICOLAS S.A.;RO;1ª REGIÃO;8000049327360;Suspenso por decisão judicial;ATIVA NAO AJUIZAVEL COM EXIGIBILIDADE DO CREDITO SUSPENSA-DEC.JUDICIAL;Receita da dívida ativa - COFINS;03/07/2020;NAO;1692829.46
NAO_PREVIDENCIARIO-000473;96000472000113;447261.86;96.000.472/0001-13;Pessoa jurídica;PRINCIPAL;NOVA ERA PRODUTOS AGRICOLAS LTDA;ES;2ª REGIÃO;8000049432089;Em cobrança;ATIVA A SER COBRADA;Receita da dívida ativa - IRPJ;01/02/2007;NAO;447261.86
NAO_PREVIDENCIARIO-000474;96000473000168;1765907.29;96.000.473/0001-68;Pessoa jurídica;PRINCIPAL;PIONEIRA PRODUTOS AGRICOLAS LTDA;RS;4ª REGIÃO;8000049536818;Em cobrança;ATIVA NAO PRIORIZADA PARA AJUIZAMENTO;Receita da dívida ativa - CSLL;03/01/2005;SIM;1765907.29
NAO_PREVIDENCIARIO-000475;96000474000102;1535339.54;96.000.474/0001-02;Pessoa jurídica;PRINCIPAL;PLANALTO PRODUTOS AGRICOLAS S.A.;DF;1ª REGIÃO;8000049641547;Em cobrança;ATIVA A SER COBRADA;Receita da dívida ativa - IRPF;03/01/2020;NAO;1535339.54
NAO_PREVIDENCIARIO-000476;96000475000157;2482982.91;96.000.475/0001-57;Pessoa jurídica;PRINCIPAL;RIO CLARO PRODUTOS AGRICOLAS LTDA;RN;RIO GRANDE DO NORTE;8000049746276;Em cobrança;ATIVA A SER COBRADA;Receita da dívida ativa - IRRF;10/08/2009;NAO;2482982.91
NAO_PREVIDENCIARIO-000477;;1772538.32;XXX269.444XX;Pessoa física;PRINCIPAL;CONTRIBUINTE FICTICIO 0477;CE;5ª REGIÃO;8000049851005;Em cobrança;ATIVA A SER COBRADA;Receita da dívida ativa - Multa - CLT;17/10/2005;NAO;1772538.32
NAO_PREVIDENCIARIO-000478;90000355000173;919770.37;90.000.355/0001-73;Pessoa jurídica;CORRESPONSAVEL;SOL NASCENTE PRODUTOS AGRICOLAS S.A.;RJ;2ª REGIÃO;8000049955734;Garantia;ATIVA AJUIZADA;DIV.ATIVA-CPMF;12/11/2000;SIM;919770.37
NAO_PREVIDENCIARIO-000479;96000478000190;114210.04;96.000.478/0001-90;Pessoa jurídica;PRINCIPAL;VALE FORTE PRODUTOS AGRICOLAS LTDA;BA;1ª REGIÃO;8000050060463;Em cobrança;ATIVA A SER COBRADA;Receita da dívida ativa - Contribuição açúcar e álcool;01/06/2020;NAO;114210.04
NAO_PREVIDENCIARIO-000480;96000479000135;1129907.22;96.000.479/0001-35;Pessoa jurídica;PRINCIPAL;VILA NOVA PRODUTOS AGRICOLAS LTDA;PI;1ª REGIÃO;8000050165192;Em cobrança;ATIVA A SER COBRADA;R D Ativa - Crédito Rural - Prog Nac Fortalec Agric Familiar;05/04/1999;NAO;1129907.22
NAO_PREVIDENCIARIO-000481;96000480000160;757991.48;96.000.480/0001-60;Pessoa jurídica;PRINCIPAL;ALVORADA TECNOLOGIA S.A.;AM;AMAZONAS;8000050269921;Em cobrança;ATIVA AJUIZADA;Receita da dívida ativa - PIS;21/03/2000;SIM;757991.48
NAO_PREVIDENCIARIO-000482;96000481000104;862982.47;96.000.481/0001-04;Pessoa jurídica;PRINCIPAL;BOA VISTA TECNOLOGIA LTDA;PE;5ª REGIÃO;8000050374650;Em cobrança;ATIVA A SER COBRADA;Receita da dívida ativa - COFINS;02/11/1998;NAO;862982.47
NAO_PREVIDENCIARIO-000483;96000482000159;1298496.42;96.000.482/0001-59;Pessoa jurídica;PRINCIPAL;CAMINHO VERDE TECNOLOGIA LTDA;AP;1ª REGIÃO;8000050479379;Em cobrança;ATIVA A SER COBRADA;Receita da dívida ativa - IRPJ;09/03/2001;NAO;1298496.42
NAO_PREVIDENCIARIO-000484;;1281396.70;XXX324.877XX;Pessoa física;PRINCIPAL;CONTRIBUINTE FICTICIO 0484;PR;4ª REGIÃO;8000050584108;Em cobrança;ATIVA COM AJUIZAMENTO A SER PROSSEGUIDO;Receita da dívida ativa - CSLL;03/05/2013;SIM;1281396.70
NAO_PREVIDENCIARIO-000485;96000484000148;463117.27;96.000.484/0001-48;Pessoa jurídica;PRINCIPAL;CERRADO TECNOLOGIA LTDA;AL;5ª REGIÃO;8000050688837;Em cobrança;ATIVA A SER COBRADA;Receita da dívida ativa - IRPF;29/09/2013;NAO;463117.27
NAO_PREVIDENCIARIO-000486;96000485000192;1124142.93;96.000.485/0001-92;Pessoa jurídica;SOLIDARIO;COSTA AZUL TECNOLOGIA LTDA;PB;PARAIBA;8000050793566;Benefício Fiscal;ATIVA AJUIZADA NEGOCIADA NO SISPAR;Receita da dívida ativa - IRRF;18/09/2017;SIM;1124142.93
NAO_PREVIDENCIARIO-000487;96000486000137;2188422.18;96.000.486/0001-37;Pessoa jurídica;CORRESPONSAVEL;CRUZEIRO TECNOLOGIA S.A.;AC;1ª REGIÃO;8000050898295;Em cobrança;ATIVA A SER COBRADA;Receita da dívida ativa - Multa - CLT;08/02/2023;NAO;2188422.18
NAO_PREVIDENCIARIO-000488;96000487000181;2385871.55;96.000.487/0001-81;Pessoa jurídica;PRINCIPAL;ESTRELA DO NORTE TECNOLOGIA LTDA;PA;1ª REGIÃO;8000051003024;Em cobrança;ATIVA AJUIZADA;DIV.ATIVA-CPMF;11/01/2017;SIM;2385871.55
NAO_PREVIDENCIARIO-000489;96000488000126;921048.71;96.000.488/0001-26;Pessoa jurídica;PRINCIPAL;HORIZONTE TECNOLOGIA LTDA;TO;1ª REGIÃO;8000051107753;Em cobrança;ATIVA A SER COBRADA;Receita da dívida ativa - Contribuição açúcar e álcool;06/08/2023;NAO;921048.71
NAO_PREVIDENCIARIO-000490;96000489000170;208517.82;96.000.489/0001-70;Pessoa jurídica;PRINCIPAL;INTEGRA TECNOLOGIA S.A.;MG;6ª REGIÃO;8000051212482;Em cobrança;ATIVA A SER COBRADA;R D Ativa - Crédito Rural - Prog Nac Fortalec Agric Familiar;15/11/2025;NAO;208517.82
NAO_PREVIDENCIARIO-000491;;1147089.82;XXX380.310XX;Pessoa física;PRINCIPAL;CONTRIBUINTE FICTICIO 0491;SE;SERGIPE;8000051317211;Em cobrança;ATIVA A SER COBRADA;Receita da dívida ativa - PIS;24/10/2015;NAO;1147089.82
NAO_PREVIDENCIARIO-000492;96000491000140;302685.42;96.000.491/0001-40;Pessoa jurídica;PRINCIPAL;MONTE ALTO TECNOLOGIA LTDA;MS;1ª REGIÃO;8000051421940;Suspenso por decisão judicial;ATIVA NAO AJUIZAVEL COM EXIGIBILIDADE DO CREDITO SUSPENSA-DEC.JUDICIAL;Receita da dívida ativa - COFINS;24/01/2005;NAO;302685.42
NAO_PREVIDENCIARIO-000493;96000492000194;2287743.24;96.000.492/0001-94;Pessoa jurídica;PRINCIPAL;NOVA ERA TECNOLOGIA S.A.;SP;3ª REGIÃO;8000051526669;Em cobrança;ATIVA A SER COBRADA;Receita da dívida ativa - IRPJ;19/10/2022;NAO;2287743.24
NAO_PREVIDENCIARIO-000494;96000493000139;348674.36;96.000.493/0001-39;Pessoa jurídica;PRINCIPAL;PIONEIRA TECNOLOGIA LTDA;MT;1ª REGIÃO;8000051631398;Em cobrança;ATIVA NAO PRIORIZADA PARA AJUIZAMENTO;Receita da dívida ativa - CSLL;30/12/2008;SIM;348674.36
NAO_PREVIDENCIARIO-000495;96000494000183;715310.09;96.000.494/0001-83;Pessoa jurídica;PRINCIPAL;PLANALTO TECNOLOGIA LTDA;SC;4ª REGIÃO;8000051736127;Em cobrança;ATIVA A SER COBRADA;Receita da dívida ativa - IRPF;28/10/2025;NAO;715310.09
NAO_PREVIDENCIARIO-000496;96000495000128;2442636.83;96.000.495/0001-28;Pessoa jurídica;CORRESPONSAVEL;RIO CLARO TECNOLOGIA S.A.;MA;MARANHAO;8000051840856;Em cobrança;ATIVA A SER COBRADA;Receita da dívida ativa - IRRF;11/03/2006;NAO;2442636.83
NAO_PREVIDENCIARIO-000497;96000496000172;1272903.76;96.000.496/0001-72;Pessoa jurídica;PRINCIPAL;SERRA DOURADA TECNOLOGIA LTDA;RR;1ª REGIÃO;8000051945585;Em cobrança;ATIVA A SER COBRADA;Receita da dívida ativa - Multa - CLT;28/08/2012;NAO;1272903.76
NAO_PREVIDENCIARIO-000498;;1787119.27;XXX435.743XX;Pessoa física;PRINCIPAL;CONTRIBUINTE FICTICIO 0498;GO;1ª REGIÃO;8000052050314;Garantia;ATIVA AJUIZADA;DIV.ATIVA-CPMF;04/02/2011;SIM;1787119.27
NAO_PREVIDENCIARIO-000499;96000498000161;1308344.88;96.000.498/0001-61;Pessoa jurídica;PRINCIPAL;VALE FORTE TECNOLOGIA S.A.;RO;1ª REGIÃO;8000052155043;Em cobrança;ATIVA A SER COBRADA;Receita da dívida ativa - Contribuição açúcar e álcool;18/09/2024;NAO;1308344.88
NAO_PREVIDENCIARIO-000500;96000499000106;2442644.27;96.000.499/0001-06;Pessoa jurídica;PRINCIPAL;VILA NOVA TECNOLOGIA LTDA;ES;2ª REGIÃO;8000052259772;Em cobrança;ATIVA A SER COBRADA;R D Ativa - Crédito Rural - Prog Nac Fortalec Agric Familiar;31/12/2003;NAO;2442644.27
NAO_PREVIDENCIARIO-000501;90000388000113;851193.44;90.000.388/0001-13;Pessoa jurídica;PRINCIPAL;ALVORADA TRANSPORTES LTDA;RS;RIO GRANDE DO SUL;8000052364501;Em cobrança;ATIVA AJUIZADA;Receita da dívida ativa - PIS;10/04/2011;SIM;851193.44
NAO_PREVIDENCIARIO-000502;96000501000147;1589860.63;96.000.501/0001-47;Pessoa jurídica;PRINCIPAL;BOA VISTA TRANSPORTES S.A.;DF;1ª REGIÃO;8000052469230;Em cobrança;ATIVA A SER COBRADA;Receita da dívida ativa - COFINS;02/05/2006;NAO;1589860.63
NAO_PREVIDENCIARIO-000503;96000502000191;693483.89;96.000.502/0001-91;Pessoa jurídica;PRINCIPAL;CAMINHO VERDE TRANSPORTES LTDA;RN;5ª REGIÃO;8000052573959;Em cobrança;ATIVA A SER COBRADA;Receita da dívida ativa - IRPJ;31/03/2018;NAO;693483.89
NAO_PREVIDENCIARIO-000504;96000503000136;1868285.04;96.000.503/0001-36;Pessoa jurídica;PRINCIPAL;CAMPOS DO SUL TRANSPORTES LTDA;CE;5ª REGIÃO;8000052678688;Em cobrança;ATIVA COM AJUIZAMENTO A SER PROSSEGUIDO;Receita da dívida ativa - CSLL;24/12/2001;SIM;1868285.04
NAO_PREVIDENCIARIO-000505;;756084.26;XXX491.176XX;Pessoa física;CORRESPONSAVEL;CONTRIBUINTE FICTICIO 0505;RJ;2ª REGIÃO;8000052783417;Em cobrança;ATIVA A SER COBRADA;Receita da dívida ativa - IRPF;02/02/2021;NAO;756084.26
NAO_PREVIDENCIARIO-000506;96000505000125;1990533.75;96.000.505/0001-25;Pessoa jurídica;PRINCIPAL;COSTA AZUL TRANSPORTES LTDA;BA;BAHIA;8000052888146;Benefício Fiscal;ATIVA AJUIZADA NEGOCIADA NO SISPAR;Receita da dívida ativa - IRRF;08/08/2000;SIM;1990533.75
NAO_PREVIDENCIARIO-000507;96000506000170;1748275.10;96.000.506/0001-70;Pessoa jurídica;PRINCIPAL;CRUZEIRO TRANSPORTES LTDA;PI;1ª REGIÃO;8000052992875;Em cobrança;ATIVA A SER COBRADA;Receita da dívida ativa - Multa - CLT;22/07/2000;NAO;1748275.10
NAO_PREVIDENCIARIO-000508;96000507000114;1449777.90;96.000.507/0001-14;Pessoa jurídica;PRINCIPAL;ESTRELA DO NORTE TRANSPORTES S.A.;AM;1ª REGIÃO;8000053097604;Em cobrança;ATIVA AJUIZADA;DIV.ATIVA-CPMF;16/11/2004;SIM;1449777.90
NAO_PREVIDENCIARIO-000509;96000508000169;1253999.34;96.000.508/0001-69;Pessoa jurídica;PRINCIPAL;HORIZONTE TRANSPORTES LTDA;PE;5ª REGIÃO;8000053202333;Em cobrança;ATIVA A SER COBRADA;Receita da dívida ativa - Contribuição açúcar e álcool;28/06/2012;NAO;1253999.34
NAO_PREVIDENCIARIO-000510;96000509000103;767070.58;96.000.509/0001-03;Pessoa jurídica;PRINCIPAL;INTEGRA TRANSPORTES LTDA;AP;1ª REGIÃO;8000053307062;Em cobrança;ATIVA A SER COBRADA;R D Ativa - Crédito Rural - Prog Nac Fortalec Agric Familiar;20/11/2020;NAO;767070.58
NAO_PREVIDENCIARIO-000511;96000510000138;1001388.90;96.000.510/0001-38;Pessoa jurídica;PRINCIPAL;JARDINS TRANSPORTES S.A.;PR;PARANA;8000053411791;Em cobrança;ATIVA A SER COBRADA;Receita da dívida ativa - PIS;18/11/2009;NAO;1001388.90
NAO_PREVIDENCIARIO-000512;;1848529.43;XXX546.609XX;Pessoa física;PRINCIPAL;CONTRIBUINTE FICTICIO 0512;AL;5ª REGIÃO;8000053516520;Suspenso por decisão judicial;ATIVA NAO AJUIZAVEL COM EXIGIBILIDADE DO CREDITO SUSPENSA-DEC.JUDICIAL;Receita da dívida ativa - COFINS;28/10/2001;NAO;1848529.43
NAO_PREVIDENCIARIO-000513;96000512000127;200188.98;96.000.512/0001-27;Pessoa jurídica;PRINCIPAL;NOVA ERA TRANSPORTES LTDA;PB;5ª REGIÃO;8000053621249;Em cobrança;ATIVA A SER COBRADA;Receita da dívida ativa - IRPJ;17/11/2008;NAO;200188.98
NAO_PREVIDENCIARIO-000514;96000513000171;1148212.96;96.000.513/0001-71;Pessoa jurídica;CORRESPONSAVEL;PIONEIRA TRANSPORTES S.A.;AC;1ª REGIÃO;8000053725978;Em cobrança;ATIVA NAO PRIORIZADA PARA AJUIZAMENTO;Receita da dívida ativa - CSLL;08/12/2020;SIM;1148212.96
NAO_PREVIDENCIARIO-000515;96000514000116;453056.06;96.000.514/0001-16;Pessoa jurídica;PRINCIPAL;PLANALTO TRANSPORTES LTDA;PA;1ª REGIÃO;8000053830707;Em cobrança;ATIVA A SER COBRADA;Receita da dívida ativa - IRPF;31/10/2000;NAO;453056.06
NAO_PREVIDENCIARIO-000516;96000515000160;1455144.14;96.000.515/0001-60;Pessoa jurídica;PRINCIPAL;RIO CLARO TRANSPORTES LTDA;TO;TOCANTINS;8000053935436;Em cobrança;ATIVA A SER COBRADA;Receita da dívida ativa - IRRF;02/04/2008;NAO;1455144.14
NAO_PREVIDENCIARIO-000517;96000516000105;875080.46;96.000.516/0001-05;Pessoa jurídica;PRINCIPAL;SERRA DOURADA TRANSPORTES S.A.;MG;6ª REGIÃO;8000054040165;Em cobrança;ATIVA A SER COBRADA;Receita da dívida ativa - Multa - CLT;04/11/2016;NAO;875080.46
NAO_PREVIDENCIARIO-000518;96000517000150;1252749.66;96.000.517/0001-50;Pessoa jurídica;PRINCIPAL;SOL NASCENTE TRANSPORTES LTDA;SE;5ª REGIÃO;8000054144894;Garantia;ATIVA AJUIZADA;DIV.ATIVA-CPMF;29/08/2016;SIM;1252749.66
NAO_PREVIDENCIARIO-000519;;178139.40;XXX602.042XX;Pessoa física;PRINCIPAL;CONTRIBUINTE FICTICIO 0519;MS;1ª REGIÃO;8000054249623;Em cobrança;ATIVA A SER COBRADA;Receita da dívida ativa - Contribuição açúcar e álcool;15/08/2017;NAO;178139.40
NAO_PREVIDENCIARIO-000520;96000519000149;1218178.33;96.000.519/0001-49;Pessoa jurídica;PRINCIPAL;VILA NOVA TRANSPORTES S.A.;SP;3ª REGIÃO;8000054354352;Em cobrança;ATIVA A SER COBRADA;R D Ativa - Crédito Rural - Prog Nac Fortalec Agric Familiar;07/02/2024;NAO;1218178.33
NAO_PREVIDENCIARIO-000521;96000520000173;603261.60;96.000.520/0001-73;Pessoa jurídica;PRINCIPAL;ALVORADA ALIMENTOS LTDA;MT;MATO GROSSO;8000054459081;Em cobrança;ATIVA AJUIZADA;Receita da dívida ativa - PIS;29/10/2000;SIM;603261.60
NAO_PREVIDENCIARIO-000522;96000521000118;558777.06;96.000.521/0001-18;Pessoa jurídica;PRINCIPAL;BOA VISTA ALIMENTOS LTDA;SC;4ª REGIÃO;8000054563810;Em cobrança;ATIVA A SER COBRADA;Receita da dívida ativa - COFINS;13/11/2023;NAO;558777.06
NAO_PREVIDENCIARIO-000523;90000435000129;1709679.20;90.000.435/0001-29;Pessoa jurídica;CORRESPONSAVEL;CAMINHO VERDE ALIMENTOS S.A.;MA;1ª REGIÃO;8000054668539;Em cobrança;ATIVA A SER COBRADA;Receita da dívida ativa - IRPJ;12/12/2012;NAO;1709679.20
NAO_PREVIDENCIARIO-000524;96000523000107;1504717.75;96.000.523/0001-07;Pessoa jurídica;PRINCIPAL;CAMPOS DO SUL ALIMENTOS LTDA;RR;1ª REGIÃO;8000054773268;Em cobrança;ATIVA COM AJUIZAMENTO A SER PROSSEGUIDO;Receita da dívida ativa - CSLL;15/04/2022;SIM;1504717.75
NAO_PREVIDENCIARIO-000525;96000524000151;152218.07;96.000.524/0001-51;Pessoa jurídica;PRINCIPAL;CERRADO ALIMENTOS LTDA;GO;1ª REGIÃO;8000054877997;Em cobrança;ATIVA A SER COBRADA;Receita da dívida ativa - IRPF;22/04/2016;NAO;152218.07
NAO_PREVIDENCIARIO-000526;;904603.70;XXX657.475XX;Pessoa física;PRINCIPAL;CONTRIBUINTE FICTICIO 0526;RO;RONDONIA;8000054982726;Benefício Fiscal;ATIVA AJUIZADA NEGOCIADA NO SISPAR;Receita da dívida ativa - IRRF;30/03/2026;SIM;904603.70
NAO_PREVIDENCIARIO-000527;96000526000140;2204352.39;96.000.526/0001-40;Pessoa jurídica;PRINCIPAL;CRUZEIRO ALIMENTOS LTDA;ES;2ª REGIÃO;8000055087455;Em cobrança;ATIVA A SER COBRADA;Receita da dívida ativa - Multa - CLT;07/10/2024;NAO;2204352.39
NAO_PREVIDENCIARIO-000528;96000527000195;992058.89;96.000.527/0001-95;Pessoa jurídica;PRINCIPAL;ESTRELA DO NORTE ALIMENTOS LTDA;RS;4ª REGIÃO;8000055192184;Em cobrança;ATIVA AJUIZADA;DIV.ATIVA-CPMF;13/06/2024;SIM;992058.89
NAO_PREVIDENCIARIO-000529;96000528000130;1413164.44;96.000.528/0001-30;Pessoa jurídica;PRINCIPAL;HORIZONTE ALIMENTOS S.A.;DF;1ª REGIÃO;8000055296913;Em cobrança;ATIVA A SER COBRADA;Receita da dívida ativa - Contribuição açúcar e álcool;28/01/2017;NAO;1413164.44
NAO_PREVIDENCIARIO-000530;96000529000184;2021298.48;96.000.529/0001-84;Pessoa jurídica;PRINCIPAL;INTEGRA ALIMENTOS LTDA;RN;5ª REGIÃO;8000055401642;Em cobrança;ATIVA A SER COBRADA;R D Ativa - Crédito Rural - Prog Nac Fortalec Agric Familiar;24/02/2002;NAO;2021298.48
NAO_PREVIDENCIARIO-000531;96000530000109;1888225.51;96.000.530/0001-09;Pessoa jurídica;PRINCIPAL;JARDINS ALIMENTOS LTDA;CE;CEARA;8000055506371;Em cobrança;ATIVA A SER COBRADA;Receita da dívida ativa - PIS;27/09/1998;NAO;1888225.51
NAO_PREVIDENCIARIO-000532;96000531000153;90314.17;96.000.531/0001-53;Pessoa jurídica;CORRESPONSAVEL;MONTE ALTO ALIMENTOS S.A.;RJ;2ª REGIÃO;8000055611100;Suspenso por decisão judicial;ATIVA NAO AJUIZAVEL COM EXIGIBILIDADE DO CREDITO SUSPENSA-DEC.JUDICIAL;Receita da dívida ativa - COFINS;09/07/2007;NAO;90314.17
NAO_PREVIDENCIARIO-000533;;863428.98;XXX712.908XX;Pessoa física;PRINCIPAL;CONTRIBUINTE FICTICIO 0533;BA;1ª REGIÃO;8000055715829;Em cobrança;ATIVA A SER COBRADA;Receita da dívida ativa - IRPJ;21/06/2020;NAO;863428.98
NAO_PREVIDENCIARIO-000534;96000533000142;1596162.66;96.000.533/0001-42;Pessoa jurídica;PRINCIPAL;PIONEIRA ALIMENTOS LTDA;PI;1ª REGIÃO;8000055820558;Em cobrança;ATIVA NAO PRIORIZADA PARA AJUIZAMENTO;Receita da dívida ativa - CSLL;18/02/2010;SIM;1596162.66
NAO_PREVIDENCIARIO-000535;96000534000197;2284421.34;96.000.534/0001-97;Pessoa jurídica;PRINCIPAL;PLANALTO ALIMENTOS S.A.;AM;1ª REGIÃO;8000055925287;Em cobrança;ATIVA A SER COBRADA;Receita da dívida ativa - IRPF;21/07/2025;NAO;2284421.34
NAO_PREVIDENCIARIO-000536;96000535000131;1396480.78;96.000.535/0001-31;Pessoa jurídica;PRINCIPAL;RIO CLARO ALIMENTOS LTDA;PE;PERNAMBUCO;8000056030016;Em cobrança;ATIVA A SER COBRADA;Receita da dívida ativa - IRRF;03/07/2011;NAO;1396480.78
NAO_PREVIDENCIARIO-000537;96000536000186;1308772.23;96.000.536/0001-86;Pessoa jurídica;PRINCIPAL;SERRA DOURADA ALIMENTOS LTDA;AP;1ª REGIÃO;8000056134745;Em cobrança;ATIVA A SER COBRADA;Receita da dívida ativa - Multa - CLT;07/09/2003;NAO;1308772.23
NAO_PREVIDENCIARIO-000538;96000537000120;2366945.63;96.000.537/0001-20;Pessoa jurídica;PRINCIPAL;SOL NASCENTE ALIMENTOS S.A.;PR;4ª REGIÃO;8000056239474;Garantia;ATIVA AJUIZADA;DIV.ATIVA-CPMF;24/10/2019;SIM;2366945.63
NAO_PREVIDENCIARIO-000539;96000538000175;222339.36;96.000.538/0001-75;Pessoa jurídica;PRINCIPAL;VALE FORTE ALIMENTOS LTDA;AL;5ª REGIÃO;8000056344203;Em cobrança;ATIVA A SER COBRADA;Receita da dívida ativa - Contribuição açúcar e álcool;19/06/2024;NAO;222339.36
NAO_PREVIDENCIARIO-000540;;2180333.29;XXX768.341XX;Pessoa física;PRINCIPAL;CONTRIBUINTE FICTICIO 0540;PB;5ª REGIÃO;8000056448932;Em cobrança;ATIVA A SER COBRADA;R D Ativa - Crédito Rural - Prog Nac Fortalec Agric Familiar;16/02/2021;NAO;2180333.29
NAO_PREVIDENCIARIO-000541;96000540000144;1908519.28;96.000.540/0001-44;Pessoa jurídica;CORRESPONSAVEL;ALVORADA COMERCIO E LOGISTICA S.A.;AC;ACRE;8000056553661;Em cobrança;ATIVA AJUIZADA;Receita da dívida ativa - PIS;31/07/2015;SIM;1908519.28
NAO_PREVIDENCIARIO-000542;96000541000199;1248604.37;96.000.541/0001-99;Pessoa jurídica;PRINCIPAL;BOA VISTA COMERCIO E LOGISTICA LTDA;PA;1ª REGIÃO;8000056658390;Em cobrança;ATIVA A SER COBRADA;Receita da dívida ativa - COFINS;21/12/2000;NAO;1248604.37
NAO_PREVIDENCIARIO-000543;96000542000133;126809.93;96.000.542/0001-33;Pessoa jurídica;PRINCIPAL;CAMINHO VERDE COMERCIO E LOGISTICA LTDA;TO;1ª REGIÃO;8000056763119;Em cobrança;ATIVA A SER COBRADA;Receita da dívida ativa - IRPJ;08/09/2012;NAO;126809.93
NAO_PREVIDENCIARIO-000544;96000543000188;1400520.02;96.000.543/0001-88;Pessoa jurídica;PRINCIPAL;CAMPOS DO SUL COMERCIO E LOGISTICA S.A.;MG;6ª REGIÃO;8000056867848;Em cobrança;ATIVA COM AJUIZAMENTO A SER PROSSEGUIDO;Receita da dívida ativa - CSLL;14/03/2020;SIM;1400520.02
NAO_PREVIDENCIARIO-000545;90000454000155;1480985.86;90.000.454/0001-55;Pessoa jurídica;PRINCIPAL;CERRADO COMERCIO E LOGISTICA LTDA;SE;5ª REGIÃO;8000056972577;Em cobrança;ATIVA A SER COBRADA;Receita da dívida ativa - IRPF;02/08/2019;NAO;1480985.86
NAO_PREVIDENCIARIO-000546;96000545000177;489726.69;96.000.545/0001-77;Pessoa jurídica;PRINCIPAL;COSTA AZUL COMERCIO E LOGISTICA LTDA;MS;MATO GROSSO DO SUL;8000057077306;Benefício Fiscal;ATIVA AJUIZADA NEGOCIADA NO SISPAR;Receita da dívida ativa - IRRF;16/06/2014;SIM;489726.69
NAO_PREVIDENCIARIO-000547;;2090242.19;XXX823.774XX;Pessoa física;PRINCIPAL;CONTRIBUINTE FICTICIO 0547;SP;3ª REGIÃO;8000057182035;Em cobrança;ATIVA A SER COBRADA;Receita da dívida ativa - Multa - CLT;31/05/2020;NAO;2090242.19
NAO_PREVIDENCIARIO-000548;96000547000166;1252303.16;96.000.547/0001-66;Pessoa jurídica;PRINCIPAL;ESTRELA DO NORTE COMERCIO E LOGISTICA LTDA;MT;1ª REGIÃO;8000057286764;Em cobrança;ATIVA AJUIZADA;DIV.ATIVA-CPMF;08/04/2019;SIM;1252303.16
NAO_PREVIDENCIARIO-000549;96000548000100;90278.09;96.000.548/0001-00;Pessoa jurídica;PRINCIPAL;HORIZONTE COMERCIO E LOGISTICA LTDA;SC;4ª REGIÃO;8000057391493;Em cobrança;ATIVA A SER COBRADA;Receita da dívida ativa - Contribuição açúcar e álcool;19/01/2009;NAO;90278.09
NAO_PREVIDENCIARIO-000550;96000549000155;861498.26;96.000.549/0001-55;Pessoa jurídica;CORRESPONSAVEL;INTEGRA COMERCIO E LOGISTICA S.A.;MA;1ª REGIÃO;8000057496222;Em cobrança;ATIVA A SER COBRADA;R D Ativa - Crédito Rural - Prog Nac Fortalec Agric Familiar;12/11/2019;NAO;861498.26
NAO_PREVIDENCIARIO-000551;96000550000180;725245.80;96.000.550/0001-80;Pessoa jurídica;PRINCIPAL;JARDINS COMERCIO E LOGISTICA LTDA;RR;RORAIMA;8000057600951;Em cobrança;ATIVA A SER COBRADA;Receita da dívida ativa - PIS;13/11/2021;NAO;725245.80
NAO_PREVIDENCIARIO-000552;96000551000124;747122.66;96.000.551/0001-24;Pessoa jurídica;PRINCIPAL;MONTE ALTO COMERCIO E LOGISTICA LTDA;GO;1ª REGIÃO;8000057705680;Suspenso por decisão judicial;ATIVA NAO AJUIZAVEL COM EXIGIBILIDADE DO CREDITO SUSPENSA-DEC.JUDICIAL;Receita da dívida ativa - COFINS;31/07/1999;NAO;747122.66
NAO_PREVIDENCIARIO-000553;96000552000179;1414286.11;96.000.552/0001-79;Pessoa jurídica;PRINCIPAL;NOVA ERA COMERCIO E LOGISTICA S.A.;RO;1ª REGIÃO;8000057810409;Em cobrança;ATIVA A SER COBRADA;Receita da dívida ativa - IRPJ;07/09/2024;NAO;1414286.11
NAO_PREVIDENCIARIO-000554;;1877413.31;XXX879.207XX;Pessoa física;PRINCIPAL;CONTRIBUINTE FICTICIO 0554;ES;2ª REGIÃO;8000057915138;Em cobrança;ATIVA NAO PRIORIZADA PARA AJUIZAMENTO;Receita da dívida ativa - CSLL;08/07/1998;SIM;1877413.31
NAO_PREVIDENCIARIO-000555;96000554000168;2297186.29;96.000.554/0001-68;Pessoa jurídica;PRINCIPAL;PLANALTO COMERCIO E LOGISTICA LTDA;RS;4ª REGIÃO;8000058019867;Em cobrança;ATIVA A SER COBRADA;Receita da dívida ativa - IRPF;06/11/2024;NAO;2297186.29
NAO_PREVIDENCIARIO-000556;96000555000102;1322543.79;96.000.555/0001-02;Pessoa jurídica;PRINCIPAL;RIO CLARO COMERCIO E LOGISTICA S.A.;DF;DISTRITO FEDERAL;8000058124596;Em cobrança;ATIVA A SER COBRADA;Receita da dívida ativa - IRRF;18/04/2001;NAO;1322543.79
NAO_PREVIDENCIARIO-000557;96000556000157;894951.30;96.000.556/0001-57;Pessoa jurídica;PRINCIPAL;SERRA DOURADA COMERCIO E LOGISTICA LTDA;RN;5ª REGIÃO;8000058229325;Em cobrança;ATIVA A SER COBRADA;Receita da dívida ativa - Multa - CLT;07/01/2017;NAO;894951.30
NAO_PREVIDENCIARIO-000558;96000557000100;1544269.15;96.000.557/0001-00;Pessoa jurídica;PRINCIPAL;SOL NASCENTE COMERCIO E LOGISTICA LTDA;CE;5ª REGIÃO;8000058334054;Garantia;ATIVA AJUIZADA;DIV.ATIVA-CPMF;25/02/2021;SIM;1544269.15
NAO_PREVIDENCIARIO-000559;96000558000146;140994.31;96.000.558/0001-46;Pessoa jurídica;CORRESPONSAVEL;VALE FORTE COMERCIO E LOGISTICA S.A.;RJ;2ª REGIÃO;8000058438783;Em cobrança;ATIVA A SER COBRADA;Receita da dívida ativa - Contribuição açúcar e álcool;05/05/2005;NAO;140994.31
NAO_PREVIDENCIARIO-000560;96000559000190;1984208.57;96.000.559/0001-90;Pessoa jurídica;PRINCIPAL;VILA NOVA COMERCIO E LOGISTICA LTDA;BA;1ª REGIÃO;8000058543512;Em cobrança;ATIVA A SER COBRADA;R D Ativa - Crédito Rural - Prog Nac Fortalec Agric Familiar;05/01/2014;NAO;1984208.57
NAO_PREVIDENCIARIO-000561;;2167747.41;XXX934.640XX;Pessoa física;PRINCIPAL;CONTRIBUINTE FICTICIO 0561;PI;PIAUI;8000058648241;Em cobrança;ATIVA AJUIZADA;Receita da dívida ativa - PIS;12/11/2009;SIM;2167747.41
NAO_PREVIDENCIARIO-000562;96000561000160;644084.40;96.000.561/0001-60;Pessoa jurídica;PRINCIPAL;BOA VISTA CONSTRUCOES S.A.;AM;1ª REGIÃO;8000058752970;Em cobrança;ATIVA A SER COBRADA;Receita da dívida ativa - COFINS;15/01/2004;NAO;644084.40
NAO_PREVIDENCIARIO-000563;96000562000104;855568.52;96.000.562/0001-04;Pessoa jurídica;PRINCIPAL;CAMINHO VERDE CONSTRUCOES LTDA;PE;5ª REGIÃO;8000058857699;Em cobrança;ATIVA A SER COBRADA;Receita da dívida ativa - IRPJ;12/08/2000;NAO;855568.52
NAO_PREVIDENCIARIO-000564;96000563000159;1478530.85;96.000.563/0001-59;Pessoa jurídica;PRINCIPAL;CAMPOS DO SUL CONSTRUCOES LTDA;AP;1ª REGIÃO;8000058962428;Em cobrança;ATIVA COM AJUIZAMENTO A SER PROSSEGUIDO;Receita da dívida ativa - CSLL;25/07/2011;SIM;1478530.85
NAO_PREVIDENCIARIO-000565;96000564000101;1774695.32;96.000.564/0001-01;Pessoa jurídica;PRINCIPAL;CERRADO CONSTRUCOES S.A.;PR;4ª REGIÃO;8000059067157;Em cobrança;ATIVA A SER COBRADA;Receita da dívida ativa - IRPF;11/05/2023;NAO;1774695.32
NAO_PREVIDENCIARIO-000566;96000565000148;1547660.98;96.000.565/0001-48;Pessoa jurídica;PRINCIPAL;COSTA AZUL CONSTRUCOES LTDA;AL;ALAGOAS;8000059171886;Benefício Fiscal;ATIVA AJUIZADA NEGOCIADA NO SISPAR;Receita da dívida ativa - IRRF;09/03/2008;SIM;1547660.98
NAO_PREVIDENCIARIO-000567;90000537000144;1282972.29;90.000.537/0001-44;Pessoa jurídica;PRINCIPAL;CRUZEIRO CONSTRUCOES LTDA;PB;5ª REGIÃO;8000059276615;Em cobrança;ATIVA A SER COBRADA;Receita da dívida ativa - Multa - CLT;24/11/2018;NAO;1282972.29
NAO_PREVIDENCIARIO-000568;;2496495.18;XXX990.073XX;Pessoa física;CORRESPONSAVEL;CONTRIBUINTE FICTICIO 0568;AC;1ª REGIÃO;8000059381344;Em cobrança;ATIVA AJUIZADA;DIV.ATIVA-CPMF;18/01/2017;SIM;2496495.18
NAO_PREVIDENCIARIO-000569;96000568000181;2156591.61;96.000.568/0001-81;Pessoa jurídica;PRINCIPAL;HORIZONTE CONSTRUCOES LTDA;PA;1ª REGIÃO;8000059486073;Em cobrança;ATIVA A SER COBRADA;Receita da dívida ativa - Contribuição açúcar e álcool;30/12/2012;NAO;2156591.61
NAO_PREVIDENCIARIO-000570;96000569000126;1559789.86;96.000.569/0001-26;Pessoa jurídica;PRINCIPAL;INTEGRA CONSTRUCOES LTDA;TO;1ª REGIÃO;8000059590802;Em cobrança;ATIVA A SER COBRADA;R D Ativa - Crédito Rural - Prog Nac Fortalec Agric Familiar;30/12/1998;NAO;1559789.86
NAO_PREVIDENCIARIO-000571;96000570000150;1266304.10;96.000.570/0001-50;Pessoa jurídica;PRINCIPAL;JARDINS CONSTRUCOES S.A.;MG;MINAS GERAIS;8000059695531;Em cobrança;ATIVA A SER COBRADA;Receita da dívida ativa - PIS;02/02/2022;NAO;1266304.10
NAO_PREVIDENCIARIO-000572;96000571000103;409819.45;96.000.571/0001-03;Pessoa jurídica;PRINCIPAL;MONTE ALTO CONSTRUCOES LTDA;SE;5ª REGIÃO;8000059800260;Suspenso por decisão judicial;ATIVA NAO AJUIZAVEL COM EXIGIBILIDADE DO CREDITO SUSPENSA-DEC.JUDICIAL;Receita da dívida ativa - COFINS;27/09/1998;NAO;409819.45
NAO_PREVIDENCIARIO-000573;96000572000140;428230.86;96.000.572/0001-40;Pessoa jurídica;PRINCIPAL;NOVA ERA CONSTRUCOES LTDA;MS;1ª REGIÃO;8000059904989;Em cobrança;ATIVA A SER COBRADA;Receita da dívida ativa - IRPJ;20/03/2024;NAO;428230.86
NAO_PREVIDENCIARIO-000574;96000573000194;794660.55;96.000.573/0001-94;Pessoa jurídica;PRINCIPAL;PIONEIRA CONSTRUCOES S.A.;SP;3ª REGIÃO;8000060009718;Em cobrança;ATIVA NAO PRIORIZADA PARA AJUIZAMENTO;Receita da dívida ativa - CSLL;06/08/2006;SIM;794660.55
NAO_PREVIDENCIARIO-000575;;2189841.77;XXX145.506XX;Pessoa física;PRINCIPAL;CONTRIBUINTE FICTICIO 0575;MT;1ª REGIÃO;8000060114447;Em cobrança;ATIVA A SER COBRADA;Receita da dívida ativa - IRPF;09/12/2009;NAO;2189841.77
NAO_PREVIDENCIARIO-000576;96000575000183;1536241.23;96.000.575/0001-83;Pessoa jurídica;PRINCIPAL;RIO CLARO CONSTRUCOES LTDA;SC;SANTA CATARINA;8000060219176;Em cobrança;ATIVA A SER COBRADA;Receita da dívida ativa - IRRF;23/02/2024;NAO;1536241.23
NAO_PREVIDENCIARIO-000577;96000576000128;433201.70;96.000.576/0001-28;Pessoa jurídica;CORRESPONSAVEL;SERRA DOURADA CONSTRUCOES S.A.;MA;1ª REGIÃO;8000060323905;Em cobrança;ATIVA A SER COBRADA;Receita da dívida ativa - Multa - CLT;03/01/2021;NAO;433201.70
NAO_PREVIDENCIARIO-000578;96000577000172;2083094.34;96.000.577/0001-72;Pessoa jurídica;PRINCIPAL;SOL NASCENTE CONSTRUCOES LTDA;RR;1ª REGIÃO;8000060428634;Garantia;ATIVA AJUIZADA;DIV.ATIVA-CPMF;07/01/2003;SIM;2083094.34
NAO_PREVIDENCIARIO-000579;96000578000117;1300740.34;96.000.578/0001-17;Pessoa jurídica;PRINCIPAL;VALE FORTE CONSTRUCOES LTDA;GO;1ª REGIÃO;8000060533363;Em cobrança;ATIVA A SER COBRADA;Receita da dívida ativa - Contribuição açúcar e álcool;25/04/2006;NAO;1300740.34
NAO_PREVIDENCIARIO-000580;96000579000161;938967.90;96.000.579/0001-61;Pessoa jurídica;PRINCIPAL;VILA NOVA CONSTRUCOES S.A.;RO;1ª REGIÃO;8000060638092;Em cobrança;ATIVA A SER COBRADA;R D Ativa - Crédito Rural - Prog Nac Fortalec Agric Familiar;07/01/2017;NAO;938967.90
NAO_PREVIDENCIARIO-000581;96000580000196;581676.64;96.000.580/0001-96;Pessoa jurídica;PRINCIPAL;ALVORADA ENERGIA LTDA;ES;ESPIRITO SANTO;8000060742821;Em cobrança;ATIVA AJUIZADA;Receita da dívida ativa - PIS;22/07/2015;SIM;581676.64
NAO_PREVIDENCIARIO-000582;;411781.30;XXX200.939XX;Pessoa física;PRINCIPAL;CONTRIBUINTE FICTICIO 0582;RS;4ª REGIÃO;8000060847550;Em cobrança;ATIVA A SER COBRADA;Receita da dívida ativa - COFINS;06/02/2009;NAO;411781.30
NAO_PREVIDENCIARIO-000583;96000582000185;1810843.77;96.000.582/0001-85;Pessoa jurídica;SOLIDARIO;CAMINHO VERDE ENERGIA S.A.;DF;1ª REGIÃO;8000060952279;Em cobrança;ATIVA A SER COBRADA;Receita da dívida ativa - IRPJ;25/06/2004;NAO;1810843.77
NAO_PREVIDENCIARIO-000584;96000583000120;2254350.51;96.000.583/0001-20;Pessoa jurídica;PRINCIPAL;CAMPOS DO SUL ENERGIA LTDA;RN;5ª REGIÃO;8000061057008;Em cobrança;ATIVA COM AJUIZAMENTO A SER PROSSEGUIDO;Receita da dívida ativa - CSLL;23/06/2000;SIM;2254350.51
NAO_PREVIDENCIARIO-000585;96000584000174;2467955.57;96.000.584/0001-74;Pessoa jurídica;PRINCIPAL;CERRADO ENERGIA LTDA;CE;5ª REGIÃO;8000061161737;Em cobrança;ATIVA A SER COBRADA;Receita da dívida ativa - IRPF;25/05/2014;NAO;2467955.57
NAO_PREVIDENCIARIO-000586;96000585000119;1891640.99;96.000.585/0001-19;Pessoa jurídica;CORRESPONSAVEL;COSTA AZUL ENERGIA S.A.;RJ;RIO DE JANEIRO;8000061266466;Benefício Fiscal;ATIVA AJUIZADA NEGOCIADA NO SISPAR;Receita da dívida ativa - IRRF;21/09/2003;SIM;1891640.99
NAO_PREVIDENCIARIO-000587;96000586000163;1281310.37;96.000.586/0001-63;Pessoa jurídica;PRINCIPAL;CRUZEIRO ENERGIA LTDA;BA;1ª REGIÃO;8000061371195;Em cobrança;ATIVA A SER COBRADA;Receita da dívida ativa - Multa - CLT;06/12/2013;NAO;1281310.37
NAO_PREVIDENCIARIO-000588;96000587000108;2053361.42;96.000.587/0001-08;Pessoa jurídica;PRINCIPAL;ESTRELA DO NORTE ENERGIA LTDA;PI;1ª REGIÃO;8000061475924;Em cobrança;ATIVA AJUIZADA;DIV.ATIVA-CPMF;30/12/1999;SIM;2053361.42
NAO_PREVIDENCIARIO-000589;90000562000128;270643.15;90.000.562/0001-28;Pessoa jurídica;PRINCIPAL;HORIZONTE ENERGIA S.A.;AM;1ª REGIÃO;8000061580653;Em cobrança;ATIVA A SER COBRADA;Receita da dívida ativa - Contribuição açúcar e álcool;26/02/2009;NAO;270643.15
NAO_PREVIDENCIARIO-000590;96000589000105;2260347.02;96.000.589/0001-05;Pessoa jurídica;PRINCIPAL;INTEGRA ENERGIA LTDA;PE;5ª REGIÃO;8000061685382;Em cobrança;ATIVA A SER COBRADA;R D Ativa - Crédito Rural - Prog Nac Fortalec Agric Familiar;10/10/2005;NAO;2260347.02
NAO_PREVIDENCIARIO-000591;96000590000121;786992.00;96.000.590/0001-21;Pessoa jurídica;PRINCIPAL;JARDINS ENERGIA LTDA;AP;AMAPA;8000061790111;Em cobrança;ATIVA A SER COBRADA;Receita da dívida ativa - PIS;16/03/2009;NAO;786992.00
NAO_PREVIDENCIARIO-000592;96000591000176;1232375.63;96.000.591/0001-76;Pessoa jurídica;PRINCIPAL;MONTE ALTO ENERGIA S.A.;PR;4ª REGIÃO;8000061894840;Suspenso por decisão judicial;ATIVA NAO AJUIZAVEL COM EXIGIBILIDADE DO CREDITO SUSPENSA-DEC.JUDICIAL;Receita da dívida ativa - COFINS;10/03/2005;NAO;1232375.63
NAO_PREVIDENCIARIO-000593;96000592000110;931859.77;96.000.592/0001-10;Pessoa jurídica;PRINCIPAL;NOVA ERA ENERGIA LTDA;AL;5ª REGIÃO;8000061999569;Em cobrança;ATIVA A SER COBRADA;Receita da dívida ativa - IRPJ;02/10/2011;NAO;931859.77
NAO_PREVIDENCIARIO-000594;96000593000165;2413435.20;96.000.593/0001-65;Pessoa jurídica;PRINCIPAL;PIONEIRA ENERGIA LTDA;PB;5ª REGIÃO;8000062104298;Em cobrança;ATIVA NAO PRIORIZADA PARA AJUIZAMENTO;Receita da dívida ativa - CSLL;16/06/2015;SIM;2413435.20
NAO_PREVIDENCIARIO-000595;96000594000100;2362906.94;96.000.594/0001-00;Pessoa jurídica;CORRESPONSAVEL;PLANALTO ENERGIA S.A.;AC;1ª REGIÃO;8000062209027;Em cobrança;ATIVA A SER COBRADA;Receita da dívida ativa - IRPF;11/10/2008;NAO;2362906.94
NAO_PREVIDENCIARIO-000596;;936315.93;XXX311.805XX;Pessoa física;PRINCIPAL;CONTRIBUINTE FICTICIO 0596;PA;PARA;8000062313756;Em cobrança;ATIVA A SER COBRADA;Receita da dívida ativa - IRRF;01/11/2018;NAO;936315.93
NAO_PREVIDENCIARIO-000597;96000596000107;120886.43;96.000.596/0001-07;Pessoa jurídica;PRINCIPAL;SERRA DOURADA ENERGIA LTDA;TO;1ª REGIÃO;8000062418485;Em cobrança;ATIVA A SER COBRADA;Receita da dívida ativa - Multa - CLT;06/03/2020;NAO;120886.43
NAO_PREVIDENCIARIO-000598;96000597000143;968315.63;96.000.597/0001-43;Pessoa jurídica;PRINCIPAL;SOL NASCENTE ENERGIA S.A.;MG;6ª REGIÃO;8000062523214;Garantia;ATIVA AJUIZADA;DIV.ATIVA-CPMF;28/04/2014;SIM;968315.63
NAO_PREVIDENCIARIO-000599;96000598000198;2232266.64;96.000.598/0001-98;Pessoa jurídica;PRINCIPAL;VALE FORTE ENERGIA LTDA;SE;5ª REGIÃO;8000062627943;Em cobrança;ATIVA A SER COBRADA;Receita da dívida ativa - Contribuição açúcar e álcool;21/12/1998;NAO;2232266.64
NAO_PREVIDENCIARIO-000600;96000599000132;512901.74;96.000.599/0001-32;Pessoa jurídica;PRINCIPAL;VILA NOVA ENERGIA LTDA;MS;1ª REGIÃO;8000062732672;Em cobrança;ATIVA A SER COBRADA;R D Ativa - Crédito Rural - Prog Nac Fortalec Agric Familiar;18/03/2022;NAO;512901.74
NAO_PREVIDENCIARIO-000601;96000600000129;1475943.25;96.000.600/0001-29;Pessoa jurídica;PRINCIPAL;ALVORADA EQUIPAMENTOS S.A.;SP;SAO PAULO;8000062837401;Em cobrança;ATIVA AJUIZADA;Receita da dívida ativa - PIS;22/04/2000;SIM;1475943.25
NAO_PREVIDENCIARIO-000602;96000601000173;1358488.36;96.000.601/0001-73;Pessoa jurídica;PRINCIPAL;BOA VISTA EQUIPAMENTOS LTDA;MT;1ª REGIÃO;8000062942130;Em cobrança;ATIVA A SER COBRADA;Receita da dívida ativa - COFINS;09/02/2024;NAO;1358488.36
NAO_PREVIDENCIARIO-000603;;2314436.10;XXX367.238XX;Pessoa física;PRINCIPAL;CONTRIBUINTE FICTICIO 0603;SC;4ª REGIÃO;8000063046859;Em cobrança;ATIVA A SER COBRADA;Receita da dívida ativa - IRPJ;18/05/2016;NAO;2314436.10
NAO_PREVIDENCIARIO-000604;96000603000162;2497641.77;96.000.603/0001-62;Pessoa jurídica;CORRESPONSAVEL;CAMPOS DO SUL EQUIPAMENTOS S.A.;MA;1ª REGIÃO;8000063151588;Em cobrança;ATIVA COM AJUIZAMENTO A SER PROSSEGUIDO;Receita da dívida ativa - CSLL;03/03/1999;SIM;2497641.77
NAO_PREVIDENCIARIO-000605;96000604000107;1629681.79;96.000.604/0001-07;Pessoa jurídica;PRINCIPAL;CERRADO EQUIPAMENTOS LTDA;RR;1ª REGIÃO;8000063256317;Em cobrança;ATIVA A SER COBRADA;Receita da dívida ativa - IRPF;08/03/2026;NAO;1629681.79
NAO_PREVIDENCIARIO-000606;96000605000151;960302.93;96.000.605/0001-51;Pessoa jurídica;PRINCIPAL;COSTA AZUL EQUIPAMENTOS LTDA;GO;GOIAS;8000063361046;Benefício Fiscal;ATIVA AJUIZADA NEGOCIADA NO SISPAR;Receita da dívida ativa - IRRF;14/11/2024;SIM;960302.93
NAO_PREVIDENCIARIO-000607;96000606000104;15708.09;96.000.606/0001-04;Pessoa jurídica;PRINCIPAL;CRUZEIRO EQUIPAMENTOS S.A.;RO;1ª REGIÃO;8000063465775;Em cobrança;ATIVA A SER COBRADA;Receita da dívida ativa - Multa - CLT;12/05/2018;NAO;15708.09
NAO_PREVIDENCIARIO-000608;96000607000140;2131190.32;96.000.607/0001-40;Pessoa jurídica;PRINCIPAL;ESTRELA DO NORTE EQUIPAMENTOS LTDA;ES;2ª REGIÃO;8000063570504;Em cobrança;ATIVA AJUIZADA;DIV.ATIVA-CPMF;11/01/2019;SIM;2131190.32
NAO_PREVIDENCIARIO-000609;96000608000195;1014071.10;96.000.608/0001-95;Pessoa jurídica;PRINCIPAL;HORIZONTE EQUIPAMENTOS LTDA;RS;4ª REGIÃO;8000063675233;Em cobrança;ATIVA A SER COBRADA;Receita da dívida ativa - Contribuição açúcar e álcool;13/12/2008;NAO;1014071.10
NAO_PREVIDENCIARIO-000610;;2249381.60;XXX422.671XX;Pessoa física;PRINCIPAL;CONTRIBUINTE FICTICIO 0610;DF;1ª REGIÃO;8000063779962;Em cobrança;ATIVA A SER COBRADA;R D Ativa - Crédito Rural - Prog Nac Fortalec Agric Familiar;16/05/2017;NAO;2249381.60
NAO_PREVIDENCIARIO-000611;96000610000164;1299651.03;96.000.610/0001-64;Pessoa jurídica;PRINCIPAL;JARDINS EQUIPAMENTOS LTDA;RN;RIO GRANDE DO NORTE;8000063884691;Em cobrança;ATIVA A SER COBRADA;Receita da dívida ativa - PIS;03/01/2026;NAO;1299651.03
NAO_PREVIDENCIARIO-000612;90000569000140;1406187.48;90.000.569/0001-40;Pessoa jurídica;PRINCIPAL;MONTE ALTO EQUIPAMENTOS LTDA;CE;5ª REGIÃO;8000063989420;Suspenso por decisão judicial;ATIVA NAO AJUIZAVEL COM EXIGIBILIDADE DO CREDITO SUSPENSA-DEC.JUDICIAL;Receita da dívida ativa - COFINS;10/10/2007;NAO;1406187.48
NAO_PREVIDENCIARIO-000613;96000612000153;447557.55;96.000.612/0001-53;Pessoa jurídica;CORRESPONSAVEL;NOVA ERA EQUIPAMENTOS S.A.;RJ;2ª REGIÃO;8000064094149;Em cobrança;ATIVA A SER COBRADA;Receita da dívida ativa - IRPJ;31/08/2011;NAO;447557.55
NAO_PREVIDENCIARIO-000614;96000613000106;989946.33;96.000.613/0001-06;Pessoa jurídica;PRINCIPAL;PIONEIRA EQUIPAMENTOS LTDA;BA;1ª REGIÃO;8000064198878;Em cobrança;ATIVA NAO PRIORIZADA PARA AJUIZAMENTO;Receita da dívida ativa - CSLL;04/10/2001;SIM;989946.33
NAO_PREVIDENCIARIO-000615;96000614000142;2040990.72;96.000.614/0001-42;Pessoa jurídica;PRINCIPAL;PLANALTO EQUIPAMENTOS LTDA;PI;1ª REGIÃO;8000064303607;Em cobrança;ATIVA A SER COBRADA;Receita da dívida ativa - IRPF;22/03/1998;NAO;2040990.72
NAO_PREVIDENCIARIO-000616;96000615000197;147002.90;96.000.615/0001-97;Pessoa jurídica;PRINCIPAL;RIO CLARO EQUIPAMENTOS S.A.;AM;AMAZONAS;8000064408336;Em cobrança;ATIVA A SER COBRADA;Receita da dívida ativa - IRRF;14/06/2005;NAO;147002.90
NAO_PREVIDENCIARIO-000617;;1003238.34;XXX478.104XX;Pessoa física;PRINCIPAL;CONTRIBUINTE FICTICIO 0617;PE;5ª REGIÃO;8000064513065;Em cobrança;ATIVA A SER COBRADA;Receita da dívida ativa - Multa - CLT;11/04/2010;NAO;1003238.34
NAO_PREVIDENCIARIO-000618;96000617000186;1453449.55;96.000.617/0001-86;Pessoa jurídica;PRINCIPAL;SOL NASCENTE EQUIPAMENTOS LTDA;AP;1ª REGIÃO;8000064617794;Garantia;ATIVA AJUIZADA;DIV.ATIVA-CPMF;10/01/2015;SIM;1453449.55
NAO_PREVIDENCIARIO-000619;96000618000120;158525.73;96.000.618/0001-20;Pessoa jurídica;PRINCIPAL;VALE FORTE EQUIPAMENTOS S.A.;PR;4ª REGIÃO;8000064722523;Em cobrança;ATIVA A SER COBRADA;Receita da dívida ativa - Contribuição açúcar e álcool;15/09/2006;NAO;158525.73
NAO_PREVIDENCIARIO-000620;96000619000175;1619683.51;96.000.619/0001-75;Pessoa jurídica;PRINCIPAL;VILA NOVA EQUIPAMENTOS LTDA;AL;5ª REGIÃO;8000064827252;Em cobrança;ATIVA A SER COBRADA;R D Ativa - Crédito Rural - Prog Nac Fortalec Agric Familiar;05/06/2026;NAO;1619683.51
NAO_PREVIDENCIARIO-000621;96000620000108;2158408.83;96.000.620/0001-08;Pessoa jurídica;PRINCIPAL;ALVORADA INDUSTRIA LTDA;PB;PARAIBA;8000064931981;Em cobrança;ATIVA AJUIZADA;Receita da dívida ativa - PIS;22/07/2012;SIM;2158408.83
NAO_PREVIDENCIARIO-000622;96000621000144;1170648.61;96.000.621/0001-44;Pessoa jurídica;CORRESPONSAVEL;BOA VISTA INDUSTRIA S.A.;AC;1ª REGIÃO;8000065036710;Em cobrança;ATIVA A SER COBRADA;Receita da dívida ativa - COFINS;13/04/1999;NAO;1170648.61
NAO_PREVIDENCIARIO-000623;96000622000199;1029776.61;96.000.622/0001-99;Pessoa jurídica;PRINCIPAL;CAMINHO VERDE INDUSTRIA LTDA;PA;1ª REGIÃO;8000065141439;Em cobrança;ATIVA A SER COBRADA;Receita da dívida ativa - IRPJ;27/08/1999;NAO;1029776.61
NAO_PREVIDENCIARIO-000624;;174444.81;XXX533.537XX;Pessoa física;PRINCIPAL;CONTRIBUINTE FICTICIO 0624;TO;1ª REGIÃO;8000065246168;Em cobrança;ATIVA COM AJUIZAMENTO A SER PROSSEGUIDO;Receita da dívida ativa - CSLL;26/11/2006;SIM;174444.81
NAO_PREVIDENCIARIO-000625;96000624000188;725303.61;96.000.624/0001-88;Pessoa jurídica;PRINCIPAL;CERRADO INDUSTRIA S.A.;MG;6ª REGIÃO;8000065350897;Em cobrança;ATIVA A SER COBRADA;Receita da dívida ativa - IRPF;04/02/2022;NAO;725303.61
NAO_PREVIDENCIARIO-000626;96000625000122;213164.08;96.000.625/0001-22;Pessoa jurídica;PRINCIPAL;COSTA AZUL INDUSTRIA LTDA;SE;SERGIPE;8000065455626;Benefício Fiscal;ATIVA AJUIZADA NEGOCIADA NO SISPAR;Receita da dívida ativa - IRRF;21/09/2013;SIM;213164.08
NAO_PREVIDENCIARIO-000627;96000626000177;1188448.79;96.000.626/0001-77;Pessoa jurídica;PRINCIPAL;CRUZEIRO INDUSTRIA LTDA;MS;1ª REGIÃO;8000065560355;Em cobrança;ATIVA A SER COBRADA;Receita da dívida ativa - Multa - CLT;15/10/2008;NAO;1188448.79
NAO_PREVIDENCIARIO-000628;96000627000111;917106.03;96.000.627/0001-11;Pessoa jurídica;PRINCIPAL;ESTRELA DO NORTE INDUSTRIA S.A.;SP;3ª REGIÃO;8000065665084;Em cobrança;ATIVA AJUIZADA;DIV.ATIVA-CPMF;30/08/2010;SIM;917106.03
NAO_PREVIDENCIARIO-000629;96000628000166;562311.27;96.000.628/0001-66;Pessoa jurídica;PRINCIPAL;HORIZONTE INDUSTRIA LTDA;MT;1ª REGIÃO;8000065769813;Em cobrança;ATIVA A SER COBRADA;Receita da dívida ativa - Contribuição açúcar e álcool;24/04/2018;NAO;562311.27
NAO_PREVIDENCIARIO-000630;96000629000100;7041.69;96.000.629/0001-00;Pessoa jurídica;PRINCIPAL;INTEGRA INDUSTRIA LTDA;SC;4ª REGIÃO;8000065874542;Em cobrança;ATIVA A SER COBRADA;R D Ativa - Crédito Rural - Prog Nac Fortalec Agric Familiar;31/12/2020;NAO;7041.69
NAO_PREVIDENCIARIO-000631;;301109.29;XXX588.970XX;Pessoa física;CORRESPONSAVEL;CONTRIBUINTE FICTICIO 0631;MA;MARANHAO;8000065979271;Em cobrança;ATIVA A SER COBRADA;Receita da dívida ativa - PIS;03/02/2002;NAO;301109.29
NAO_PREVIDENCIARIO-000632;96000631000180;1414508.96;96.000.631/0001-80;Pessoa jurídica;PRINCIPAL;MONTE ALTO INDUSTRIA LTDA;RR;1ª REGIÃO;8000066084000;Suspenso por decisão judicial;ATIVA NAO AJUIZAVEL COM EXIGIBILIDADE DO CREDITO SUSPENSA-DEC.JUDICIAL;Receita da dívida ativa - COFINS;14/03/2009;NAO;1414508.96
NAO_PREVIDENCIARIO-000633;96000632000124;568002.98;96.000.632/0001-24;Pessoa jurídica;PRINCIPAL;NOVA ERA INDUSTRIA LTDA;GO;1ª REGIÃO;8000066188729;Em cobrança;ATIVA A SER COBRADA;Receita da dívida ativa - IRPJ;29/06/2009;NAO;568002.98
NAO_PREVIDENCIARIO-000634;90000576000141;1677598.08;90.000.576/0001-41;Pessoa jurídica;PRINCIPAL;PIONEIRA INDUSTRIA S.A.;RO;1ª REGIÃO;8000066293458;Em cobrança;ATIVA NAO PRIORIZADA PARA AJUIZAMENTO;Receita da dívida ativa - CSLL;08/04/2017;SIM;1677598.08
NAO_PREVIDENCIARIO-000635;96000634000113;1425957.13;96.000.634/0001-13;Pessoa jurídica;PRINCIPAL;PLANALTO INDUSTRIA LTDA;ES;2ª REGIÃO;8000066398187;Em cobrança;ATIVA A SER COBRADA;Receita da dívida ativa - IRPF;04/12/2008;NAO;1425957.13
NAO_PREVIDENCIARIO-000636;96000635000168;429240.60;96.000.635/0001-68;Pessoa jurídica;PRINCIPAL;RIO CLARO INDUSTRIA LTDA;RS;RIO GRANDE DO SUL;8000066502916;Em cobrança;ATIVA A SER COBRADA;Receita da dívida ativa - IRRF;13/07/2005;NAO;429240.60
NAO_PREVIDENCIARIO-000637;96000636000102;955094.78;96.000.636/0001-02;Pessoa jurídica;PRINCIPAL;SERRA DOURADA INDUSTRIA S.A.;DF;1ª REGIÃO;8000066607645;Em cobrança;ATIVA A SER COBRADA;Receita da dívida ativa - Multa - CLT;23/05/2016;NAO;955094.78
NAO_PREVIDENCIARIO-000638;;1425730.32;XXX644.403XX;Pessoa física;PRINCIPAL;CONTRIBUINTE FICTICIO 0638;RN;5ª REGIÃO;8000066712374;Garantia;ATIVA AJUIZADA;DIV.ATIVA-CPMF;19/07/2021;SIM;1425730.32
NAO_PREVIDENCIARIO-000639;96000638000100;2053507.53;96.000.638/0001-00;Pessoa jurídica;PRINCIPAL;VALE FORTE INDUSTRIA LTDA;CE;5ª REGIÃO;8000066817103;Em cobrança;ATIVA A SER COBRADA;Receita da dívida ativa - Contribuição açúcar e álcool;23/10/2004;NAO;2053507.53
NAO_PREVIDENCIARIO-000640;96000639000146;1185999.53;96.000.639/0001-46;Pessoa jurídica;CORRESPONSAVEL;VILA NOVA INDUSTRIA S.A.;RJ;2ª REGIÃO;8000066921832;Em cobrança;ATIVA A SER COBRADA;R D Ativa - Crédito Rural - Prog Nac Fortalec Agric Familiar;05/05/2017;NAO;1185999.53
NAO_PREVIDENCIARIO-000641;96000640000170;306323.65;96.000.640/0001-70;Pessoa jurídica;PRINCIPAL;ALVORADA MINERACAO LTDA;BA;BAHIA;8000067026561;Em cobrança;ATIVA AJUIZADA;Receita da dívida ativa - PIS;28/10/2014;SIM;306323.65
NAO_PREVIDENCIARIO-000642;96000641000115;434429.15;96.000.641/0001-15;Pessoa jurídica;PRINCIPAL;BOA VISTA MINERACAO LTDA;PI;1ª REGIÃO;8000067131290;Em cobrança;ATIVA A SER COBRADA;Receita da dívida ativa - COFINS;28/11/2009;NAO;434429.15
NAO_PREVIDENCIARIO-000643;96000642000160;927389.80;96.000.642/0001-60;Pessoa jurídica;PRINCIPAL;CAMINHO VERDE MINERACAO S.A.;AM;1ª REGIÃO;8000067236019;Em cobrança;ATIVA A SER COBRADA;Receita da dívida ativa - IRPJ;20/08/2011;NAO;927389.80
NAO_PREVIDENCIARIO-000644;96000643000104;1670146.00;96.000.643/0001-04;Pessoa jurídica;PRINCIPAL;CAMPOS DO SUL MINERACAO LTDA;PE;5ª REGIÃO;8000067340748;Em cobrança;ATIVA COM AJUIZAMENTO A SER PROSSEGUIDO;Receita da dívida ativa - CSLL;29/11/2004;SIM;1670146.00
NAO_PREVIDENCIARIO-000645;;910977.30;XXX699.836XX;Pessoa física;PRINCIPAL;CONTRIBUINTE FICTICIO 0645;AP;1ª REGIÃO;8000067445477;Em cobrança;ATIVA A SER COBRADA;Receita da dívida ativa - IRPF;26/04/2008;NAO;910977.30
NAO_PREVIDENCIARIO-000646;96000645000101;1807475.92;96.000.645/0001-01;Pessoa jurídica;PRINCIPAL;COSTA AZUL MINERACAO S.A.;PR;PARANA;8000067550206;Benefício Fiscal;ATIVA AJUIZADA NEGOCIADA NO SISPAR;Receita da dívida ativa - IRRF;10/05/2022;SIM;1807475.92
NAO_PREVIDENCIARIO-000647;96000646000148;646699.05;96.000.646/0001-48;Pessoa jurídica;PRINCIPAL;CRUZEIRO MINERACAO LTDA;AL;5ª REGIÃO;8000067654935;Em cobrança;ATIVA A SER COBRADA;Receita da dívida ativa - Multa - CLT;16/06/2014;NAO;646699.05
NAO_PREVIDENCIARIO-000648;96000647000192;1956275.81;96.000.647/0001-92;Pessoa jurídica;PRINCIPAL;ESTRELA DO NORTE MINERACAO LTDA;PB;5ª REGIÃO;8000067759664;Em cobrança;ATIVA AJUIZADA;DIV.ATIVA-CPMF;15/04/2000;SIM;1956275.81
NAO_PREVIDENCIARIO-000649;96000648000137;2383517.74;96.000.648/0001-37;Pessoa jurídica;CORRESPONSAVEL;HORIZONTE MINERACAO S.A.;AC;1ª REGIÃO;8000067864393;Em cobrança;ATIVA A SER COBRADA;Receita da dívida ativa - Contribuição açúcar e álcool;12/10/2002;NAO;2383517.74
NAO_PREVIDENCIARIO-000650;96000649000181;2039783.41;96.000.649/0001-81;Pessoa jurídica;PRINCIPAL;INTEGRA MINERACAO LTDA;PA;1ª REGIÃO;8000067969122;Em cobrança;ATIVA A SER COBRADA;R D Ativa - Crédito Rural - Prog Nac Fortalec Agric Familiar;03/02/2015;NAO;2039783.41
NAO_PREVIDENCIARIO-000651;96000650000106;1050261.63;96.000.650/0001-06;Pessoa jurídica;PRINCIPAL;JARDINS MINERACAO LTDA;TO;TOCANTINS;8000068073851;Em cobrança;ATIVA A SER COBRADA;Receita da dívida ativa - PIS;28/04/2008;NAO;1050261.63
NAO_PREVIDENCIARIO-000652;;1068797.93;XXX755.269XX;Pessoa física;PRINCIPAL;CONTRIBUINTE FICTICIO 0652;MG;6ª REGIÃO;8000068178580;Suspenso por decisão judicial;ATIVA NAO AJUIZAVEL COM EXIGIBILIDADE DO CREDITO SUSPENSA-DEC.JUDICIAL;Receita da dívida ativa - COFINS;12/04/2010;NAO;1068797.93
NAO_PREVIDENCIARIO-000653;96000652000103;1063038.56;96.000.652/0001-03;Pessoa jurídica;PRINCIPAL;NOVA ERA MINERACAO LTDA;SE;5ª REGIÃO;8000068283309;Em cobrança;ATIVA A SER COBRADA;Receita da dívida ativa - IRPJ;11/09/2025;NAO;1063038.56
NAO_PREVIDENCIARIO-000654;96000653000140;2017580.25;96.000.653/0001-40;Pessoa jurídica;PRINCIPAL;PIONEIRA MINERACAO LTDA;MS;1ª REGIÃO;8000068388038;Em cobrança;ATIVA NAO PRIORIZADA PARA AJUIZAMENTO;Receita da dívida ativa - CSLL;21/06/1999;SIM;2017580.25
NAO_PREVIDENCIARIO-000655;96000654000194;881554.29;96.000.654/0001-94;Pessoa jurídica;PRINCIPAL;PLANALTO MINERACAO S.A.;SP;3ª REGIÃO;8000068492767;Em cobrança;ATIVA A SER COBRADA;Receita da dívida ativa - IRPF;04/02/2004;NAO;881554.29
NAO_PREVIDENCIARIO-000656;90000637000170;873255.86;90.000.637/0001-70;Pessoa jurídica;PRINCIPAL;RIO CLARO MINERACAO LTDA;MT;MATO GROSSO;8000068597496;Em cobrança;ATIVA A SER COBRADA;Receita da dívida ativa - IRRF;20/09/2006;NAO;873255.86
NAO_PREVIDENCIARIO-000657;96000656000183;193196.02;96.000.656/0001-83;Pessoa jurídica;PRINCIPAL;SERRA DOURADA MINERACAO LTDA;SC;4ª REGIÃO;8000068702225;Em cobrança;ATIVA A SER COBRADA;Receita da dívida ativa - Multa - CLT;21/11/2018;NAO;193196.02
NAO_PREVIDENCIARIO-000658;96000657000128;51139.22;96.000.657/0001-28;Pessoa jurídica;CORRESPONSAVEL;SOL NASCENTE MINERACAO S.A.;MA;1ª REGIÃO;8000068806954;Garantia;ATIVA AJUIZADA;DIV.ATIVA-CPMF;11/10/2011;SIM;51139.22
NAO_PREVIDENCIARIO-000659;;234817.10;XXX810.702XX;Pessoa física;PRINCIPAL;CONTRIBUINTE FICTICIO 0659;RR;1ª REGIÃO;8000068911683;Em cobrança;ATIVA A SER COBRADA;Receita da dívida ativa - Contribuição açúcar e álcool;29/10/2021;NAO;234817.10
NAO_PREVIDENCIARIO-000660;96000659000117;1999472.77;96.000.659/0001-17;Pessoa jurídica;PRINCIPAL;VILA NOVA MINERACAO LTDA;GO;1ª REGIÃO;8000069016412;Em cobrança;ATIVA A SER COBRADA;R D Ativa - Crédito Rural - Prog Nac Fortalec Agric Familiar;29/12/2003;NAO;1999472.77
NAO_PREVIDENCIARIO-000661;96000660000141;884773.80;96.000.660/0001-41;Pessoa jurídica;PRINCIPAL;ALVORADA OBRAS E SERVICOS S.A.;RO;RONDONIA;8000069121141;Em cobrança;ATIVA AJUIZADA;Receita da dívida ativa - PIS;04/10/2003;SIM;884773.80
NAO_PREVIDENCIARIO-000662;96000661000196;1937529.20;96.000.661/0001-96;Pessoa jurídica;PRINCIPAL;BOA VISTA OBRAS E SERVICOS LTDA;ES;2ª REGIÃO;8000069225870;Em cobrança;ATIVA A SER COBRADA;Receita da dívida ativa - COFINS;25/04/1999;NAO;1937529.20
NAO_PREVIDENCIARIO-000663;96000662000130;1282540.15;96.000.662/0001-30;Pessoa jurídica;PRINCIPAL;CAMINHO VERDE OBRAS E SERVICOS LTDA;RS;4ª REGIÃO;8000069330599;Em cobrança;ATIVA A SER COBRADA;Receita da dívida ativa - IRPJ;14/09/2014;NAO;1282540.15
NAO_PREVIDENCIARIO-000664;96000663000185;1795800.32;96.000.663/0001-85;Pessoa jurídica;PRINCIPAL;CAMPOS DO SUL OBRAS E SERVICOS S.A.;DF;1ª REGIÃO;8000069435328;Em cobrança;ATIVA COM AJUIZAMENTO A SER PROSSEGUIDO;Receita da dívida ativa - CSLL;08/05/2024;SIM;1795800.32
NAO_PREVIDENCIARIO-000665;96000664000120;1358901.64;96.000.664/0001-20;Pessoa jurídica;PRINCIPAL;CERRADO OBRAS E SERVICOS LTDA;RN;5ª REGIÃO;8000069540057;Em cobrança;ATIVA A SER COBRADA;Receita da dívida ativa - IRPF;30/01/2006;NAO;1358901.64
NAO_PREVIDENCIARIO-000666;;556810.94;XXX866.135XX;Pessoa física;PRINCIPAL;CONTRIBUINTE FICTICIO 0666;CE;CEARA;8000069644786;Benefício Fiscal;ATIVA AJUIZADA NEGOCIADA NO SISPAR;Receita da dívida ativa - IRRF;08/09/2021;SIM;556810.94
NAO_PREVIDENCIARIO-000667;96000666000119;2284683.98;96.000.666/0001-19;Pessoa jurídica;CORRESPONSAVEL;CRUZEIRO OBRAS E SERVICOS S.A.;RJ;2ª REGIÃO;8000069749515;Em cobrança;ATIVA A SER COBRADA;Receita da dívida ativa - Multa - CLT;08/06/2008;NAO;2284683.98
NAO_PREVIDENCIARIO-000668;96000667000163;1813931.33;96.000.667/0001-63;Pessoa jurídica;PRINCIPAL;ESTRELA DO NORTE OBRAS E SERVICOS LTDA;BA;1ª REGIÃO;8000069854244;Em cobrança;ATIVA AJUIZADA;DIV.ATIVA-CPMF;23/01/2008;SIM;1813931.33
NAO_PREVIDENCIARIO-000669;96000668000108;1971107.55;96.000.668/0001-08;Pessoa jurídica;PRINCIPAL;HORIZONTE OBRAS E SERVICOS LTDA;PI;1ª REGIÃO;8000069958973;Em cobrança;ATIVA A SER COBRADA;Receita da dívida ativa - Contribuição açúcar e álcool;12/05/2025;NAO;1971107.55
NAO_PREVIDENCIARIO-000670;96000669000152;2496096.53;96.000.669/0001-52;Pessoa jurídica;PRINCIPAL;INTEGRA OBRAS E SERVICOS S.A.;AM;1ª REGIÃO;8000070063702;Em cobrança;ATIVA A SER COBRADA;R D Ativa - Crédito Rural - Prog Nac Fortalec Agric Familiar;25/06/2026;NAO;2496096.53
NAO_PREVIDENCIARIO-000671;96000670000187;2378373.75;96.000.670/0001-87;Pessoa jurídica;PRINCIPAL;JARDINS OBRAS E SERVICOS LTDA;PE;PERNAMBUCO;8000070168431;Em cobrança;ATIVA A SER COBRADA;Receita da dívida ativa - PIS;05/04/2000;NAO;2378373.75
NAO_PREVIDENCIARIO-000672;96000671000121;2325896.11;96.000.671/0001-21;Pessoa jurídica;PRINCIPAL;MONTE ALTO OBRAS E SERVICOS LTDA;AP;1ª REGIÃO;8000070273160;Suspenso por decisão judicial;ATIVA NAO AJUIZAVEL COM EXIGIBILIDADE DO CREDITO SUSPENSA-DEC.JUDICIAL;Receita da dívida ativa - COFINS;18/03/2010;NAO;2325896.11
NAO_PREVIDENCIARIO-000673;;1017283.94;XXX921.568XX;Pessoa física;PRINCIPAL;CONTRIBUINTE FICTICIO 0673;PR;4ª REGIÃO;8000070377889;Em cobrança;ATIVA A SER COBRADA;Receita da dívida ativa - IRPJ;08/03/2020;NAO;1017283.94
NAO_PREVIDENCIARIO-000674;96000673000110;1708672.67;96.000.673/0001-10;Pessoa jurídica;PRINCIPAL;PIONEIRA OBRAS E SERVICOS LTDA;AL;5ª REGIÃO;8000070482618;Em cobrança;ATIVA NAO PRIORIZADA PARA AJUIZAMENTO;Receita da dívida ativa - CSLL;14/08/2025;SIM;1708672.67
NAO_PREVIDENCIARIO-000675;96000674000165;2149147.16;96.000.674/0001-65;Pessoa jurídica;PRINCIPAL;PLANALTO OBRAS E SERVICOS LTDA;PB;5ª REGIÃO;8000070587347;Em cobrança;ATIVA A SER COBRADA;Receita da dívida ativa - IRPF;01/06/2016;NAO;2149147.16
NAO_PREVIDENCIARIO-000676;96000675000100;1371982.61;96.000.675/0001-00;Pessoa jurídica;CORRESPONSAVEL;RIO CLARO OBRAS E SERVICOS S.A.;AC;ACRE;8000070692076;Em cobrança;ATIVA A SER COBRADA;Receita da dívida ativa - IRRF;12/06/2000;NAO;1371982.61
NAO_PREVIDENCIARIO-000677;96000676000154;1320127.36;96.000.676/0001-54;Pessoa jurídica;PRINCIPAL;SERRA DOURADA OBRAS E SERVICOS LTDA;PA;1ª REGIÃO;8000070796805;Em cobrança;ATIVA A SER COBRADA;Receita da dívida ativa - Multa - CLT;31/07/2023;NAO;1320127.36
NAO_PREVIDENCIARIO-000678;90000692000160;200987.62;90.000.692/0001-60;Pessoa jurídica;PRINCIPAL;SOL NASCENTE OBRAS E SERVICOS LTDA;TO;1ª REGIÃO;8000070901534;Garantia;ATIVA AJUIZADA;DIV.ATIVA-CPMF;16/01/2017;SIM;200987.62
NAO_PREVIDENCIARIO-000679;96000678000143;2483576.16;96.000.678/0001-43;Pessoa jurídica;PRINCIPAL;VALE FORTE OBRAS E SERVICOS S.A.;MG;6ª REGIÃO;8000071006263;Em cobrança;ATIVA A SER COBRADA;Receita da dívida ativa - Contribuição açúcar e álcool;18/09/2014;NAO;2483576.16
NAO_PREVIDENCIARIO-000680;;839400.25;XXX977.001XX;Pessoa física;SOLIDARIO;CONTRIBUINTE FICTICIO 0680;SE;5ª REGIÃO;8000071110992;Em cobrança;ATIVA A SER COBRADA;R D Ativa - Crédito Rural - Prog Nac Fortalec Agric Familiar;19/05/2006;NAO;839400.25
NAO_PREVIDENCIARIO-000681;96000680000112;98032.12;96.000.680/0001-12;Pessoa jurídica;PRINCIPAL;ALVORADA PRODUTOS AGRICOLAS LTDA;MS;MATO GROSSO DO SUL;8000071215721;Em cobrança;ATIVA AJUIZADA;Receita da dívida ativa - PIS;25/12/2017;SIM;98032.12
NAO_PREVIDENCIARIO-000682;96000681000167;752902.00;96.000.681/0001-67;Pessoa jurídica;PRINCIPAL;BOA VISTA PRODUTOS AGRICOLAS S.A.;SP;3ª REGIÃO;8000071320450;Em cobrança;ATIVA A SER COBRADA;Receita da dívida ativa - COFINS;14/03/2022;NAO;752902.00
NAO_PREVIDENCIARIO-000683;96000682000101;1703262.36;96.000.682/0001-01;Pessoa jurídica;PRINCIPAL;CAMINHO VERDE PRODUTOS AGRICOLAS LTDA;MT;1ª REGIÃO;8000071425179;Em cobrança;ATIVA A SER COBRADA;Receita da dívida ativa - IRPJ;24/07/2002;NAO;1703262.36
NAO_PREVIDENCIARIO-000684;96000683000156;2072947.55;96.000.683/0001-56;Pessoa jurídica;PRINCIPAL;CAMPOS DO SUL PRODUTOS AGRICOLAS LTDA;SC;4ª REGIÃO;8000071529908;Em cobrança;ATIVA COM AJUIZAMENTO A SER PROSSEGUIDO;Receita da dívida ativa - CSLL;01/05/2002;SIM;2072947.55
NAO_PREVIDENCIARIO-000685;96000684000109;2113557.56;96.000.684/0001-09;Pessoa jurídica;CORRESPONSAVEL;CERRADO PRODUTOS AGRICOLAS S.A.;MA;1ª REGIÃO;8000071634637;Em cobrança;ATIVA A SER COBRADA;Receita da dívida ativa - IRPF;31/08/2025;NAO;2113557.56
NAO_PREVIDENCIARIO-000686;96000685000145;1669043.23;96.000.685/0001-45;Pessoa jurídica;PRINCIPAL;COSTA AZUL PRODUTOS AGRICOLAS LTDA;RR;RORAIMA;8000071739366;Benefício Fiscal;ATIVA AJUIZADA NEGOCIADA NO SISPAR;Receita da dívida ativa - IRRF;09/04/2011;SIM;1669043.23
NAO_PREVIDENCIARIO-000687;;979486.20;XXX132.434XX;Pessoa física;PRINCIPAL;CONTRIBUINTE FICTICIO 0687;GO;1ª REGIÃO;8000071844095;Em cobrança;ATIVA A SER COBRADA;Receita da dívida ativa - Multa - CLT;28/01/2000;NAO;979486.20
NAO_PREVIDENCIARIO-000688;96000687000134;1016963.53;96.000.687/0001-34;Pessoa jurídica;PRINCIPAL;ESTRELA DO NORTE PRODUTOS AGRICOLAS S.A.;RO;1ª REGIÃO;8000071948824;Em cobrança;ATIVA AJUIZADA;DIV.ATIVA-CPMF;29/04/1999;SIM;1016963.53
NAO_PREVIDENCIARIO-000689;96000688000189;1105429.08;96.000.688/0001-89;Pessoa jurídica;PRINCIPAL;HORIZONTE PRODUTOS AGRICOLAS LTDA;ES;2ª REGIÃO;8000072053553;Em cobrança;ATIVA A SER COBRADA;Receita da dívida ativa - Contribuição açúcar e álcool;26/09/2015;NAO;1105429.08
NAO_PREVIDENCIARIO-000690;96000689000123;1060723.79;96.000.689/0001-23;Pessoa jurídica;PRINCIPAL;INTEGRA PRODUTOS AGRICOLAS LTDA;RS;4ª REGIÃO;8000072158282;Em cobrança;ATIVA A SER COBRADA;R D Ativa - Crédito Rural - Prog Nac Fortalec Agric Familiar;09/03/2001;NAO;1060723.79
NAO_PREVIDENCIARIO-000691;96000690000158;529769.89;96.000.690/0001-58;Pessoa jurídica;PRINCIPAL;JARDINS PRODUTOS AGRICOLAS S.A.;DF;DISTRITO FEDERAL;8000072263011;Em cobrança;ATIVA A SER COBRADA;Receita da dívida ativa - PIS;13/03/2019;NAO;529769.89
NAO_PREVIDENCIARIO-000692;96000691000100;387302.77;96.000.691/0001-00;Pessoa jurídica;PRINCIPAL;MONTE ALTO PRODUTOS AGRICOLAS LTDA;RN;5ª REGIÃO;8000072367740;Suspenso por decisão judicial;ATIVA NAO AJUIZAVEL COM EXIGIBILIDADE DO CREDITO SUSPENSA-DEC.JUDICIAL;Receita da dívida ativa - COFINS;21/11/2022;NAO;387302.77
NAO_PREVIDENCIARIO-000693;96000692000147;1998853.00;96.000.692/0001-47;Pessoa jurídica;PRINCIPAL;NOVA ERA PRODUTOS AGRICOLAS LTDA;CE;5ª REGIÃO;8000072472469;Em cobrança;ATIVA A SER COBRADA;Receita da dívida ativa - IRPJ;20/02/1998;NAO;1998853.00
NAO_PREVIDENCIARIO-000694;;659143.23;XXX187.867XX;Pessoa física;CORRESPONSAVEL;CONTRIBUINTE FICTICIO 0694;RJ;2ª REGIÃO;8000072577198;Em cobrança;ATIVA NAO PRIORIZADA PARA AJUIZAMENTO;Receita da dívida ativa - CSLL;12/12/2012;SIM;659143.23
NAO_PREVIDENCIARIO-000695;96000694000136;1595274.12;96.000.694/0001-36;Pessoa jurídica;PRINCIPAL;PLANALTO PRODUTOS AGRICOLAS LTDA;BA;1ª REGIÃO;8000072681927;Em cobrança;ATIVA A SER COBRADA;Receita da dívida ativa - IRPF;20/11/2001;NAO;1595274.12
NAO_PREVIDENCIARIO-000696;96000695000180;1376034.32;96.000.695/0001-80;Pessoa jurídica;PRINCIPAL;RIO CLARO PRODUTOS AGRICOLAS LTDA;PI;PIAUI;8000072786656;Em cobrança;ATIVA A SER COBRADA;Receita da dívida ativa - IRRF;22/02/2007;NAO;1376034.32
NAO_PREVIDENCIARIO-000697;96000696000125;1400085.08;96.000.696/0001-25;Pessoa jurídica;PRINCIPAL;SERRA DOURADA PRODUTOS AGRICOLAS S.A.;AM;1ª REGIÃO;8000072891385;Em cobrança;ATIVA A SER COBRADA;Receita da dívida ativa - Multa - CLT;15/09/2019;NAO;1400085.08
NAO_PREVIDENCIARIO-000698;96000697000170;1660413.88;96.000.697/0001-70;Pessoa jurídica;PRINCIPAL;SOL NASCENTE PRODUTOS AGRICOLAS LTDA;PE;5ª REGIÃO;8000072996114;Garantia;ATIVA AJUIZADA;DIV.ATIVA-CPMF;22/03/2002;SIM;1660413.88
NAO_PREVIDENCIARIO-000699;96000698000114;1699928.41;96.000.698/0001-14;Pessoa jurídica;PRINCIPAL;VALE FORTE PRODUTOS AGRICOLAS LTDA;AP;1ª REGIÃO;8000073100843;Em cobrança;ATIVA A SER COBRADA;Receita da dívida ativa - Contribuição açúcar e álcool;02/04/2002;NAO;1699928.41
NAO_PREVIDENCIARIO-000700;96000699000169;2386884.31;96.000.699/0001-69;Pessoa jurídica;PRINCIPAL;VILA NOVA PRODUTOS AGRICOLAS S.A.;PR;4ª REGIÃO;8000073205572;Em cobrança;ATIVA A SER COBRADA;R D Ativa - Crédito Rural - Prog Nac Fortalec Agric Familiar;10/02/2004;NAO;2386884.31
NAO_PREVIDENCIARIO-000701;90000696000149;1369852.82;90.000.696/0001-49;Pessoa jurídica;PRINCIPAL;ALVORADA TECNOLOGIA LTDA;AL;ALAGOAS;8000073310301;Em cobrança;ATIVA AJUIZADA;Receita da dívida ativa - PIS;07/04/2005;SIM;1369852.82
NAO_PREVIDENCIARIO-000702;96000701000108;101870.36;96.000.701/0001-08;Pessoa jurídica;PRINCIPAL;BOA VISTA TECNOLOGIA LTDA;PB;5ª REGIÃO;8000073415030;Em cobrança;ATIVA A SER COBRADA;Receita da dívida ativa - COFINS;01/09/2019;NAO;101870.36
NAO_PREVIDENCIARIO-000703;96000702000144;690035.39;96.000.702/0001-44;Pessoa jurídica;CORRESPONSAVEL;CAMINHO VERDE TECNOLOGIA S.A.;AC;1ª REGIÃO;8000073519759;Em cobrança;ATIVA A SER COBRADA;Receita da dívida ativa - IRPJ;23/04/2014;NAO;690035.39
NAO_PREVIDENCIARIO-000704;96000703000199;2301602.30;96.000.703/0001-99;Pessoa jurídica;PRINCIPAL;CAMPOS DO SUL TECNOLOGIA LTDA;PA;1ª REGIÃO;8000073624488;Em cobrança;ATIVA COM AJUIZAMENTO A SER PROSSEGUIDO;Receita da dívida ativa - CSLL;16/05/2024;SIM;2301602.30
NAO_PREVIDENCIARIO-000705;96000704000133;1479591.55;96.000.704/0001-33;Pessoa jurídica;PRINCIPAL;CERRADO TECNOLOGIA LTDA;TO;1ª REGIÃO;8000073729217;Em cobrança;ATIVA A SER COBRADA;Receita da dívida ativa - IRPF;13/09/2013;NAO;1479591.55
NAO_PREVIDENCIARIO-000706;96000705000188;1768222.84;96.000.705/0001-88;Pessoa jurídica;PRINCIPAL;COSTA AZUL TECNOLOGIA S.A.;MG;MINAS GERAIS;8000073833946;Benefício Fiscal;ATIVA AJUIZADA NEGOCIADA NO SISPAR;Receita da dívida ativa - IRRF;25/08/2002;SIM;1768222.84
NAO_PREVIDENCIARIO-000707;96000706000122;55608.65;96.000.706/0001-22;Pessoa jurídica;PRINCIPAL;CRUZEIRO TECNOLOGIA LTDA;SE;5ª REGIÃO;8000073938675;Em cobrança;ATIVA A SER COBRADA;Receita da dívida ativa - Multa - CLT;26/03/2015;NAO;55608.65
NAO_PREVIDENCIARIO-000708;;777791.41;XXX298.733XX;Pessoa física;PRINCIPAL;CONTRIBUINTE FICTICIO 0708;MS;1ª REGIÃO;8000074043404;Em cobrança;ATIVA AJUIZADA;DIV.ATIVA-CPMF;05/01/2022;SIM;777791.41
NAO_PREVIDENCIARIO-000709;96000708000111;1648154.18;96.000.708/0001-11;Pessoa jurídica;PRINCIPAL;HORIZONTE TECNOLOGIA S.A.;SP;3ª REGIÃO;8000074148133;Em cobrança;ATIVA A SER COBRADA;Receita da dívida ativa - Contribuição açúcar e álcool;21/08/2025;NAO;1648154.18
NAO_PREVIDENCIARIO-000710;96000709000166;1631514.00;96.000.709/0001-66;Pessoa jurídica;PRINCIPAL;INTEGRA TECNOLOGIA LTDA;MT;1ª REGIÃO;8000074252862;Em cobrança;ATIVA A SER COBRADA;R D Ativa - Crédito Rural - Prog Nac Fortalec Agric Familiar;03/08/2024;NAO;1631514.00
NAO_PREVIDENCIARIO-000711;96000710000190;533084.46;96.000.710/0001-90;Pessoa jurídica;PRINCIPAL;JARDINS TECNOLOGIA LTDA;SC;SANTA CATARINA;8000074357591;Em cobrança;ATIVA A SER COBRADA;Receita da dívida ativa - PIS;13/08/2024;NAO;533084.46
NAO_PREVIDENCIARIO-000712;96000711000135;577842.20;96.000.711/0001-35;Pessoa jurídica;CORRESPONSAVEL;MONTE ALTO TECNOLOGIA S.A.;MA;1ª REGIÃO;8000074462320;Suspenso por decisão judicial;ATIVA NAO AJUIZAVEL COM EXIGIBILIDADE DO CREDITO SUSPENSA-DEC.JUDICIAL;Receita da dívida ativa - COFINS;04/10/2023;NAO;577842.20
NAO_PREVIDENCIARIO-000713;96000712000180;760074.82;96.000.712/0001-80;Pessoa jurídica;PRINCIPAL;NOVA ERA TECNOLOGIA LTDA;RR;1ª REGIÃO;8000074567049;Em cobrança;ATIVA A SER COBRADA;Receita da dívida ativa - IRPJ;08/08/2003;NAO;760074.82
NAO_PREVIDENCIARIO-000714;96000713000124;319659.77;96.000.713/0001-24;Pessoa jurídica;PRINCIPAL;PIONEIRA TECNOLOGIA LTDA;GO;1ª REGIÃO;8000074671778;Em cobrança;ATIVA NAO PRIORIZADA PARA AJUIZAMENTO;Receita da dívida ativa - CSLL;08/10/2004;SIM;319659.77
NAO_PREVIDENCIARIO-000715;;489227.19;XXX354.166XX;Pessoa física;PRINCIPAL;CONTRIBUINTE FICTICIO 0715;RO;1ª REGIÃO;8000074776507;Em cobrança;ATIVA A SER COBRADA;Receita da dívida ativa - IRPF;24/10/2008;NAO;489227.19
NAO_PREVIDENCIARIO-000716;96000715000113;1929690.24;96.000.715/0001-13;Pessoa jurídica;PRINCIPAL;RIO CLARO TECNOLOGIA LTDA;ES;ESPIRITO SANTO;8000074881236;Em cobrança;ATIVA A SER COBRADA;Receita da dívida ativa - IRRF;02/07/2003;NAO;1929690.24
NAO_PREVIDENCIARIO-000717;96000716000168;1064666.03;96.000.716/0001-68;Pessoa jurídica;PRINCIPAL;SERRA DOURADA TECNOLOGIA LTDA;RS;4ª REGIÃO;8000074985965;Em cobrança;ATIVA A SER COBRADA;Receita da dívida ativa - Multa - CLT;09/03/2025;NAO;1064666.03
NAO_PREVIDENCIARIO-000718;96000717000102;117713.87;96.000.717/0001-02;Pessoa jurídica;PRINCIPAL;SOL NASCENTE TECNOLOGIA S.A.;DF;1ª REGIÃO;8000075090694;Garantia;ATIVA AJUIZADA;DIV.ATIVA-CPMF;27/03/2018;SIM;117713.87
NAO_PREVIDENCIARIO-000719;96000718000157;85868.49;96.000.718/0001-57;Pessoa jurídica;PRINCIPAL;VALE FORTE TECNOLOGIA LTDA;RN;5ª REGIÃO;8000075195423;Em cobrança;ATIVA A SER COBRADA;Receita da dívida ativa - Contribuição açúcar e álcool;02/10/2000;NAO;85868.49
NAO_PREVIDENCIARIO-000720;96000719000100;1418497.55;96.000.719/0001-00;Pessoa jurídica;PRINCIPAL;VILA NOVA TECNOLOGIA LTDA;CE;5ª REGIÃO;8000075300152;Em cobrança;ATIVA A SER COBRADA;R D Ativa - Crédito Rural - Prog Nac Fortalec Agric Familiar;08/01/2015;NAO;1418497.55
NAO_PREVIDENCIARIO-000721;96000720000126;857209.88;96.000.720/0001-26;Pessoa jurídica;CORRESPONSAVEL;ALVORADA TRANSPORTES S.A.;RJ;RIO DE JANEIRO;8000075404881;Em cobrança;ATIVA AJUIZADA;Receita da dívida ativa - PIS;15/11/2004;SIM;857209.88
NAO_PREVIDENCIARIO-000722;;500415.99;XXX409.599XX;Pessoa física;PRINCIPAL;CONTRIBUINTE FICTICIO 0722;BA;1ª REGIÃO;8000075509610;Em cobrança;ATIVA A SER COBRADA;Receita da dívida ativa - COFINS;20/02/2009;NAO;500415.99
NAO_PREVIDENCIARIO-000723;90000772000116;1226200.21;90.000.772/0001-16;Pessoa jurídica;PRINCIPAL;CAMINHO VERDE TRANSPORTES LTDA;PI;1ª REGIÃO;8000075614339;Em cobrança;ATIVA A SER COBRADA;Receita da dívida ativa - IRPJ;31/10/2007;NAO;1226200.21
NAO_PREVIDENCIARIO-000724;96000723000160;408897.65;96.000.723/0001-60;Pessoa jurídica;PRINCIPAL;CAMPOS DO SUL TRANSPORTES S.A.;AM;1ª REGIÃO;8000075719068;Em cobrança;ATIVA COM AJUIZAMENTO A SER PROSSEGUIDO;Receita da dívida ativa - CSLL;26/01/2013;SIM;408897.65
NAO_PREVIDENCIARIO-000725;96000724000104;440442.82;96.000.724/0001-04;Pessoa jurídica;PRINCIPAL;CERRADO TRANSPORTES LTDA;PE;5ª REGIÃO;8000075823797;Em cobrança;ATIVA A SER COBRADA;Receita da dívida ativa - IRPF;15/09/2001;NAO;440442.82
NAO_PREVIDENCIARIO-000726;96000725000159;695483.84;96.000.725/0001-59;Pessoa jurídica;PRINCIPAL;COSTA AZUL TRANSPORTES LTDA;AP;AMAPA;8000075928526;Benefício Fiscal;ATIVA AJUIZADA NEGOCIADA NO SISPAR;Receita da dívida ativa - IRRF;01/10/2018;SIM;695483.84
NAO_PREVIDENCIARIO-000727;96000726000101;782801.09;96.000.726/0001-01;Pessoa jurídica;PRINCIPAL;CRUZEIRO TRANSPORTES S.A.;PR;4ª REGIÃO;8000076033255;Em cobrança;ATIVA A SER COBRADA;Receita da dívida ativa - Multa - CLT;29/04/2021;NAO;782801.09
NAO_PREVIDENCIARIO-000728;96000727000148;499424.46;96.000.727/0001-48;Pessoa jurídica;PRINCIPAL;ESTRELA DO NORTE TRANSPORTES LTDA;AL;5ª REGIÃO;8000076137984;Em cobrança;ATIVA AJUIZADA;DIV.ATIVA-CPMF;26/02/2018;SIM;499424.46
NAO_PREVIDENCIARIO-000729;;1367774.12;XXX465.032XX;Pessoa física;PRINCIPAL;CONTRIBUINTE FICTICIO 0729;PB;5ª REGIÃO;8000076242713;Em cobrança;ATIVA A SER COBRADA;Receita da dívida ativa - Contribuição açúcar e álcool;22/08/2001;NAO;1367774.12
NAO_PREVIDENCIARIO-000730;96000729000137;1778188.83;96.000.729/0001-37;Pessoa jurídica;CORRESPONSAVEL;INTEGRA TRANSPORTES S.A.;AC;1ª REGIÃO;8000076347442;Em cobrança;ATIVA A SER COBRADA;R D Ativa - Crédito Rural - Prog Nac Fortalec Agric Familiar;30/04/2016;NAO;1778188.83
NAO_PREVIDENCIARIO-000731;96000730000161;2105597.21;96.000.730/0001-61;Pessoa jurídica;PRINCIPAL;JARDINS TRANSPORTES LTDA;PA;PARA;8000076452171;Em cobrança;ATIVA A SER COBRADA;Receita da dívida ativa - PIS;29/04/2013;NAO;2105597.21
NAO_PREVIDENCIARIO-000732;96000731000106;1008044.93;96.000.731/0001-06;Pessoa jurídica;PRINCIPAL;MONTE ALTO TRANSPORTES LTDA;TO;1ª REGIÃO;8000076556900;Suspenso por decisão judicial;ATIVA NAO AJUIZAVEL COM EXIGIBILIDADE DO CREDITO SUSPENSA-DEC.JUDICIAL;Receita da dívida ativa - COFINS;01/03/1998;NAO;1008044.93
NAO_PREVIDENCIARIO-000733;96000732000150;1468058.30;96.000.732/0001-50;Pessoa jurídica;PRINCIPAL;NOVA ERA TRANSPORTES S.A.;MG;6ª REGIÃO;8000076661629;Em cobrança;ATIVA A SER COBRADA;Receita da dívida ativa - IRPJ;14/11/2000;NAO;1468058.30
NAO_PREVIDENCIARIO-000734;96000733000103;797755.63;96.000.733/0001-03;Pessoa jurídica;PRINCIPAL;PIONEIRA TRANSPORTES LTDA;SE;5ª REGIÃO;8000076766358;Em cobrança;ATIVA NAO PRIORIZADA PARA AJUIZAMENTO;Receita da dívida ativa - CSLL;17/09/2016;SIM;797755.63
NAO_PREVIDENCIARIO-000735;96000734000140;2312816.11;96.000.734/0001-40;Pessoa jurídica;PRINCIPAL;PLANALTO TRANSPORTES LTDA;MS;1ª REGIÃO;8000076871087;Em cobrança;ATIVA A SER COBRADA;Receita da dívida ativa - IRPF;10/09/2006;NAO;2312816.11
NAO_PREVIDENCIARIO-000736;;988615.35;XXX520.465XX;Pessoa física;PRINCIPAL;CONTRIBUINTE FICTICIO 0736;SP;SAO PAULO;8000076975816;Em cobrança;ATIVA A SER COBRADA;Receita da dívida ativa - IRRF;20/03/2008;NAO;988615.35
NAO_PREVIDENCIARIO-000737;96000736000139;650841.07;96.000.736/0001-39;Pessoa jurídica;PRINCIPAL;SERRA DOURADA TRANSPORTES LTDA;MT;1ª REGIÃO;8000077080545;Em cobrança;ATIVA A SER COBRADA;Receita da dívida ativa - Multa - CLT;03/09/2019;NAO;650841.07
NAO_PREVIDENCIARIO-000738;96000737000183;1933785.36;96.000.737/0001-83;Pessoa jurídica;PRINCIPAL;SOL NASCENTE TRANSPORTES LTDA;SC;4ª REGIÃO;8000077185274;Garantia;ATIVA AJUIZADA;DIV.ATIVA-CPMF;28/03/2000;SIM;1933785.36
NAO_PREVIDENCIARIO-000739;96000738000128;361694.79;96.000.738/0001-28;Pessoa jurídica;CORRESPONSAVEL;VALE FORTE TRANSPORTES S.A.;MA;1ª REGIÃO;8000077290003;Em cobrança;ATIVA A SER COBRADA;Receita da dívida ativa - Contribuição açúcar e álcool;27/07/2018;NAO;361694.79
NAO_PREVIDENCIARIO-000740;96000739000172;778621.53;96.000.739/0001-72;Pessoa jurídica;PRINCIPAL;VILA NOVA TRANSPORTES LTDA;RR;1ª REGIÃO;8000077394732;Em cobrança;ATIVA A SER COBRADA;R D Ativa - Crédito Rural - Prog Nac Fortalec Agric Familiar;18/11/2018;NAO;778621.53
NAO_PREVIDENCIARIO-000741;96000740000105;2493159.24;96.000.740/0001-05;Pessoa jurídica;PRINCIPAL;ALVORADA ALIMENTOS LTDA;GO;GOIAS;8000077499461;Em cobrança;ATIVA AJUIZADA;Receita da dívida ativa - PIS;23/04/2018;SIM;2493159.24
NAO_PREVIDENCIARIO-000742;96000741000141;2185762.60;96.000.741/0001-41;Pessoa jurídica;PRINCIPAL;BOA VISTA ALIMENTOS S.A.;RO;1ª REGIÃO;8000077604190;Em cobrança;ATIVA A SER COBRADA;Receita da dívida ativa - COFINS;24/05/2005;NAO;2185762.60
NAO_PREVIDENCIARIO-000743;;900741.35;XXX575.898XX;Pessoa física;PRINCIPAL;CONTRIBUINTE FICTICIO 0743;ES;2ª REGIÃO;8000077708919;Em cobrança;ATIVA A SER COBRADA;Receita da dívida ativa - IRPJ;05/12/2019;NAO;900741.35
NAO_PREVIDENCIARIO-000744;96000743000130;578382.66;96.000.743/0001-30;Pessoa jurídica;PRINCIPAL;CAMPOS DO SUL ALIMENTOS LTDA;RS;4ª REGIÃO;8000077813648;Em cobrança;ATIVA COM AJUIZAMENTO A SER PROSSEGUIDO;Receita da dívida ativa - CSLL;02/08/2002;SIM;578382.66
NAO_PREVIDENCIARIO-000745;90000785000195;1608614.18;90.000.785/0001-95;Pessoa jurídica;PRINCIPAL;CERRADO ALIMENTOS S.A.;DF;1ª REGIÃO;8000077918377;Em cobrança;ATIVA A SER COBRADA;Receita da dívida ativa - IRPF;13/12/1999;NAO;1608614.18
NAO_PREVIDENCIARIO-000746;96000745000120;1592046.15;96.000.745/0001-20;Pessoa jurídica;PRINCIPAL;COSTA AZUL ALIMENTOS LTDA;RN;RIO GRANDE DO NORTE;8000078023106;Benefício Fiscal;ATIVA AJUIZADA NEGOCIADA NO SISPAR;Receita da dívida ativa - IRRF;28/10/2023;SIM;1592046.15
NAO_PREVIDENCIARIO-000747;96000746000174;1404450.40;96.000.746/0001-74;Pessoa jurídica;PRINCIPAL;CRUZEIRO ALIMENTOS LTDA;CE;5ª REGIÃO;8000078127835;Em cobrança;ATIVA A SER COBRADA;Receita da dívida ativa - Multa - CLT;08/02/2025;NAO;1404450.40
NAO_PREVIDENCIARIO-000748;96000747000119;1061358.88;96.000.747/0001-19;Pessoa jurídica;CORRESPONSAVEL;ESTRELA DO NORTE ALIMENTOS S.A.;RJ;2ª REGIÃO;8000078232564;Em cobrança;ATIVA AJUIZADA;DIV.ATIVA-CPMF;30/10/2021;SIM;1061358.88
NAO_PREVIDENCIARIO-000749;96000748000163;1795479.19;96.000.748/0001-63;Pessoa jurídica;PRINCIPAL;HORIZONTE ALIMENTOS LTDA;BA;1ª REGIÃO;8000078337293;Em cobrança;ATIVA A SER COBRADA;Receita da dívida ativa - Contribuição açúcar e álcool;10/08/2015;NAO;1795479.19
NAO_PREVIDENCIARIO-000750;;481043.47;XXX631.331XX;Pessoa física;PRINCIPAL;CONTRIBUINTE FICTICIO 0750;PI;1ª REGIÃO;8000078442022;Em cobrança;ATIVA A SER COBRADA;R D Ativa - Crédito Rural - Prog Nac Fortalec Agric Familiar;17/01/2011;NAO;481043.47
NAO_PREVIDENCIARIO-000751;96000750000132;87772.31;96.000.750/0001-32;Pessoa jurídica;PRINCIPAL;JARDINS ALIMENTOS S.A.;AM;AMAZONAS;8000078546751;Em cobrança;ATIVA A SER COBRADA;Receita da dívida ativa - PIS;02/06/2026;NAO;87772.31
NAO_PREVIDENCIARIO-000752;96000751000187;1015922.68;96.000.751/0001-87;Pessoa jurídica;PRINCIPAL;MONTE ALTO ALIMENTOS LTDA;PE;5ª REGIÃO;8000078651480;Suspenso por decisão judicial;ATIVA NAO AJUIZAVEL COM EXIGIBILIDADE DO CREDITO SUSPENSA-DEC.JUDICIAL;Receita da dívida ativa - COFINS;01/10/2005;NAO;1015922.68
NAO_PREVIDENCIARIO-000753;96000752000121;2468340.53;96.000.752/0001-21;Pessoa jurídica;PRINCIPAL;NOVA ERA ALIMENTOS LTDA;AP;1ª REGIÃO;8000078756209;Em cobrança;ATIVA A SER COBRADA;Receita da dívida ativa - IRPJ;27/02/2014;NAO;2468340.53
NAO_PREVIDENCIARIO-000754;96000753000176;1253309.00;96.000.753/0001-76;Pessoa jurídica;PRINCIPAL;PIONEIRA ALIMENTOS S.A.;PR;4ª REGIÃO;8000078860938;Em cobrança;ATIVA NAO PRIORIZADA PARA AJUIZAMENTO;Receita da dívida ativa - CSLL;15/12/2012;SIM;1253309.00
NAO_PREVIDENCIARIO-000755;96000754000110;2101956.07;96.000.754/0001-10;Pessoa jurídica;PRINCIPAL;PLANALTO ALIMENTOS LTDA;AL;5ª REGIÃO;8000078965667;Em cobrança;ATIVA A SER COBRADA;Receita da dívida ativa - IRPF;13/10/2001;NAO;2101956.07
NAO_PREVIDENCIARIO-000756;96000755000165;2017874.04;96.000.755/0001-65;Pessoa jurídica;PRINCIPAL;RIO CLARO ALIMENTOS LTDA;PB;PARAIBA;8000079070396;Em cobrança;ATIVA A SER COBRADA;Receita da dívida ativa - IRRF;06/11/2012;NAO;2017874.04
NAO_PREVIDENCIARIO-000757;;869852.22;XXX686.764XX;Pessoa física;CORRESPONSAVEL;CONTRIBUINTE FICTICIO 0757;AC;1ª REGIÃO;8000079175125;Em cobrança;ATIVA A SER COBRADA;Receita da dívida ativa - Multa - CLT;30/10/2021;NAO;869852.22
NAO_PREVIDENCIARIO-000758;96000757000154;2195466.08;96.000.757/0001-54;Pessoa jurídica;PRINCIPAL;SOL NASCENTE ALIMENTOS LTDA;PA;1ª REGIÃO;8000079279854;Garantia;ATIVA AJUIZADA;DIV.ATIVA-CPMF;07/03/2009;SIM;2195466.08
NAO_PREVIDENCIARIO-000759;96000758000107;1513385.99;96.000.758/0001-07;Pessoa jurídica;PRINCIPAL;VALE FORTE ALIMENTOS LTDA;TO;1ª REGIÃO;8000079384583;Em cobrança;ATIVA A SER COBRADA;Receita da dívida ativa - Contribuição açúcar e álcool;07/11/2023;NAO;1513385.99
NAO_PREVIDENCIARIO-000760;96000759000143;135139.25;96.000.759/0001-43;Pessoa jurídica;PRINCIPAL;VILA NOVA ALIMENTOS S.A.;MG;6ª REGIÃO;8000079489312;Em cobrança;ATIVA A SER COBRADA;R D Ativa - Crédito Rural - Prog Nac Fortalec Agric Familiar;09/02/2011;NAO;135139.25
NAO_PREVIDENCIARIO-000761;96000760000178;63324.62;96.000.760/0001-78;Pessoa jurídica;PRINCIPAL;ALVORADA COMERCIO E LOGISTICA LTDA;SE;SERGIPE;8000079594041;Em cobrança;ATIVA AJUIZADA;Receita da dívida ativa - PIS;06/04/2024;SIM;63324.62
NAO_PREVIDENCIARIO-000762;96000761000112;824692.73;96.000.761/0001-12;Pessoa jurídica;PRINCIPAL;BOA VISTA COMERCIO E LOGISTICA LTDA;MS;1ª REGIÃO;8000079698770;Em cobrança;ATIVA A SER COBRADA;Receita da dívida ativa - COFINS;16/08/2014;NAO;824692.73
NAO_PREVIDENCIARIO-000763;96000762000167;1560912.15;96.000.762/0001-67;Pessoa jurídica;PRINCIPAL;CAMINHO VERDE COMERCIO E LOGISTICA S.A.;SP;3ª REGIÃO;8000079803499;Em cobrança;ATIVA A SER COBRADA;Receita da dívida ativa - IRPJ;02/10/2014;NAO;1560912.15
NAO_PREVIDENCIARIO-000764;;2161953.54;XXX742.197XX;Pessoa física;PRINCIPAL;CONTRIBUINTE FICTICIO 0764;MT;1ª REGIÃO;8000079908228;Em cobrança;ATIVA COM AJUIZAMENTO A SER PROSSEGUIDO;Receita da dívida ativa - CSLL;27/10/2001;SIM;2161953.54
NAO_PREVIDENCIARIO-000765;96000764000156;207766.70;96.000.764/0001-56;Pessoa jurídica;PRINCIPAL;CERRADO COMERCIO E LOGISTICA LTDA;SC;4ª REGIÃO;8000080012957;Em cobrança;ATIVA A SER COBRADA;Receita da dívida ativa - IRPF;02/02/2007;NAO;207766.70
NAO_PREVIDENCIARIO-000766;96000765000109;1764131.14;96.000.765/0001-09;Pessoa jurídica;CORRESPONSAVEL;COSTA AZUL COMERCIO E LOGISTICA S.A.;MA;MARANHAO;8000080117686;Benefício Fiscal;ATIVA AJUIZADA NEGOCIADA NO SISPAR;Receita da dívida ativa - IRRF;11/11/2011;SIM;1764131.14
NAO_PREVIDENCIARIO-000767;90000811000185;696894.57;90.000.811/0001-85;Pessoa jurídica;PRINCIPAL;CRUZEIRO COMERCIO E LOGISTICA LTDA;RR;1ª REGIÃO;8000080222415;Em cobrança;ATIVA A SER COBRADA;Receita da dívida ativa - Multa - CLT;04/04/2001;NAO;696894.57
NAO_PREVIDENCIARIO-000768;96000767000190;1387207.50;96.000.767/0001-90;Pessoa jurídica;PRINCIPAL;ESTRELA DO NORTE COMERCIO E LOGISTICA LTDA;GO;1ª REGIÃO;8000080327144;Em cobrança;ATIVA AJUIZADA;DIV.ATIVA-CPMF;23/09/2002;SIM;1387207.50
NAO_PREVIDENCIARIO-000769;96000768000134;613402.10;96.000.768/0001-34;Pessoa jurídica;PRINCIPAL;HORIZONTE COMERCIO E LOGISTICA S.A.;RO;1ª REGIÃO;8000080431873;Em cobrança;ATIVA A SER COBRADA;Receita da dívida ativa - Contribuição açúcar e álcool;09/07/2012;NAO;613402.10
NAO_PREVIDENCIARIO-000770;96000769000189;1651200.90;96.000.769/0001-89;Pessoa jurídica;PRINCIPAL;INTEGRA COMERCIO E LOGISTICA LTDA;ES;2ª REGIÃO;8000080536602;Em cobrança;ATIVA A SER COBRADA;R D Ativa - Crédito Rural - Prog Nac Fortalec Agric Familiar;09/04/1999;NAO;1651200.90
NAO_PREVIDENCIARIO-000771;;1907821.12;XXX797.630XX;Pessoa física;PRINCIPAL;CONTRIBUINTE FICTICIO 0771;RS;RIO GRANDE DO SUL;8000080641331;Em cobrança;ATIVA A SER COBRADA;Receita da dívida ativa - PIS;20/07/2015;NAO;1907821.12
NAO_PREVIDENCIARIO-000772;96000771000158;390657.09;96.000.771/0001-58;Pessoa jurídica;PRINCIPAL;MONTE ALTO COMERCIO E LOGISTICA S.A.;DF;1ª REGIÃO;8000080746060;Suspenso por decisão judicial;ATIVA NAO AJUIZAVEL COM EXIGIBILIDADE DO CREDITO SUSPENSA-DEC.JUDICIAL;Receita da dívida ativa - COFINS;08/06/2004;NAO;390657.09
NAO_PREVIDENCIARIO-000773;96000772000100;78558.99;96.000.772/0001-00;Pessoa jurídica;PRINCIPAL;NOVA ERA COMERCIO E LOGISTICA LTDA;RN;5ª REGIÃO;8000080850789;Em cobrança;ATIVA A SER COBRADA;Receita da dívida ativa - IRPJ;11/07/2012;NAO;78558.99
NAO_PREVIDENCIARIO-000774;96000773000147;1075216.00;96.000.773/0001-47;Pessoa jurídica;PRINCIPAL;PIONEIRA COMERCIO E LOGISTICA LTDA;CE;5ª REGIÃO;8000080955518;Em cobrança;ATIVA NAO PRIORIZADA PARA AJUIZAMENTO;Receita da dívida ativa - CSLL;20/06/2012;SIM;1075216.00
NAO_PREVIDENCIARIO-000775;96000774000191;317739.22;96.000.774/0001-91;Pessoa jurídica;CORRESPONSAVEL;PLANALTO COMERCIO E LOGISTICA S.A.;RJ;2ª REGIÃO;8000081060247;Em cobrança;ATIVA A SER COBRADA;Receita da dívida ativa - IRPF;12/01/2012;NAO;317739.22
NAO_PREVIDENCIARIO-000776;96000775000136;872757.63;96.000.775/0001-36;Pessoa jurídica;PRINCIPAL;RIO CLARO COMERCIO E LOGISTICA LTDA;BA;BAHIA;8000081164976;Em cobrança;ATIVA A SER COBRADA;Receita da dívida ativa - IRRF;14/02/2014;NAO;872757.63
NAO_PREVIDENCIARIO-000777;96000776000180;507573.53;96.000.776/0001-80;Pessoa jurídica;SOLIDARIO;SERRA DOURADA COMERCIO E LOGISTICA LTDA;PI;1ª REGIÃO;8000081269705;Em cobrança;ATIVA A SER COBRADA;Receita da dívida ativa - Multa - CLT;24/12/2025;NAO;507573.53
NAO_PREVIDENCIARIO-000778;;1047365.56;XXX853.063XX;Pessoa física;PRINCIPAL;CONTRIBUINTE FICTICIO 0778;AM;1ª REGIÃO;8000081374434;Garantia;ATIVA AJUIZADA;DIV.ATIVA-CPMF;14/01/2005;SIM;1047365.56
NAO_PREVIDENCIARIO-000779;96000778000170;1570721.27;96.000.778/0001-70;Pessoa jurídica;PRINCIPAL;VALE FORTE COMERCIO E LOGISTICA LTDA;PE;5ª REGIÃO;8000081479163;Em cobrança;ATIVA A SER COBRADA;Receita da dívida ativa - Contribuição açúcar e álcool;07/08/1999;NAO;1570721.27
NAO_PREVIDENCIARIO-000780;96000779000114;515241.32;96.000.779/0001-14;Pessoa jurídica;PRINCIPAL;VILA NOVA COMERCIO E LOGISTICA LTDA;AP;1ª REGIÃO;8000081583892;Em cobrança;ATIVA A SER COBRADA;R D Ativa - Crédito Rural - Prog Nac Fortalec Agric Familiar;01/07/2015;NAO;515241.32
NAO_PREVIDENCIARIO-000781;96000780000149;1310607.26;96.000.780/0001-49;Pessoa jurídica;PRINCIPAL;ALVORADA CONSTRUCOES S.A.;PR;PARANA;8000081688621;Em cobrança;ATIVA AJUIZADA;Receita da dívida ativa - PIS;19/11/2023;SIM;1310607.26
NAO_PREVIDENCIARIO-000782;96000781000193;1501798.35;96.000.781/0001-93;Pessoa jurídica;PRINCIPAL;BOA VISTA CONSTRUCOES LTDA;AL;5ª REGIÃO;8000081793350;Em cobrança;ATIVA A SER COBRADA;Receita da dívida ativa - COFINS;29/12/2015;NAO;1501798.35
NAO_PREVIDENCIARIO-000783;96000782000138;997403.82;96.000.782/0001-38;Pessoa jurídica;PRINCIPAL;CAMINHO VERDE CONSTRUCOES LTDA;PB;5ª REGIÃO;8000081898079;Em cobrança;ATIVA A SER COBRADA;Receita da dívida ativa - IRPJ;30/12/2018;NAO;997403.82
NAO_PREVIDENCIARIO-000784;96000783000182;1872078.66;96.000.783/0001-82;Pessoa jurídica;CORRESPONSAVEL;CAMPOS DO SUL CONSTRUCOES S.A.;AC;1ª REGIÃO;8000082002808;Em cobrança;ATIVA COM AJUIZAMENTO A SER PROSSEGUIDO;Receita da dívida ativa - CSLL;25/01/2016;SIM;1872078.66
NAO_PREVIDENCIARIO-000785;;2084118.10;XXX908.496XX;Pessoa física;PRINCIPAL;CONTRIBUINTE FICTICIO 0785;PA;1ª REGIÃO;8000082107537;Em cobrança;ATIVA A SER COBRADA;Receita da dívida ativa - IRPF;30/07/2021;NAO;2084118.10
NAO_PREVIDENCIARIO-000786;96000785000171;1827811.00;96.000.785/0001-71;Pessoa jurídica;PRINCIPAL;COSTA AZUL CONSTRUCOES LTDA;TO;TOCANTINS;8000082212266;Benefício Fiscal;ATIVA AJUIZADA NEGOCIADA NO SISPAR;Receita da dívida ativa - IRRF;29/07/2025;SIM;1827811.00
NAO_PREVIDENCIARIO-000787;96000786000116;1060020.49;96.000.786/0001-16;Pessoa jurídica;PRINCIPAL;CRUZEIRO CONSTRUCOES S.A.;MG;6ª REGIÃO;8000082316995;Em cobrança;ATIVA A SER COBRADA;Receita da dívida ativa - Multa - CLT;23/03/2022;NAO;1060020.49
NAO_PREVIDENCIARIO-000788;96000787000160;793163.55;96.000.787/0001-60;Pessoa jurídica;PRINCIPAL;ESTRELA DO NORTE CONSTRUCOES LTDA;SE;5ª REGIÃO;8000082421724;Em cobrança;ATIVA AJUIZADA;DIV.ATIVA-CPMF;05/09/2010;SIM;793163.55
NAO_PREVIDENCIARIO-000789;90000812000120;1072885.18;90.000.812/0001-20;Pessoa jurídica;PRINCIPAL;HORIZONTE CONSTRUCOES LTDA;MS;1ª REGIÃO;8000082526453;Em cobrança;ATIVA A SER COBRADA;Receita da dívida ativa - Contribuição açúcar e álcool;10/01/2016;NAO;1072885.18
NAO_PREVIDENCIARIO-000790;96000789000150;933320.02;96.000.789/0001-50;Pessoa jurídica;PRINCIPAL;INTEGRA CONSTRUCOES S.A.;SP;3ª REGIÃO;8000082631182;Em cobrança;ATIVA A SER COBRADA;R D Ativa - Crédito Rural - Prog Nac Fortalec Agric Familiar;24/04/2012;NAO;933320.02
NAO_PREVIDENCIARIO-000791;96000790000184;2080608.70;96.000.790/0001-84;Pessoa jurídica;PRINCIPAL;JARDINS CONSTRUCOES LTDA;MT;MATO GROSSO;8000082735911;Em cobrança;ATIVA A SER COBRADA;Receita da dívida ativa - PIS;27/05/2024;NAO;2080608.70
NAO_PREVIDENCIARIO-000792;;1877302.16;XXX963.929XX;Pessoa física;PRINCIPAL;CONTRIBUINTE FICTICIO 0792;SC;4ª REGIÃO;8000082840640;Suspenso por decisão judicial;ATIVA NAO AJUIZAVEL COM EXIGIBILIDADE DO CREDITO SUSPENSA-DEC.JUDICIAL;Receita da dívida ativa - COFINS;03/11/2003;NAO;1877302.16
NAO_PREVIDENCIARIO-000793;96000792000173;1912687.41;96.000.792/0001-73;Pessoa jurídica;CORRESPONSAVEL;NOVA ERA CONSTRUCOES S.A.;MA;1ª REGIÃO;8000082945369;Em cobrança;ATIVA A SER COBRADA;Receita da dívida ativa - IRPJ;09/08/2024;NAO;1912687.41
NAO_PREVIDENCIARIO-000794;96000793000118;1839257.52;96.000.793/0001-18;Pessoa jurídica;PRINCIPAL;PIONEIRA CONSTRUCOES LTDA;RR;1ª REGIÃO;8000083050098;Em cobrança;ATIVA NAO PRIORIZADA PARA AJUIZAMENTO;Receita da dívida ativa - CSLL;28/10/2011;SIM;1839257.52
NAO_PREVIDENCIARIO-000795;96000794000162;1249870.01;96.000.794/0001-62;Pessoa jurídica;PRINCIPAL;PLANALTO CONSTRUCOES LTDA;GO;1ª REGIÃO;8000083154827;Em cobrança;ATIVA A SER COBRADA;Receita da dívida ativa - IRPF;29/03/2015;NAO;1249870.01
NAO_PREVIDENCIARIO-000796;96000795000107;958825.54;96.000.795/0001-07;Pessoa jurídica;PRINCIPAL;RIO CLARO CONSTRUCOES S.A.;RO;RONDONIA;8000083259556;Em cobrança;ATIVA A SER COBRADA;Receita da dívida ativa - IRRF;26/04/2005;NAO;958825.54
NAO_PREVIDENCIARIO-000797;96000796000151;1155615.74;96.000.796/0001-51;Pessoa jurídica;PRINCIPAL;SERRA DOURADA CONSTRUCOES LTDA;ES;2ª REGIÃO;8000083364285;Em cobrança;ATIVA A SER COBRADA;Receita da dívida ativa - Multa - CLT;13/12/2025;NAO;1155615.74
NAO_PREVIDENCIARIO-000798;96000797000104;806330.71;96.000.797/0001-04;Pessoa jurídica;PRINCIPAL;SOL NASCENTE CONSTRUCOES LTDA;RS;4ª REGIÃO;8000083469014;Garantia;ATIVA AJUIZADA;DIV.ATIVA-CPMF;21/06/2006;SIM;806330.71
NAO_PREVIDENCIARIO-000799;;2416504.41;XXX119.362XX;Pessoa física;PRINCIPAL;CONTRIBUINTE FICTICIO 0799;DF;1ª REGIÃO;8000083573743;Em cobrança;ATIVA A SER COBRADA;Receita da dívida ativa - Contribuição açúcar e álcool;24/06/2000;NAO;2416504.41
NAO_PREVIDENCIARIO-000800;96000799000195;2122966.00;96.000.799/0001-95;Pessoa jurídica;PRINCIPAL;VILA NOVA CONSTRUCOES LTDA;RN;5ª REGIÃO;8000083678472;Em cobrança;ATIVA A SER COBRADA;R D Ativa - Crédito Rural - Prog Nac Fortalec Agric Familiar;10/01/1999;NAO;2122966.00
NAO_PREVIDENCIARIO-000801;96000800000181;1574779.23;96.000.800/0001-81;Pessoa jurídica;PRINCIPAL;ALVORADA ENERGIA LTDA;CE;CEARA;8000083783201;Em cobrança;ATIVA AJUIZADA;Receita da dívida ativa - PIS;18/04/2002;SIM;1574779.23
NAO_PREVIDENCIARIO-000802;96000801000126;991265.15;96.000.801/0001-26;Pessoa jurídica;CORRESPONSAVEL;BOA VISTA ENERGIA S.A.;RJ;2ª REGIÃO;8000083887930;Em cobrança;ATIVA A SER COBRADA;Receita da dívida ativa - COFINS;31/03/2016;NAO;991265.15
NAO_PREVIDENCIARIO-000803;96000802000170;1659538.15;96.000.802/0001-70;Pessoa jurídica;PRINCIPAL;CAMINHO VERDE ENERGIA LTDA;BA;1ª REGIÃO;8000083992659;Em cobrança;ATIVA A SER COBRADA;Receita da dívida ativa - IRPJ;01/06/2002;NAO;1659538.15
NAO_PREVIDENCIARIO-000804;96000803000115;1754857.22;96.000.803/0001-15;Pessoa jurídica;PRINCIPAL;CAMPOS DO SUL ENERGIA LTDA;PI;1ª REGIÃO;8000084097388;Em cobrança;ATIVA COM AJUIZAMENTO A SER PROSSEGUIDO;Receita da dívida ativa - CSLL;10/03/1999;SIM;1754857.22
NAO_PREVIDENCIARIO-000805;96000804000160;1252004.90;96.000.804/0001-60;Pessoa jurídica;PRINCIPAL;CERRADO ENERGIA S.A.;AM;1ª REGIÃO;8000084202117;Em cobrança;ATIVA A SER COBRADA;Receita da dívida ativa - IRPF;08/05/2026;NAO;1252004.90
NAO_PREVIDENCIARIO-000806;;636131.74;XXX174.795XX;Pessoa física;PRINCIPAL;CONTRIBUINTE FICTICIO 0806;PE;PERNAMBUCO;8000084306846;Benefício Fiscal;ATIVA AJUIZADA NEGOCIADA NO SISPAR;Receita da dívida ativa - IRRF;16/06/2020;SIM;636131.74
NAO_PREVIDENCIARIO-000807;96000806000159;1139865.49;96.000.806/0001-59;Pessoa jurídica;PRINCIPAL;CRUZEIRO ENERGIA LTDA;AP;1ª REGIÃO;8000084411575;Em cobrança;ATIVA A SER COBRADA;Receita da dívida ativa - Multa - CLT;06/06/2019;NAO;1139865.49
NAO_PREVIDENCIARIO-000808;96000807000101;2117658.11;96.000.807/0001-01;Pessoa jurídica;PRINCIPAL;ESTRELA DO NORTE ENERGIA S.A.;PR;4ª REGIÃO;8000084516304;Em cobrança;ATIVA AJUIZADA;DIV.ATIVA-CPMF;13/10/2022;SIM;2117658.11
NAO_PREVIDENCIARIO-000809;96000808000148;945471.22;96.000.808/0001-48;Pessoa jurídica;PRINCIPAL;HORIZONTE ENERGIA LTDA;AL;5ª REGIÃO;8000084621033;Em cobrança;ATIVA A SER COBRADA;Receita da dívida ativa - Contribuição açúcar e álcool;15/04/2022;NAO;945471.22
NAO_PREVIDENCIARIO-000810;96000809000192;787517.44;96.000.809/0001-92;Pessoa jurídica;PRINCIPAL;INTEGRA ENERGIA LTDA;PB;5ª REGIÃO;8000084725762;Em cobrança;ATIVA A SER COBRADA;R D Ativa - Crédito Rural - Prog Nac Fortalec Agric Familiar;06/09/2023;NAO;787517.44
NAO_PREVIDENCIARIO-000811;96000810000117;1234604.07;96.000.810/0001-17;Pessoa jurídica;CORRESPONSAVEL;JARDINS ENERGIA S.A.;AC;ACRE;8000084830491;Em cobrança;ATIVA A SER COBRADA;Receita da dívida ativa - PIS;19/07/2001;NAO;1234604.07
NAO_PREVIDENCIARIO-000812;90000815000163;1963580.46;90.000.815/0001-63;Pessoa jurídica;PRINCIPAL;MONTE ALTO ENERGIA LTDA;PA;1ª REGIÃO;8000084935220;Suspenso por decisão judicial;ATIVA NAO AJUIZAVEL COM EXIGIBILIDADE DO CREDITO SUSPENSA-DEC.JUDICIAL;Receita da dívida ativa - COFINS;16/10/2006;NAO;1963580.46
NAO_PREVIDENCIARIO-000813;;2239255.45;XXX230.228XX;Pessoa física;PRINCIPAL;CONTRIBUINTE FICTICIO 0813;TO;1ª REGIÃO;8000085039949;Em cobrança;ATIVA A SER COBRADA;Receita da dívida ativa - IRPJ;18/08/1998;NAO;2239255.45
NAO_PREVIDENCIARIO-000814;96000813000150;47879.80;96.000.813/0001-50;Pessoa jurídica;PRINCIPAL;PIONEIRA ENERGIA S.A.;MG;6ª REGIÃO;8000085144678;Em cobrança;ATIVA NAO PRIORIZADA PARA AJUIZAMENTO;Receita da dívida ativa - CSLL;06/07/2009;SIM;47879.80
NAO_PREVIDENCIARIO-000815;96000814000103;952104.16;96.000.814/0001-03;Pessoa jurídica;PRINCIPAL;PLANALTO ENERGIA LTDA;SE;5ª REGIÃO;8000085249407;Em cobrança;ATIVA A SER COBRADA;Receita da dívida ativa - IRPF;07/01/2013;NAO;952104.16
NAO_PREVIDENCIARIO-000816;96000815000140;1675120.24;96.000.815/0001-40;Pessoa jurídica;PRINCIPAL;RIO CLARO ENERGIA LTDA;MS;MATO GROSSO DO SUL;8000085354136;Em cobrança;ATIVA A SER COBRADA;Receita da dívida ativa - IRRF;27/02/2012;NAO;1675120.24
NAO_PREVIDENCIARIO-000817;96000816000194;1474434.68;96.000.816/0001-94;Pessoa jurídica;PRINCIPAL;SERRA DOURADA ENERGIA S.A.;SP;3ª REGIÃO;8000085458865;Em cobrança;ATIVA A SER COBRADA;Receita da dívida ativa - Multa - CLT;30/03/2012;NAO;1474434.68
NAO_PREVIDENCIARIO-000818;96000817000139;1357285.17;96.000.817/0001-39;Pessoa jurídica;PRINCIPAL;SOL NASCENTE ENERGIA LTDA;MT;1ª REGIÃO;8000085563594;Garantia;ATIVA AJUIZADA;DIV.ATIVA-CPMF;28/01/2010;SIM;1357285.17
NAO_PREVIDENCIARIO-000819;96000818000183;1627971.52;96.000.818/0001-83;Pessoa jurídica;PRINCIPAL;VALE FORTE ENERGIA LTDA;SC;4ª REGIÃO;8000085668323;Em cobrança;ATIVA A SER COBRADA;Receita da dívida ativa - Contribuição açúcar e álcool;23/12/2011;NAO;1627971.52
NAO_PREVIDENCIARIO-000820;;438112.81;XXX285.661XX;Pessoa física;CORRESPONSAVEL;CONTRIBUINTE FICTICIO 0820;MA;1ª REGIÃO;8000085773052;Em cobrança;ATIVA A SER COBRADA;R D Ativa - Crédito Rural - Prog Nac Fortalec Agric Familiar;18/02/2002;NAO;438112.81
NAO_PREVIDENCIARIO-000821;96000820000152;1960120.67;96.000.820/0001-52;Pessoa jurídica;PRINCIPAL;ALVORADA EQUIPAMENTOS LTDA;RR;RORAIMA;8000085877781;Em cobrança;ATIVA AJUIZADA;Receita da dívida ativa - PIS;29/11/2005;SIM;1960120.67
NAO_PREVIDENCIARIO-000822;96000821000105;807690.70;96.000.821/0001-05;Pessoa jurídica;PRINCIPAL;BOA VISTA EQUIPAMENTOS LTDA;GO;1ª REGIÃO;8000085982510;Em cobrança;ATIVA A SER COBRADA;Receita da dívida ativa - COFINS;11/05/2006;NAO;807690.70
NAO_PREVIDENCIARIO-000823;96000822000141;1403004.12;96.000.822/0001-41;Pessoa jurídica;PRINCIPAL;CAMINHO VERDE EQUIPAMENTOS S.A.;RO;1ª REGIÃO;8000086087239;Em cobrança;ATIVA A SER COBRADA;Receita da dívida ativa - IRPJ;23/07/2016;NAO;1403004.12
NAO_PREVIDENCIARIO-000824;96000823000196;445531.70;96.000.823/0001-96;Pessoa jurídica;PRINCIPAL;CAMPOS DO SUL EQUIPAMENTOS LTDA;ES;2ª REGIÃO;8000086191968;Em cobrança;ATIVA COM AJUIZAMENTO A SER PROSSEGUIDO;Receita da dívida ativa - CSLL;23/04/2021;SIM;445531.70
NAO_PREVIDENCIARIO-000825;96000824000130;1967488.34;96.000.824/0001-30;Pessoa jurídica;PRINCIPAL;CERRADO EQUIPAMENTOS LTDA;RS;4ª REGIÃO;8000086296697;Em cobrança;ATIVA A SER COBRADA;Receita da dívida ativa - IRPF;22/10/2003;NAO;1967488.34
NAO_PREVIDENCIARIO-000826;96000825000185;986710.11;96.000.825/0001-85;Pessoa jurídica;PRINCIPAL;COSTA AZUL EQUIPAMENTOS S.A.;DF;DISTRITO FEDERAL;8000086401426;Benefício Fiscal;ATIVA AJUIZADA NEGOCIADA NO SISPAR;Receita da dívida ativa - IRRF;10/04/2001;SIM;986710.11
NAO_PREVIDENCIARIO-000827;;481602.58;XXX341.094XX;Pessoa física;PRINCIPAL;CONTRIBUINTE FICTICIO 0827;RN;5ª REGIÃO;8000086506155;Em cobrança;ATIVA A SER COBRADA;Receita da dívida ativa - Multa - CLT;16/02/2002;NAO;481602.58
NAO_PREVIDENCIARIO-000828;96000827000174;633291.28;96.000.827/0001-74;Pessoa jurídica;PRINCIPAL;ESTRELA DO NORTE EQUIPAMENTOS LTDA;CE;5ª REGIÃO;8000086610884;Em cobrança;ATIVA AJUIZADA;DIV.ATIVA-CPMF;03/01/2006;SIM;633291.28
NAO_PREVIDENCIARIO-000829;96000828000119;1003738.13;96.000.828/0001-19;Pessoa jurídica;CORRESPONSAVEL;HORIZONTE EQUIPAMENTOS S.A.;RJ;2ª REGIÃO;8000086715613;Em cobrança;ATIVA A SER COBRADA;Receita da dívida ativa - Contribuição açúcar e álcool;15/08/2009;NAO;1003738.13
NAO_PREVIDENCIARIO-000830;96000829000163;1354283.13;96.000.829/0001-63;Pessoa jurídica;PRINCIPAL;INTEGRA EQUIPAMENTOS LTDA;BA;1ª REGIÃO;8000086820342;Em cobrança;ATIVA A SER COBRADA;R D Ativa - Crédito Rural - Prog Nac Fortalec Agric Familiar;12/01/2009;NAO;1354283.13
NAO_PREVIDENCIARIO-000831;96000830000198;2171734.29;96.000.830/0001-98;Pessoa jurídica;PRINCIPAL;JARDINS EQUIPAMENTOS LTDA;PI;PIAUI;8000086925071;Em cobrança;ATIVA A SER COBRADA;Receita da dívida ativa - PIS;17/12/2013;NAO;2171734.29
NAO_PREVIDENCIARIO-000832;96000831000132;2446433.09;96.000.831/0001-32;Pessoa jurídica;PRINCIPAL;MONTE ALTO EQUIPAMENTOS S.A.;AM;1ª REGIÃO;8000087029800;Suspenso por decisão judicial;ATIVA NAO AJUIZAVEL COM EXIGIBILIDADE DO CREDITO SUSPENSA-DEC.JUDICIAL;Receita da dívida ativa - COFINS;08/11/2023;NAO;2446433.09
NAO_PREVIDENCIARIO-000833;96000832000187;1867612.05;96.000.832/0001-87;Pessoa jurídica;PRINCIPAL;NOVA ERA EQUIPAMENTOS LTDA;PE;5ª REGIÃO;8000087134529;Em cobrança;ATIVA A SER COBRADA;Receita da dívida ativa - IRPJ;28/02/2006;NAO;1867612.05
NAO_PREVIDENCIARIO-000834;90000820000176;649728.79;90.000.820/0001-76;Pessoa jurídica;PRINCIPAL;PIONEIRA EQUIPAMENTOS LTDA;AP;1ª REGIÃO;8000087239258;Em cobrança;ATIVA NAO PRIORIZADA PARA AJUIZAMENTO;Receita da dívida ativa - CSLL;21/10/2017;SIM;649728.79
NAO_PREVIDENCIARIO-000835;96000834000176;2206991.43;96.000.834/0001-76;Pessoa jurídica;PRINCIPAL;PLANALTO EQUIPAMENTOS S.A.;PR;4ª REGIÃO;8000087343987;Em cobrança;ATIVA A SER COBRADA;Receita da dívida ativa - IRPF;12/01/2011;NAO;2206991.43
NAO_PREVIDENCIARIO-000836;96000835000110;137676.02;96.000.835/0001-10;Pessoa jurídica;PRINCIPAL;RIO CLARO EQUIPAMENTOS LTDA;AL;ALAGOAS;8000087448716;Em cobrança;ATIVA A SER COBRADA;Receita da dívida ativa - IRRF;09/04/2002;NAO;137676.02
NAO_PREVIDENCIARIO-000837;96000836000165;987003.44;96.000.836/0001-65;Pessoa jurídica;PRINCIPAL;SERRA DOURADA EQUIPAMENTOS LTDA;PB;5ª REGIÃO;8000087553445;Em cobrança;ATIVA A SER COBRADA;Receita da dívida ativa - Multa - CLT;25/06/1999;NAO;987003.44
NAO_PREVIDENCIARIO-000838;96000837000100;1329902.39;96.000.837/0001-00;Pessoa jurídica;CORRESPONSAVEL;SOL NASCENTE EQUIPAMENTOS S.A.;AC;1ª REGIÃO;8000087658174;Garantia;ATIVA AJUIZADA;DIV.ATIVA-CPMF;22/02/2011;SIM;1329902.39
NAO_PREVIDENCIARIO-000839;96000838000154;1348222.55;96.000.838/0001-54;Pessoa jurídica;PRINCIPAL;VALE FORTE EQUIPAMENTOS LTDA;PA;1ª REGIÃO;8000087762903;Em cobrança;ATIVA A SER COBRADA;Receita da dívida ativa - Contribuição açúcar e álcool;05/10/2010;NAO;1348222.55
NAO_PREVIDENCIARIO-000840;96000839000107;595090.09;96.000.839/0001-07;Pessoa jurídica;PRINCIPAL;VILA NOVA EQUIPAMENTOS LTDA;TO;1ª REGIÃO;8000087867632;Em cobrança;ATIVA A SER COBRADA;R D Ativa - Crédito Rural - Prog Nac Fortalec Agric Familiar;06/02/2000;NAO;595090.09
NAO_PREVIDENCIARIO-000841;;2036140.59;XXX451.960XX;Pessoa física;PRINCIPAL;CONTRIBUINTE FICTICIO 0841;MG;MINAS GERAIS;8000087972361;Em cobrança;ATIVA AJUIZADA;Receita da dívida ativa - PIS;24/01/2022;SIM;2036140.59
NAO_PREVIDENCIARIO-000842;96000841000178;1039536.23;96.000.841/0001-78;Pessoa jurídica;PRINCIPAL;BOA VISTA INDUSTRIA LTDA;SE;5ª REGIÃO;8000088077090;Em cobrança;ATIVA A SER COBRADA;Receita da dívida ativa - COFINS;05/09/2019;NAO;1039536.23
NAO_PREVIDENCIARIO-000843;96000842000112;1267618.09;96.000.842/0001-12;Pessoa jurídica;PRINCIPAL;CAMINHO VERDE INDUSTRIA LTDA;MS;1ª REGIÃO;8000088181819;Em cobrança;ATIVA A SER COBRADA;Receita da dívida ativa - IRPJ;09/11/2021;NAO;1267618.09
NAO_PREVIDENCIARIO-000844;96000843000167;204114.14;96.000.843/0001-67;Pessoa jurídica;PRINCIPAL;CAMPOS DO SUL INDUSTRIA S.A.;SP;3ª REGIÃO;8000088286548;Em cobrança;ATIVA COM AJUIZAMENTO A SER PROSSEGUIDO;Receita da dívida ativa - CSLL;13/02/2025;SIM;204114.14
NAO_PREVIDENCIARIO-000845;96000844000101;336123.97;96.000.844/0001-01;Pessoa jurídica;PRINCIPAL;CERRADO INDUSTRIA LTDA;MT;1ª REGIÃO;8000088391277;Em cobrança;ATIVA A SER COBRADA;Receita da dívida ativa - IRPF;17/07/2009;NAO;336123.97
NAO_PREVIDENCIARIO-000846;96000845000156;1111604.15;96.000.845/0001-56;Pessoa jurídica;PRINCIPAL;COSTA AZUL INDUSTRIA LTDA;SC;SANTA CATARINA;8000088496006;Benefício Fiscal;ATIVA AJUIZADA NEGOCIADA NO SISPAR;Receita da dívida ativa - IRRF;26/08/2003;SIM;1111604.15
NAO_PREVIDENCIARIO-000847;96000846000109;1213989.49;96.000.846/0001-09;Pessoa jurídica;CORRESPONSAVEL;CRUZEIRO INDUSTRIA S.A.;MA;1ª REGIÃO;8000088600735;Em cobrança;ATIVA A SER COBRADA;Receita da dívida ativa - Multa - CLT;24/08/2021;NAO;1213989.49
NAO_PREVIDENCIARIO-000848;;1237977.17;XXX507.393XX;Pessoa física;PRINCIPAL;CONTRIBUINTE FICTICIO 0848;RR;1ª REGIÃO;8000088705464;Em cobrança;ATIVA AJUIZADA;DIV.ATIVA-CPMF;28/04/2024;SIM;1237977.17
NAO_PREVIDENCIARIO-000849;96000848000190;534317.37;96.000.848/0001-90;Pessoa jurídica;PRINCIPAL;HORIZONTE INDUSTRIA LTDA;GO;1ª REGIÃO;8000088810193;Em cobrança;ATIVA A SER COBRADA;Receita da dívida ativa - Contribuição açúcar e álcool;21/11/2006;NAO;534317.37
NAO_PREVIDENCIARIO-000850;96000849000134;2099869.70;96.000.849/0001-34;Pessoa jurídica;PRINCIPAL;INTEGRA INDUSTRIA S.A.;RO;1ª REGIÃO;8000088914922;Em cobrança;ATIVA A SER COBRADA;R D Ativa - Crédito Rural - Prog Nac Fortalec Agric Familiar;18/02/2022;NAO;2099869.70
NAO_PREVIDENCIARIO-000851;96000850000169;458882.17;96.000.850/0001-69;Pessoa jurídica;PRINCIPAL;JARDINS INDUSTRIA LTDA;ES;ESPIRITO SANTO;8000089019651;Em cobrança;ATIVA A SER COBRADA;Receita da dívida ativa - PIS;16/06/2006;NAO;458882.17
NAO_PREVIDENCIARIO-000852;96000851000103;281383.44;96.000.851/0001-03;Pessoa jurídica;PRINCIPAL;MONTE ALTO INDUSTRIA LTDA;RS;4ª REGIÃO;8000089124380;Suspenso por decisão judicial;ATIVA NAO AJUIZAVEL COM EXIGIBILIDADE DO CREDITO SUSPENSA-DEC.JUDICIAL;Receita da dívida ativa - COFINS;29/05/2018;NAO;281383.44
NAO_PREVIDENCIARIO-000853;96000852000158;67452.63;96.000.852/0001-58;Pessoa jurídica;PRINCIPAL;NOVA ERA INDUSTRIA S.A.;DF;1ª REGIÃO;8000089229109;Em cobrança;ATIVA A SER COBRADA;Receita da dívida ativa - IRPJ;24/03/2020;NAO;67452.63
NAO_PREVIDENCIARIO-000854;96000853000100;1342538.20;96.000.853/0001-00;Pessoa jurídica;PRINCIPAL;PIONEIRA INDUSTRIA LTDA;RN;5ª REGIÃO;8000089333838;Em cobrança;ATIVA NAO PRIORIZADA PARA AJUIZAMENTO;Receita da dívida ativa - CSLL;24/02/2005;SIM;1342538.20
NAO_PREVIDENCIARIO-000855;;1523882.17;XXX562.826XX;Pessoa física;PRINCIPAL;CONTRIBUINTE FICTICIO 0855;CE;5ª REGIÃO;8000089438567;Em cobrança;ATIVA A SER COBRADA;Receita da dívida ativa - IRPF;04/01/2001;NAO;1523882.17
NAO_PREVIDENCIARIO-000856;90000825000107;1183681.37;90.000.825/0001-07;Pessoa jurídica;CORRESPONSAVEL;RIO CLARO INDUSTRIA S.A.;RJ;RIO DE JANEIRO;8000089543296;Em cobrança;ATIVA A SER COBRADA;Receita da dívida ativa - IRRF;14/02/2010;NAO;1183681.37
NAO_PREVIDENCIARIO-000857;96000856000136;903948.23;96.000.856/0001-36;Pessoa jurídica;PRINCIPAL;SERRA DOURADA INDUSTRIA LTDA;BA;1ª REGIÃO;8000089648025;Em cobrança;ATIVA A SER COBRADA;Receita da dívida ativa - Multa - CLT;16/08/1998;NAO;903948.23
NAO_PREVIDENCIARIO-000858;96000857000180;56472.45;96.000.857/0001-80;Pessoa jurídica;PRINCIPAL;SOL NASCENTE INDUSTRIA LTDA;PI;1ª REGIÃO;8000089752754;Garantia;ATIVA AJUIZADA;DIV.ATIVA-CPMF;13/12/2011;SIM;56472.45
NAO_PREVIDENCIARIO-000859;96000858000125;1690016.61;96.000.858/0001-25;Pessoa jurídica;PRINCIPAL;VALE FORTE INDUSTRIA S.A.;AM;1ª REGIÃO;8000089857483;Em cobrança;ATIVA A SER COBRADA;Receita da dívida ativa - Contribuição açúcar e álcool;18/05/1998;NAO;1690016.61
NAO_PREVIDENCIARIO-000860;96000859000170;45296.13;96.000.859/0001-70;Pessoa jurídica;PRINCIPAL;VILA NOVA INDUSTRIA LTDA;PE;5ª REGIÃO;8000089962212;Em cobrança;ATIVA A SER COBRADA;R D Ativa - Crédito Rural - Prog Nac Fortalec Agric Familiar;16/05/2008;NAO;45296.13
NAO_PREVIDENCIARIO-000861;96000860000102;2068861.59;96.000.860/0001-02;Pessoa jurídica;PRINCIPAL;ALVORADA MINERACAO LTDA;AP;AMAPA;8000090066941;Em cobrança;ATIVA AJUIZADA;Receita da dívida ativa - PIS;15/11/2002;SIM;2068861.59
NAO_PREVIDENCIARIO-000862;;2463232.22;XXX618.259XX;Pessoa física;PRINCIPAL;CONTRIBUINTE FICTICIO 0862;PR;4ª REGIÃO;8000090171670;Em cobrança;ATIVA A SER COBRADA;Receita da dívida ativa - COFINS;31/08/2006;NAO;2463232.22
NAO_PREVIDENCIARIO-000863;96000862000193;287267.86;96.000.862/0001-93;Pessoa jurídica;PRINCIPAL;CAMINHO VERDE MINERACAO LTDA;AL;5ª REGIÃO;8000090276399;Em cobrança;ATIVA A SER COBRADA;Receita da dívida ativa - IRPJ;09/06/2001;NAO;287267.86
NAO_PREVIDENCIARIO-000864;96000863000138;2233106.03;96.000.863/0001-38;Pessoa jurídica;PRINCIPAL;CAMPOS DO SUL MINERACAO LTDA;PB;5ª REGIÃO;8000090381128;Em cobrança;ATIVA COM AJUIZAMENTO A SER PROSSEGUIDO;Receita da dívida ativa - CSLL;05/08/2025;SIM;2233106.03
NAO_PREVIDENCIARIO-000865;96000864000182;449495.14;96.000.864/0001-82;Pessoa jurídica;CORRESPONSAVEL;CERRADO MINERACAO S.A.;AC;1ª REGIÃO;8000090485857;Em cobrança;ATIVA A SER COBRADA;Receita da dívida ativa - IRPF;02/12/2019;NAO;449495.14
NAO_PREVIDENCIARIO-000866;96000865000127;1947297.51;96.000.865/0001-27;Pessoa jurídica;PRINCIPAL;COSTA AZUL MINERACAO LTDA;PA;PARA;8000090590586;Benefício Fiscal;ATIVA AJUIZADA NEGOCIADA NO SISPAR;Receita da dívida ativa - IRRF;14/03/2006;SIM;1947297.51
NAO_PREVIDENCIARIO-000867;96000866000171;1765641.46;96.000.866/0001-71;Pessoa jurídica;PRINCIPAL;CRUZEIRO MINERACAO LTDA;TO;1ª REGIÃO;8000090695315;Em cobrança;ATIVA A SER COBRADA;Receita da dívida ativa - Multa - CLT;22/05/2023;NAO;1765641.46
NAO_PREVIDENCIARIO-000868;96000867000116;1429802.63;96.000.867/0001-16;Pessoa jurídica;PRINCIPAL;ESTRELA DO NORTE MINERACAO S.A.;MG;6ª REGIÃO;8000090800044;Em cobrança;ATIVA AJUIZADA;DIV.ATIVA-CPMF;12/12/2019;SIM;1429802.63
NAO_PREVIDENCIARIO-000869;;2381476.07;XXX673.692XX;Pessoa física;PRINCIPAL;CONTRIBUINTE FICTICIO 0869;SE;5ª REGIÃO;8000090904773;Em cobrança;ATIVA A SER COBRADA;Receita da dívida ativa - Contribuição açúcar e álcool;19/03/2021;NAO;2381476.07
NAO_PREVIDENCIARIO-000870;96000869000105;1743055.50;96.000.869/0001-05;Pessoa jurídica;PRINCIPAL;INTEGRA MINERACAO LTDA;MS;1ª REGIÃO;8000091009502;Em cobrança;ATIVA A SER COBRADA;R D Ativa - Crédito Rural - Prog Nac Fortalec Agric Familiar;28/11/2001;NAO;1743055.50
NAO_PREVIDENCIARIO-000871;96000870000130;2048687.81;96.000.870/0001-30;Pessoa jurídica;PRINCIPAL;JARDINS MINERACAO S.A.;SP;SAO PAULO;8000091114231;Em cobrança;ATIVA A SER COBRADA;Receita da dívida ativa - PIS;12/10/2018;NAO;2048687.81
NAO_PREVIDENCIARIO-000872;96000871000184;711474.57;96.000.871/0001-84;Pessoa jurídica;PRINCIPAL;MONTE ALTO MINERACAO LTDA;MT;1ª REGIÃO;8000091218960;Suspenso por decisão judicial;ATIVA NAO AJUIZAVEL COM EXIGIBILIDADE DO CREDITO SUSPENSA-DEC.JUDICIAL;Receita da dívida ativa - COFINS;17/03/2010;NAO;711474.57
NAO_PREVIDENCIARIO-000873;96000872000129;1018549.97;96.000.872/0001-29;Pessoa jurídica;PRINCIPAL;NOVA ERA MINERACAO LTDA;SC;4ª REGIÃO;8000091323689;Em cobrança;ATIVA A SER COBRADA;Receita da dívida ativa - IRPJ;23/08/2008;NAO;1018549.97
NAO_PREVIDENCIARIO-000874;96000873000173;155591.36;96.000.873/0001-73;Pessoa jurídica;SOLIDARIO;PIONEIRA MINERACAO S.A.;MA;1ª REGIÃO;8000091428418;Em cobrança;ATIVA NAO PRIORIZADA PARA AJUIZAMENTO;Receita da dívida ativa - CSLL;22/07/2025;SIM;155591.36
NAO_PREVIDENCIARIO-000875;96000874000118;666417.59;96.000.874/0001-18;Pessoa jurídica;PRINCIPAL;PLANALTO MINERACAO LTDA;RR;1ª REGIÃO;8000091533147;Em cobrança;ATIVA A SER COBRADA;Receita da dívida ativa - IRPF;24/07/2001;NAO;666417.59
NAO_PREVIDENCIARIO-000876;;658815.26;XXX729.125XX;Pessoa física;PRINCIPAL;CONTRIBUINTE FICTICIO 0876;GO;GOIAS;8000091637876;Em cobrança;ATIVA A SER COBRADA;Receita da dívida ativa - IRRF;18/07/2021;NAO;658815.26
NAO_PREVIDENCIARIO-000877;96000876000107;1980148.05;96.000.876/0001-07;Pessoa jurídica;PRINCIPAL;SERRA DOURADA MINERACAO S.A.;RO;1ª REGIÃO;8000091742605;Em cobrança;ATIVA A SER COBRADA;Receita da dívida ativa - Multa - CLT;23/06/2019;NAO;1980148.05
NAO_PREVIDENCIARIO-000878;90000843000180;310962.69;90.000.843/0001-80;Pessoa jurídica;PRINCIPAL;SOL NASCENTE MINERACAO LTDA;ES;2ª REGIÃO;8000091847334;Garantia;ATIVA AJUIZADA;DIV.ATIVA-CPMF;31/07/2017;SIM;310962.69
NAO_PREVIDENCIARIO-000879;96000878000104;1170310.96;96.000.878/0001-04;Pessoa jurídica;PRINCIPAL;VALE FORTE MINERACAO LTDA;RS;4ª REGIÃO;8000091952063;Em cobrança;ATIVA A SER COBRADA;Receita da dívida ativa - Contribuição açúcar e álcool;06/03/2008;NAO;1170310.96
NAO_PREVIDENCIARIO-000880;96000879000140;1998534.19;96.000.879/0001-40;Pessoa jurídica;PRINCIPAL;VILA NOVA MINERACAO S.A.;DF;1ª REGIÃO;8000092056792;Em cobrança;ATIVA A SER COBRADA;R D Ativa - Crédito Rural - Prog Nac Fortalec Agric Familiar;08/07/2004;NAO;1998534.19
NAO_PREVIDENCIARIO-000881;96000880000175;2283568.26;96.000.880/0001-75;Pessoa jurídica;PRINCIPAL;ALVORADA OBRAS E SERVICOS LTDA;RN;RIO GRANDE DO NORTE;8000092161521;Em cobrança;ATIVA AJUIZADA;Receita da dívida ativa - PIS;15/11/2004;SIM;2283568.26
NAO_PREVIDENCIARIO-000882;96000881000110;1939017.77;96.000.881/0001-10;Pessoa jurídica;PRINCIPAL;BOA VISTA OBRAS E SERVICOS LTDA;CE;5ª REGIÃO;8000092266250;Em cobrança;ATIVA A SER COBRADA;Receita da dívida ativa - COFINS;30/07/2010;NAO;1939017.77
NAO_PREVIDENCIARIO-000883;;2330240.47;XXX784.558XX;Pessoa física;CORRESPONSAVEL;CONTRIBUINTE FICTICIO 0883;RJ;2ª REGIÃO;8000092370979;Em cobrança;ATIVA A SER COBRADA;Receita da dívida ativa - IRPJ;22/09/2019;NAO;2330240.47
NAO_PREVIDENCIARIO-000884;96000883000109;276592.06;96.000.883/0001-09;Pessoa jurídica;PRINCIPAL;CAMPOS DO SUL OBRAS E SERVICOS LTDA;BA;1ª REGIÃO;8000092475708;Em cobrança;ATIVA COM AJUIZAMENTO A SER PROSSEGUIDO;Receita da dívida ativa - CSLL;03/05/2012;SIM;276592.06
NAO_PREVIDENCIARIO-000885;96000884000153;55190.04;96.000.884/0001-53;Pessoa jurídica;PRINCIPAL;CERRADO OBRAS E SERVICOS LTDA;PI;1ª REGIÃO;8000092580437;Em cobrança;ATIVA A SER COBRADA;Receita da dívida ativa - IRPF;14/05/2009;NAO;55190.04
NAO_PREVIDENCIARIO-000886;96000885000106;186957.57;96.000.885/0001-06;Pessoa jurídica;PRINCIPAL;COSTA AZUL OBRAS E SERVICOS S.A.;AM;AMAZONAS;8000092685166;Benefício Fiscal;ATIVA AJUIZADA NEGOCIADA NO SISPAR;Receita da dívida ativa - IRRF;22/02/2001;SIM;186957.57
NAO_PREVIDENCIARIO-000887;96000886000142;111867.74;96.000.886/0001-42;Pessoa jurídica;PRINCIPAL;CRUZEIRO OBRAS E SERVICOS LTDA;PE;5ª REGIÃO;8000092789895;Em cobrança;ATIVA A SER COBRADA;Receita da dívida ativa - Multa - CLT;26/01/2014;NAO;111867.74
NAO_PREVIDENCIARIO-000888;96000887000197;61279.66;96.000.887/0001-97;Pessoa jurídica;PRINCIPAL;ESTRELA DO NORTE OBRAS E SERVICOS LTDA;AP;1ª REGIÃO;8000092894624;Em cobrança;ATIVA AJUIZADA;DIV.ATIVA-CPMF;26/06/2009;SIM;61279.66
NAO_PREVIDENCIARIO-000889;96000888000131;23242.94;96.000.888/0001-31;Pessoa jurídica;PRINCIPAL;HORIZONTE OBRAS E SERVICOS S.A.;PR;4ª REGIÃO;8000092999353;Em cobrança;ATIVA A SER COBRADA;Receita da dívida ativa - Contribuição açúcar e álcool;11/06/2024;NAO;23242.94
NAO_PREVIDENCIARIO-000890;;1462921.48;XXX839.991XX;Pessoa física;PRINCIPAL;CONTRIBUINTE FICTICIO 0890;AL;5ª REGIÃO;8000093104082;Em cobrança;ATIVA A SER COBRADA;R D Ativa - Crédito Rural - Prog Nac Fortalec Agric Familiar;11/12/2022;NAO;1462921.48
NAO_PREVIDENCIARIO-000891;96000890000100;434513.90;96.000.890/0001-00;Pessoa jurídica;PRINCIPAL;JARDINS OBRAS E SERVICOS LTDA;PB;PARAIBA;8000093208811;Em cobrança;ATIVA A SER COBRADA;Receita da dívida ativa - PIS;26/07/2005;NAO;434513.90
NAO_PREVIDENCIARIO-000892;96000891000155;1179560.48;96.000.891/0001-55;Pessoa jurídica;CORRESPONSAVEL;MONTE ALTO OBRAS E SERVICOS S.A.;AC;1ª REGIÃO;8000093313540;Suspenso por decisão judicial;ATIVA NAO AJUIZAVEL COM EXIGIBILIDADE DO CREDITO SUSPENSA-DEC.JUDICIAL;Receita da dívida ativa - COFINS;07/01/2024;NAO;1179560.48
NAO_PREVIDENCIARIO-000893;96000892000108;2293028.84;96.000.892/0001-08;Pessoa jurídica;PRINCIPAL;NOVA ERA OBRAS E SERVICOS LTDA;PA;1ª REGIÃO;8000093418269;Em cobrança;ATIVA A SER COBRADA;Receita da dívida ativa - IRPJ;12/08/2000;NAO;2293028.84
NAO_PREVIDENCIARIO-000894;96000893000144;1313556.79;96.000.893/0001-44;Pessoa jurídica;PRINCIPAL;PIONEIRA OBRAS E SERVICOS LTDA;TO;1ª REGIÃO;8000093522998;Em cobrança;ATIVA NAO PRIORIZADA PARA AJUIZAMENTO;Receita da dívida ativa - CSLL;04/02/2022;SIM;1313556.79
NAO_PREVIDENCIARIO-000895;96000894000199;212563.77;96.000.894/0001-99;Pessoa jurídica;PRINCIPAL;PLANALTO OBRAS E SERVICOS S.A.;MG;6ª REGIÃO;8000093627727;Em cobrança;ATIVA A SER COBRADA;Receita da dívida ativa - IRPF;01/04/2015;NAO;212563.77
NAO_PREVIDENCIARIO-000896;96000895000133;1983437.06;96.000.895/0001-33;Pessoa jurídica;PRINCIPAL;RIO CLARO OBRAS E SERVICOS LTDA;SE;SERGIPE;8000093732456;Em cobrança;ATIVA A SER COBRADA;Receita da dívida ativa - IRRF;29/09/2016;NAO;1983437.06
NAO_PREVIDENCIARIO-000897;;1902618.09;XXX895.424XX;Pessoa física;PRINCIPAL;CONTRIBUINTE FICTICIO 0897;MS;1ª REGIÃO;8000093837185;Em cobrança;ATIVA A SER COBRADA;Receita da dívida ativa - Multa - CLT;29/12/2017;NAO;1902618.09
NAO_PREVIDENCIARIO-000898;96000897000122;1829991.98;96.000.897/0001-22;Pessoa jurídica;PRINCIPAL;SOL NASCENTE OBRAS E SERVICOS S.A.;SP;3ª REGIÃO;8000093941914;Garantia;ATIVA AJUIZADA;DIV.ATIVA-CPMF;20/04/2019;SIM;1829991.98
NAO_PREVIDENCIARIO-000899;96000898000177;1675723.79;96.000.898/0001-77;Pessoa jurídica;PRINCIPAL;VALE FORTE OBRAS E SERVICOS LTDA;MT;1ª REGIÃO;8000094046643;Em cobrança;ATIVA A SER COBRADA;Receita da dívida ativa - Contribuição açúcar e álcool;12/02/2000;NAO;1675723.79
NAO_PREVIDENCIARIO-000900;96000899000111;2147601.16;96.000.899/0001-11;Pessoa jurídica;PRINCIPAL;VILA NOVA OBRAS E SERVICOS LTDA;SC;4ª REGIÃO;8000094151372;Em cobrança;ATIVA A SER COBRADA;R D Ativa - Crédito Rural - Prog Nac Fortalec Agric Familiar;11/08/2008;NAO;2147601.16
NAO_PREVIDENCIARIO-000901;90000863000151;1658839.26;90.000.863/0001-51;Pessoa jurídica;CORRESPONSAVEL;ALVORADA PRODUTOS AGRICOLAS S.A.;MA;MARANHAO;8000094256101;Em cobrança;ATIVA AJUIZADA;Receita da dívida ativa - PIS;31/12/2016;SIM;1658839.26
NAO_PREVIDENCIARIO-000902;96000901000152;1087073.64;96.000.901/0001-52;Pessoa jurídica;PRINCIPAL;BOA VISTA PRODUTOS AGRICOLAS LTDA;RR;1ª REGIÃO;8000094360830;Em cobrança;ATIVA A SER COBRADA;Receita da dívida ativa - COFINS;10/04/2017;NAO;1087073.64
NAO_PREVIDENCIARIO-000903;96000902000105;2472273.66;96.000.902/0001-05;Pessoa jurídica;PRINCIPAL;CAMINHO VERDE PRODUTOS AGRICOLAS LTDA;GO;1ª REGIÃO;8000094465559;Em cobrança;ATIVA A SER COBRADA;Receita da dívida ativa - IRPJ;16/05/2026;NAO;2472273.66
NAO_PREVIDENCIARIO-000904;;2498547.54;XXX950.857XX;Pessoa física;PRINCIPAL;CONTRIBUINTE FICTICIO 0904;RO;1ª REGIÃO;8000094570288;Em cobrança;ATIVA COM AJUIZAMENTO A SER PROSSEGUIDO;Receita da dívida ativa - CSLL;27/05/2010;SIM;2498547.54
NAO_PREVIDENCIARIO-000905;96000904000196;756262.71;96.000.904/0001-96;Pessoa jurídica;PRINCIPAL;CERRADO PRODUTOS AGRICOLAS LTDA;ES;2ª REGIÃO;8000094675017;Em cobrança;ATIVA A SER COBRADA;Receita da dívida ativa - IRPF;22/12/2000;NAO;756262.71
NAO_PREVIDENCIARIO-000906;96000905000130;2112447.26;96.000.905/0001-30;Pessoa jurídica;PRINCIPAL;COSTA AZUL PRODUTOS AGRICOLAS LTDA;RS;RIO GRANDE DO SUL;8000094779746;Benefício Fiscal;ATIVA AJUIZADA NEGOCIADA NO SISPAR;Receita da dívida ativa - IRRF;25/12/2023;SIM;2112447.26
NAO_PREVIDENCIARIO-000907;96000906000185;1552431.86;96.000.906/0001-85;Pessoa jurídica;PRINCIPAL;CRUZEIRO PRODUTOS AGRICOLAS S.A.;DF;1ª REGIÃO;8000094884475;Em cobrança;ATIVA A SER COBRADA;Receita da dívida ativa - Multa - CLT;18/10/2002;NAO;1552431.86
NAO_PREVIDENCIARIO-000908;96000907000120;1875151.67;96.000.907/0001-20;Pessoa jurídica;PRINCIPAL;ESTRELA DO NORTE PRODUTOS AGRICOLAS LTDA;RN;5ª REGIÃO;8000094989204;Em cobrança;ATIVA AJUIZADA;DIV.ATIVA-CPMF;24/03/2011;SIM;1875151.67
NAO_PREVIDENCIARIO-000909;96000908000174;1676117.90;96.000.908/0001-74;Pessoa jurídica;PRINCIPAL;HORIZONTE PRODUTOS AGRICOLAS LTDA;CE;5ª REGIÃO;8000095093933;Em cobrança;ATIVA A SER COBRADA;Receita da dívida ativa - Contribuição açúcar e álcool;30/05/1998;NAO;1676117.90
NAO_PREVIDENCIARIO-000910;96000909000119;1388361.74;96.000.909/0001-19;Pessoa jurídica;CORRESPONSAVEL;INTEGRA PRODUTOS AGRICOLAS S.A.;RJ;2ª REGIÃO;8000095198662;Em cobrança;ATIVA A SER COBRADA;R D Ativa - Crédito Rural - Prog Nac Fortalec Agric Familiar;10/08/2020;NAO;1388361.74
NAO_PREVIDENCIARIO-000911;;833274.72;XXX106.290XX;Pessoa física;PRINCIPAL;CONTRIBUINTE FICTICIO 0911;BA;BAHIA;8000095303391;Em cobrança;ATIVA A SER COBRADA;Receita da dívida ativa - PIS;09/01/2000;NAO;833274.72
NAO_PREVIDENCIARIO-000912;96000911000198;1019991.04;96.000.911/0001-98;Pessoa jurídica;PRINCIPAL;MONTE ALTO PRODUTOS AGRICOLAS LTDA;PI;1ª REGIÃO;8000095408120;Suspenso por decisão judicial;ATIVA NAO AJUIZAVEL COM EXIGIBILIDADE DO CREDITO SUSPENSA-DEC.JUDICIAL;Receita da dívida ativa - COFINS;10/10/2025;NAO;1019991.04
NAO_PREVIDENCIARIO-000913;96000912000132;367664.43;96.000.912/0001-32;Pessoa jurídica;PRINCIPAL;NOVA ERA PRODUTOS AGRICOLAS S.A.;AM;1ª REGIÃO;8000095512849;Em cobrança;ATIVA A SER COBRADA;Receita da dívida ativa - IRPJ;05/09/2012;NAO;367664.43
NAO_PREVIDENCIARIO-000914;96000913000187;1882957.57;96.000.913/0001-87;Pessoa jurídica;PRINCIPAL;PIONEIRA PRODUTOS AGRICOLAS LTDA;PE;5ª REGIÃO;8000095617578;Em cobrança;ATIVA NAO PRIORIZADA PARA AJUIZAMENTO;Receita da dívida ativa - CSLL;03/11/2016;SIM;1882957.57
NAO_PREVIDENCIARIO-000915;96000914000121;145389.45;96.000.914/0001-21;Pessoa jurídica;PRINCIPAL;PLANALTO PRODUTOS AGRICOLAS LTDA;AP;1ª REGIÃO;8000095722307;Em cobrança;ATIVA A SER COBRADA;Receita da dívida ativa - IRPF;17/12/2015;NAO;145389.45
NAO_PREVIDENCIARIO-000916;96000915000176;1002310.28;96.000.915/0001-76;Pessoa jurídica;PRINCIPAL;RIO CLARO PRODUTOS AGRICOLAS S.A.;PR;PARANA;8000095827036;Em cobrança;ATIVA A SER COBRADA;Receita da dívida ativa - IRRF;12/11/2000;NAO;1002310.28
NAO_PREVIDENCIARIO-000917;96000916000110;2208956.87;96.000.916/0001-10;Pessoa jurídica;PRINCIPAL;SERRA DOURADA PRODUTOS AGRICOLAS LTDA;AL;5ª REGIÃO;8000095931765;Em cobrança;ATIVA A SER COBRADA;Receita da dívida ativa - Multa - CLT;25/04/2016;NAO;2208956.87
NAO_PREVIDENCIARIO-000918;;614638.86;XXX161.723XX;Pessoa física;PRINCIPAL;CONTRIBUINTE FICTICIO 0918;PB;5ª REGIÃO;8000096036494;Garantia;ATIVA AJUIZADA;DIV.ATIVA-CPMF;03/06/2022;SIM;614638.86
NAO_PREVIDENCIARIO-000919;96000918000100;460180.73;96.000.918/0001-00;Pessoa jurídica;CORRESPONSAVEL;VALE FORTE PRODUTOS AGRICOLAS S.A.;AC;1ª REGIÃO;8000096141223;Em cobrança;ATIVA A SER COBRADA;Receita da dívida ativa - Contribuição açúcar e álcool;11/09/2013;NAO;460180.73
NAO_PREVIDENCIARIO-000920;96000919000154;1172270.06;96.000.919/0001-54;Pessoa jurídica;PRINCIPAL;VILA NOVA PRODUTOS AGRICOLAS LTDA;PA;1ª REGIÃO;8000096245952;Em cobrança;ATIVA A SER COBRADA;R D Ativa - Crédito Rural - Prog Nac Fortalec Agric Familiar;25/09/2008;NAO;1172270.06
NAO_PREVIDENCIARIO-000921;96000920000189;1251503.29;96.000.920/0001-89;Pessoa jurídica;PRINCIPAL;ALVORADA TECNOLOGIA LTDA;TO;TOCANTINS;8000096350681;Em cobrança;ATIVA AJUIZADA;Receita da dívida ativa - PIS;19/04/2018;SIM;1251503.29
NAO_PREVIDENCIARIO-000922;96000921000123;745929.12;96.000.921/0001-23;Pessoa jurídica;PRINCIPAL;BOA VISTA TECNOLOGIA S.A.;MG;6ª REGIÃO;8000096455410;Em cobrança;ATIVA A SER COBRADA;Receita da dívida ativa - COFINS;28/06/2020;NAO;745929.12
NAO_PREVIDENCIARIO-000923;90000908000198;398911.22;90.000.908/0001-98;Pessoa jurídica;PRINCIPAL;CAMINHO VERDE TECNOLOGIA LTDA;SE;5ª REGIÃO;8000096560139;Em cobrança;ATIVA A SER COBRADA;Receita da dívida ativa - IRPJ;01/12/2003;NAO;398911.22
NAO_PREVIDENCIARIO-000924;96000923000112;1646119.68;96.000.923/0001-12;Pessoa jurídica;PRINCIPAL;CAMPOS DO SUL TECNOLOGIA LTDA;MS;1ª REGIÃO;8000096664868;Em cobrança;ATIVA COM AJUIZAMENTO A SER PROSSEGUIDO;Receita da dívida ativa - CSLL;05/09/2014;SIM;1646119.68
NAO_PREVIDENCIARIO-000925;;243237.59;XXX217.156XX;Pessoa física;PRINCIPAL;CONTRIBUINTE FICTICIO 0925;SP;3ª REGIÃO;8000096769597;Em cobrança;ATIVA A SER COBRADA;Receita da dívida ativa - IRPF;16/11/2004;NAO;243237.59
NAO_PREVIDENCIARIO-000926;96000925000101;710230.65;96.000.925/0001-01;Pessoa jurídica;PRINCIPAL;COSTA AZUL TECNOLOGIA LTDA;MT;MATO GROSSO;8000096874326;Benefício Fiscal;ATIVA AJUIZADA NEGOCIADA NO SISPAR;Receita da dívida ativa - IRRF;16/09/1999;SIM;710230.65
NAO_PREVIDENCIARIO-000927;96000926000156;1022395.68;96.000.926/0001-56;Pessoa jurídica;PRINCIPAL;CRUZEIRO TECNOLOGIA LTDA;SC;4ª REGIÃO;8000096979055;Em cobrança;ATIVA A SER COBRADA;Receita da dívida ativa - Multa - CLT;18/11/2000;NAO;1022395.68
NAO_PREVIDENCIARIO-000928;96000927000109;323013.43;96.000.927/0001-09;Pessoa jurídica;CORRESPONSAVEL;ESTRELA DO NORTE TECNOLOGIA S.A.;MA;1ª REGIÃO;8000097083784;Em cobrança;ATIVA AJUIZADA;DIV.ATIVA-CPMF;01/12/2016;SIM;323013.43
NAO_PREVIDENCIARIO-000929;96000928000145;1434845.50;96.000.928/0001-45;Pessoa jurídica;PRINCIPAL;HORIZONTE TECNOLOGIA LTDA;RR;1ª REGIÃO;8000097188513;Em cobrança;ATIVA A SER COBRADA;Receita da dívida ativa - Contribuição açúcar e álcool;09/06/2010;NAO;1434845.50
NAO_PREVIDENCIARIO-000930;96000929000190;368607.89;96.000.929/0001-90;Pessoa jurídica;PRINCIPAL;INTEGRA TECNOLOGIA LTDA;GO;1ª REGIÃO;8000097293242;Em cobrança;ATIVA A SER COBRADA;R D Ativa - Crédito Rural - Prog Nac Fortalec Agric Familiar;13/08/2016;NAO;368607.89
NAO_PREVIDENCIARIO-000931;96000930000114;1402608.93;96.000.930/0001-14;Pessoa jurídica;PRINCIPAL;JARDINS TECNOLOGIA S.A.;RO;RONDONIA;8000097397971;Em cobrança;ATIVA A SER COBRADA;Receita da dívida ativa - PIS;08/12/2022;NAO;1402608.93
NAO_PREVIDENCIARIO-000932;;1932210.73;XXX272.589XX;Pessoa física;PRINCIPAL;CONTRIBUINTE FICTICIO 0932;ES;2ª REGIÃO;8000097502700;Suspenso por decisão judicial;ATIVA NAO AJUIZAVEL COM EXIGIBILIDADE DO CREDITO SUSPENSA-DEC.JUDICIAL;Receita da dívida ativa - COFINS;08/04/2017;NAO;1932210.73
NAO_PREVIDENCIARIO-000933;96000932000103;667104.47;96.000.932/0001-03;Pessoa jurídica;PRINCIPAL;NOVA ERA TECNOLOGIA LTDA;RS;4ª REGIÃO;8000097607429;Em cobrança;ATIVA A SER COBRADA;Receita da dívida ativa - IRPJ;25/11/2004;NAO;667104.47
NAO_PREVIDENCIARIO-000934;96000933000158;1698214.35;96.000.933/0001-58;Pessoa jurídica;PRINCIPAL;PIONEIRA TECNOLOGIA S.A.;DF;1ª REGIÃO;8000097712158;Em cobrança;ATIVA NAO PRIORIZADA PARA AJUIZAMENTO;Receita da dívida ativa - CSLL;25/05/2003;SIM;1698214.35
NAO_PREVIDENCIARIO-000935;96000934000100;2474947.52;96.000.934/0001-00;Pessoa jurídica;PRINCIPAL;PLANALTO TECNOLOGIA LTDA;RN;5ª REGIÃO;8000097816887;Em cobrança;ATIVA A SER COBRADA;Receita da dívida ativa - IRPF;19/07/2023;NAO;2474947.52
NAO_PREVIDENCIARIO-000936;96000935000147;1613360.00;96.000.935/0001-47;Pessoa jurídica;PRINCIPAL;RIO CLARO TECNOLOGIA LTDA;CE;CEARA;8000097921616;Em cobrança;ATIVA A SER COBRADA;Receita da dívida ativa - IRRF;27/01/2022;NAO;1613360.00
NAO_PREVIDENCIARIO-000937;96000936000191;2237977.14;96.000.936/0001-91;Pessoa jurídica;CORRESPONSAVEL;SERRA DOURADA TECNOLOGIA S.A.;RJ;2ª REGIÃO;8000098026345;Em cobrança;ATIVA A SER COBRADA;Receita da dívida ativa - Multa - CLT;17/02/2025;NAO;2237977.14
NAO_PREVIDENCIARIO-000938;96000937000136;1512543.37;96.000.937/0001-36;Pessoa jurídica;PRINCIPAL;SOL NASCENTE TECNOLOGIA LTDA;BA;1ª REGIÃO;8000098131074;Garantia;ATIVA AJUIZADA;DIV.ATIVA-CPMF;27/09/2004;SIM;1512543.37
NAO_PREVIDENCIARIO-000939;;1672405.17;XXX328.022XX;Pessoa física;PRINCIPAL;CONTRIBUINTE FICTICIO 0939;PI;1ª REGIÃO;8000098235803;Em cobrança;ATIVA A SER COBRADA;Receita da dívida ativa - Contribuição açúcar e álcool;05/05/2009;NAO;1672405.17
NAO_PREVIDENCIARIO-000940;96000939000125;525726.25;96.000.939/0001-25;Pessoa jurídica;PRINCIPAL;VILA NOVA TECNOLOGIA S.A.;AM;1ª REGIÃO;8000098340532;Em cobrança;ATIVA A SER COBRADA;R D Ativa - Crédito Rural - Prog Nac Fortalec Agric Familiar;15/06/2016;NAO;525726.25
NAO_PREVIDENCIARIO-000941;96000940000150;2053238.72;96.000.940/0001-50;Pessoa jurídica;PRINCIPAL;ALVORADA TRANSPORTES LTDA;PE;PERNAMBUCO;8000098445261;Em cobrança;ATIVA AJUIZADA;Receita da dívida ativa - PIS;02/12/2008;SIM;2053238.72
NAO_PREVIDENCIARIO-000942;96000941000102;1211702.60;96.000.941/0001-02;Pessoa jurídica;PRINCIPAL;BOA VISTA TRANSPORTES LTDA;AP;1ª REGIÃO;8000098549990;Em cobrança;ATIVA A SER COBRADA;Receita da dívida ativa - COFINS;30/08/2017;NAO;1211702.60
NAO_PREVIDENCIARIO-000943;96000942000149;840041.94;96.000.942/0001-49;Pessoa jurídica;PRINCIPAL;CAMINHO VERDE TRANSPORTES S.A.;PR;4ª REGIÃO;8000098654719;Em cobrança;ATIVA A SER COBRADA;Receita da dívida ativa - IRPJ;21/03/2003;NAO;840041.94
NAO_PREVIDENCIARIO-000944;96000943000193;990142.47;96.000.943/0001-93;Pessoa jurídica;PRINCIPAL;CAMPOS DO SUL TRANSPORTES LTDA;AL;5ª REGIÃO;8000098759448;Em cobrança;ATIVA COM AJUIZAMENTO A SER PROSSEGUIDO;Receita da dívida ativa - CSLL;18/10/2025;SIM;990142.47
NAO_PREVIDENCIARIO-000945;90000928000169;1556137.97;90.000.928/0001-69;Pessoa jurídica;PRINCIPAL;CERRADO TRANSPORTES LTDA;PB;5ª REGIÃO;8000098864177;Em cobrança;ATIVA A SER COBRADA;Receita da dívida ativa - IRPF;02/06/2015;NAO;1556137.97
NAO_PREVIDENCIARIO-000946;;1065052.27;XXX383.455XX;Pessoa física;CORRESPONSAVEL;CONTRIBUINTE FICTICIO 0946;AC;ACRE;8000098968906;Benefício Fiscal;ATIVA AJUIZADA NEGOCIADA NO SISPAR;Receita da dívida ativa - IRRF;31/12/2003;SIM;1065052.27
NAO_PREVIDENCIARIO-000947;96000946000127;2431547.14;96.000.946/0001-27;Pessoa jurídica;PRINCIPAL;CRUZEIRO TRANSPORTES LTDA;PA;1ª REGIÃO;8000099073635;Em cobrança;ATIVA A SER COBRADA;Receita da dívida ativa - Multa - CLT;20/06/2023;NAO;2431547.14
NAO_PREVIDENCIARIO-000948;96000947000171;1162244.74;96.000.947/0001-71;Pessoa jurídica;PRINCIPAL;ESTRELA DO NORTE TRANSPORTES LTDA;TO;1ª REGIÃO;8000099178364;Em cobrança;ATIVA AJUIZADA;DIV.ATIVA-CPMF;25/01/2008;SIM;1162244.74
NAO_PREVIDENCIARIO-000949;96000948000116;2439692.08;96.000.948/0001-16;Pessoa jurídica;PRINCIPAL;HORIZONTE TRANSPORTES S.A.;MG;6ª REGIÃO;8000099283093;Em cobrança;ATIVA A SER COBRADA;Receita da dívida ativa - Contribuição açúcar e álcool;17/09/2005;NAO;2439692.08
NAO_PREVIDENCIARIO-000950;96000949000160;1524587.15;96.000.949/0001-60;Pessoa jurídica;PRINCIPAL;INTEGRA TRANSPORTES LTDA;SE;5ª REGIÃO;8000099387822;Em cobrança;ATIVA A SER COBRADA;R D Ativa - Crédito Rural - Prog Nac Fortalec Agric Familiar;11/09/2018;NAO;1524587.15
NAO_PREVIDENCIARIO-000951;96000950000195;1487356.05;96.000.950/0001-95;Pessoa jurídica;PRINCIPAL;JARDINS TRANSPORTES LTDA;MS;MATO GROSSO DO SUL;8000099492551;Em cobrança;ATIVA A SER COBRADA;Receita da dívida ativa - PIS;14/12/2021;NAO;1487356.05
NAO_PREVIDENCIARIO-000952;96000951000130;1736091.08;96.000.951/0001-30;Pessoa jurídica;PRINCIPAL;MONTE ALTO TRANSPORTES S.A.;SP;3ª REGIÃO;8000099597280;Suspenso por decisão judicial;ATIVA NAO AJUIZAVEL COM EXIGIBILIDADE DO CREDITO SUSPENSA-DEC.JUDICIAL;Receita da dívida ativa - COFINS;05/05/2004;NAO;1736091.08
NAO_PREVIDENCIARIO-000953;;2140175.14;XXX438.888XX;Pessoa física;PRINCIPAL;CONTRIBUINTE FICTICIO 0953;MT;1ª REGIÃO;8000099702009;Em cobrança;ATIVA A SER COBRADA;Receita da dívida ativa - IRPJ;27/10/2009;NAO;2140175.14
NAO_PREVIDENCIARIO-000954;96000953000129;1569782.30;96.000.953/0001-29;Pessoa jurídica;PRINCIPAL;PIONEIRA TRANSPORTES LTDA;SC;4ª REGIÃO;8000099806738;Em cobrança;ATIVA NAO PRIORIZADA PARA AJUIZAMENTO;Receita da dívida ativa - CSLL;06/06/2026;SIM;1569782.30
NAO_PREVIDENCIARIO-000955;96000954000173;892340.35;96.000.954/0001-73;Pessoa jurídica;CORRESPONSAVEL;PLANALTO TRANSPORTES S.A.;MA;1ª REGIÃO;8000099911467;Em cobrança;ATIVA A SER COBRADA;Receita da dívida ativa - IRPF;04/04/2009;NAO;892340.35
NAO_PREVIDENCIARIO-000956;96000955000118;2179784.11;96.000.955/0001-18;Pessoa jurídica;PRINCIPAL;RIO CLARO TRANSPORTES LTDA;RR;RORAIMA;8000100016196;Em cobrança;ATIVA A SER COBRADA;Receita da dívida ativa - IRRF;17/03/2006;NAO;2179784.11
NAO_PREVIDENCIARIO-000957;96000956000162;111080.54;96.000.956/0001-62;Pessoa jurídica;PRINCIPAL;SERRA DOURADA TRANSPORTES LTDA;GO;1ª REGIÃO;8000100120925;Em cobrança;ATIVA A SER COBRADA;Receita da dívida ativa - Multa - CLT;25/10/2024;NAO;111080.54
NAO_PREVIDENCIARIO-000958;96000957000107;1583362.60;96.000.957/0001-07;Pessoa jurídica;PRINCIPAL;SOL NASCENTE TRANSPORTES S.A.;RO;1ª REGIÃO;8000100225654;Garantia;ATIVA AJUIZADA;DIV.ATIVA-CPMF;20/12/2004;SIM;1583362.60
NAO_PREVIDENCIARIO-000959;96000958000151;2416492.23;96.000.958/0001-51;Pessoa jurídica;PRINCIPAL;VALE FORTE TRANSPORTES LTDA;ES;2ª REGIÃO;8000100330383;Em cobrança;ATIVA A SER COBRADA;Receita da dívida ativa - Contribuição açúcar e álcool;04/12/2024;NAO;2416492.23
NAO_PREVIDENCIARIO-000960;;1502017.37;XXX494.321XX;Pessoa física;PRINCIPAL;CONTRIBUINTE FICTICIO 0960;RS;4ª REGIÃO;8000100435112;Em cobrança;ATIVA A SER COBRADA;R D Ativa - Crédito Rural - Prog Nac Fortalec Agric Familiar;13/05/2024;NAO;1502017.37
NAO_PREVIDENCIARIO-000961;96000960000120;2378456.96;96.000.960/0001-20;Pessoa jurídica;PRINCIPAL;ALVORADA ALIMENTOS S.A.;DF;DISTRITO FEDERAL;8000100539841;Em cobrança;ATIVA AJUIZADA;Receita da dívida ativa - PIS;30/05/2014;SIM;2378456.96
NAO_PREVIDENCIARIO-000962;96000961000175;758715.93;96.000.961/0001-75;Pessoa jurídica;PRINCIPAL;BOA VISTA ALIMENTOS LTDA;RN;5ª REGIÃO;8000100644570;Em cobrança;ATIVA A SER COBRADA;Receita da dívida ativa - COFINS;12/10/2021;NAO;758715.93
NAO_PREVIDENCIARIO-000963;96000962000110;1036622.42;96.000.962/0001-10;Pessoa jurídica;PRINCIPAL;CAMINHO VERDE ALIMENTOS LTDA;CE;5ª REGIÃO;8000100749299;Em cobrança;ATIVA A SER COBRADA;Receita da dívida ativa - IRPJ;27/09/2009;NAO;1036622.42
NAO_PREVIDENCIARIO-000964;96000963000164;1049725.47;96.000.963/0001-64;Pessoa jurídica;CORRESPONSAVEL;CAMPOS DO SUL ALIMENTOS S.A.;RJ;2ª REGIÃO;8000100854028;Em cobrança;ATIVA COM AJUIZAMENTO A SER PROSSEGUIDO;Receita da dívida ativa - CSLL;23/07/2016;SIM;1049725.47
NAO_PREVIDENCIARIO-000965;96000964000109;1879238.16;96.000.964/0001-09;Pessoa jurídica;PRINCIPAL;CERRADO ALIMENTOS LTDA;BA;1ª REGIÃO;8000100958757;Em cobrança;ATIVA A SER COBRADA;Receita da dívida ativa - IRPF;05/02/2010;NAO;1879238.16
NAO_PREVIDENCIARIO-000966;96000965000153;1538050.21;96.000.965/0001-53;Pessoa jurídica;PRINCIPAL;COSTA AZUL ALIMENTOS LTDA;PI;PIAUI;8000101063486;Benefício Fiscal;ATIVA AJUIZADA NEGOCIADA NO SISPAR;Receita da dívida ativa - IRRF;12/01/1999;SIM;1538050.21
NAO_PREVIDENCIARIO-000967;90000978000146;37811.78;90.000.978/0001-46;Pessoa jurídica;PRINCIPAL;CRUZEIRO ALIMENTOS S.A.;AM;1ª REGIÃO;8000101168215;Em cobrança;ATIVA A SER COBRADA;Receita da dívida ativa - Multa - CLT;10/06/2007;NAO;37811.78
NAO_PREVIDENCIARIO-000968;96000967000142;1837377.95;96.000.967/0001-42;Pessoa jurídica;PRINCIPAL;ESTRELA DO NORTE ALIMENTOS LTDA;PE;5ª REGIÃO;8000101272944;Em cobrança;ATIVA AJUIZADA;DIV.ATIVA-CPMF;04/10/2016;SIM;1837377.95
NAO_PREVIDENCIARIO-000969;96000968000197;2077706.62;96.000.968/0001-97;Pessoa jurídica;PRINCIPAL;HORIZONTE ALIMENTOS LTDA;AP;1ª REGIÃO;8000101377673;Em cobrança;ATIVA A SER COBRADA;Receita da dívida ativa - Contribuição açúcar e álcool;02/05/2000;NAO;2077706.62
NAO_PREVIDENCIARIO-000970;96000969000131;1082734.12;96.000.969/0001-31;Pessoa jurídica;PRINCIPAL;INTEGRA ALIMENTOS S.A.;PR;4ª REGIÃO;8000101482402;Em cobrança;ATIVA A SER COBRADA;R D Ativa - Crédito Rural - Prog Nac Fortalec Agric Familiar;24/09/2021;NAO;1082734.12
NAO_PREVIDENCIARIO-000971;96000970000166;1897856.81;96.000.970/0001-66;Pessoa jurídica;SOLIDARIO;JARDINS ALIMENTOS LTDA;AL;ALAGOAS;8000101587131;Em cobrança;ATIVA A SER COBRADA;Receita da dívida ativa - PIS;05/02/2012;NAO;1897856.81
NAO_PREVIDENCIARIO-000972;96000971000100;1407556.88;96.000.971/0001-00;Pessoa jurídica;PRINCIPAL;MONTE ALTO ALIMENTOS LTDA;PB;5ª REGIÃO;8000101691860;Suspenso por decisão judicial;ATIVA NAO AJUIZAVEL COM EXIGIBILIDADE DO CREDITO SUSPENSA-DEC.JUDICIAL;Receita da dívida ativa - COFINS;26/08/2009;NAO;1407556.88
NAO_PREVIDENCIARIO-000973;96000972000155;1366030.74;96.000.972/0001-55;Pessoa jurídica;CORRESPONSAVEL;NOVA ERA ALIMENTOS S.A.;AC;1ª REGIÃO;8000101796589;Em cobrança;ATIVA A SER COBRADA;Receita da dívida ativa - IRPJ;27/09/2006;NAO;1366030.74
NAO_PREVIDENCIARIO-000974;;2273481.59;XXX605.187XX;Pessoa física;PRINCIPAL;CONTRIBUINTE FICTICIO 0974;PA;1ª REGIÃO;8000101901318;Em cobrança;ATIVA NAO PRIORIZADA PARA AJUIZAMENTO;Receita da dívida ativa - CSLL;15/10/2020;SIM;2273481.59
NAO_PREVIDENCIARIO-000975;96000974000144;2452728.74;96.000.974/0001-44;Pessoa jurídica;PRINCIPAL;PLANALTO ALIMENTOS LTDA;TO;1ª REGIÃO;8000102006047;Em cobrança;ATIVA A SER COBRADA;Receita da dívida ativa - IRPF;07/06/2002;NAO;2452728.74
NAO_PREVIDENCIARIO-000976;96000975000199;222098.24;96.000.975/0001-99;Pessoa jurídica;PRINCIPAL;RIO CLARO ALIMENTOS S.A.;MG;MINAS GERAIS;8000102110776;Em cobrança;ATIVA A SER COBRADA;Receita da dívida ativa - IRRF;23/05/2006;NAO;222098.24
NAO_PREVIDENCIARIO-000977;96000976000133;744375.99;96.000.976/0001-33;Pessoa jurídica;PRINCIPAL;SERRA DOURADA ALIMENTOS LTDA;SE;5ª REGIÃO;8000102215505;Em cobrança;ATIVA A SER COBRADA;Receita da dívida ativa - Multa - CLT;01/05/2005;NAO;744375.99
NAO_PREVIDENCIARIO-000978;96000977000188;1743440.07;96.000.977/0001-88;Pessoa jurídica;PRINCIPAL;SOL NASCENTE ALIMENTOS LTDA;MS;1ª REGIÃO;8000102320234;Garantia;ATIVA AJUIZADA;DIV.ATIVA-CPMF;27/03/1999;SIM;1743440.07
NAO_PREVIDENCIARIO-000979;96000978000122;842146.56;96.000.978/0001-22;Pessoa jurídica;PRINCIPAL;VALE FORTE ALIMENTOS S.A.;SP;3ª REGIÃO;8000102424963;Em cobrança;ATIVA A SER COBRADA;Receita da dívida ativa - Contribuição açúcar e álcool;05/09/2020;NAO;842146.56
NAO_PREVIDENCIARIO-000980;96000979000177;85057.05;96.000.979/0001-77;Pessoa jurídica;PRINCIPAL;VILA NOVA ALIMENTOS LTDA;MT;1ª REGIÃO;8000102529692;Em cobrança;ATIVA A SER COBRADA;R D Ativa - Crédito Rural - Prog Nac Fortalec Agric Familiar;20/02/2008;NAO;85057.05
NAO_PREVIDENCIARIO-000981;;2282929.63;XXX660.620XX;Pessoa física;PRINCIPAL;CONTRIBUINTE FICTICIO 0981;SC;SANTA CATARINA;8000102634421;Em cobrança;ATIVA AJUIZADA;Receita da dívida ativa - PIS;18/04/2006;SIM;2282929.63
NAO_PREVIDENCIARIO-000982;96000981000146;2440762.47;96.000.981/0001-46;Pessoa jurídica;CORRESPONSAVEL;BOA VISTA COMERCIO E LOGISTICA S.A.;MA;1ª REGIÃO;8000102739150;Em cobrança;ATIVA A SER COBRADA;Receita da dívida ativa - COFINS;18/10/2003;NAO;2440762.47
NAO_PREVIDENCIARIO-000983;96000982000190;237063.61;96.000.982/0001-90;Pessoa jurídica;PRINCIPAL;CAMINHO VERDE COMERCIO E LOGISTICA LTDA;RR;1ª REGIÃO;8000102843879;Em cobrança;ATIVA A SER COBRADA;Receita da dívida ativa - IRPJ;15/01/2011;NAO;237063.61
NAO_PREVIDENCIARIO-000984;96000983000135;2096956.21;96.000.983/0001-35;Pessoa jurídica;PRINCIPAL;CAMPOS DO SUL COMERCIO E LOGISTICA LTDA;GO;1ª REGIÃO;8000102948608;Em cobrança;ATIVA COM AJUIZAMENTO A SER PROSSEGUIDO;Receita da dívida ativa - CSLL;24/11/1999;SIM;2096956.21
NAO_PREVIDENCIARIO-000985;96000984000180;865659.32;96.000.984/0001-80;Pessoa jurídica;PRINCIPAL;CERRADO COMERCIO E LOGISTICA S.A.;RO;1ª REGIÃO;8000103053337;Em cobrança;ATIVA A SER COBRADA;Receita da dívida ativa - IRPF;12/04/2007;NAO;865659.32
NAO_PREVIDENCIARIO-000986;96000985000124;724262.97;96.000.985/0001-24;Pessoa jurídica;PRINCIPAL;COSTA AZUL COMERCIO E LOGISTICA LTDA;ES;ESPIRITO SANTO;8000103158066;Benefício Fiscal;ATIVA AJUIZADA NEGOCIADA NO SISPAR;Receita da dívida ativa - IRRF;28/09/2012;SIM;724262.97
NAO_PREVIDENCIARIO-000987;96000986000179;1848888.06;96.000.986/0001-79;Pessoa jurídica;PRINCIPAL;CRUZEIRO COMERCIO E LOGISTICA LTDA;RS;4ª REGIÃO;8000103262795;Em cobrança;ATIVA A SER COBRADA;Receita da dívida ativa - Multa - CLT;20/01/2016;NAO;1848888.06
NAO_PREVIDENCIARIO-000988;;1640499.14;XXX716.053XX;Pessoa física;PRINCIPAL;CONTRIBUINTE FICTICIO 0988;DF;1ª REGIÃO;8000103367524;Em cobrança;ATIVA AJUIZADA;DIV.ATIVA-CPMF;01/02/2003;SIM;1640499.14
NAO_PREVIDENCIARIO-000989;90000991000103;1713465.43;90.000.991/0001-03;Pessoa jurídica;PRINCIPAL;HORIZONTE COMERCIO E LOGISTICA LTDA;RN;5ª REGIÃO;8000103472253;Em cobrança;ATIVA A SER COBRADA;Receita da dívida ativa - Contribuição açúcar e álcool;21/09/2019;NAO;1713465.43
NAO_PREVIDENCIARIO-000990;96000989000102;488376.46;96.000.989/0001-02;Pessoa jurídica;PRINCIPAL;INTEGRA COMERCIO E LOGISTICA LTDA;CE;5ª REGIÃO;8000103576982;Em cobrança;ATIVA A SER COBRADA;R D Ativa - Crédito Rural - Prog Nac Fortalec Agric Familiar;31/12/2024;NAO;488376.46
NAO_PREVIDENCIARIO-000991;96000990000137;2219717.08;96.000.990/0001-37;Pessoa jurídica;CORRESPONSAVEL;JARDINS COMERCIO E LOGISTICA S.A.;RJ;RIO DE JANEIRO;8000103681711;Em cobrança;ATIVA A SER COBRADA;Receita da dívida ativa - PIS;17/08/2018;NAO;2219717.08
NAO_PREVIDENCIARIO-000992;96000991000181;396306.14;96.000.991/0001-81;Pessoa jurídica;PRINCIPAL;MONTE ALTO COMERCIO E LOGISTICA LTDA;BA;1ª REGIÃO;8000103786440;Suspenso por decisão judicial;ATIVA NAO AJUIZAVEL COM EXIGIBILIDADE DO CREDITO SUSPENSA-DEC.JUDICIAL;Receita da dívida ativa - COFINS;16/12/2015;NAO;396306.14
NAO_PREVIDENCIARIO-000993;96000992000126;1191227.05;96.000.992/0001-26;Pessoa jurídica;PRINCIPAL;NOVA ERA COMERCIO E LOGISTICA LTDA;PI;1ª REGIÃO;8000103891169;Em cobrança;ATIVA A SER COBRADA;Receita da dívida ativa - IRPJ;19/09/2025;NAO;1191227.05
NAO_PREVIDENCIARIO-000994;96000993000170;1821201.78;96.000.993/0001-70;Pessoa jurídica;PRINCIPAL;PIONEIRA COMERCIO E LOGISTICA S.A.;AM;1ª REGIÃO;8000103995898;Em cobrança;ATIVA NAO PRIORIZADA PARA AJUIZAMENTO;Receita da dívida ativa - CSLL;18/07/2008;SIM;1821201.78
NAO_PREVIDENCIARIO-000995;;1293044.78;XXX771.486XX;Pessoa física;PRINCIPAL;CONTRIBUINTE FICTICIO 0995;PE;5ª REGIÃO;8000104100627;Em cobrança;ATIVA A SER COBRADA;Receita da dívida ativa - IRPF;04/07/1999;NAO;1293044.78
NAO_PREVIDENCIARIO-000996;96000995000160;391194.50;96.000.995/0001-60;Pessoa jurídica;PRINCIPAL;RIO CLARO COMERCIO E LOGISTICA LTDA;AP;AMAPA;8000104205356;Em cobrança;ATIVA A SER COBRADA;Receita da dívida ativa - IRRF;30/09/2012;NAO;391194.50
NAO_PREVIDENCIARIO-000997;96000996000104;893701.81;96.000.996/0001-04;Pessoa jurídica;PRINCIPAL;SERRA DOURADA COMERCIO E LOGISTICA S.A.;PR;4ª REGIÃO;8000104310085;Em cobrança;ATIVA A SER COBRADA;Receita da dívida ativa - Multa - CLT;29/11/2007;NAO;893701.81
NAO_PREVIDENCIARIO-000998;96000997000159;1692928.77;96.000.997/0001-59;Pessoa jurídica;PRINCIPAL;SOL NASCENTE COMERCIO E LOGISTICA LTDA;AL;5ª REGIÃO;8000104414814;Garantia;ATIVA AJUIZADA;DIV.ATIVA-CPMF;30/07/2021;SIM;1692928.77
NAO_PREVIDENCIARIO-000999;96000998000101;1266383.85;96.000.998/0001-01;Pessoa jurídica;PRINCIPAL;VALE FORTE COMERCIO E LOGISTICA LTDA;PB;5ª REGIÃO;8000104519543;Em cobrança;ATIVA A SER COBRADA;Receita da dívida ativa - Contribuição açúcar e álcool;20/10/2010;NAO;1266383.85
NAO_PREVIDENCIARIO-001000;96000999000148;77562.38;96.000.999/0001-48;Pessoa jurídica;CORRESPONSAVEL;VILA NOVA COMERCIO E LOGISTICA S.A.;AC;1ª REGIÃO;8000104624272;Em cobrança;ATIVA A SER COBRADA;R D Ativa - Crédito Rural - Prog Nac Fortalec Agric Familiar;12/08/2001;NAO;77562.38
