ID_REGISTRO_NORMALIZADO;CNPJ_NORMALIZADO;VALOR_NUMERICO;CPF_CNPJ;TIPO_PESSOA;TIPO_DEVEDOR;NOME_DEVEDOR;UF_DEVEDOR;UNIDADE_RESPONSAVEL;NUMERO_INSCRICAO;TIPO_SITUACAO_INSCRICAO;SITUACAO_INSCRICAO;TIPO_CREDITO;DATA_INSCRICAO;INDICADOR_AJUIZADO;VALOR_CONSOLIDADO
PREVIDENCIARIO-000001;95000000000106;654191.43;95.000.000/0001-06;Pessoa jurídica;Corresponsável;ALVORADA EQUIPAMENTOS LTDA;DF;1ª REGIÃO;600000000;Benefício Fiscal;CREDITO PREVIDENCIARIO SUB JUDICE;Não Informado;18/05/2013;SIM;654191.43
PREVIDENCIARIO-000002;95000001000142;1010753.25;95.000.001/0001-42;Pessoa jurídica;Principal;BOA VISTA EQUIPAMENTOS S.A.;SC;4ª REGIÃO;600000001;Garantia;AJUIZAMENTO   DISTRIBUICAO;OUTROS;05/05/2022;SIM;1010753.25
PREVIDENCIARIO-000003;95000002000197;554611.73;95.000.002/0001-97;Pessoa jurídica;Principal;CAMINHO VERDE EQUIPAMENTOS LTDA;PA;1ª REGIÃO;600000002;Em cobrança;NEGOCIADO NO SISPAR;OUTROS;15/06/2019;NAO;554611.73
PREVIDENCIARIO-000004;95000003000131;1071554.71;95.000.003/0001-31;Pessoa jurídica;Principal;CAMPOS DO SUL EQUIPAMENTOS LTDA;MG;6ª REGIÃO;600000003;Em cobrança;CREDITO EM DILIGENCIA NA AREA ADMINISTRATIVA;OUTROS;03/08/2021;NAO;1071554.71
PREVIDENCIARIO-000005;95000004000186;1466965.13;95.000.004/0001-86;Pessoa jurídica;Principal;CERRADO EQUIPAMENTOS S.A.;RO;1ª REGIÃO;600000004;Em cobrança;RETORNO DA DILIGENCIA;OUTROS;29/04/2016;NAO;1466965.13
PREVIDENCIARIO-000006;95000005000120;706332.98;95.000.005/0001-20;Pessoa jurídica;Principal;COSTA AZUL EQUIPAMENTOS LTDA;CE;5ª REGIÃO;600000005;Em cobrança;RETORNO A RFB PARA ANALISE;OUTROS;04/04/2019;NAO;706332.98
PREVIDENCIARIO-000007;95000006000175;150747.46;95.000.006/0001-75;Pessoa jurídica;Principal;CRUZEIRO EQUIPAMENTOS LTDA;RR;1ª REGIÃO;600000006;Em cobrança;PRE INSCRICAO DE CREDITO DE LDCG DCG;OUTROS;18/05/2026;NAO;150747.46
PREVIDENCIARIO-000008;95000007000110;351284.29;95.000.007/0001-10;Pessoa jurídica;Principal;ESTRELA DO NORTE EQUIPAMENTOS S.A.;GO;1ª REGIÃO;600000007;Garantia;CREDITO PREVIDENCIARIO SUB JUDICE;Não Informado;12/07/2019;SIM;351284.29
PREVIDENCIARIO-000009;95000008000164;1497653.08;95.000.008/0001-64;Pessoa jurídica;Principal;HORIZONTE EQUIPAMENTOS LTDA;TO;1ª REGIÃO;600000008;Garantia;AJUIZAMENTO   DISTRIBUICAO;OUTROS;31/03/2017;SIM;1497653.08
PREVIDENCIARIO-000010;95000009000109;912502.54;95.000.009/0001-09;Pessoa jurídica;Principal;INTEGRA EQUIPAMENTOS LTDA;PI;1ª REGIÃO;600000009;Em cobrança;NEGOCIADO NO SISPAR;OUTROS;15/02/2013;NAO;912502.54
PREVIDENCIARIO-000011;95000010000133;574077.01;95.000.010/0001-33;Pessoa jurídica;Principal;JARDINS EQUIPAMENTOS S.A.;PR;4ª REGIÃO;600000010;Em cobrança;CREDITO EM DILIGENCIA NA AREA ADMINISTRATIVA;OUTROS;23/09/2019;NAO;574077.01
PREVIDENCIARIO-000012;90000000000184;1248508.05;90.000.000/0001-84;Pessoa jurídica;Principal;MONTE ALTO EQUIPAMENTOS LTDA;AM;1ª REGIÃO;600000011;Em cobrança;RETORNO DA DILIGENCIA;OUTROS;16/06/2013;NAO;1248508.05
PREVIDENCIARIO-000013;95000012000122;236091.02;95.000.012/0001-22;Pessoa jurídica;Principal;NOVA ERA EQUIPAMENTOS LTDA;MS;1ª REGIÃO;600000012;Em cobrança;RETORNO A RFB PARA ANALISE;OUTROS;20/02/2026;NAO;236091.02
PREVIDENCIARIO-000014;95000013000177;1102369.77;95.000.013/0001-77;Pessoa jurídica;Principal;PIONEIRA EQUIPAMENTOS S.A.;MT;1ª REGIÃO;600000013;Em cobrança;PRE INSCRICAO DE CREDITO DE LDCG DCG;OUTROS;28/02/2025;NAO;1102369.77
PREVIDENCIARIO-000015;95000014000111;415613.86;95.000.014/0001-11;Pessoa jurídica;Principal;PLANALTO EQUIPAMENTOS LTDA;BA;1ª REGIÃO;600000014;Garantia;CREDITO PREVIDENCIARIO SUB JUDICE;Não Informado;18/01/2012;SIM;415613.86
PREVIDENCIARIO-000016;95000015000166;508653.74;95.000.015/0001-66;Pessoa jurídica;Principal;RIO CLARO EQUIPAMENTOS LTDA;AC;1ª REGIÃO;600000015;Garantia;AJUIZAMENTO   DISTRIBUICAO;OUTROS;12/04/2011;SIM;508653.74
PREVIDENCIARIO-000017;95000016000100;530421.17;95.000.016/0001-00;Pessoa jurídica;Principal;SERRA DOURADA EQUIPAMENTOS S.A.;PE;5ª REGIÃO;600000016;Em cobrança;NEGOCIADO NO SISPAR;OUTROS;21/03/2021;NAO;530421.17
PREVIDENCIARIO-000018;95000017000155;572655.66;95.000.017/0001-55;Pessoa jurídica;Principal;SOL NASCENTE EQUIPAMENTOS LTDA;AP;1ª REGIÃO;600000017;Em cobrança;CREDITO EM DILIGENCIA NA AREA ADMINISTRATIVA;OUTROS;01/07/2016;NAO;572655.66
PREVIDENCIARIO-000019;95000018000108;1356665.15;95.000.018/0001-08;Pessoa jurídica;Principal;VALE FORTE EQUIPAMENTOS LTDA;MA;1ª REGIÃO;600000018;Em cobrança;RETORNO DA DILIGENCIA;OUTROS;30/08/2022;NAO;1356665.15
PREVIDENCIARIO-000020;95000019000144;396400.29;95.000.019/0001-44;Pessoa jurídica;Principal;VILA NOVA EQUIPAMENTOS S.A.;SP;3ª REGIÃO;600000019;Benefício Fiscal;RETORNO A RFB PARA ANALISE;OUTROS;06/08/2007;NAO;396400.29
PREVIDENCIARIO-000021;95000020000179;575999.46;95.000.020/0001-79;Pessoa jurídica;Principal;ALVORADA INDUSTRIA FLORESTAL LTDA;DF;1ª REGIÃO;600000020;Em cobrança;PRE INSCRICAO DE CREDITO DE LDCG DCG;OUTROS;17/03/2006;NAO;575999.46
PREVIDENCIARIO-000022;95000021000113;297815.66;95.000.021/0001-13;Pessoa jurídica;Principal;BOA VISTA INDUSTRIA FLORESTAL LTDA;SC;4ª REGIÃO;600000021;Garantia;CREDITO PREVIDENCIARIO SUB JUDICE;Não Informado;18/08/2007;SIM;297815.66
PREVIDENCIARIO-000023;95000022000168;579529.58;95.000.022/0001-68;Pessoa jurídica;Principal;CAMINHO VERDE INDUSTRIA FLORESTAL S.A.;PA;1ª REGIÃO;600000022;Garantia;AJUIZAMENTO   DISTRIBUICAO;OUTROS;23/09/2014;SIM;579529.58
PREVIDENCIARIO-000024;95000023000102;848614.70;95.000.023/0001-02;Pessoa jurídica;Principal;CAMPOS DO SUL INDUSTRIA FLORESTAL LTDA;MG;6ª REGIÃO;600000023;Em cobrança;NEGOCIADO NO SISPAR;OUTROS;17/10/2009;NAO;848614.70
PREVIDENCIARIO-000025;95000024000157;995034.00;95.000.024/0001-57;Pessoa jurídica;Principal;CERRADO INDUSTRIA FLORESTAL LTDA;RO;1ª REGIÃO;600000024;Em cobrança;CREDITO EM DILIGENCIA NA AREA ADMINISTRATIVA;OUTROS;15/11/2009;NAO;995034.00
PREVIDENCIARIO-000026;95000025000100;1128642.23;95.000.025/0001-00;Pessoa jurídica;Principal;COSTA AZUL INDUSTRIA FLORESTAL S.A.;CE;5ª REGIÃO;600000025;Em cobrança;RETORNO DA DILIGENCIA;OUTROS;05/11/2021;NAO;1128642.23
PREVIDENCIARIO-000027;95000026000146;1268326.48;95.000.026/0001-46;Pessoa jurídica;Principal;CRUZEIRO INDUSTRIA FLORESTAL LTDA;RR;1ª REGIÃO;600000026;Em cobrança;RETORNO A RFB PARA ANALISE;OUTROS;22/12/2010;NAO;1268326.48
PREVIDENCIARIO-000028;95000027000190;1469070.18;95.000.027/0001-90;Pessoa jurídica;Principal;ESTRELA DO NORTE INDUSTRIA FLORESTAL LTDA;GO;1ª REGIÃO;600000027;Em cobrança;PRE INSCRICAO DE CREDITO DE LDCG DCG;OUTROS;02/02/2017;NAO;1469070.18
PREVIDENCIARIO-000029;95000028000135;12354.79;95.000.028/0001-35;Pessoa jurídica;Principal;HORIZONTE INDUSTRIA FLORESTAL S.A.;TO;1ª REGIÃO;600000028;Garantia;CREDITO PREVIDENCIARIO SUB JUDICE;Não Informado;25/04/2006;SIM;12354.79
PREVIDENCIARIO-000030;95000029000180;1334748.60;95.000.029/0001-80;Pessoa jurídica;Principal;INTEGRA INDUSTRIA FLORESTAL LTDA;PI;1ª REGIÃO;600000029;Garantia;AJUIZAMENTO   DISTRIBUICAO;OUTROS;07/09/2024;SIM;1334748.60
PREVIDENCIARIO-000031;95000030000104;708056.16;95.000.030/0001-04;Pessoa jurídica;Principal;JARDINS INDUSTRIA FLORESTAL LTDA;PR;4ª REGIÃO;600000030;Em cobrança;NEGOCIADO NO SISPAR;OUTROS;20/09/2022;NAO;708056.16
PREVIDENCIARIO-000032;95000031000159;1367345.60;95.000.031/0001-59;Pessoa jurídica;Principal;MONTE ALTO INDUSTRIA FLORESTAL S.A.;AM;1ª REGIÃO;600000031;Em cobrança;CREDITO EM DILIGENCIA NA AREA ADMINISTRATIVA;OUTROS;17/01/2017;NAO;1367345.60
PREVIDENCIARIO-000033;95000032000101;722514.75;95.000.032/0001-01;Pessoa jurídica;Principal;NOVA ERA INDUSTRIA FLORESTAL LTDA;MS;1ª REGIÃO;600000032;Em cobrança;RETORNO DA DILIGENCIA;OUTROS;23/11/2013;NAO;722514.75
PREVIDENCIARIO-000034;90000003000118;989433.80;90.000.003/0001-18;Pessoa jurídica;Principal;PIONEIRA INDUSTRIA FLORESTAL LTDA;MT;1ª REGIÃO;600000033;Em cobrança;RETORNO A RFB PARA ANALISE;OUTROS;04/10/2009;NAO;989433.80
PREVIDENCIARIO-000035;95000034000192;972891.53;95.000.034/0001-92;Pessoa jurídica;Principal;PLANALTO INDUSTRIA FLORESTAL S.A.;BA;1ª REGIÃO;600000034;Em cobrança;PRE INSCRICAO DE CREDITO DE LDCG DCG;OUTROS;07/02/2007;NAO;972891.53
PREVIDENCIARIO-000036;95000035000137;1341006.15;95.000.035/0001-37;Pessoa jurídica;Principal;RIO CLARO INDUSTRIA FLORESTAL LTDA;AC;1ª REGIÃO;600000035;Garantia;CREDITO PREVIDENCIARIO SUB JUDICE;Não Informado;17/01/2021;SIM;1341006.15
PREVIDENCIARIO-000037;95000036000181;454221.86;95.000.036/0001-81;Pessoa jurídica;Principal;SERRA DOURADA INDUSTRIA FLORESTAL LTDA;PE;5ª REGIÃO;600000036;Garantia;AJUIZAMENTO   DISTRIBUICAO;OUTROS;29/06/2007;SIM;454221.86
PREVIDENCIARIO-000038;95000037000126;1199329.01;95.000.037/0001-26;Pessoa jurídica;Corresponsável;SOL NASCENTE INDUSTRIA FLORESTAL S.A.;AP;1ª REGIÃO;600000037;Em cobrança;NEGOCIADO NO SISPAR;OUTROS;02/02/2016;NAO;1199329.01
PREVIDENCIARIO-000039;95000038000170;212100.94;95.000.038/0001-70;Pessoa jurídica;Principal;VALE FORTE INDUSTRIA FLORESTAL LTDA;MA;1ª REGIÃO;600000038;Benefício Fiscal;CREDITO EM DILIGENCIA NA AREA ADMINISTRATIVA;OUTROS;09/06/2024;NAO;212100.94
PREVIDENCIARIO-000040;95000039000115;902565.22;95.000.039/0001-15;Pessoa jurídica;Principal;VILA NOVA INDUSTRIA FLORESTAL LTDA;SP;3ª REGIÃO;600000039;Em cobrança;RETORNO DA DILIGENCIA;OUTROS;04/10/2009;NAO;902565.22
PREVIDENCIARIO-000041;95000040000140;1224302.71;95.000.040/0001-40;Pessoa jurídica;Principal;ALVORADA MINERACAO S.A.;DF;1ª REGIÃO;600000040;Em cobrança;RETORNO A RFB PARA ANALISE;OUTROS;05/05/2009;NAO;1224302.71
PREVIDENCIARIO-000042;95000041000194;1178225.03;95.000.041/0001-94;Pessoa jurídica;Principal;BOA VISTA MINERACAO LTDA;SC;4ª REGIÃO;600000041;Em cobrança;PRE INSCRICAO DE CREDITO DE LDCG DCG;OUTROS;22/06/2012;NAO;1178225.03
PREVIDENCIARIO-000043;95000042000139;526402.26;95.000.042/0001-39;Pessoa jurídica;Principal;CAMINHO VERDE MINERACAO LTDA;PA;1ª REGIÃO;600000042;Garantia;CREDITO PREVIDENCIARIO SUB JUDICE;Não Informado;19/06/2015;SIM;526402.26
PREVIDENCIARIO-000044;95000043000183;649127.61;95.000.043/0001-83;Pessoa jurídica;Principal;CAMPOS DO SUL MINERACAO S.A.;MG;6ª REGIÃO;600000043;Garantia;AJUIZAMENTO   DISTRIBUICAO;OUTROS;12/01/2025;SIM;649127.61
PREVIDENCIARIO-000045;95000044000128;789297.21;95.000.044/0001-28;Pessoa jurídica;Principal;CERRADO MINERACAO LTDA;RO;1ª REGIÃO;600000044;Em cobrança;NEGOCIADO NO SISPAR;OUTROS;23/09/2014;NAO;789297.21
PREVIDENCIARIO-000046;95000045000172;663581.12;95.000.045/0001-72;Pessoa jurídica;Principal;COSTA AZUL MINERACAO LTDA;CE;5ª REGIÃO;600000045;Em cobrança;CREDITO EM DILIGENCIA NA AREA ADMINISTRATIVA;OUTROS;21/03/2014;NAO;663581.12
PREVIDENCIARIO-000047;95000046000117;941048.29;95.000.046/0001-17;Pessoa jurídica;Principal;CRUZEIRO MINERACAO S.A.;RR;1ª REGIÃO;600000046;Em cobrança;RETORNO DA DILIGENCIA;OUTROS;12/02/2015;NAO;941048.29
PREVIDENCIARIO-000048;95000047000161;976513.91;95.000.047/0001-61;Pessoa jurídica;Principal;ESTRELA DO NORTE MINERACAO LTDA;GO;1ª REGIÃO;600000047;Em cobrança;RETORNO A RFB PARA ANALISE;OUTROS;05/05/2021;NAO;976513.91
PREVIDENCIARIO-000049;95000048000106;287484.54;95.000.048/0001-06;Pessoa jurídica;Principal;HORIZONTE MINERACAO LTDA;TO;1ª REGIÃO;600000048;Em cobrança;PRE INSCRICAO DE CREDITO DE LDCG DCG;OUTROS;25/04/2010;NAO;287484.54
PREVIDENCIARIO-000050;95000049000150;177214.99;95.000.049/0001-50;Pessoa jurídica;Principal;INTEGRA MINERACAO S.A.;PI;1ª REGIÃO;600000049;Garantia;CREDITO PREVIDENCIARIO SUB JUDICE;Não Informado;24/11/2023;SIM;177214.99
PREVIDENCIARIO-000051;95000050000185;970543.29;95.000.050/0001-85;Pessoa jurídica;Principal;JARDINS MINERACAO LTDA;PR;4ª REGIÃO;600000050;Garantia;AJUIZAMENTO   DISTRIBUICAO;OUTROS;02/09/2007;SIM;970543.29
PREVIDENCIARIO-000052;95000051000120;137266.18;95.000.051/0001-20;Pessoa jurídica;Principal;MONTE ALTO MINERACAO LTDA;AM;1ª REGIÃO;600000051;Em cobrança;NEGOCIADO NO SISPAR;OUTROS;29/01/2014;NAO;137266.18
PREVIDENCIARIO-000053;95000052000174;1476740.40;95.000.052/0001-74;Pessoa jurídica;Principal;NOVA ERA MINERACAO S.A.;MS;1ª REGIÃO;600000052;Em cobrança;CREDITO EM DILIGENCIA NA AREA ADMINISTRATIVA;OUTROS;09/09/2020;NAO;1476740.40
PREVIDENCIARIO-000054;95000053000119;629874.15;95.000.053/0001-19;Pessoa jurídica;Principal;PIONEIRA MINERACAO LTDA;MT;1ª REGIÃO;600000053;Em cobrança;RETORNO DA DILIGENCIA;OUTROS;03/02/2011;NAO;629874.15
PREVIDENCIARIO-000055;95000054000163;1277690.90;95.000.054/0001-63;Pessoa jurídica;Principal;PLANALTO MINERACAO LTDA;BA;1ª REGIÃO;600000054;Em cobrança;RETORNO A RFB PARA ANALISE;OUTROS;05/01/2025;NAO;1277690.90
PREVIDENCIARIO-000056;90000018000186;640734.86;90.000.018/0001-86;Pessoa jurídica;Principal;RIO CLARO MINERACAO S.A.;AC;1ª REGIÃO;600000055;Em cobrança;PRE INSCRICAO DE CREDITO DE LDCG DCG;OUTROS;01/12/2008;NAO;640734.86
PREVIDENCIARIO-000057;95000056000152;1066725.49;95.000.056/0001-52;Pessoa jurídica;Principal;SERRA DOURADA MINERACAO LTDA;PE;5ª REGIÃO;600000056;Garantia;CREDITO PREVIDENCIARIO SUB JUDICE;Não Informado;19/03/2011;SIM;1066725.49
PREVIDENCIARIO-000058;95000057000105;769988.39;95.000.057/0001-05;Pessoa jurídica;Principal;SOL NASCENTE MINERACAO LTDA;AP;1ª REGIÃO;600000057;Benefício Fiscal;AJUIZAMENTO   DISTRIBUICAO;OUTROS;13/01/2017;SIM;769988.39
PREVIDENCIARIO-000059;95000058000141;1426973.18;95.000.058/0001-41;Pessoa jurídica;Principal;VALE FORTE MINERACAO S.A.;MA;1ª REGIÃO;600000058;Em cobrança;NEGOCIADO NO SISPAR;OUTROS;17/03/2015;NAO;1426973.18
PREVIDENCIARIO-000060;95000059000196;1499746.92;95.000.059/0001-96;Pessoa jurídica;Principal;VILA NOVA MINERACAO LTDA;SP;3ª REGIÃO;600000059;Em cobrança;CREDITO EM DILIGENCIA NA AREA ADMINISTRATIVA;OUTROS;06/02/2013;NAO;1499746.92
PREVIDENCIARIO-000061;95000060000110;141805.23;95.000.060/0001-10;Pessoa jurídica;Principal;ALVORADA OBRAS E SERVICOS LTDA;DF;1ª REGIÃO;600000060;Em cobrança;RETORNO DA DILIGENCIA;OUTROS;10/06/2012;NAO;141805.23
PREVIDENCIARIO-000062;95000061000165;1474803.62;95.000.061/0001-65;Pessoa jurídica;Principal;BOA VISTA OBRAS E SERVICOS S.A.;SC;4ª REGIÃO;600000061;Em cobrança;RETORNO A RFB PARA ANALISE;OUTROS;24/10/2018;NAO;1474803.62
PREVIDENCIARIO-000063;95000062000100;731061.00;95.000.062/0001-00;Pessoa jurídica;Principal;CAMINHO VERDE OBRAS E SERVICOS LTDA;PA;1ª REGIÃO;600000062;Em cobrança;PRE INSCRICAO DE CREDITO DE LDCG DCG;OUTROS;04/09/2018;NAO;731061.00
PREVIDENCIARIO-000064;95000063000154;319055.32;95.000.063/0001-54;Pessoa jurídica;Principal;CAMPOS DO SUL OBRAS E SERVICOS LTDA;MG;6ª REGIÃO;600000063;Garantia;CREDITO PREVIDENCIARIO SUB JUDICE;Não Informado;20/03/2021;SIM;319055.32
PREVIDENCIARIO-000065;95000064000107;180400.71;95.000.064/0001-07;Pessoa jurídica;Principal;CERRADO OBRAS E SERVICOS S.A.;RO;1ª REGIÃO;600000064;Garantia;AJUIZAMENTO   DISTRIBUICAO;OUTROS;07/12/2014;SIM;180400.71
PREVIDENCIARIO-000066;95000065000143;387196.85;95.000.065/0001-43;Pessoa jurídica;Principal;COSTA AZUL OBRAS E SERVICOS LTDA;CE;5ª REGIÃO;600000065;Em cobrança;NEGOCIADO NO SISPAR;OUTROS;16/12/2025;NAO;387196.85
PREVIDENCIARIO-000067;95000066000198;690755.64;95.000.066/0001-98;Pessoa jurídica;Principal;CRUZEIRO OBRAS E SERVICOS LTDA;RR;1ª REGIÃO;600000066;Em cobrança;CREDITO EM DILIGENCIA NA AREA ADMINISTRATIVA;OUTROS;18/03/2007;NAO;690755.64
PREVIDENCIARIO-000068;95000067000132;726469.61;95.000.067/0001-32;Pessoa jurídica;Principal;ESTRELA DO NORTE OBRAS E SERVICOS S.A.;GO;1ª REGIÃO;600000067;Em cobrança;RETORNO DA DILIGENCIA;OUTROS;03/06/2018;NAO;726469.61
PREVIDENCIARIO-000069;95000068000187;667770.97;95.000.068/0001-87;Pessoa jurídica;Principal;HORIZONTE OBRAS E SERVICOS LTDA;TO;1ª REGIÃO;600000068;Em cobrança;RETORNO A RFB PARA ANALISE;OUTROS;20/02/2021;NAO;667770.97
PREVIDENCIARIO-000070;95000069000121;893372.54;95.000.069/0001-21;Pessoa jurídica;Principal;INTEGRA OBRAS E SERVICOS LTDA;PI;1ª REGIÃO;600000069;Em cobrança;PRE INSCRICAO DE CREDITO DE LDCG DCG;OUTROS;23/07/2022;NAO;893372.54
PREVIDENCIARIO-000071;95000070000156;30161.63;95.000.070/0001-56;Pessoa jurídica;Principal;JARDINS OBRAS E SERVICOS S.A.;PR;4ª REGIÃO;600000070;Garantia;CREDITO PREVIDENCIARIO SUB JUDICE;Não Informado;10/02/2009;SIM;30161.63
PREVIDENCIARIO-000072;95000071000109;1151467.90;95.000.071/0001-09;Pessoa jurídica;Principal;MONTE ALTO OBRAS E SERVICOS LTDA;AM;1ª REGIÃO;600000071;Garantia;AJUIZAMENTO   DISTRIBUICAO;OUTROS;17/08/2022;SIM;1151467.90
PREVIDENCIARIO-000073;95000072000145;1301626.44;95.000.072/0001-45;Pessoa jurídica;Principal;NOVA ERA OBRAS E SERVICOS LTDA;MS;1ª REGIÃO;600000072;Em cobrança;NEGOCIADO NO SISPAR;OUTROS;06/02/2018;NAO;1301626.44
PREVIDENCIARIO-000074;95000073000190;948340.10;95.000.073/0001-90;Pessoa jurídica;Principal;PIONEIRA OBRAS E SERVICOS S.A.;MT;1ª REGIÃO;600000073;Em cobrança;CREDITO EM DILIGENCIA NA AREA ADMINISTRATIVA;OUTROS;21/10/2012;NAO;948340.10
PREVIDENCIARIO-000075;95000074000134;323490.85;95.000.074/0001-34;Pessoa jurídica;Corresponsável;PLANALTO OBRAS E SERVICOS LTDA;BA;1ª REGIÃO;600000074;Em cobrança;RETORNO DA DILIGENCIA;OUTROS;14/02/2026;NAO;323490.85
PREVIDENCIARIO-000076;95000075000189;944089.99;95.000.075/0001-89;Pessoa jurídica;Principal;RIO CLARO OBRAS E SERVICOS LTDA;AC;1ª REGIÃO;600000075;Em cobrança;RETORNO A RFB PARA ANALISE;OUTROS;16/03/2015;NAO;944089.99
PREVIDENCIARIO-000077;95000076000123;1292073.65;95.000.076/0001-23;Pessoa jurídica;Principal;SERRA DOURADA OBRAS E SERVICOS S.A.;PE;5ª REGIÃO;600000076;Benefício Fiscal;PRE INSCRICAO DE CREDITO DE LDCG DCG;OUTROS;18/04/2021;NAO;1292073.65
PREVIDENCIARIO-000078;90000020000155;741372.70;90.000.020/0001-55;Pessoa jurídica;Principal;SOL NASCENTE OBRAS E SERVICOS LTDA;AP;1ª REGIÃO;600000077;Garantia;CREDITO PREVIDENCIARIO SUB JUDICE;Não Informado;13/07/2019;SIM;741372.70
PREVIDENCIARIO-000079;95000078000112;1217697.88;95.000.078/0001-12;Pessoa jurídica;Principal;VALE FORTE OBRAS E SERVICOS LTDA;MA;1ª REGIÃO;600000078;Garantia;AJUIZAMENTO   DISTRIBUICAO;OUTROS;13/07/2021;SIM;1217697.88
PREVIDENCIARIO-000080;95000079000167;1338611.78;95.000.079/0001-67;Pessoa jurídica;Principal;VILA NOVA OBRAS E SERVICOS S.A.;SP;3ª REGIÃO;600000079;Em cobrança;NEGOCIADO NO SISPAR;OUTROS;03/02/2018;NAO;1338611.78
PREVIDENCIARIO-000081;95000080000191;254991.27;95.000.080/0001-91;Pessoa jurídica;Principal;ALVORADA PRODUTOS AGRICOLAS LTDA;DF;1ª REGIÃO;600000080;Em cobrança;CREDITO EM DILIGENCIA NA AREA ADMINISTRATIVA;OUTROS;11/10/2017;NAO;254991.27
PREVIDENCIARIO-000082;95000081000136;707147.30;95.000.081/0001-36;Pessoa jurídica;Principal;BOA VISTA PRODUTOS AGRICOLAS LTDA;SC;4ª REGIÃO;600000081;Em cobrança;RETORNO DA DILIGENCIA;OUTROS;18/03/2014;NAO;707147.30
PREVIDENCIARIO-000083;95000082000180;247946.62;95.000.082/0001-80;Pessoa jurídica;Principal;CAMINHO VERDE PRODUTOS AGRICOLAS S.A.;PA;1ª REGIÃO;600000082;Em cobrança;RETORNO A RFB PARA ANALISE;OUTROS;26/06/2022;NAO;247946.62
PREVIDENCIARIO-000084;95000083000125;1262000.98;95.000.083/0001-25;Pessoa jurídica;Principal;CAMPOS DO SUL PRODUTOS AGRICOLAS LTDA;MG;6ª REGIÃO;600000083;Em cobrança;PRE INSCRICAO DE CREDITO DE LDCG DCG;OUTROS;07/06/2016;NAO;1262000.98
PREVIDENCIARIO-000085;95000084000170;698837.27;95.000.084/0001-70;Pessoa jurídica;Principal;CERRADO PRODUTOS AGRICOLAS LTDA;RO;1ª REGIÃO;600000084;Garantia;CREDITO PREVIDENCIARIO SUB JUDICE;Não Informado;17/06/2023;SIM;698837.27
PREVIDENCIARIO-000086;95000085000114;380465.93;95.000.085/0001-14;Pessoa jurídica;Principal;COSTA AZUL PRODUTOS AGRICOLAS S.A.;CE;5ª REGIÃO;600000085;Garantia;AJUIZAMENTO   DISTRIBUICAO;OUTROS;04/12/2014;SIM;380465.93
PREVIDENCIARIO-000087;95000086000169;245308.12;95.000.086/0001-69;Pessoa jurídica;Principal;CRUZEIRO PRODUTOS AGRICOLAS LTDA;RR;1ª REGIÃO;600000086;Em cobrança;NEGOCIADO NO SISPAR;OUTROS;27/01/2014;NAO;245308.12
PREVIDENCIARIO-000088;95000087000103;1484453.97;95.000.087/0001-03;Pessoa jurídica;Principal;ESTRELA DO NORTE PRODUTOS AGRICOLAS LTDA;GO;1ª REGIÃO;600000087;Em cobrança;CREDITO EM DILIGENCIA NA AREA ADMINISTRATIVA;OUTROS;16/02/2006;NAO;1484453.97
PREVIDENCIARIO-000089;95000088000158;107287.43;95.000.088/0001-58;Pessoa jurídica;Principal;HORIZONTE PRODUTOS AGRICOLAS S.A.;TO;1ª REGIÃO;600000088;Em cobrança;RETORNO DA DILIGENCIA;OUTROS;08/03/2018;NAO;107287.43
PREVIDENCIARIO-000090;95000089000100;1093958.24;95.000.089/0001-00;Pessoa jurídica;Principal;INTEGRA PRODUTOS AGRICOLAS LTDA;PI;1ª REGIÃO;600000089;Em cobrança;RETORNO A RFB PARA ANALISE;OUTROS;21/04/2008;NAO;1093958.24
PREVIDENCIARIO-000091;95000090000127;341489.71;95.000.090/0001-27;Pessoa jurídica;Principal;JARDINS PRODUTOS AGRICOLAS LTDA;PR;4ª REGIÃO;600000090;Em cobrança;PRE INSCRICAO DE CREDITO DE LDCG DCG;OUTROS;30/01/2012;NAO;341489.71
PREVIDENCIARIO-000092;95000091000171;615313.99;95.000.091/0001-71;Pessoa jurídica;Principal;MONTE ALTO PRODUTOS AGRICOLAS S.A.;AM;1ª REGIÃO;600000091;Garantia;CREDITO PREVIDENCIARIO SUB JUDICE;Não Informado;19/11/2015;SIM;615313.99
PREVIDENCIARIO-000093;95000092000116;1112005.07;95.000.092/0001-16;Pessoa jurídica;Principal;NOVA ERA PRODUTOS AGRICOLAS LTDA;MS;1ª REGIÃO;600000092;Garantia;AJUIZAMENTO   DISTRIBUICAO;OUTROS;14/06/2016;SIM;1112005.07
PREVIDENCIARIO-000094;95000093000160;521165.30;95.000.093/0001-60;Pessoa jurídica;Principal;PIONEIRA PRODUTOS AGRICOLAS LTDA;MT;1ª REGIÃO;600000093;Em cobrança;NEGOCIADO NO SISPAR;OUTROS;29/11/2017;NAO;521165.30
PREVIDENCIARIO-000095;95000094000105;564595.30;95.000.094/0001-05;Pessoa jurídica;Principal;PLANALTO PRODUTOS AGRICOLAS S.A.;BA;1ª REGIÃO;600000094;Em cobrança;CREDITO EM DILIGENCIA NA AREA ADMINISTRATIVA;OUTROS;30/06/2013;NAO;564595.30
PREVIDENCIARIO-000096;95000095000150;940770.56;95.000.095/0001-50;Pessoa jurídica;Principal;RIO CLARO PRODUTOS AGRICOLAS LTDA;AC;1ª REGIÃO;600000095;Benefício Fiscal;RETORNO DA DILIGENCIA;OUTROS;02/10/2017;NAO;940770.56
PREVIDENCIARIO-000097;95000096000102;763342.00;95.000.096/0001-02;Pessoa jurídica;Principal;SERRA DOURADA PRODUTOS AGRICOLAS LTDA;PE;5ª REGIÃO;600000096;Em cobrança;RETORNO A RFB PARA ANALISE;OUTROS;03/12/2015;NAO;763342.00
PREVIDENCIARIO-000098;95000097000149;60804.60;95.000.097/0001-49;Pessoa jurídica;Principal;SOL NASCENTE PRODUTOS AGRICOLAS S.A.;AP;1ª REGIÃO;600000097;Em cobrança;PRE INSCRICAO DE CREDITO DE LDCG DCG;OUTROS;26/02/2018;NAO;60804.60
PREVIDENCIARIO-000099;95000098000193;529817.05;95.000.098/0001-93;Pessoa jurídica;Principal;VALE FORTE PRODUTOS AGRICOLAS LTDA;MA;1ª REGIÃO;600000098;Garantia;CREDITO PREVIDENCIARIO SUB JUDICE;Não Informado;14/03/2018;SIM;529817.05
PREVIDENCIARIO-000100;95000099000138;108140.12;95.000.099/0001-38;Pessoa jurídica;Principal;VILA NOVA PRODUTOS AGRICOLAS LTDA;SP;3ª REGIÃO;600000099;Garantia;AJUIZAMENTO   DISTRIBUICAO;OUTROS;04/08/2005;SIM;108140.12
PREVIDENCIARIO-000101;90000032000180;890570.79;90.000.032/0001-80;Pessoa jurídica;Principal;ALVORADA SERVICOS AMBIENTAIS S.A.;DF;1ª REGIÃO;600000100;Em cobrança;NEGOCIADO NO SISPAR;OUTROS;30/01/2017;NAO;890570.79
PREVIDENCIARIO-000102;95000101000179;1067016.40;95.000.101/0001-79;Pessoa jurídica;Principal;BOA VISTA SERVICOS AMBIENTAIS LTDA;SC;4ª REGIÃO;600000101;Em cobrança;CREDITO EM DILIGENCIA NA AREA ADMINISTRATIVA;OUTROS;06/02/2016;NAO;1067016.40
PREVIDENCIARIO-000103;95000102000113;1223258.16;95.000.102/0001-13;Pessoa jurídica;Principal;CAMINHO VERDE SERVICOS AMBIENTAIS LTDA;PA;1ª REGIÃO;600000102;Em cobrança;RETORNO DA DILIGENCIA;OUTROS;03/06/2014;NAO;1223258.16
PREVIDENCIARIO-000104;95000103000168;150427.98;95.000.103/0001-68;Pessoa jurídica;Principal;CAMPOS DO SUL SERVICOS AMBIENTAIS S.A.;MG;6ª REGIÃO;600000103;Em cobrança;RETORNO A RFB PARA ANALISE;OUTROS;02/01/2005;NAO;150427.98
PREVIDENCIARIO-000105;95000104000102;559448.19;95.000.104/0001-02;Pessoa jurídica;Principal;CERRADO SERVICOS AMBIENTAIS LTDA;RO;1ª REGIÃO;600000104;Em cobrança;PRE INSCRICAO DE CREDITO DE LDCG DCG;OUTROS;09/09/2006;NAO;559448.19
PREVIDENCIARIO-000106;95000105000157;423491.21;95.000.105/0001-57;Pessoa jurídica;Principal;COSTA AZUL SERVICOS AMBIENTAIS LTDA;CE;5ª REGIÃO;600000105;Garantia;CREDITO PREVIDENCIARIO SUB JUDICE;Não Informado;11/10/2021;SIM;423491.21
PREVIDENCIARIO-000107;95000106000100;880687.01;95.000.106/0001-00;Pessoa jurídica;Principal;CRUZEIRO SERVICOS AMBIENTAIS S.A.;RR;1ª REGIÃO;600000106;Garantia;AJUIZAMENTO   DISTRIBUICAO;OUTROS;09/11/2013;SIM;880687.01
PREVIDENCIARIO-000108;95000107000146;857771.44;95.000.107/0001-46;Pessoa jurídica;Principal;ESTRELA DO NORTE SERVICOS AMBIENTAIS LTDA;GO;1ª REGIÃO;600000107;Em cobrança;NEGOCIADO NO SISPAR;OUTROS;19/10/2014;NAO;857771.44
PREVIDENCIARIO-000109;95000108000190;621109.90;95.000.108/0001-90;Pessoa jurídica;Principal;HORIZONTE SERVICOS AMBIENTAIS LTDA;TO;1ª REGIÃO;600000108;Em cobrança;CREDITO EM DILIGENCIA NA AREA ADMINISTRATIVA;OUTROS;13/05/2012;NAO;621109.90
PREVIDENCIARIO-000110;95000109000135;458478.62;95.000.109/0001-35;Pessoa jurídica;Principal;INTEGRA SERVICOS AMBIENTAIS S.A.;PI;1ª REGIÃO;600000109;Em cobrança;RETORNO DA DILIGENCIA;OUTROS;02/07/2014;NAO;458478.62
PREVIDENCIARIO-000111;95000110000160;1457922.49;95.000.110/0001-60;Pessoa jurídica;Principal;JARDINS SERVICOS AMBIENTAIS LTDA;PR;4ª REGIÃO;600000110;Em cobrança;RETORNO A RFB PARA ANALISE;OUTROS;21/07/2007;NAO;1457922.49
PREVIDENCIARIO-000112;95000111000104;1490964.24;95.000.111/0001-04;Pessoa jurídica;Corresponsável;MONTE ALTO SERVICOS AMBIENTAIS LTDA;AM;1ª REGIÃO;600000111;Em cobrança;PRE INSCRICAO DE CREDITO DE LDCG DCG;OUTROS;08/11/2008;NAO;1490964.24
PREVIDENCIARIO-000113;95000112000159;856196.54;95.000.112/0001-59;Pessoa jurídica;Principal;NOVA ERA SERVICOS AMBIENTAIS S.A.;MS;1ª REGIÃO;600000112;Garantia;CREDITO PREVIDENCIARIO SUB JUDICE;Não Informado;28/06/2013;SIM;856196.54
PREVIDENCIARIO-000114;95000113000101;207277.30;95.000.113/0001-01;Pessoa jurídica;Principal;PIONEIRA SERVICOS AMBIENTAIS LTDA;MT;1ª REGIÃO;600000113;Garantia;AJUIZAMENTO   DISTRIBUICAO;OUTROS;24/07/2012;SIM;207277.30
PREVIDENCIARIO-000115;95000114000148;197950.61;95.000.114/0001-48;Pessoa jurídica;Principal;PLANALTO SERVICOS AMBIENTAIS LTDA;BA;1ª REGIÃO;600000114;Benefício Fiscal;NEGOCIADO NO SISPAR;OUTROS;25/06/2014;NAO;197950.61
PREVIDENCIARIO-000116;95000115000192;339162.20;95.000.115/0001-92;Pessoa jurídica;Principal;RIO CLARO SERVICOS AMBIENTAIS S.A.;AC;1ª REGIÃO;600000115;Em cobrança;CREDITO EM DILIGENCIA NA AREA ADMINISTRATIVA;OUTROS;20/12/2019;NAO;339162.20
PREVIDENCIARIO-000117;95000116000137;212110.86;95.000.116/0001-37;Pessoa jurídica;Principal;SERRA DOURADA SERVICOS AMBIENTAIS LTDA;PE;5ª REGIÃO;600000116;Em cobrança;RETORNO DA DILIGENCIA;OUTROS;30/03/2009;NAO;212110.86
PREVIDENCIARIO-000118;95000117000181;1015606.34;95.000.117/0001-81;Pessoa jurídica;Principal;SOL NASCENTE SERVICOS AMBIENTAIS LTDA;AP;1ª REGIÃO;600000117;Em cobrança;RETORNO A RFB PARA ANALISE;OUTROS;30/12/2009;NAO;1015606.34
PREVIDENCIARIO-000119;95000118000126;787872.36;95.000.118/0001-26;Pessoa jurídica;Principal;VALE FORTE SERVICOS AMBIENTAIS S.A.;MA;1ª REGIÃO;600000118;Em cobrança;PRE INSCRICAO DE CREDITO DE LDCG DCG;OUTROS;13/11/2007;NAO;787872.36
PREVIDENCIARIO-000120;95000119000170;1119970.17;95.000.119/0001-70;Pessoa jurídica;Principal;VILA NOVA SERVICOS AMBIENTAIS LTDA;SP;3ª REGIÃO;600000119;Garantia;CREDITO PREVIDENCIARIO SUB JUDICE;Não Informado;20/03/2026;SIM;1119970.17
PREVIDENCIARIO-000121;95000120000103;133406.23;95.000.120/0001-03;Pessoa jurídica;Principal;ALVORADA TECNOLOGIA LTDA;DF;1ª REGIÃO;600000120;Garantia;AJUIZAMENTO   DISTRIBUICAO;OUTROS;22/05/2007;SIM;133406.23
PREVIDENCIARIO-000122;95000121000140;988957.73;95.000.121/0001-40;Pessoa jurídica;Principal;BOA VISTA TECNOLOGIA S.A.;SC;4ª REGIÃO;600000121;Em cobrança;NEGOCIADO NO SISPAR;OUTROS;29/09/2016;NAO;988957.73
PREVIDENCIARIO-000123;90000044000104;614382.81;90.000.044/0001-04;Pessoa jurídica;Principal;CAMINHO VERDE TECNOLOGIA LTDA;PA;1ª REGIÃO;600000122;Em cobrança;CREDITO EM DILIGENCIA NA AREA ADMINISTRATIVA;OUTROS;02/03/2020;NAO;614382.81
PREVIDENCIARIO-000124;95000123000139;727010.15;95.000.123/0001-39;Pessoa jurídica;Principal;CAMPOS DO SUL TECNOLOGIA LTDA;MG;6ª REGIÃO;600000123;Em cobrança;RETORNO DA DILIGENCIA;OUTROS;23/03/2005;NAO;727010.15
PREVIDENCIARIO-000125;95000124000183;487406.36;95.000.124/0001-83;Pessoa jurídica;Principal;CERRADO TECNOLOGIA S.A.;RO;1ª REGIÃO;600000124;Em cobrança;RETORNO A RFB PARA ANALISE;OUTROS;17/10/2019;NAO;487406.36
PREVIDENCIARIO-000126;95000125000128;783430.21;95.000.125/0001-28;Pessoa jurídica;Principal;COSTA AZUL TECNOLOGIA LTDA;CE;5ª REGIÃO;600000125;Em cobrança;PRE INSCRICAO DE CREDITO DE LDCG DCG;OUTROS;27/10/2008;NAO;783430.21
PREVIDENCIARIO-000127;95000126000172;608481.43;95.000.126/0001-72;Pessoa jurídica;Principal;CRUZEIRO TECNOLOGIA LTDA;RR;1ª REGIÃO;600000126;Garantia;CREDITO PREVIDENCIARIO SUB JUDICE;Não Informado;14/05/2018;SIM;608481.43
PREVIDENCIARIO-000128;95000127000117;316570.71;95.000.127/0001-17;Pessoa jurídica;Principal;ESTRELA DO NORTE TECNOLOGIA S.A.;GO;1ª REGIÃO;600000127;Garantia;AJUIZAMENTO   DISTRIBUICAO;OUTROS;01/12/2005;SIM;316570.71
PREVIDENCIARIO-000129;95000128000161;82656.30;95.000.128/0001-61;Pessoa jurídica;Principal;HORIZONTE TECNOLOGIA LTDA;TO;1ª REGIÃO;600000128;Em cobrança;NEGOCIADO NO SISPAR;OUTROS;01/09/2021;NAO;82656.30
PREVIDENCIARIO-000130;95000129000106;1241944.27;95.000.129/0001-06;Pessoa jurídica;Principal;INTEGRA TECNOLOGIA LTDA;PI;1ª REGIÃO;600000129;Em cobrança;CREDITO EM DILIGENCIA NA AREA ADMINISTRATIVA;OUTROS;29/11/2024;NAO;1241944.27
PREVIDENCIARIO-000131;95000130000130;186913.75;95.000.130/0001-30;Pessoa jurídica;Principal;JARDINS TECNOLOGIA S.A.;PR;4ª REGIÃO;600000130;Em cobrança;RETORNO DA DILIGENCIA;OUTROS;19/05/2022;NAO;186913.75
PREVIDENCIARIO-000132;95000131000185;741137.69;95.000.131/0001-85;Pessoa jurídica;Principal;MONTE ALTO TECNOLOGIA LTDA;AM;1ª REGIÃO;600000131;Em cobrança;RETORNO A RFB PARA ANALISE;OUTROS;16/10/2022;NAO;741137.69
PREVIDENCIARIO-000133;95000132000120;280504.60;95.000.132/0001-20;Pessoa jurídica;Principal;NOVA ERA TECNOLOGIA LTDA;MS;1ª REGIÃO;600000132;Em cobrança;PRE INSCRICAO DE CREDITO DE LDCG DCG;OUTROS;21/12/2024;NAO;280504.60
PREVIDENCIARIO-000134;95000133000174;374338.43;95.000.133/0001-74;Pessoa jurídica;Principal;PIONEIRA TECNOLOGIA S.A.;MT;1ª REGIÃO;600000133;Benefício Fiscal;CREDITO PREVIDENCIARIO SUB JUDICE;Não Informado;06/07/2022;SIM;374338.43
PREVIDENCIARIO-000135;95000134000119;1285544.14;95.000.134/0001-19;Pessoa jurídica;Principal;PLANALTO TECNOLOGIA LTDA;BA;1ª REGIÃO;600000134;Garantia;AJUIZAMENTO   DISTRIBUICAO;OUTROS;14/04/2015;SIM;1285544.14
PREVIDENCIARIO-000136;95000135000163;326206.10;95.000.135/0001-63;Pessoa jurídica;Principal;RIO CLARO TECNOLOGIA LTDA;AC;1ª REGIÃO;600000135;Em cobrança;NEGOCIADO NO SISPAR;OUTROS;10/08/2016;NAO;326206.10
PREVIDENCIARIO-000137;95000136000108;1201916.89;95.000.136/0001-08;Pessoa jurídica;Principal;SERRA DOURADA TECNOLOGIA S.A.;PE;5ª REGIÃO;600000136;Em cobrança;CREDITO EM DILIGENCIA NA AREA ADMINISTRATIVA;OUTROS;14/02/2008;NAO;1201916.89
PREVIDENCIARIO-000138;95000137000152;179246.82;95.000.137/0001-52;Pessoa jurídica;Principal;SOL NASCENTE TECNOLOGIA LTDA;AP;1ª REGIÃO;600000137;Em cobrança;RETORNO DA DILIGENCIA;OUTROS;10/06/2009;NAO;179246.82
PREVIDENCIARIO-000139;95000138000105;488859.99;95.000.138/0001-05;Pessoa jurídica;Principal;VALE FORTE TECNOLOGIA LTDA;MA;1ª REGIÃO;600000138;Em cobrança;RETORNO A RFB PARA ANALISE;OUTROS;03/09/2010;NAO;488859.99
PREVIDENCIARIO-000140;95000139000141;989173.24;95.000.139/0001-41;Pessoa jurídica;Principal;VILA NOVA TECNOLOGIA S.A.;SP;3ª REGIÃO;600000139;Em cobrança;PRE INSCRICAO DE CREDITO DE LDCG DCG;OUTROS;14/01/2017;NAO;989173.24
PREVIDENCIARIO-000141;95000140000176;1027420.50;95.000.140/0001-76;Pessoa jurídica;Principal;ALVORADA TRANSPORTES LTDA;DF;1ª REGIÃO;600000140;Garantia;CREDITO PREVIDENCIARIO SUB JUDICE;Não Informado;23/04/2024;SIM;1027420.50
PREVIDENCIARIO-000142;95000141000110;812257.94;95.000.141/0001-10;Pessoa jurídica;Principal;BOA VISTA TRANSPORTES LTDA;SC;4ª REGIÃO;600000141;Garantia;AJUIZAMENTO   DISTRIBUICAO;OUTROS;23/11/2020;SIM;812257.94
PREVIDENCIARIO-000143;95000142000165;749306.98;95.000.142/0001-65;Pessoa jurídica;Principal;CAMINHO VERDE TRANSPORTES S.A.;PA;1ª REGIÃO;600000142;Em cobrança;NEGOCIADO NO SISPAR;OUTROS;17/04/2019;NAO;749306.98
PREVIDENCIARIO-000144;95000143000100;204813.18;95.000.143/0001-00;Pessoa jurídica;Principal;CAMPOS DO SUL TRANSPORTES LTDA;MG;6ª REGIÃO;600000143;Em cobrança;CREDITO EM DILIGENCIA NA AREA ADMINISTRATIVA;OUTROS;29/04/2006;NAO;204813.18
PREVIDENCIARIO-000145;90000047000148;1389580.52;90.000.047/0001-48;Pessoa jurídica;Principal;CERRADO TRANSPORTES LTDA;RO;1ª REGIÃO;600000144;Em cobrança;RETORNO DA DILIGENCIA;OUTROS;12/09/2015;NAO;1389580.52
PREVIDENCIARIO-000146;95000145000107;96754.69;95.000.145/0001-07;Pessoa jurídica;Principal;COSTA AZUL TRANSPORTES S.A.;CE;5ª REGIÃO;600000145;Em cobrança;RETORNO A RFB PARA ANALISE;OUTROS;18/06/2006;NAO;96754.69
PREVIDENCIARIO-000147;95000146000143;704855.76;95.000.146/0001-43;Pessoa jurídica;Principal;CRUZEIRO TRANSPORTES LTDA;RR;1ª REGIÃO;600000146;Em cobrança;PRE INSCRICAO DE CREDITO DE LDCG DCG;OUTROS;23/05/2022;NAO;704855.76
PREVIDENCIARIO-000148;95000147000198;311032.38;95.000.147/0001-98;Pessoa jurídica;Principal;ESTRELA DO NORTE TRANSPORTES LTDA;GO;1ª REGIÃO;600000147;Garantia;CREDITO PREVIDENCIARIO SUB JUDICE;Não Informado;17/11/2013;SIM;311032.38
PREVIDENCIARIO-000149;95000148000132;861606.97;95.000.148/0001-32;Pessoa jurídica;Corresponsável;HORIZONTE TRANSPORTES S.A.;TO;1ª REGIÃO;600000148;Garantia;AJUIZAMENTO   DISTRIBUICAO;OUTROS;18/02/2021;SIM;861606.97
PREVIDENCIARIO-000150;95000149000187;1376835.70;95.000.149/0001-87;Pessoa jurídica;Principal;INTEGRA TRANSPORTES LTDA;PI;1ª REGIÃO;600000149;Em cobrança;NEGOCIADO NO SISPAR;OUTROS;17/01/2014;NAO;1376835.70
PREVIDENCIARIO-000151;95000150000101;586999.73;95.000.150/0001-01;Pessoa jurídica;Principal;JARDINS TRANSPORTES LTDA;PR;4ª REGIÃO;600000150;Em cobrança;CREDITO EM DILIGENCIA NA AREA ADMINISTRATIVA;OUTROS;29/03/2016;NAO;586999.73
PREVIDENCIARIO-000152;95000151000156;661806.61;95.000.151/0001-56;Pessoa jurídica;Principal;MONTE ALTO TRANSPORTES S.A.;AM;1ª REGIÃO;600000151;Em cobrança;RETORNO DA DILIGENCIA;OUTROS;15/05/2013;NAO;661806.61
PREVIDENCIARIO-000153;95000152000109;537293.31;95.000.152/0001-09;Pessoa jurídica;Principal;NOVA ERA TRANSPORTES LTDA;MS;1ª REGIÃO;600000152;Benefício Fiscal;RETORNO A RFB PARA ANALISE;OUTROS;09/04/2025;NAO;537293.31
PREVIDENCIARIO-000154;95000153000145;1218017.82;95.000.153/0001-45;Pessoa jurídica;Principal;PIONEIRA TRANSPORTES LTDA;MT;1ª REGIÃO;600000153;Em cobrança;PRE INSCRICAO DE CREDITO DE LDCG DCG;OUTROS;04/11/2025;NAO;1218017.82
PREVIDENCIARIO-000155;95000154000190;723984.22;95.000.154/0001-90;Pessoa jurídica;Principal;PLANALTO TRANSPORTES S.A.;BA;1ª REGIÃO;600000154;Garantia;CREDITO PREVIDENCIARIO SUB JUDICE;Não Informado;07/06/2020;SIM;723984.22
PREVIDENCIARIO-000156;95000155000134;1121599.16;95.000.155/0001-34;Pessoa jurídica;Principal;RIO CLARO TRANSPORTES LTDA;AC;1ª REGIÃO;600000155;Garantia;AJUIZAMENTO   DISTRIBUICAO;OUTROS;07/04/2009;SIM;1121599.16
PREVIDENCIARIO-000157;95000156000189;706486.16;95.000.156/0001-89;Pessoa jurídica;Principal;SERRA DOURADA TRANSPORTES LTDA;PE;5ª REGIÃO;600000156;Em cobrança;NEGOCIADO NO SISPAR;OUTROS;17/10/2007;NAO;706486.16
PREVIDENCIARIO-000158;95000157000123;447019.95;95.000.157/0001-23;Pessoa jurídica;Principal;SOL NASCENTE TRANSPORTES S.A.;AP;1ª REGIÃO;600000157;Em cobrança;CREDITO EM DILIGENCIA NA AREA ADMINISTRATIVA;OUTROS;01/04/2005;NAO;447019.95
PREVIDENCIARIO-000159;95000158000178;137766.76;95.000.158/0001-78;Pessoa jurídica;Principal;VALE FORTE TRANSPORTES LTDA;MA;1ª REGIÃO;600000158;Em cobrança;RETORNO DA DILIGENCIA;OUTROS;12/11/2006;NAO;137766.76
PREVIDENCIARIO-000160;95000159000112;404560.16;95.000.159/0001-12;Pessoa jurídica;Principal;VILA NOVA TRANSPORTES LTDA;SP;3ª REGIÃO;600000159;Em cobrança;RETORNO A RFB PARA ANALISE;OUTROS;03/11/2011;NAO;404560.16
PREVIDENCIARIO-000161;95000160000147;623686.26;95.000.160/0001-47;Pessoa jurídica;Principal;ALVORADA ALIMENTOS S.A.;DF;1ª REGIÃO;600000160;Em cobrança;PRE INSCRICAO DE CREDITO DE LDCG DCG;OUTROS;10/11/2020;NAO;623686.26
PREVIDENCIARIO-000162;95000161000191;1038128.06;95.000.161/0001-91;Pessoa jurídica;Principal;BOA VISTA ALIMENTOS LTDA;SC;4ª REGIÃO;600000161;Garantia;CREDITO PREVIDENCIARIO SUB JUDICE;Não Informado;03/09/2025;SIM;1038128.06
PREVIDENCIARIO-000163;95000162000136;1233508.72;95.000.162/0001-36;Pessoa jurídica;Principal;CAMINHO VERDE ALIMENTOS LTDA;PA;1ª REGIÃO;600000162;Garantia;AJUIZAMENTO   DISTRIBUICAO;OUTROS;06/06/2007;SIM;1233508.72
PREVIDENCIARIO-000164;95000163000180;1256107.35;95.000.163/0001-80;Pessoa jurídica;Principal;CAMPOS DO SUL ALIMENTOS S.A.;MG;6ª REGIÃO;600000163;Em cobrança;NEGOCIADO NO SISPAR;OUTROS;02/03/2008;NAO;1256107.35
PREVIDENCIARIO-000165;95000164000125;1369780.72;95.000.164/0001-25;Pessoa jurídica;Principal;CERRADO ALIMENTOS LTDA;RO;1ª REGIÃO;600000164;Em cobrança;CREDITO EM DILIGENCIA NA AREA ADMINISTRATIVA;OUTROS;14/05/2015;NAO;1369780.72
PREVIDENCIARIO-000166;95000165000170;843741.46;95.000.165/0001-70;Pessoa jurídica;Principal;COSTA AZUL ALIMENTOS LTDA;CE;5ª REGIÃO;600000165;Em cobrança;RETORNO DA DILIGENCIA;OUTROS;24/06/2008;NAO;843741.46
PREVIDENCIARIO-000167;90000061000141;1085498.18;90.000.061/0001-41;Pessoa jurídica;Principal;CRUZEIRO ALIMENTOS S.A.;RR;1ª REGIÃO;600000166;Em cobrança;RETORNO A RFB PARA ANALISE;OUTROS;26/06/2013;NAO;1085498.18
PREVIDENCIARIO-000168;95000167000169;1481087.90;95.000.167/0001-69;Pessoa jurídica;Principal;ESTRELA DO NORTE ALIMENTOS LTDA;GO;1ª REGIÃO;600000167;Em cobrança;PRE INSCRICAO DE CREDITO DE LDCG DCG;OUTROS;24/01/2015;NAO;1481087.90
PREVIDENCIARIO-000169;95000168000103;1309006.47;95.000.168/0001-03;Pessoa jurídica;Principal;HORIZONTE ALIMENTOS LTDA;TO;1ª REGIÃO;600000168;Garantia;CREDITO PREVIDENCIARIO SUB JUDICE;Não Informado;20/10/2017;SIM;1309006.47
PREVIDENCIARIO-000170;95000169000158;1166100.38;95.000.169/0001-58;Pessoa jurídica;Principal;INTEGRA ALIMENTOS S.A.;PI;1ª REGIÃO;600000169;Garantia;AJUIZAMENTO   DISTRIBUICAO;OUTROS;12/09/2015;SIM;1166100.38
PREVIDENCIARIO-000171;95000170000182;813204.01;95.000.170/0001-82;Pessoa jurídica;Principal;JARDINS ALIMENTOS LTDA;PR;4ª REGIÃO;600000170;Em cobrança;NEGOCIADO NO SISPAR;OUTROS;20/12/2010;NAO;813204.01
PREVIDENCIARIO-000172;95000171000127;812521.66;95.000.171/0001-27;Pessoa jurídica;Principal;MONTE ALTO ALIMENTOS LTDA;AM;1ª REGIÃO;600000171;Benefício Fiscal;CREDITO EM DILIGENCIA NA AREA ADMINISTRATIVA;OUTROS;08/07/2020;NAO;812521.66
PREVIDENCIARIO-000173;95000172000171;637845.01;95.000.172/0001-71;Pessoa jurídica;Principal;NOVA ERA ALIMENTOS S.A.;MS;1ª REGIÃO;600000172;Em cobrança;RETORNO DA DILIGENCIA;OUTROS;27/11/2012;NAO;637845.01
PREVIDENCIARIO-000174;95000173000116;175594.74;95.000.173/0001-16;Pessoa jurídica;Principal;PIONEIRA ALIMENTOS LTDA;MT;1ª REGIÃO;600000173;Em cobrança;RETORNO A RFB PARA ANALISE;OUTROS;14/11/2022;NAO;175594.74
PREVIDENCIARIO-000175;95000174000160;54061.22;95.000.174/0001-60;Pessoa jurídica;Principal;PLANALTO ALIMENTOS LTDA;BA;1ª REGIÃO;600000174;Em cobrança;PRE INSCRICAO DE CREDITO DE LDCG DCG;OUTROS;08/04/2022;NAO;54061.22
PREVIDENCIARIO-000176;95000175000105;1125425.49;95.000.175/0001-05;Pessoa jurídica;Principal;RIO CLARO ALIMENTOS S.A.;AC;1ª REGIÃO;600000175;Garantia;CREDITO PREVIDENCIARIO SUB JUDICE;Não Informado;01/02/2007;SIM;1125425.49
PREVIDENCIARIO-000177;95000176000150;28848.39;95.000.176/0001-50;Pessoa jurídica;Principal;SERRA DOURADA ALIMENTOS LTDA;PE;5ª REGIÃO;600000176;Garantia;AJUIZAMENTO   DISTRIBUICAO;OUTROS;06/01/2005;SIM;28848.39
PREVIDENCIARIO-000178;95000177000102;669954.18;95.000.177/0001-02;Pessoa jurídica;Principal;SOL NASCENTE ALIMENTOS LTDA;AP;1ª REGIÃO;600000177;Em cobrança;NEGOCIADO NO SISPAR;OUTROS;17/04/2010;NAO;669954.18
PREVIDENCIARIO-000179;95000178000149;528187.55;95.000.178/0001-49;Pessoa jurídica;Principal;VALE FORTE ALIMENTOS S.A.;MA;1ª REGIÃO;600000178;Em cobrança;CREDITO EM DILIGENCIA NA AREA ADMINISTRATIVA;OUTROS;29/10/2025;NAO;528187.55
PREVIDENCIARIO-000180;95000179000193;1495419.01;95.000.179/0001-93;Pessoa jurídica;Principal;VILA NOVA ALIMENTOS LTDA;SP;3ª REGIÃO;600000179;Em cobrança;RETORNO DA DILIGENCIA;OUTROS;20/03/2014;NAO;1495419.01
PREVIDENCIARIO-000181;95000180000118;867896.41;95.000.180/0001-18;Pessoa jurídica;Principal;ALVORADA COMERCIO E LOGISTICA LTDA;DF;1ª REGIÃO;600000180;Em cobrança;RETORNO A RFB PARA ANALISE;OUTROS;16/08/2021;NAO;867896.41
PREVIDENCIARIO-000182;95000181000162;680619.35;95.000.181/0001-62;Pessoa jurídica;Principal;BOA VISTA COMERCIO E LOGISTICA S.A.;SC;4ª REGIÃO;600000181;Em cobrança;PRE INSCRICAO DE CREDITO DE LDCG DCG;OUTROS;12/03/2007;NAO;680619.35
PREVIDENCIARIO-000183;95000182000107;698631.35;95.000.182/0001-07;Pessoa jurídica;Principal;CAMINHO VERDE COMERCIO E LOGISTICA LTDA;PA;1ª REGIÃO;600000182;Garantia;CREDITO PREVIDENCIARIO SUB JUDICE;Não Informado;06/06/2011;SIM;698631.35
PREVIDENCIARIO-000184;95000183000151;99711.44;95.000.183/0001-51;Pessoa jurídica;Principal;CAMPOS DO SUL COMERCIO E LOGISTICA LTDA;MG;6ª REGIÃO;600000183;Garantia;AJUIZAMENTO   DISTRIBUICAO;OUTROS;14/08/2024;SIM;99711.44
PREVIDENCIARIO-000185;95000184000104;1086085.11;95.000.184/0001-04;Pessoa jurídica;Principal;CERRADO COMERCIO E LOGISTICA S.A.;RO;1ª REGIÃO;600000184;Em cobrança;NEGOCIADO NO SISPAR;OUTROS;12/03/2016;NAO;1086085.11
PREVIDENCIARIO-000186;95000185000140;1419394.47;95.000.185/0001-40;Pessoa jurídica;Corresponsável;COSTA AZUL COMERCIO E LOGISTICA LTDA;CE;5ª REGIÃO;600000185;Em cobrança;CREDITO EM DILIGENCIA NA AREA ADMINISTRATIVA;OUTROS;14/06/2024;NAO;1419394.47
PREVIDENCIARIO-000187;95000186000195;1023250.68;95.000.186/0001-95;Pessoa jurídica;Principal;CRUZEIRO COMERCIO E LOGISTICA LTDA;RR;1ª REGIÃO;600000186;Em cobrança;RETORNO DA DILIGENCIA;OUTROS;13/09/2020;NAO;1023250.68
PREVIDENCIARIO-000188;95000187000130;1460769.80;95.000.187/0001-30;Pessoa jurídica;Principal;ESTRELA DO NORTE COMERCIO E LOGISTICA S.A.;GO;1ª REGIÃO;600000187;Em cobrança;RETORNO A RFB PARA ANALISE;OUTROS;19/07/2018;NAO;1460769.80
PREVIDENCIARIO-000189;90000068000163;83546.52;90.000.068/0001-63;Pessoa jurídica;Principal;HORIZONTE COMERCIO E LOGISTICA LTDA;TO;1ª REGIÃO;600000188;Em cobrança;PRE INSCRICAO DE CREDITO DE LDCG DCG;OUTROS;20/02/2014;NAO;83546.52
PREVIDENCIARIO-000190;95000189000129;1071681.10;95.000.189/0001-29;Pessoa jurídica;Principal;INTEGRA COMERCIO E LOGISTICA LTDA;PI;1ª REGIÃO;600000189;Garantia;CREDITO PREVIDENCIARIO SUB JUDICE;Não Informado;10/04/2026;SIM;1071681.10
PREVIDENCIARIO-000191;95000190000153;302123.63;95.000.190/0001-53;Pessoa jurídica;Principal;JARDINS COMERCIO E LOGISTICA S.A.;PR;4ª REGIÃO;600000190;Benefício Fiscal;AJUIZAMENTO   DISTRIBUICAO;OUTROS;31/05/2022;SIM;302123.63
PREVIDENCIARIO-000192;95000191000106;538368.32;95.000.191/0001-06;Pessoa jurídica;Principal;MONTE ALTO COMERCIO E LOGISTICA LTDA;AM;1ª REGIÃO;600000191;Em cobrança;NEGOCIADO NO SISPAR;OUTROS;17/01/2024;NAO;538368.32
PREVIDENCIARIO-000193;95000192000142;747599.58;95.000.192/0001-42;Pessoa jurídica;Principal;NOVA ERA COMERCIO E LOGISTICA LTDA;MS;1ª REGIÃO;600000192;Em cobrança;CREDITO EM DILIGENCIA NA AREA ADMINISTRATIVA;OUTROS;23/07/2007;NAO;747599.58
PREVIDENCIARIO-000194;95000193000197;1430893.18;95.000.193/0001-97;Pessoa jurídica;Principal;PIONEIRA COMERCIO E LOGISTICA S.A.;MT;1ª REGIÃO;600000193;Em cobrança;RETORNO DA DILIGENCIA;OUTROS;08/04/2005;NAO;1430893.18
PREVIDENCIARIO-000195;95000194000131;1116889.95;95.000.194/0001-31;Pessoa jurídica;Principal;PLANALTO COMERCIO E LOGISTICA LTDA;BA;1ª REGIÃO;600000194;Em cobrança;RETORNO A RFB PARA ANALISE;OUTROS;21/05/2009;NAO;1116889.95
PREVIDENCIARIO-000196;95000195000186;658619.10;95.000.195/0001-86;Pessoa jurídica;Principal;RIO CLARO COMERCIO E LOGISTICA LTDA;AC;1ª REGIÃO;600000195;Em cobrança;PRE INSCRICAO DE CREDITO DE LDCG DCG;OUTROS;14/09/2012;NAO;658619.10
PREVIDENCIARIO-000197;95000196000120;1066732.43;95.000.196/0001-20;Pessoa jurídica;Principal;SERRA DOURADA COMERCIO E LOGISTICA S.A.;PE;5ª REGIÃO;600000196;Garantia;CREDITO PREVIDENCIARIO SUB JUDICE;Não Informado;05/03/2007;SIM;1066732.43
PREVIDENCIARIO-000198;95000197000175;379453.32;95.000.197/0001-75;Pessoa jurídica;Principal;SOL NASCENTE COMERCIO E LOGISTICA LTDA;AP;1ª REGIÃO;600000197;Garantia;AJUIZAMENTO   DISTRIBUICAO;OUTROS;21/07/2010;SIM;379453.32
PREVIDENCIARIO-000199;95000198000110;366823.90;95.000.198/0001-10;Pessoa jurídica;Principal;VALE FORTE COMERCIO E LOGISTICA LTDA;MA;1ª REGIÃO;600000198;Em cobrança;NEGOCIADO NO SISPAR;OUTROS;06/03/2016;NAO;366823.90
PREVIDENCIARIO-000200;95000199000164;792884.03;95.000.199/0001-64;Pessoa jurídica;Principal;VILA NOVA COMERCIO E LOGISTICA S.A.;SP;3ª REGIÃO;600000199;Em cobrança;CREDITO EM DILIGENCIA NA AREA ADMINISTRATIVA;OUTROS;07/05/2006;NAO;792884.03
PREVIDENCIARIO-000201;95000200000150;835315.84;95.000.200/0001-50;Pessoa jurídica;Principal;ALVORADA CONSTRUCOES LTDA;DF;1ª REGIÃO;600000200;Em cobrança;RETORNO DA DILIGENCIA;OUTROS;05/01/2015;NAO;835315.84
PREVIDENCIARIO-000202;95000201000103;210370.36;95.000.201/0001-03;Pessoa jurídica;Principal;BOA VISTA CONSTRUCOES LTDA;SC;4ª REGIÃO;600000201;Em cobrança;RETORNO A RFB PARA ANALISE;OUTROS;03/05/2021;NAO;210370.36
PREVIDENCIARIO-000203;95000202000140;894438.34;95.000.202/0001-40;Pessoa jurídica;Principal;CAMINHO VERDE CONSTRUCOES S.A.;PA;1ª REGIÃO;600000202;Em cobrança;PRE INSCRICAO DE CREDITO DE LDCG DCG;OUTROS;06/07/2014;NAO;894438.34
PREVIDENCIARIO-000204;95000203000194;176967.96;95.000.203/0001-94;Pessoa jurídica;Principal;CAMPOS DO SUL CONSTRUCOES LTDA;MG;6ª REGIÃO;600000203;Garantia;CREDITO PREVIDENCIARIO SUB JUDICE;Não Informado;18/09/2007;SIM;176967.96
PREVIDENCIARIO-000205;95000204000139;953547.98;95.000.204/0001-39;Pessoa jurídica;Principal;CERRADO CONSTRUCOES LTDA;RO;1ª REGIÃO;600000204;Garantia;AJUIZAMENTO   DISTRIBUICAO;OUTROS;10/04/2025;SIM;953547.98
PREVIDENCIARIO-000206;95000205000183;295698.12;95.000.205/0001-83;Pessoa jurídica;Principal;COSTA AZUL CONSTRUCOES S.A.;CE;5ª REGIÃO;600000205;Em cobrança;NEGOCIADO NO SISPAR;OUTROS;13/12/2009;NAO;295698.12
PREVIDENCIARIO-000207;95000206000128;709320.07;95.000.206/0001-28;Pessoa jurídica;Principal;CRUZEIRO CONSTRUCOES LTDA;RR;1ª REGIÃO;600000206;Em cobrança;CREDITO EM DILIGENCIA NA AREA ADMINISTRATIVA;OUTROS;10/11/2008;NAO;709320.07
PREVIDENCIARIO-000208;95000207000172;774493.08;95.000.207/0001-72;Pessoa jurídica;Principal;ESTRELA DO NORTE CONSTRUCOES LTDA;GO;1ª REGIÃO;600000207;Em cobrança;RETORNO DA DILIGENCIA;OUTROS;01/02/2013;NAO;774493.08
PREVIDENCIARIO-000209;95000208000117;1321430.33;95.000.208/0001-17;Pessoa jurídica;Principal;HORIZONTE CONSTRUCOES S.A.;TO;1ª REGIÃO;600000208;Em cobrança;RETORNO A RFB PARA ANALISE;OUTROS;10/06/2010;NAO;1321430.33
PREVIDENCIARIO-000210;95000209000161;1096475.48;95.000.209/0001-61;Pessoa jurídica;Principal;INTEGRA CONSTRUCOES LTDA;PI;1ª REGIÃO;600000209;Benefício Fiscal;PRE INSCRICAO DE CREDITO DE LDCG DCG;OUTROS;22/04/2022;NAO;1096475.48
PREVIDENCIARIO-000211;95000210000196;302096.47;95.000.210/0001-96;Pessoa jurídica;Principal;JARDINS CONSTRUCOES LTDA;PR;4ª REGIÃO;600000210;Garantia;CREDITO PREVIDENCIARIO SUB JUDICE;Não Informado;15/10/2009;SIM;302096.47
PREVIDENCIARIO-000212;90000106000188;85954.63;90.000.106/0001-88;Pessoa jurídica;Principal;MONTE ALTO CONSTRUCOES S.A.;AM;1ª REGIÃO;600000211;Garantia;AJUIZAMENTO   DISTRIBUICAO;OUTROS;01/12/2020;SIM;85954.63
PREVIDENCIARIO-000213;95000212000185;326174.97;95.000.212/0001-85;Pessoa jurídica;Principal;NOVA ERA CONSTRUCOES LTDA;MS;1ª REGIÃO;600000212;Em cobrança;NEGOCIADO NO SISPAR;OUTROS;25/07/2021;NAO;326174.97
PREVIDENCIARIO-000214;95000213000120;18047.63;95.000.213/0001-20;Pessoa jurídica;Principal;PIONEIRA CONSTRUCOES LTDA;MT;1ª REGIÃO;600000213;Em cobrança;CREDITO EM DILIGENCIA NA AREA ADMINISTRATIVA;OUTROS;02/12/2017;NAO;18047.63
PREVIDENCIARIO-000215;95000214000174;1053933.32;95.000.214/0001-74;Pessoa jurídica;Principal;PLANALTO CONSTRUCOES S.A.;BA;1ª REGIÃO;600000214;Em cobrança;RETORNO DA DILIGENCIA;OUTROS;06/01/2014;NAO;1053933.32
PREVIDENCIARIO-000216;95000215000119;1298057.79;95.000.215/0001-19;Pessoa jurídica;Principal;RIO CLARO CONSTRUCOES LTDA;AC;1ª REGIÃO;600000215;Em cobrança;RETORNO A RFB PARA ANALISE;OUTROS;24/11/2014;NAO;1298057.79
PREVIDENCIARIO-000217;95000216000163;422143.05;95.000.216/0001-63;Pessoa jurídica;Principal;SERRA DOURADA CONSTRUCOES LTDA;PE;5ª REGIÃO;600000216;Em cobrança;PRE INSCRICAO DE CREDITO DE LDCG DCG;OUTROS;11/11/2015;NAO;422143.05
PREVIDENCIARIO-000218;95000217000108;106568.63;95.000.217/0001-08;Pessoa jurídica;Principal;SOL NASCENTE CONSTRUCOES S.A.;AP;1ª REGIÃO;600000217;Garantia;CREDITO PREVIDENCIARIO SUB JUDICE;Não Informado;20/10/2006;SIM;106568.63
PREVIDENCIARIO-000219;95000218000152;740363.92;95.000.218/0001-52;Pessoa jurídica;Principal;VALE FORTE CONSTRUCOES LTDA;MA;1ª REGIÃO;600000218;Garantia;AJUIZAMENTO   DISTRIBUICAO;OUTROS;08/09/2012;SIM;740363.92
PREVIDENCIARIO-000220;95000219000105;281435.83;95.000.219/0001-05;Pessoa jurídica;Principal;VILA NOVA CONSTRUCOES LTDA;SP;3ª REGIÃO;600000219;Em cobrança;NEGOCIADO NO SISPAR;OUTROS;25/06/2007;NAO;281435.83
PREVIDENCIARIO-000221;95000220000121;307214.48;95.000.220/0001-21;Pessoa jurídica;Principal;ALVORADA ENERGIA S.A.;DF;1ª REGIÃO;600000220;Em cobrança;CREDITO EM DILIGENCIA NA AREA ADMINISTRATIVA;OUTROS;31/05/2013;NAO;307214.48
PREVIDENCIARIO-000222;95000221000176;92985.23;95.000.221/0001-76;Pessoa jurídica;Principal;BOA VISTA ENERGIA LTDA;SC;4ª REGIÃO;600000221;Em cobrança;RETORNO DA DILIGENCIA;OUTROS;17/05/2010;NAO;92985.23
PREVIDENCIARIO-000223;95000222000110;1126449.42;95.000.222/0001-10;Pessoa jurídica;Corresponsável;CAMINHO VERDE ENERGIA LTDA;PA;1ª REGIÃO;600000222;Em cobrança;RETORNO A RFB PARA ANALISE;OUTROS;08/05/2006;NAO;1126449.42
PREVIDENCIARIO-000224;95000223000165;426549.56;95.000.223/0001-65;Pessoa jurídica;Principal;CAMPOS DO SUL ENERGIA S.A.;MG;6ª REGIÃO;600000223;Em cobrança;PRE INSCRICAO DE CREDITO DE LDCG DCG;OUTROS;05/12/2014;NAO;426549.56
PREVIDENCIARIO-000225;95000224000100;690188.93;95.000.224/0001-00;Pessoa jurídica;Principal;CERRADO ENERGIA LTDA;RO;1ª REGIÃO;600000224;Garantia;CREDITO PREVIDENCIARIO SUB JUDICE;Não Informado;06/03/2024;SIM;690188.93
PREVIDENCIARIO-000226;95000225000154;277601.83;95.000.225/0001-54;Pessoa jurídica;Principal;COSTA AZUL ENERGIA LTDA;CE;5ª REGIÃO;600000225;Garantia;AJUIZAMENTO   DISTRIBUICAO;OUTROS;16/05/2018;SIM;277601.83
PREVIDENCIARIO-000227;95000226000107;658670.44;95.000.226/0001-07;Pessoa jurídica;Principal;CRUZEIRO ENERGIA S.A.;RR;1ª REGIÃO;600000226;Em cobrança;NEGOCIADO NO SISPAR;OUTROS;07/03/2005;NAO;658670.44
PREVIDENCIARIO-000228;95000227000143;1328567.97;95.000.227/0001-43;Pessoa jurídica;Principal;ESTRELA DO NORTE ENERGIA LTDA;GO;1ª REGIÃO;600000227;Em cobrança;CREDITO EM DILIGENCIA NA AREA ADMINISTRATIVA;OUTROS;13/10/2006;NAO;1328567.97
PREVIDENCIARIO-000229;95000228000198;1153718.04;95.000.228/0001-98;Pessoa jurídica;Principal;HORIZONTE ENERGIA LTDA;TO;1ª REGIÃO;600000228;Benefício Fiscal;RETORNO DA DILIGENCIA;OUTROS;04/09/2024;NAO;1153718.04
PREVIDENCIARIO-000230;95000229000132;260026.84;95.000.229/0001-32;Pessoa jurídica;Principal;INTEGRA ENERGIA S.A.;PI;1ª REGIÃO;600000229;Em cobrança;RETORNO A RFB PARA ANALISE;OUTROS;28/02/2006;NAO;260026.84
PREVIDENCIARIO-000231;95000230000167;747849.91;95.000.230/0001-67;Pessoa jurídica;Principal;JARDINS ENERGIA LTDA;PR;4ª REGIÃO;600000230;Em cobrança;PRE INSCRICAO DE CREDITO DE LDCG DCG;OUTROS;28/05/2014;NAO;747849.91
PREVIDENCIARIO-000232;95000231000101;313430.14;95.000.231/0001-01;Pessoa jurídica;Principal;MONTE ALTO ENERGIA LTDA;AM;1ª REGIÃO;600000231;Garantia;CREDITO PREVIDENCIARIO SUB JUDICE;Não Informado;24/04/2023;SIM;313430.14
PREVIDENCIARIO-000233;95000232000156;110368.95;95.000.232/0001-56;Pessoa jurídica;Principal;NOVA ERA ENERGIA S.A.;MS;1ª REGIÃO;600000232;Garantia;AJUIZAMENTO   DISTRIBUICAO;OUTROS;27/11/2005;SIM;110368.95
PREVIDENCIARIO-000234;90000117000168;512100.20;90.000.117/0001-68;Pessoa jurídica;Principal;PIONEIRA ENERGIA LTDA;MT;1ª REGIÃO;600000233;Em cobrança;NEGOCIADO NO SISPAR;OUTROS;12/07/2012;NAO;512100.20
PREVIDENCIARIO-000235;95000234000145;148207.19;95.000.234/0001-45;Pessoa jurídica;Principal;PLANALTO ENERGIA LTDA;BA;1ª REGIÃO;600000234;Em cobrança;CREDITO EM DILIGENCIA NA AREA ADMINISTRATIVA;OUTROS;12/06/2026;NAO;148207.19
PREVIDENCIARIO-000236;95000235000190;806288.42;95.000.235/0001-90;Pessoa jurídica;Principal;RIO CLARO ENERGIA S.A.;AC;1ª REGIÃO;600000235;Em cobrança;RETORNO DA DILIGENCIA;OUTROS;14/06/2009;NAO;806288.42
PREVIDENCIARIO-000237;95000236000134;851218.95;95.000.236/0001-34;Pessoa jurídica;Principal;SERRA DOURADA ENERGIA LTDA;PE;5ª REGIÃO;600000236;Em cobrança;RETORNO A RFB PARA ANALISE;OUTROS;11/06/2006;NAO;851218.95
PREVIDENCIARIO-000238;95000237000189;295302.15;95.000.237/0001-89;Pessoa jurídica;Principal;SOL NASCENTE ENERGIA LTDA;AP;1ª REGIÃO;600000237;Em cobrança;PRE INSCRICAO DE CREDITO DE LDCG DCG;OUTROS;09/01/2020;NAO;295302.15
PREVIDENCIARIO-000239;95000238000123;1427743.39;95.000.238/0001-23;Pessoa jurídica;Principal;VALE FORTE ENERGIA S.A.;MA;1ª REGIÃO;600000238;Garantia;CREDITO PREVIDENCIARIO SUB JUDICE;Não Informado;23/10/2019;SIM;1427743.39
PREVIDENCIARIO-000240;95000239000178;547732.84;95.000.239/0001-78;Pessoa jurídica;Principal;VILA NOVA ENERGIA LTDA;SP;3ª REGIÃO;600000239;Garantia;AJUIZAMENTO   DISTRIBUICAO;OUTROS;28/02/2010;SIM;547732.84
PREVIDENCIARIO-000241;95000240000100;1191481.50;95.000.240/0001-00;Pessoa jurídica;Principal;ALVORADA EQUIPAMENTOS LTDA;DF;1ª REGIÃO;600000240;Em cobrança;NEGOCIADO NO SISPAR;OUTROS;05/05/2023;NAO;1191481.50
PREVIDENCIARIO-000242;95000241000147;920843.29;95.000.241/0001-47;Pessoa jurídica;Principal;BOA VISTA EQUIPAMENTOS S.A.;SC;4ª REGIÃO;600000241;Em cobrança;CREDITO EM DILIGENCIA NA AREA ADMINISTRATIVA;OUTROS;23/08/2024;NAO;920843.29
PREVIDENCIARIO-000243;95000242000191;1035658.01;95.000.242/0001-91;Pessoa jurídica;Principal;CAMINHO VERDE EQUIPAMENTOS LTDA;PA;1ª REGIÃO;600000242;Em cobrança;RETORNO DA DILIGENCIA;OUTROS;16/08/2007;NAO;1035658.01
PREVIDENCIARIO-000244;95000243000136;149696.76;95.000.243/0001-36;Pessoa jurídica;Principal;CAMPOS DO SUL EQUIPAMENTOS LTDA;MG;6ª REGIÃO;600000243;Em cobrança;RETORNO A RFB PARA ANALISE;OUTROS;22/10/2017;NAO;149696.76
PREVIDENCIARIO-000245;95000244000180;1206263.46;95.000.244/0001-80;Pessoa jurídica;Principal;CERRADO EQUIPAMENTOS S.A.;RO;1ª REGIÃO;600000244;Em cobrança;PRE INSCRICAO DE CREDITO DE LDCG DCG;OUTROS;09/09/2015;NAO;1206263.46
PREVIDENCIARIO-000246;95000245000125;855135.85;95.000.245/0001-25;Pessoa jurídica;Principal;COSTA AZUL EQUIPAMENTOS LTDA;CE;5ª REGIÃO;600000245;Garantia;CREDITO PREVIDENCIARIO SUB JUDICE;Não Informado;09/08/2015;SIM;855135.85
PREVIDENCIARIO-000247;95000246000170;459296.77;95.000.246/0001-70;Pessoa jurídica;Principal;CRUZEIRO EQUIPAMENTOS LTDA;RR;1ª REGIÃO;600000246;Garantia;AJUIZAMENTO   DISTRIBUICAO;OUTROS;26/12/2006;SIM;459296.77
PREVIDENCIARIO-000248;95000247000114;497343.81;95.000.247/0001-14;Pessoa jurídica;Principal;ESTRELA DO NORTE EQUIPAMENTOS S.A.;GO;1ª REGIÃO;600000247;Benefício Fiscal;NEGOCIADO NO SISPAR;OUTROS;29/12/2008;NAO;497343.81
PREVIDENCIARIO-000249;95000248000169;562153.56;95.000.248/0001-69;Pessoa jurídica;Principal;HORIZONTE EQUIPAMENTOS LTDA;TO;1ª REGIÃO;600000248;Em cobrança;CREDITO EM DILIGENCIA NA AREA ADMINISTRATIVA;OUTROS;10/05/2022;NAO;562153.56
PREVIDENCIARIO-000250;95000249000103;667046.27;95.000.249/0001-03;Pessoa jurídica;Principal;INTEGRA EQUIPAMENTOS LTDA;PI;1ª REGIÃO;600000249;Em cobrança;RETORNO DA DILIGENCIA;OUTROS;22/06/2015;NAO;667046.27
PREVIDENCIARIO-000251;95000250000138;978130.69;95.000.250/0001-38;Pessoa jurídica;Principal;JARDINS EQUIPAMENTOS S.A.;PR;4ª REGIÃO;600000250;Em cobrança;RETORNO A RFB PARA ANALISE;OUTROS;17/12/2014;NAO;978130.69
PREVIDENCIARIO-000252;95000251000182;994536.04;95.000.251/0001-82;Pessoa jurídica;Principal;MONTE ALTO EQUIPAMENTOS LTDA;AM;1ª REGIÃO;600000251;Em cobrança;PRE INSCRICAO DE CREDITO DE LDCG DCG;OUTROS;01/05/2020;NAO;994536.04
PREVIDENCIARIO-000253;95000252000127;441642.10;95.000.252/0001-27;Pessoa jurídica;Principal;NOVA ERA EQUIPAMENTOS LTDA;MS;1ª REGIÃO;600000252;Garantia;CREDITO PREVIDENCIARIO SUB JUDICE;Não Informado;24/01/2007;SIM;441642.10
PREVIDENCIARIO-000254;95000253000171;1320228.93;95.000.253/0001-71;Pessoa jurídica;Principal;PIONEIRA EQUIPAMENTOS S.A.;MT;1ª REGIÃO;600000253;Garantia;AJUIZAMENTO   DISTRIBUICAO;OUTROS;14/11/2008;SIM;1320228.93
PREVIDENCIARIO-000255;95000254000116;11166.49;95.000.254/0001-16;Pessoa jurídica;Principal;PLANALTO EQUIPAMENTOS LTDA;BA;1ª REGIÃO;600000254;Em cobrança;NEGOCIADO NO SISPAR;OUTROS;06/11/2012;NAO;11166.49
PREVIDENCIARIO-000256;90000125000104;152583.30;90.000.125/0001-04;Pessoa jurídica;Principal;RIO CLARO EQUIPAMENTOS LTDA;AC;1ª REGIÃO;600000255;Em cobrança;CREDITO EM DILIGENCIA NA AREA ADMINISTRATIVA;OUTROS;31/03/2005;NAO;152583.30
PREVIDENCIARIO-000257;95000256000105;1062171.98;95.000.256/0001-05;Pessoa jurídica;Principal;SERRA DOURADA EQUIPAMENTOS S.A.;PE;5ª REGIÃO;600000256;Em cobrança;RETORNO DA DILIGENCIA;OUTROS;19/01/2011;NAO;1062171.98
PREVIDENCIARIO-000258;95000257000150;309641.22;95.000.257/0001-50;Pessoa jurídica;Principal;SOL NASCENTE EQUIPAMENTOS LTDA;AP;1ª REGIÃO;600000257;Em cobrança;RETORNO A RFB PARA ANALISE;OUTROS;27/07/2017;NAO;309641.22
PREVIDENCIARIO-000259;95000258000102;1055388.16;95.000.258/0001-02;Pessoa jurídica;Principal;VALE FORTE EQUIPAMENTOS LTDA;MA;1ª REGIÃO;600000258;Em cobrança;PRE INSCRICAO DE CREDITO DE LDCG DCG;OUTROS;10/02/2020;NAO;1055388.16
PREVIDENCIARIO-000260;95000259000149;21973.98;95.000.259/0001-49;Pessoa jurídica;Corresponsável;VILA NOVA EQUIPAMENTOS S.A.;SP;3ª REGIÃO;600000259;Garantia;CREDITO PREVIDENCIARIO SUB JUDICE;Não Informado;23/02/2009;SIM;21973.98
PREVIDENCIARIO-000261;95000260000173;788620.86;95.000.260/0001-73;Pessoa jurídica;Principal;ALVORADA INDUSTRIA FLORESTAL LTDA;DF;1ª REGIÃO;600000260;Garantia;AJUIZAMENTO   DISTRIBUICAO;OUTROS;26/07/2011;SIM;788620.86
PREVIDENCIARIO-000262;95000261000118;639239.86;95.000.261/0001-18;Pessoa jurídica;Principal;BOA VISTA INDUSTRIA FLORESTAL LTDA;SC;4ª REGIÃO;600000261;Em cobrança;NEGOCIADO NO SISPAR;OUTROS;06/02/2021;NAO;639239.86
PREVIDENCIARIO-000263;95000262000162;1222429.82;95.000.262/0001-62;Pessoa jurídica;Principal;CAMINHO VERDE INDUSTRIA FLORESTAL S.A.;PA;1ª REGIÃO;600000262;Em cobrança;CREDITO EM DILIGENCIA NA AREA ADMINISTRATIVA;OUTROS;24/01/2026;NAO;1222429.82
PREVIDENCIARIO-000264;95000263000107;969786.87;95.000.263/0001-07;Pessoa jurídica;Principal;CAMPOS DO SUL INDUSTRIA FLORESTAL LTDA;MG;6ª REGIÃO;600000263;Em cobrança;RETORNO DA DILIGENCIA;OUTROS;15/03/2018;NAO;969786.87
PREVIDENCIARIO-000265;95000264000151;1338314.71;95.000.264/0001-51;Pessoa jurídica;Principal;CERRADO INDUSTRIA FLORESTAL LTDA;RO;1ª REGIÃO;600000264;Em cobrança;RETORNO A RFB PARA ANALISE;OUTROS;01/07/2023;NAO;1338314.71
PREVIDENCIARIO-000266;95000265000104;1147158.37;95.000.265/0001-04;Pessoa jurídica;Principal;COSTA AZUL INDUSTRIA FLORESTAL S.A.;CE;5ª REGIÃO;600000265;Em cobrança;PRE INSCRICAO DE CREDITO DE LDCG DCG;OUTROS;22/10/2023;NAO;1147158.37
PREVIDENCIARIO-000267;95000266000140;1364479.80;95.000.266/0001-40;Pessoa jurídica;Principal;CRUZEIRO INDUSTRIA FLORESTAL LTDA;RR;1ª REGIÃO;600000266;Benefício Fiscal;CREDITO PREVIDENCIARIO SUB JUDICE;Não Informado;21/04/2014;SIM;1364479.80
PREVIDENCIARIO-000268;95000267000195;300084.31;95.000.267/0001-95;Pessoa jurídica;Principal;ESTRELA DO NORTE INDUSTRIA FLORESTAL LTDA;GO;1ª REGIÃO;600000267;Garantia;AJUIZAMENTO   DISTRIBUICAO;OUTROS;16/12/2018;SIM;300084.31
PREVIDENCIARIO-000269;95000268000130;1082172.48;95.000.268/0001-30;Pessoa jurídica;Principal;HORIZONTE INDUSTRIA FLORESTAL S.A.;TO;1ª REGIÃO;600000268;Em cobrança;NEGOCIADO NO SISPAR;OUTROS;13/04/2014;NAO;1082172.48
PREVIDENCIARIO-000270;95000269000184;1171765.91;95.000.269/0001-84;Pessoa jurídica;Principal;INTEGRA INDUSTRIA FLORESTAL LTDA;PI;1ª REGIÃO;600000269;Em cobrança;CREDITO EM DILIGENCIA NA AREA ADMINISTRATIVA;OUTROS;16/05/2010;NAO;1171765.91
PREVIDENCIARIO-000271;95000270000109;1296916.05;95.000.270/0001-09;Pessoa jurídica;Principal;JARDINS INDUSTRIA FLORESTAL LTDA;PR;4ª REGIÃO;600000270;Em cobrança;RETORNO DA DILIGENCIA;OUTROS;03/04/2015;NAO;1296916.05
PREVIDENCIARIO-000272;95000271000153;716086.66;95.000.271/0001-53;Pessoa jurídica;Principal;MONTE ALTO INDUSTRIA FLORESTAL S.A.;AM;1ª REGIÃO;600000271;Em cobrança;RETORNO A RFB PARA ANALISE;OUTROS;02/01/2011;NAO;716086.66
PREVIDENCIARIO-000273;95000272000106;437182.09;95.000.272/0001-06;Pessoa jurídica;Principal;NOVA ERA INDUSTRIA FLORESTAL LTDA;MS;1ª REGIÃO;600000272;Em cobrança;PRE INSCRICAO DE CREDITO DE LDCG DCG;OUTROS;21/12/2018;NAO;437182.09
PREVIDENCIARIO-000274;95000273000142;62507.32;95.000.273/0001-42;Pessoa jurídica;Principal;PIONEIRA INDUSTRIA FLORESTAL LTDA;MT;1ª REGIÃO;600000273;Garantia;CREDITO PREVIDENCIARIO SUB JUDICE;Não Informado;24/04/2026;SIM;62507.32
PREVIDENCIARIO-000275;95000274000197;1113472.66;95.000.274/0001-97;Pessoa jurídica;Principal;PLANALTO INDUSTRIA FLORESTAL S.A.;BA;1ª REGIÃO;600000274;Garantia;AJUIZAMENTO   DISTRIBUICAO;OUTROS;27/01/2015;SIM;1113472.66
PREVIDENCIARIO-000276;95000275000131;129827.92;95.000.275/0001-31;Pessoa jurídica;Principal;RIO CLARO INDUSTRIA FLORESTAL LTDA;AC;1ª REGIÃO;600000275;Em cobrança;NEGOCIADO NO SISPAR;OUTROS;24/07/2015;NAO;129827.92
PREVIDENCIARIO-000277;95000276000186;1353807.68;95.000.276/0001-86;Pessoa jurídica;Principal;SERRA DOURADA INDUSTRIA FLORESTAL LTDA;PE;5ª REGIÃO;600000276;Em cobrança;CREDITO EM DILIGENCIA NA AREA ADMINISTRATIVA;OUTROS;04/08/2025;NAO;1353807.68
PREVIDENCIARIO-000278;90000163000167;533724.37;90.000.163/0001-67;Pessoa jurídica;Principal;SOL NASCENTE INDUSTRIA FLORESTAL S.A.;AP;1ª REGIÃO;600000277;Em cobrança;RETORNO DA DILIGENCIA;OUTROS;25/12/2017;NAO;533724.37
PREVIDENCIARIO-000279;95000278000175;1095437.79;95.000.278/0001-75;Pessoa jurídica;Principal;VALE FORTE INDUSTRIA FLORESTAL LTDA;MA;1ª REGIÃO;600000278;Em cobrança;RETORNO A RFB PARA ANALISE;OUTROS;01/09/2021;NAO;1095437.79
PREVIDENCIARIO-000280;95000279000110;311792.65;95.000.279/0001-10;Pessoa jurídica;Principal;VILA NOVA INDUSTRIA FLORESTAL LTDA;SP;3ª REGIÃO;600000279;Em cobrança;PRE INSCRICAO DE CREDITO DE LDCG DCG;OUTROS;31/07/2015;NAO;311792.65
PREVIDENCIARIO-000281;95000280000144;898328.06;95.000.280/0001-44;Pessoa jurídica;Principal;ALVORADA MINERACAO S.A.;DF;1ª REGIÃO;600000280;Garantia;CREDITO PREVIDENCIARIO SUB JUDICE;Não Informado;26/08/2017;SIM;898328.06
PREVIDENCIARIO-000282;95000281000199;864458.33;95.000.281/0001-99;Pessoa jurídica;Principal;BOA VISTA MINERACAO LTDA;SC;4ª REGIÃO;600000281;Garantia;AJUIZAMENTO   DISTRIBUICAO;OUTROS;17/06/2012;SIM;864458.33
PREVIDENCIARIO-000283;95000282000133;214882.72;95.000.282/0001-33;Pessoa jurídica;Principal;CAMINHO VERDE MINERACAO LTDA;PA;1ª REGIÃO;600000282;Em cobrança;NEGOCIADO NO SISPAR;OUTROS;28/06/2008;NAO;214882.72
PREVIDENCIARIO-000284;95000283000188;1387134.17;95.000.283/0001-88;Pessoa jurídica;Principal;CAMPOS DO SUL MINERACAO S.A.;MG;6ª REGIÃO;600000283;Em cobrança;CREDITO EM DILIGENCIA NA AREA ADMINISTRATIVA;OUTROS;08/10/2020;NAO;1387134.17
PREVIDENCIARIO-000285;95000284000122;1425606.43;95.000.284/0001-22;Pessoa jurídica;Principal;CERRADO MINERACAO LTDA;RO;1ª REGIÃO;600000284;Em cobrança;RETORNO DA DILIGENCIA;OUTROS;29/05/2023;NAO;1425606.43
PREVIDENCIARIO-000286;95000285000177;1439133.77;95.000.285/0001-77;Pessoa jurídica;Principal;COSTA AZUL MINERACAO LTDA;CE;5ª REGIÃO;600000285;Benefício Fiscal;RETORNO A RFB PARA ANALISE;OUTROS;23/12/2013;NAO;1439133.77
PREVIDENCIARIO-000287;95000286000111;730422.20;95.000.286/0001-11;Pessoa jurídica;Principal;CRUZEIRO MINERACAO S.A.;RR;1ª REGIÃO;600000286;Em cobrança;PRE INSCRICAO DE CREDITO DE LDCG DCG;OUTROS;27/06/2015;NAO;730422.20
PREVIDENCIARIO-000288;95000287000166;174873.92;95.000.287/0001-66;Pessoa jurídica;Principal;ESTRELA DO NORTE MINERACAO LTDA;GO;1ª REGIÃO;600000287;Garantia;CREDITO PREVIDENCIARIO SUB JUDICE;Não Informado;18/02/2021;SIM;174873.92
PREVIDENCIARIO-000289;95000288000100;1349491.40;95.000.288/0001-00;Pessoa jurídica;Principal;HORIZONTE MINERACAO LTDA;TO;1ª REGIÃO;600000288;Garantia;AJUIZAMENTO   DISTRIBUICAO;OUTROS;05/05/2021;SIM;1349491.40
PREVIDENCIARIO-000290;95000289000155;134223.57;95.000.289/0001-55;Pessoa jurídica;Principal;INTEGRA MINERACAO S.A.;PI;1ª REGIÃO;600000289;Em cobrança;NEGOCIADO NO SISPAR;OUTROS;19/04/2025;NAO;134223.57
PREVIDENCIARIO-000291;95000290000180;879106.11;95.000.290/0001-80;Pessoa jurídica;Principal;JARDINS MINERACAO LTDA;PR;4ª REGIÃO;600000290;Em cobrança;CREDITO EM DILIGENCIA NA AREA ADMINISTRATIVA;OUTROS;10/05/2020;NAO;879106.11
PREVIDENCIARIO-000292;95000291000124;1368282.16;95.000.291/0001-24;Pessoa jurídica;Principal;MONTE ALTO MINERACAO LTDA;AM;1ª REGIÃO;600000291;Em cobrança;RETORNO DA DILIGENCIA;OUTROS;04/06/2022;NAO;1368282.16
PREVIDENCIARIO-000293;95000292000179;1003949.18;95.000.292/0001-79;Pessoa jurídica;Principal;NOVA ERA MINERACAO S.A.;MS;1ª REGIÃO;600000292;Em cobrança;RETORNO A RFB PARA ANALISE;OUTROS;12/05/2024;NAO;1003949.18
PREVIDENCIARIO-000294;95000293000113;546095.20;95.000.293/0001-13;Pessoa jurídica;Principal;PIONEIRA MINERACAO LTDA;MT;1ª REGIÃO;600000293;Em cobrança;PRE INSCRICAO DE CREDITO DE LDCG DCG;OUTROS;25/01/2022;NAO;546095.20
PREVIDENCIARIO-000295;95000294000168;1159342.24;95.000.294/0001-68;Pessoa jurídica;Principal;PLANALTO MINERACAO LTDA;BA;1ª REGIÃO;600000294;Garantia;CREDITO PREVIDENCIARIO SUB JUDICE;Não Informado;18/12/2009;SIM;1159342.24
PREVIDENCIARIO-000296;95000295000102;1064539.86;95.000.295/0001-02;Pessoa jurídica;Principal;RIO CLARO MINERACAO S.A.;AC;1ª REGIÃO;600000295;Garantia;AJUIZAMENTO   DISTRIBUICAO;OUTROS;14/02/2013;SIM;1064539.86
PREVIDENCIARIO-000297;95000296000157;1099427.05;95.000.296/0001-57;Pessoa jurídica;Corresponsável;SERRA DOURADA MINERACAO LTDA;PE;5ª REGIÃO;600000296;Em cobrança;NEGOCIADO NO SISPAR;OUTROS;14/03/2020;NAO;1099427.05
PREVIDENCIARIO-000298;95000297000100;66638.32;95.000.297/0001-00;Pessoa jurídica;Principal;SOL NASCENTE MINERACAO LTDA;AP;1ª REGIÃO;600000297;Em cobrança;CREDITO EM DILIGENCIA NA AREA ADMINISTRATIVA;OUTROS;02/02/2009;NAO;66638.32
PREVIDENCIARIO-000299;95000298000146;209650.43;95.000.298/0001-46;Pessoa jurídica;Principal;VALE FORTE MINERACAO S.A.;MA;1ª REGIÃO;600000298;Em cobrança;RETORNO DA DILIGENCIA;OUTROS;18/06/2015;NAO;209650.43
PREVIDENCIARIO-000300;95000299000190;1131981.89;95.000.299/0001-90;Pessoa jurídica;Principal;VILA NOVA MINERACAO LTDA;SP;3ª REGIÃO;600000299;Em cobrança;RETORNO A RFB PARA ANALISE;OUTROS;02/05/2013;NAO;1131981.89
PREVIDENCIARIO-000301;90000187000116;1272948.12;90.000.187/0001-16;Pessoa jurídica;Principal;ALVORADA OBRAS E SERVICOS LTDA;DF;1ª REGIÃO;600000300;Em cobrança;PRE INSCRICAO DE CREDITO DE LDCG DCG;OUTROS;21/01/2026;NAO;1272948.12
PREVIDENCIARIO-000302;95000301000121;1297973.49;95.000.301/0001-21;Pessoa jurídica;Principal;BOA VISTA OBRAS E SERVICOS S.A.;SC;4ª REGIÃO;600000301;Garantia;CREDITO PREVIDENCIARIO SUB JUDICE;Não Informado;20/02/2008;SIM;1297973.49
PREVIDENCIARIO-000303;95000302000176;1279047.91;95.000.302/0001-76;Pessoa jurídica;Principal;CAMINHO VERDE OBRAS E SERVICOS LTDA;PA;1ª REGIÃO;600000302;Garantia;AJUIZAMENTO   DISTRIBUICAO;OUTROS;10/03/2025;SIM;1279047.91
PREVIDENCIARIO-000304;95000303000110;425721.43;95.000.303/0001-10;Pessoa jurídica;Principal;CAMPOS DO SUL OBRAS E SERVICOS LTDA;MG;6ª REGIÃO;600000303;Em cobrança;NEGOCIADO NO SISPAR;OUTROS;14/03/2012;NAO;425721.43
PREVIDENCIARIO-000305;95000304000165;231637.27;95.000.304/0001-65;Pessoa jurídica;Principal;CERRADO OBRAS E SERVICOS S.A.;RO;1ª REGIÃO;600000304;Benefício Fiscal;CREDITO EM DILIGENCIA NA AREA ADMINISTRATIVA;OUTROS;11/12/2020;NAO;231637.27
PREVIDENCIARIO-000306;95000305000100;315542.28;95.000.305/0001-00;Pessoa jurídica;Principal;COSTA AZUL OBRAS E SERVICOS LTDA;CE;5ª REGIÃO;600000305;Em cobrança;RETORNO DA DILIGENCIA;OUTROS;11/03/2020;NAO;315542.28
PREVIDENCIARIO-000307;95000306000154;794765.91;95.000.306/0001-54;Pessoa jurídica;Principal;CRUZEIRO OBRAS E SERVICOS LTDA;RR;1ª REGIÃO;600000306;Em cobrança;RETORNO A RFB PARA ANALISE;OUTROS;03/10/2011;NAO;794765.91
PREVIDENCIARIO-000308;95000307000107;344155.61;95.000.307/0001-07;Pessoa jurídica;Principal;ESTRELA DO NORTE OBRAS E SERVICOS S.A.;GO;1ª REGIÃO;600000307;Em cobrança;PRE INSCRICAO DE CREDITO DE LDCG DCG;OUTROS;29/09/2008;NAO;344155.61
PREVIDENCIARIO-000309;95000308000143;489078.43;95.000.308/0001-43;Pessoa jurídica;Principal;HORIZONTE OBRAS E SERVICOS LTDA;TO;1ª REGIÃO;600000308;Garantia;CREDITO PREVIDENCIARIO SUB JUDICE;Não Informado;07/10/2013;SIM;489078.43
PREVIDENCIARIO-000310;95000309000198;1269678.50;95.000.309/0001-98;Pessoa jurídica;Principal;INTEGRA OBRAS E SERVICOS LTDA;PI;1ª REGIÃO;600000309;Garantia;AJUIZAMENTO   DISTRIBUICAO;OUTROS;06/03/2005;SIM;1269678.50
PREVIDENCIARIO-000311;95000310000112;1018897.52;95.000.310/0001-12;Pessoa jurídica;Principal;JARDINS OBRAS E SERVICOS S.A.;PR;4ª REGIÃO;600000310;Em cobrança;NEGOCIADO NO SISPAR;OUTROS;22/10/2008;NAO;1018897.52
PREVIDENCIARIO-000312;95000311000167;731152.46;95.000.311/0001-67;Pessoa jurídica;Principal;MONTE ALTO OBRAS E SERVICOS LTDA;AM;1ª REGIÃO;600000311;Em cobrança;CREDITO EM DILIGENCIA NA AREA ADMINISTRATIVA;OUTROS;15/09/2005;NAO;731152.46
PREVIDENCIARIO-000313;95000312000101;1197802.97;95.000.312/0001-01;Pessoa jurídica;Principal;NOVA ERA OBRAS E SERVICOS LTDA;MS;1ª REGIÃO;600000312;Em cobrança;RETORNO DA DILIGENCIA;OUTROS;03/08/2010;NAO;1197802.97
PREVIDENCIARIO-000314;95000313000156;337060.78;95.000.313/0001-56;Pessoa jurídica;Principal;PIONEIRA OBRAS E SERVICOS S.A.;MT;1ª REGIÃO;600000313;Em cobrança;RETORNO A RFB PARA ANALISE;OUTROS;09/02/2008;NAO;337060.78
PREVIDENCIARIO-000315;95000314000109;303276.75;95.000.314/0001-09;Pessoa jurídica;Principal;PLANALTO OBRAS E SERVICOS LTDA;BA;1ª REGIÃO;600000314;Em cobrança;PRE INSCRICAO DE CREDITO DE LDCG DCG;OUTROS;05/08/2022;NAO;303276.75
PREVIDENCIARIO-000316;95000315000145;1120919.02;95.000.315/0001-45;Pessoa jurídica;Principal;RIO CLARO OBRAS E SERVICOS LTDA;AC;1ª REGIÃO;600000315;Garantia;CREDITO PREVIDENCIARIO SUB JUDICE;Não Informado;26/10/2020;SIM;1120919.02
PREVIDENCIARIO-000317;95000316000190;73709.52;95.000.316/0001-90;Pessoa jurídica;Principal;SERRA DOURADA OBRAS E SERVICOS S.A.;PE;5ª REGIÃO;600000316;Garantia;AJUIZAMENTO   DISTRIBUICAO;OUTROS;26/02/2010;SIM;73709.52
PREVIDENCIARIO-000318;95000317000134;509746.35;95.000.317/0001-34;Pessoa jurídica;Principal;SOL NASCENTE OBRAS E SERVICOS LTDA;AP;1ª REGIÃO;600000317;Em cobrança;NEGOCIADO NO SISPAR;OUTROS;12/04/2023;NAO;509746.35
PREVIDENCIARIO-000319;95000318000189;1434488.92;95.000.318/0001-89;Pessoa jurídica;Principal;VALE FORTE OBRAS E SERVICOS LTDA;MA;1ª REGIÃO;600000318;Em cobrança;CREDITO EM DILIGENCIA NA AREA ADMINISTRATIVA;OUTROS;12/09/2014;NAO;1434488.92
PREVIDENCIARIO-000320;95000319000123;1326750.82;95.000.319/0001-23;Pessoa jurídica;Principal;VILA NOVA OBRAS E SERVICOS S.A.;SP;3ª REGIÃO;600000319;Em cobrança;RETORNO DA DILIGENCIA;OUTROS;15/02/2008;NAO;1326750.82
PREVIDENCIARIO-000321;95000320000158;1413014.89;95.000.320/0001-58;Pessoa jurídica;Principal;ALVORADA PRODUTOS AGRICOLAS LTDA;DF;1ª REGIÃO;600000320;Em cobrança;RETORNO A RFB PARA ANALISE;OUTROS;16/02/2006;NAO;1413014.89
PREVIDENCIARIO-000322;95000321000100;233186.07;95.000.321/0001-00;Pessoa jurídica;Principal;BOA VISTA PRODUTOS AGRICOLAS LTDA;SC;4ª REGIÃO;600000321;Em cobrança;PRE INSCRICAO DE CREDITO DE LDCG DCG;OUTROS;21/05/2026;NAO;233186.07
PREVIDENCIARIO-000323;90000239000154;576512.28;90.000.239/0001-54;Pessoa jurídica;Principal;CAMINHO VERDE PRODUTOS AGRICOLAS S.A.;PA;1ª REGIÃO;600000322;Garantia;CREDITO PREVIDENCIARIO SUB JUDICE;Não Informado;19/06/2020;SIM;576512.28
PREVIDENCIARIO-000324;95000323000191;1373662.51;95.000.323/0001-91;Pessoa jurídica;Principal;CAMPOS DO SUL PRODUTOS AGRICOLAS LTDA;MG;6ª REGIÃO;600000323;Benefício Fiscal;AJUIZAMENTO   DISTRIBUICAO;OUTROS;16/08/2011;SIM;1373662.51
PREVIDENCIARIO-000325;95000324000136;207736.30;95.000.324/0001-36;Pessoa jurídica;Principal;CERRADO PRODUTOS AGRICOLAS LTDA;RO;1ª REGIÃO;600000324;Em cobrança;NEGOCIADO NO SISPAR;OUTROS;01/07/2017;NAO;207736.30
PREVIDENCIARIO-000326;95000325000180;884220.70;95.000.325/0001-80;Pessoa jurídica;Principal;COSTA AZUL PRODUTOS AGRICOLAS S.A.;CE;5ª REGIÃO;600000325;Em cobrança;CREDITO EM DILIGENCIA NA AREA ADMINISTRATIVA;OUTROS;08/02/2024;NAO;884220.70
PREVIDENCIARIO-000327;95000326000125;302290.79;95.000.326/0001-25;Pessoa jurídica;Principal;CRUZEIRO PRODUTOS AGRICOLAS LTDA;RR;1ª REGIÃO;600000326;Em cobrança;RETORNO DA DILIGENCIA;OUTROS;28/03/2016;NAO;302290.79
PREVIDENCIARIO-000328;95000327000170;774899.75;95.000.327/0001-70;Pessoa jurídica;Principal;ESTRELA DO NORTE PRODUTOS AGRICOLAS LTDA;GO;1ª REGIÃO;600000327;Em cobrança;RETORNO A RFB PARA ANALISE;OUTROS;21/01/2014;NAO;774899.75
PREVIDENCIARIO-000329;95000328000114;848004.89;95.000.328/0001-14;Pessoa jurídica;Principal;HORIZONTE PRODUTOS AGRICOLAS S.A.;TO;1ª REGIÃO;600000328;Em cobrança;PRE INSCRICAO DE CREDITO DE LDCG DCG;OUTROS;17/04/2018;NAO;848004.89
PREVIDENCIARIO-000330;95000329000169;95658.51;95.000.329/0001-69;Pessoa jurídica;Principal;INTEGRA PRODUTOS AGRICOLAS LTDA;PI;1ª REGIÃO;600000329;Garantia;CREDITO PREVIDENCIARIO SUB JUDICE;Não Informado;29/08/2013;SIM;95658.51
PREVIDENCIARIO-000331;95000330000193;223538.30;95.000.330/0001-93;Pessoa jurídica;Principal;JARDINS PRODUTOS AGRICOLAS LTDA;PR;4ª REGIÃO;600000330;Garantia;AJUIZAMENTO   DISTRIBUICAO;OUTROS;13/03/2008;SIM;223538.30
PREVIDENCIARIO-000332;95000331000138;151732.44;95.000.331/0001-38;Pessoa jurídica;Principal;MONTE ALTO PRODUTOS AGRICOLAS S.A.;AM;1ª REGIÃO;600000331;Em cobrança;NEGOCIADO NO SISPAR;OUTROS;13/01/2018;NAO;151732.44
PREVIDENCIARIO-000333;95000332000182;1425010.42;95.000.332/0001-82;Pessoa jurídica;Principal;NOVA ERA PRODUTOS AGRICOLAS LTDA;MS;1ª REGIÃO;600000332;Em cobrança;CREDITO EM DILIGENCIA NA AREA ADMINISTRATIVA;OUTROS;30/05/2024;NAO;1425010.42
PREVIDENCIARIO-000334;95000333000127;921433.97;95.000.333/0001-27;Pessoa jurídica;Corresponsável;PIONEIRA PRODUTOS AGRICOLAS LTDA;MT;1ª REGIÃO;600000333;Em cobrança;RETORNO DA DILIGENCIA;OUTROS;04/05/2024;NAO;921433.97
PREVIDENCIARIO-000335;95000334000171;1211573.83;95.000.334/0001-71;Pessoa jurídica;Principal;PLANALTO PRODUTOS AGRICOLAS S.A.;BA;1ª REGIÃO;600000334;Em cobrança;RETORNO A RFB PARA ANALISE;OUTROS;02/07/2020;NAO;1211573.83
PREVIDENCIARIO-000336;95000335000116;697429.05;95.000.335/0001-16;Pessoa jurídica;Principal;RIO CLARO PRODUTOS AGRICOLAS LTDA;AC;1ª REGIÃO;600000335;Em cobrança;PRE INSCRICAO DE CREDITO DE LDCG DCG;OUTROS;12/09/2015;NAO;697429.05
PREVIDENCIARIO-000337;95000336000160;623177.23;95.000.336/0001-60;Pessoa jurídica;Principal;SERRA DOURADA PRODUTOS AGRICOLAS LTDA;PE;5ª REGIÃO;600000336;Garantia;CREDITO PREVIDENCIARIO SUB JUDICE;Não Informado;07/04/2015;SIM;623177.23
PREVIDENCIARIO-000338;95000337000105;849547.87;95.000.337/0001-05;Pessoa jurídica;Principal;SOL NASCENTE PRODUTOS AGRICOLAS S.A.;AP;1ª REGIÃO;600000337;Garantia;AJUIZAMENTO   DISTRIBUICAO;OUTROS;13/01/2026;SIM;849547.87
PREVIDENCIARIO-000339;95000338000150;713688.25;95.000.338/0001-50;Pessoa jurídica;Principal;VALE FORTE PRODUTOS AGRICOLAS LTDA;MA;1ª REGIÃO;600000338;Em cobrança;NEGOCIADO NO SISPAR;OUTROS;24/08/2025;NAO;713688.25
PREVIDENCIARIO-000340;95000339000102;1485412.37;95.000.339/0001-02;Pessoa jurídica;Principal;VILA NOVA PRODUTOS AGRICOLAS LTDA;SP;3ª REGIÃO;600000339;Em cobrança;CREDITO EM DILIGENCIA NA AREA ADMINISTRATIVA;OUTROS;16/10/2018;NAO;1485412.37
PREVIDENCIARIO-000341;95000340000129;206971.50;95.000.340/0001-29;Pessoa jurídica;Principal;ALVORADA SERVICOS AMBIENTAIS S.A.;DF;1ª REGIÃO;600000340;Em cobrança;RETORNO DA DILIGENCIA;OUTROS;24/07/2012;NAO;206971.50
PREVIDENCIARIO-000342;95000341000173;1154688.58;95.000.341/0001-73;Pessoa jurídica;Principal;BOA VISTA SERVICOS AMBIENTAIS LTDA;SC;4ª REGIÃO;600000341;Em cobrança;RETORNO A RFB PARA ANALISE;OUTROS;03/09/2005;NAO;1154688.58
PREVIDENCIARIO-000343;95000342000118;160842.05;95.000.342/0001-18;Pessoa jurídica;Principal;CAMINHO VERDE SERVICOS AMBIENTAIS LTDA;PA;1ª REGIÃO;600000342;Benefício Fiscal;PRE INSCRICAO DE CREDITO DE LDCG DCG;OUTROS;26/06/2010;NAO;160842.05
PREVIDENCIARIO-000344;95000343000162;620396.36;95.000.343/0001-62;Pessoa jurídica;Principal;CAMPOS DO SUL SERVICOS AMBIENTAIS S.A.;MG;6ª REGIÃO;600000343;Garantia;CREDITO PREVIDENCIARIO SUB JUDICE;Não Informado;13/04/2020;SIM;620396.36
PREVIDENCIARIO-000345;90000257000136;102939.72;90.000.257/0001-36;Pessoa jurídica;Principal;CERRADO SERVICOS AMBIENTAIS LTDA;RO;1ª REGIÃO;600000344;Garantia;AJUIZAMENTO   DISTRIBUICAO;OUTROS;15/05/2015;SIM;102939.72
PREVIDENCIARIO-000346;95000345000151;597734.58;95.000.345/0001-51;Pessoa jurídica;Principal;COSTA AZUL SERVICOS AMBIENTAIS LTDA;CE;5ª REGIÃO;600000345;Em cobrança;NEGOCIADO NO SISPAR;OUTROS;20/02/2018;NAO;597734.58
PREVIDENCIARIO-000347;95000346000104;471494.51;95.000.346/0001-04;Pessoa jurídica;Principal;CRUZEIRO SERVICOS AMBIENTAIS S.A.;RR;1ª REGIÃO;600000346;Em cobrança;CREDITO EM DILIGENCIA NA AREA ADMINISTRATIVA;OUTROS;29/12/2005;NAO;471494.51
PREVIDENCIARIO-000348;95000347000140;232504.34;95.000.347/0001-40;Pessoa jurídica;Principal;ESTRELA DO NORTE SERVICOS AMBIENTAIS LTDA;GO;1ª REGIÃO;600000347;Em cobrança;RETORNO DA DILIGENCIA;OUTROS;23/05/2016;NAO;232504.34
PREVIDENCIARIO-000349;95000348000195;1073978.42;95.000.348/0001-95;Pessoa jurídica;Principal;HORIZONTE SERVICOS AMBIENTAIS LTDA;TO;1ª REGIÃO;600000348;Em cobrança;RETORNO A RFB PARA ANALISE;OUTROS;16/05/2006;NAO;1073978.42
PREVIDENCIARIO-000350;95000349000130;466738.25;95.000.349/0001-30;Pessoa jurídica;Principal;INTEGRA SERVICOS AMBIENTAIS S.A.;PI;1ª REGIÃO;600000349;Em cobrança;PRE INSCRICAO DE CREDITO DE LDCG DCG;OUTROS;29/03/2018;NAO;466738.25
PREVIDENCIARIO-000351;95000350000164;648564.01;95.000.350/0001-64;Pessoa jurídica;Principal;JARDINS SERVICOS AMBIENTAIS LTDA;PR;4ª REGIÃO;600000350;Garantia;CREDITO PREVIDENCIARIO SUB JUDICE;Não Informado;19/04/2016;SIM;648564.01
PREVIDENCIARIO-000352;95000351000109;317368.39;95.000.351/0001-09;Pessoa jurídica;Principal;MONTE ALTO SERVICOS AMBIENTAIS LTDA;AM;1ª REGIÃO;600000351;Garantia;AJUIZAMENTO   DISTRIBUICAO;OUTROS;01/08/2024;SIM;317368.39
PREVIDENCIARIO-000353;95000352000153;1488535.10;95.000.352/0001-53;Pessoa jurídica;Principal;NOVA ERA SERVICOS AMBIENTAIS S.A.;MS;1ª REGIÃO;600000352;Em cobrança;NEGOCIADO NO SISPAR;OUTROS;28/10/2007;NAO;1488535.10
PREVIDENCIARIO-000354;95000353000106;1463290.93;95.000.353/0001-06;Pessoa jurídica;Principal;PIONEIRA SERVICOS AMBIENTAIS LTDA;MT;1ª REGIÃO;600000353;Em cobrança;CREDITO EM DILIGENCIA NA AREA ADMINISTRATIVA;OUTROS;10/01/2011;NAO;1463290.93
PREVIDENCIARIO-000355;95000354000142;969219.65;95.000.354/0001-42;Pessoa jurídica;Principal;PLANALTO SERVICOS AMBIENTAIS LTDA;BA;1ª REGIÃO;600000354;Em cobrança;RETORNO DA DILIGENCIA;OUTROS;13/11/2018;NAO;969219.65
PREVIDENCIARIO-000356;95000355000197;918310.06;95.000.355/0001-97;Pessoa jurídica;Principal;RIO CLARO SERVICOS AMBIENTAIS S.A.;AC;1ª REGIÃO;600000355;Em cobrança;RETORNO A RFB PARA ANALISE;OUTROS;09/08/2011;NAO;918310.06
PREVIDENCIARIO-000357;95000356000131;182340.53;95.000.356/0001-31;Pessoa jurídica;Principal;SERRA DOURADA SERVICOS AMBIENTAIS LTDA;PE;5ª REGIÃO;600000356;Em cobrança;PRE INSCRICAO DE CREDITO DE LDCG DCG;OUTROS;05/04/2015;NAO;182340.53
PREVIDENCIARIO-000358;95000357000186;1432469.20;95.000.357/0001-86;Pessoa jurídica;Principal;SOL NASCENTE SERVICOS AMBIENTAIS LTDA;AP;1ª REGIÃO;600000357;Garantia;CREDITO PREVIDENCIARIO SUB JUDICE;Não Informado;22/02/2026;SIM;1432469.20
PREVIDENCIARIO-000359;95000358000120;269604.09;95.000.358/0001-20;Pessoa jurídica;Principal;VALE FORTE SERVICOS AMBIENTAIS S.A.;MA;1ª REGIÃO;600000358;Garantia;AJUIZAMENTO   DISTRIBUICAO;OUTROS;08/06/2014;SIM;269604.09
PREVIDENCIARIO-000360;95000359000175;653002.20;95.000.359/0001-75;Pessoa jurídica;Principal;VILA NOVA SERVICOS AMBIENTAIS LTDA;SP;3ª REGIÃO;600000359;Em cobrança;NEGOCIADO NO SISPAR;OUTROS;12/11/2010;NAO;653002.20
PREVIDENCIARIO-000361;95000360000108;913572.17;95.000.360/0001-08;Pessoa jurídica;Principal;ALVORADA TECNOLOGIA LTDA;DF;1ª REGIÃO;600000360;Em cobrança;CREDITO EM DILIGENCIA NA AREA ADMINISTRATIVA;OUTROS;01/12/2023;NAO;913572.17
PREVIDENCIARIO-000362;95000361000144;1434862.39;95.000.361/0001-44;Pessoa jurídica;Principal;BOA VISTA TECNOLOGIA S.A.;SC;4ª REGIÃO;600000361;Benefício Fiscal;RETORNO DA DILIGENCIA;OUTROS;05/09/2023;NAO;1434862.39
PREVIDENCIARIO-000363;95000362000199;821787.65;95.000.362/0001-99;Pessoa jurídica;Principal;CAMINHO VERDE TECNOLOGIA LTDA;PA;1ª REGIÃO;600000362;Em cobrança;RETORNO A RFB PARA ANALISE;OUTROS;23/02/2019;NAO;821787.65
PREVIDENCIARIO-000364;95000363000133;582812.22;95.000.363/0001-33;Pessoa jurídica;Principal;CAMPOS DO SUL TECNOLOGIA LTDA;MG;6ª REGIÃO;600000363;Em cobrança;PRE INSCRICAO DE CREDITO DE LDCG DCG;OUTROS;29/11/2020;NAO;582812.22
PREVIDENCIARIO-000365;95000364000188;415048.93;95.000.364/0001-88;Pessoa jurídica;Principal;CERRADO TECNOLOGIA S.A.;RO;1ª REGIÃO;600000364;Garantia;CREDITO PREVIDENCIARIO SUB JUDICE;Não Informado;07/11/2018;SIM;415048.93
PREVIDENCIARIO-000366;95000365000122;664581.42;95.000.365/0001-22;Pessoa jurídica;Principal;COSTA AZUL TECNOLOGIA LTDA;CE;5ª REGIÃO;600000365;Garantia;AJUIZAMENTO   DISTRIBUICAO;OUTROS;22/11/2010;SIM;664581.42
PREVIDENCIARIO-000367;90000266000127;1306853.68;90.000.266/0001-27;Pessoa jurídica;Principal;CRUZEIRO TECNOLOGIA LTDA;RR;1ª REGIÃO;600000366;Em cobrança;NEGOCIADO NO SISPAR;OUTROS;10/06/2020;NAO;1306853.68
PREVIDENCIARIO-000368;95000367000111;1427226.42;95.000.367/0001-11;Pessoa jurídica;Principal;ESTRELA DO NORTE TECNOLOGIA S.A.;GO;1ª REGIÃO;600000367;Em cobrança;CREDITO EM DILIGENCIA NA AREA ADMINISTRATIVA;OUTROS;30/04/2007;NAO;1427226.42
PREVIDENCIARIO-000369;95000368000166;535357.12;95.000.368/0001-66;Pessoa jurídica;Principal;HORIZONTE TECNOLOGIA LTDA;TO;1ª REGIÃO;600000368;Em cobrança;RETORNO DA DILIGENCIA;OUTROS;16/10/2014;NAO;535357.12
PREVIDENCIARIO-000370;95000369000100;1209048.81;95.000.369/0001-00;Pessoa jurídica;Principal;INTEGRA TECNOLOGIA LTDA;PI;1ª REGIÃO;600000369;Em cobrança;RETORNO A RFB PARA ANALISE;OUTROS;24/12/2025;NAO;1209048.81
PREVIDENCIARIO-000371;95000370000135;379615.15;95.000.370/0001-35;Pessoa jurídica;Corresponsável;JARDINS TECNOLOGIA S.A.;PR;4ª REGIÃO;600000370;Em cobrança;PRE INSCRICAO DE CREDITO DE LDCG DCG;OUTROS;16/08/2025;NAO;379615.15
PREVIDENCIARIO-000372;95000371000180;122155.72;95.000.371/0001-80;Pessoa jurídica;Principal;MONTE ALTO TECNOLOGIA LTDA;AM;1ª REGIÃO;600000371;Garantia;CREDITO PREVIDENCIARIO SUB JUDICE;Não Informado;08/01/2008;SIM;122155.72
PREVIDENCIARIO-000373;95000372000124;977607.70;95.000.372/0001-24;Pessoa jurídica;Principal;NOVA ERA TECNOLOGIA LTDA;MS;1ª REGIÃO;600000372;Garantia;AJUIZAMENTO   DISTRIBUICAO;OUTROS;14/09/2016;SIM;977607.70
PREVIDENCIARIO-000374;95000373000179;155069.94;95.000.373/0001-79;Pessoa jurídica;Principal;PIONEIRA TECNOLOGIA S.A.;MT;1ª REGIÃO;600000373;Em cobrança;NEGOCIADO NO SISPAR;OUTROS;03/05/2010;NAO;155069.94
PREVIDENCIARIO-000375;95000374000113;327062.51;95.000.374/0001-13;Pessoa jurídica;Principal;PLANALTO TECNOLOGIA LTDA;BA;1ª REGIÃO;600000374;Em cobrança;CREDITO EM DILIGENCIA NA AREA ADMINISTRATIVA;OUTROS;04/09/2009;NAO;327062.51
PREVIDENCIARIO-000376;95000375000168;719122.52;95.000.375/0001-68;Pessoa jurídica;Principal;RIO CLARO TECNOLOGIA LTDA;AC;1ª REGIÃO;600000375;Em cobrança;RETORNO DA DILIGENCIA;OUTROS;16/08/2019;NAO;719122.52
PREVIDENCIARIO-000377;95000376000102;1130124.75;95.000.376/0001-02;Pessoa jurídica;Principal;SERRA DOURADA TECNOLOGIA S.A.;PE;5ª REGIÃO;600000376;Em cobrança;RETORNO A RFB PARA ANALISE;OUTROS;06/08/2008;NAO;1130124.75
PREVIDENCIARIO-000378;95000377000157;534885.67;95.000.377/0001-57;Pessoa jurídica;Principal;SOL NASCENTE TECNOLOGIA LTDA;AP;1ª REGIÃO;600000377;Em cobrança;PRE INSCRICAO DE CREDITO DE LDCG DCG;OUTROS;29/08/2020;NAO;534885.67
PREVIDENCIARIO-000379;95000378000100;322642.76;95.000.378/0001-00;Pessoa jurídica;Principal;VALE FORTE TECNOLOGIA LTDA;MA;1ª REGIÃO;600000378;Garantia;CREDITO PREVIDENCIARIO SUB JUDICE;Não Informado;03/04/2020;SIM;322642.76
PREVIDENCIARIO-000380;95000379000146;633128.90;95.000.379/0001-46;Pessoa jurídica;Principal;VILA NOVA TECNOLOGIA S.A.;SP;3ª REGIÃO;600000379;Garantia;AJUIZAMENTO   DISTRIBUICAO;OUTROS;05/10/2008;SIM;633128.90
PREVIDENCIARIO-000381;95000380000170;491165.17;95.000.380/0001-70;Pessoa jurídica;Principal;ALVORADA TRANSPORTES LTDA;DF;1ª REGIÃO;600000380;Benefício Fiscal;NEGOCIADO NO SISPAR;OUTROS;03/07/2013;NAO;491165.17
PREVIDENCIARIO-000382;95000381000115;620306.04;95.000.381/0001-15;Pessoa jurídica;Principal;BOA VISTA TRANSPORTES LTDA;SC;4ª REGIÃO;600000381;Em cobrança;CREDITO EM DILIGENCIA NA AREA ADMINISTRATIVA;OUTROS;13/03/2007;NAO;620306.04
PREVIDENCIARIO-000383;95000382000160;272169.84;95.000.382/0001-60;Pessoa jurídica;Principal;CAMINHO VERDE TRANSPORTES S.A.;PA;1ª REGIÃO;600000382;Em cobrança;RETORNO DA DILIGENCIA;OUTROS;26/12/2009;NAO;272169.84
PREVIDENCIARIO-000384;95000383000104;229606.03;95.000.383/0001-04;Pessoa jurídica;Principal;CAMPOS DO SUL TRANSPORTES LTDA;MG;6ª REGIÃO;600000383;Em cobrança;RETORNO A RFB PARA ANALISE;OUTROS;22/04/2005;NAO;229606.03
PREVIDENCIARIO-000385;95000384000159;687069.72;95.000.384/0001-59;Pessoa jurídica;Principal;CERRADO TRANSPORTES LTDA;RO;1ª REGIÃO;600000384;Em cobrança;PRE INSCRICAO DE CREDITO DE LDCG DCG;OUTROS;28/09/2009;NAO;687069.72
PREVIDENCIARIO-000386;95000385000101;557125.37;95.000.385/0001-01;Pessoa jurídica;Principal;COSTA AZUL TRANSPORTES S.A.;CE;5ª REGIÃO;600000385;Garantia;CREDITO PREVIDENCIARIO SUB JUDICE;Não Informado;12/10/2017;SIM;557125.37
PREVIDENCIARIO-000387;95000386000148;254366.22;95.000.386/0001-48;Pessoa jurídica;Principal;CRUZEIRO TRANSPORTES LTDA;RR;1ª REGIÃO;600000386;Garantia;AJUIZAMENTO   DISTRIBUICAO;OUTROS;11/05/2019;SIM;254366.22
PREVIDENCIARIO-000388;95000387000192;1257344.83;95.000.387/0001-92;Pessoa jurídica;Principal;ESTRELA DO NORTE TRANSPORTES LTDA;GO;1ª REGIÃO;600000387;Em cobrança;NEGOCIADO NO SISPAR;OUTROS;15/08/2019;NAO;1257344.83
PREVIDENCIARIO-000389;90000268000116;85645.16;90.000.268/0001-16;Pessoa jurídica;Principal;HORIZONTE TRANSPORTES S.A.;TO;1ª REGIÃO;600000388;Em cobrança;CREDITO EM DILIGENCIA NA AREA ADMINISTRATIVA;OUTROS;22/10/2025;NAO;85645.16
PREVIDENCIARIO-000390;95000389000181;844918.51;95.000.389/0001-81;Pessoa jurídica;Principal;INTEGRA TRANSPORTES LTDA;PI;1ª REGIÃO;600000389;Em cobrança;RETORNO DA DILIGENCIA;OUTROS;31/12/2010;NAO;844918.51
PREVIDENCIARIO-000391;95000390000106;55135.74;95.000.390/0001-06;Pessoa jurídica;Principal;JARDINS TRANSPORTES LTDA;PR;4ª REGIÃO;600000390;Em cobrança;RETORNO A RFB PARA ANALISE;OUTROS;16/06/2022;NAO;55135.74
PREVIDENCIARIO-000392;95000391000150;126207.85;95.000.391/0001-50;Pessoa jurídica;Principal;MONTE ALTO TRANSPORTES S.A.;AM;1ª REGIÃO;600000391;Em cobrança;PRE INSCRICAO DE CREDITO DE LDCG DCG;OUTROS;09/04/2020;NAO;126207.85
PREVIDENCIARIO-000393;95000392000103;500877.80;95.000.392/0001-03;Pessoa jurídica;Principal;NOVA ERA TRANSPORTES LTDA;MS;1ª REGIÃO;600000392;Garantia;CREDITO PREVIDENCIARIO SUB JUDICE;Não Informado;11/08/2005;SIM;500877.80
PREVIDENCIARIO-000394;95000393000140;160718.43;95.000.393/0001-40;Pessoa jurídica;Principal;PIONEIRA TRANSPORTES LTDA;MT;1ª REGIÃO;600000393;Garantia;AJUIZAMENTO   DISTRIBUICAO;OUTROS;14/03/2009;SIM;160718.43
PREVIDENCIARIO-000395;95000394000194;295267.72;95.000.394/0001-94;Pessoa jurídica;Principal;PLANALTO TRANSPORTES S.A.;BA;1ª REGIÃO;600000394;Em cobrança;NEGOCIADO NO SISPAR;OUTROS;03/11/2015;NAO;295267.72
PREVIDENCIARIO-000396;95000395000139;24822.51;95.000.395/0001-39;Pessoa jurídica;Principal;RIO CLARO TRANSPORTES LTDA;AC;1ª REGIÃO;600000395;Em cobrança;CREDITO EM DILIGENCIA NA AREA ADMINISTRATIVA;OUTROS;10/03/2015;NAO;24822.51
PREVIDENCIARIO-000397;95000396000183;494078.20;95.000.396/0001-83;Pessoa jurídica;Principal;SERRA DOURADA TRANSPORTES LTDA;PE;5ª REGIÃO;600000396;Em cobrança;RETORNO DA DILIGENCIA;OUTROS;05/04/2024;NAO;494078.20
PREVIDENCIARIO-000398;95000397000128;25074.94;95.000.397/0001-28;Pessoa jurídica;Principal;SOL NASCENTE TRANSPORTES S.A.;AP;1ª REGIÃO;600000397;Em cobrança;RETORNO A RFB PARA ANALISE;OUTROS;19/01/2011;NAO;25074.94
PREVIDENCIARIO-000399;95000398000172;652472.32;95.000.398/0001-72;Pessoa jurídica;Principal;VALE FORTE TRANSPORTES LTDA;MA;1ª REGIÃO;600000398;Em cobrança;PRE INSCRICAO DE CREDITO DE LDCG DCG;OUTROS;23/08/2006;NAO;652472.32
PREVIDENCIARIO-000400;95000399000117;1386355.43;95.000.399/0001-17;Pessoa jurídica;Principal;VILA NOVA TRANSPORTES LTDA;SP;3ª REGIÃO;600000399;Benefício Fiscal;CREDITO PREVIDENCIARIO SUB JUDICE;Não Informado;14/04/2021;SIM;1386355.43
PREVIDENCIARIO-000401;95000400000103;766357.13;95.000.400/0001-03;Pessoa jurídica;Principal;ALVORADA ALIMENTOS S.A.;DF;1ª REGIÃO;600000400;Garantia;AJUIZAMENTO   DISTRIBUICAO;OUTROS;10/04/2016;SIM;766357.13
PREVIDENCIARIO-000402;95000401000158;1313494.79;95.000.401/0001-58;Pessoa jurídica;Principal;BOA VISTA ALIMENTOS LTDA;SC;4ª REGIÃO;600000401;Em cobrança;NEGOCIADO NO SISPAR;OUTROS;16/07/2007;NAO;1313494.79
PREVIDENCIARIO-000403;95000402000100;1176547.12;95.000.402/0001-00;Pessoa jurídica;Principal;CAMINHO VERDE ALIMENTOS LTDA;PA;1ª REGIÃO;600000402;Em cobrança;CREDITO EM DILIGENCIA NA AREA ADMINISTRATIVA;OUTROS;05/06/2007;NAO;1176547.12
PREVIDENCIARIO-000404;95000403000147;696368.16;95.000.403/0001-47;Pessoa jurídica;Principal;CAMPOS DO SUL ALIMENTOS S.A.;MG;6ª REGIÃO;600000403;Em cobrança;RETORNO DA DILIGENCIA;OUTROS;11/08/2008;NAO;696368.16
PREVIDENCIARIO-000405;95000404000191;646632.83;95.000.404/0001-91;Pessoa jurídica;Principal;CERRADO ALIMENTOS LTDA;RO;1ª REGIÃO;600000404;Em cobrança;RETORNO A RFB PARA ANALISE;OUTROS;19/04/2026;NAO;646632.83
PREVIDENCIARIO-000406;95000405000136;111762.92;95.000.405/0001-36;Pessoa jurídica;Principal;COSTA AZUL ALIMENTOS LTDA;CE;5ª REGIÃO;600000405;Em cobrança;PRE INSCRICAO DE CREDITO DE LDCG DCG;OUTROS;30/05/2015;NAO;111762.92
PREVIDENCIARIO-000407;95000406000180;698875.00;95.000.406/0001-80;Pessoa jurídica;Principal;CRUZEIRO ALIMENTOS S.A.;RR;1ª REGIÃO;600000406;Garantia;CREDITO PREVIDENCIARIO SUB JUDICE;Não Informado;24/03/2016;SIM;698875.00
PREVIDENCIARIO-000408;95000407000125;642154.07;95.000.407/0001-25;Pessoa jurídica;Corresponsável;ESTRELA DO NORTE ALIMENTOS LTDA;GO;1ª REGIÃO;600000407;Garantia;AJUIZAMENTO   DISTRIBUICAO;OUTROS;22/05/2012;SIM;642154.07
PREVIDENCIARIO-000409;95000408000170;672169.47;95.000.408/0001-70;Pessoa jurídica;Principal;HORIZONTE ALIMENTOS LTDA;TO;1ª REGIÃO;600000408;Em cobrança;NEGOCIADO NO SISPAR;OUTROS;23/03/2015;NAO;672169.47
PREVIDENCIARIO-000410;95000409000114;911545.02;95.000.409/0001-14;Pessoa jurídica;Principal;INTEGRA ALIMENTOS S.A.;PI;1ª REGIÃO;600000409;Em cobrança;CREDITO EM DILIGENCIA NA AREA ADMINISTRATIVA;OUTROS;24/08/2020;NAO;911545.02
PREVIDENCIARIO-000411;95000410000149;1334453.22;95.000.410/0001-49;Pessoa jurídica;Principal;JARDINS ALIMENTOS LTDA;PR;4ª REGIÃO;600000410;Em cobrança;RETORNO DA DILIGENCIA;OUTROS;05/11/2024;NAO;1334453.22
PREVIDENCIARIO-000412;90000287000142;109856.48;90.000.287/0001-42;Pessoa jurídica;Principal;MONTE ALTO ALIMENTOS LTDA;AM;1ª REGIÃO;600000411;Em cobrança;RETORNO A RFB PARA ANALISE;OUTROS;29/01/2026;NAO;109856.48
PREVIDENCIARIO-000413;95000412000138;763746.84;95.000.412/0001-38;Pessoa jurídica;Principal;NOVA ERA ALIMENTOS S.A.;MS;1ª REGIÃO;600000412;Em cobrança;PRE INSCRICAO DE CREDITO DE LDCG DCG;OUTROS;18/11/2016;NAO;763746.84
PREVIDENCIARIO-000414;95000413000182;655571.31;95.000.413/0001-82;Pessoa jurídica;Principal;PIONEIRA ALIMENTOS LTDA;MT;1ª REGIÃO;600000413;Garantia;CREDITO PREVIDENCIARIO SUB JUDICE;Não Informado;06/05/2025;SIM;655571.31
PREVIDENCIARIO-000415;95000414000127;1080053.76;95.000.414/0001-27;Pessoa jurídica;Principal;PLANALTO ALIMENTOS LTDA;BA;1ª REGIÃO;600000414;Garantia;AJUIZAMENTO   DISTRIBUICAO;OUTROS;26/04/2012;SIM;1080053.76
PREVIDENCIARIO-000416;95000415000171;22168.13;95.000.415/0001-71;Pessoa jurídica;Principal;RIO CLARO ALIMENTOS S.A.;AC;1ª REGIÃO;600000415;Em cobrança;NEGOCIADO NO SISPAR;OUTROS;28/05/2019;NAO;22168.13
PREVIDENCIARIO-000417;95000416000116;1493961.42;95.000.416/0001-16;Pessoa jurídica;Principal;SERRA DOURADA ALIMENTOS LTDA;PE;5ª REGIÃO;600000416;Em cobrança;CREDITO EM DILIGENCIA NA AREA ADMINISTRATIVA;OUTROS;24/01/2022;NAO;1493961.42
PREVIDENCIARIO-000418;95000417000160;621001.58;95.000.417/0001-60;Pessoa jurídica;Principal;SOL NASCENTE ALIMENTOS LTDA;AP;1ª REGIÃO;600000417;Em cobrança;RETORNO DA DILIGENCIA;OUTROS;04/02/2026;NAO;621001.58
PREVIDENCIARIO-000419;95000418000105;3414.96;95.000.418/0001-05;Pessoa jurídica;Principal;VALE FORTE ALIMENTOS S.A.;MA;1ª REGIÃO;600000418;Benefício Fiscal;RETORNO A RFB PARA ANALISE;OUTROS;12/08/2009;NAO;3414.96
PREVIDENCIARIO-000420;95000419000150;1021411.83;95.000.419/0001-50;Pessoa jurídica;Principal;VILA NOVA ALIMENTOS LTDA;SP;3ª REGIÃO;600000419;Em cobrança;PRE INSCRICAO DE CREDITO DE LDCG DCG;OUTROS;19/10/2016;NAO;1021411.83
PREVIDENCIARIO-000421;95000420000184;950158.49;95.000.420/0001-84;Pessoa jurídica;Principal;ALVORADA COMERCIO E LOGISTICA LTDA;DF;1ª REGIÃO;600000420;Garantia;CREDITO PREVIDENCIARIO SUB JUDICE;Não Informado;13/09/2019;SIM;950158.49
PREVIDENCIARIO-000422;95000421000129;1149971.48;95.000.421/0001-29;Pessoa jurídica;Principal;BOA VISTA COMERCIO E LOGISTICA S.A.;SC;4ª REGIÃO;600000421;Garantia;AJUIZAMENTO   DISTRIBUICAO;OUTROS;31/10/2009;SIM;1149971.48
PREVIDENCIARIO-000423;95000422000173;527364.35;95.000.422/0001-73;Pessoa jurídica;Principal;CAMINHO VERDE COMERCIO E LOGISTICA LTDA;PA;1ª REGIÃO;600000422;Em cobrança;NEGOCIADO NO SISPAR;OUTROS;06/08/2020;NAO;527364.35
PREVIDENCIARIO-000424;95000423000118;496502.34;95.000.423/0001-18;Pessoa jurídica;Principal;CAMPOS DO SUL COMERCIO E LOGISTICA LTDA;MG;6ª REGIÃO;600000423;Em cobrança;CREDITO EM DILIGENCIA NA AREA ADMINISTRATIVA;OUTROS;26/05/2021;NAO;496502.34
PREVIDENCIARIO-000425;95000424000162;689295.71;95.000.424/0001-62;Pessoa jurídica;Principal;CERRADO COMERCIO E LOGISTICA S.A.;RO;1ª REGIÃO;600000424;Em cobrança;RETORNO DA DILIGENCIA;OUTROS;05/04/2023;NAO;689295.71
PREVIDENCIARIO-000426;95000425000107;223120.08;95.000.425/0001-07;Pessoa jurídica;Principal;COSTA AZUL COMERCIO E LOGISTICA LTDA;CE;5ª REGIÃO;600000425;Em cobrança;RETORNO A RFB PARA ANALISE;OUTROS;13/02/2010;NAO;223120.08
PREVIDENCIARIO-000427;95000426000151;309172.75;95.000.426/0001-51;Pessoa jurídica;Principal;CRUZEIRO COMERCIO E LOGISTICA LTDA;RR;1ª REGIÃO;600000426;Em cobrança;PRE INSCRICAO DE CREDITO DE LDCG DCG;OUTROS;02/03/2014;NAO;309172.75
PREVIDENCIARIO-000428;95000427000104;951389.57;95.000.427/0001-04;Pessoa jurídica;Principal;ESTRELA DO NORTE COMERCIO E LOGISTICA S.A.;GO;1ª REGIÃO;600000427;Garantia;CREDITO PREVIDENCIARIO SUB JUDICE;Não Informado;10/12/2020;SIM;951389.57
PREVIDENCIARIO-000429;95000428000140;1288637.78;95.000.428/0001-40;Pessoa jurídica;Principal;HORIZONTE COMERCIO E LOGISTICA LTDA;TO;1ª REGIÃO;600000428;Garantia;AJUIZAMENTO   DISTRIBUICAO;OUTROS;28/11/2017;SIM;1288637.78
PREVIDENCIARIO-000430;95000429000195;375198.61;95.000.429/0001-95;Pessoa jurídica;Principal;INTEGRA COMERCIO E LOGISTICA LTDA;PI;1ª REGIÃO;600000429;Em cobrança;NEGOCIADO NO SISPAR;OUTROS;22/12/2008;NAO;375198.61
PREVIDENCIARIO-000431;95000430000110;210639.61;95.000.430/0001-10;Pessoa jurídica;Principal;JARDINS COMERCIO E LOGISTICA S.A.;PR;4ª REGIÃO;600000430;Em cobrança;CREDITO EM DILIGENCIA NA AREA ADMINISTRATIVA;OUTROS;05/02/2009;NAO;210639.61
PREVIDENCIARIO-000432;95000431000164;1220682.97;95.000.431/0001-64;Pessoa jurídica;Principal;MONTE ALTO COMERCIO E LOGISTICA LTDA;AM;1ª REGIÃO;600000431;Em cobrança;RETORNO DA DILIGENCIA;OUTROS;28/02/2011;NAO;1220682.97
PREVIDENCIARIO-000433;95000432000109;989582.44;95.000.432/0001-09;Pessoa jurídica;Principal;NOVA ERA COMERCIO E LOGISTICA LTDA;MS;1ª REGIÃO;600000432;Em cobrança;RETORNO A RFB PARA ANALISE;OUTROS;01/11/2021;NAO;989582.44
PREVIDENCIARIO-000434;90000328000109;1457260.53;90.000.328/0001-09;Pessoa jurídica;Principal;PIONEIRA COMERCIO E LOGISTICA S.A.;MT;1ª REGIÃO;600000433;Em cobrança;PRE INSCRICAO DE CREDITO DE LDCG DCG;OUTROS;31/07/2006;NAO;1457260.53
PREVIDENCIARIO-000435;95000434000106;364309.64;95.000.434/0001-06;Pessoa jurídica;Principal;PLANALTO COMERCIO E LOGISTICA LTDA;BA;1ª REGIÃO;600000434;Garantia;CREDITO PREVIDENCIARIO SUB JUDICE;Não Informado;24/02/2015;SIM;364309.64
PREVIDENCIARIO-000436;95000435000142;526457.23;95.000.435/0001-42;Pessoa jurídica;Principal;RIO CLARO COMERCIO E LOGISTICA LTDA;AC;1ª REGIÃO;600000435;Garantia;AJUIZAMENTO   DISTRIBUICAO;OUTROS;17/02/2015;SIM;526457.23
PREVIDENCIARIO-000437;95000436000197;434017.70;95.000.436/0001-97;Pessoa jurídica;Principal;SERRA DOURADA COMERCIO E LOGISTICA S.A.;PE;5ª REGIÃO;600000436;Em cobrança;NEGOCIADO NO SISPAR;OUTROS;02/05/2025;NAO;434017.70
PREVIDENCIARIO-000438;95000437000131;241232.84;95.000.437/0001-31;Pessoa jurídica;Principal;SOL NASCENTE COMERCIO E LOGISTICA LTDA;AP;1ª REGIÃO;600000437;Benefício Fiscal;CREDITO EM DILIGENCIA NA AREA ADMINISTRATIVA;OUTROS;06/07/2022;NAO;241232.84
PREVIDENCIARIO-000439;95000438000186;832520.65;95.000.438/0001-86;Pessoa jurídica;Principal;VALE FORTE COMERCIO E LOGISTICA LTDA;MA;1ª REGIÃO;600000438;Em cobrança;RETORNO DA DILIGENCIA;OUTROS;12/11/2023;NAO;832520.65
PREVIDENCIARIO-000440;95000439000120;379239.16;95.000.439/0001-20;Pessoa jurídica;Principal;VILA NOVA COMERCIO E LOGISTICA S.A.;SP;3ª REGIÃO;600000439;Em cobrança;RETORNO A RFB PARA ANALISE;OUTROS;17/08/2012;NAO;379239.16
PREVIDENCIARIO-000441;95000440000155;1495610.31;95.000.440/0001-55;Pessoa jurídica;Principal;ALVORADA CONSTRUCOES LTDA;DF;1ª REGIÃO;600000440;Em cobrança;PRE INSCRICAO DE CREDITO DE LDCG DCG;OUTROS;06/08/2022;NAO;1495610.31
PREVIDENCIARIO-000442;95000441000108;1365968.58;95.000.441/0001-08;Pessoa jurídica;Principal;BOA VISTA CONSTRUCOES LTDA;SC;4ª REGIÃO;600000441;Garantia;CREDITO PREVIDENCIARIO SUB JUDICE;Não Informado;15/12/2006;SIM;1365968.58
PREVIDENCIARIO-000443;95000442000144;860482.63;95.000.442/0001-44;Pessoa jurídica;Principal;CAMINHO VERDE CONSTRUCOES S.A.;PA;1ª REGIÃO;600000442;Garantia;AJUIZAMENTO   DISTRIBUICAO;OUTROS;07/02/2006;SIM;860482.63
PREVIDENCIARIO-000444;95000443000199;1323775.84;95.000.443/0001-99;Pessoa jurídica;Principal;CAMPOS DO SUL CONSTRUCOES LTDA;MG;6ª REGIÃO;600000443;Em cobrança;NEGOCIADO NO SISPAR;OUTROS;22/11/2015;NAO;1323775.84
PREVIDENCIARIO-000445;95000444000133;206025.48;95.000.444/0001-33;Pessoa jurídica;Corresponsável;CERRADO CONSTRUCOES LTDA;RO;1ª REGIÃO;600000444;Em cobrança;CREDITO EM DILIGENCIA NA AREA ADMINISTRATIVA;OUTROS;17/03/2007;NAO;206025.48
PREVIDENCIARIO-000446;95000445000188;632580.63;95.000.445/0001-88;Pessoa jurídica;Principal;COSTA AZUL CONSTRUCOES S.A.;CE;5ª REGIÃO;600000445;Em cobrança;RETORNO DA DILIGENCIA;OUTROS;18/10/2005;NAO;632580.63
PREVIDENCIARIO-000447;95000446000122;1222488.14;95.000.446/0001-22;Pessoa jurídica;Principal;CRUZEIRO CONSTRUCOES LTDA;RR;1ª REGIÃO;600000446;Em cobrança;RETORNO A RFB PARA ANALISE;OUTROS;26/09/2023;NAO;1222488.14
PREVIDENCIARIO-000448;95000447000177;528384.09;95.000.447/0001-77;Pessoa jurídica;Principal;ESTRELA DO NORTE CONSTRUCOES LTDA;GO;1ª REGIÃO;600000447;Em cobrança;PRE INSCRICAO DE CREDITO DE LDCG DCG;OUTROS;30/05/2012;NAO;528384.09
PREVIDENCIARIO-000449;95000448000111;770677.88;95.000.448/0001-11;Pessoa jurídica;Principal;HORIZONTE CONSTRUCOES S.A.;TO;1ª REGIÃO;600000448;Garantia;CREDITO PREVIDENCIARIO SUB JUDICE;Não Informado;11/05/2017;SIM;770677.88
PREVIDENCIARIO-000450;95000449000166;637056.77;95.000.449/0001-66;Pessoa jurídica;Principal;INTEGRA CONSTRUCOES LTDA;PI;1ª REGIÃO;600000449;Garantia;AJUIZAMENTO   DISTRIBUICAO;OUTROS;19/10/2020;SIM;637056.77
PREVIDENCIARIO-000451;95000450000190;663053.88;95.000.450/0001-90;Pessoa jurídica;Principal;JARDINS CONSTRUCOES LTDA;PR;4ª REGIÃO;600000450;Em cobrança;NEGOCIADO NO SISPAR;OUTROS;05/09/2025;NAO;663053.88
PREVIDENCIARIO-000452;95000451000135;715781.09;95.000.451/0001-35;Pessoa jurídica;Principal;MONTE ALTO CONSTRUCOES S.A.;AM;1ª REGIÃO;600000451;Em cobrança;CREDITO EM DILIGENCIA NA AREA ADMINISTRATIVA;OUTROS;23/02/2011;NAO;715781.09
PREVIDENCIARIO-000453;95000452000180;1183913.83;95.000.452/0001-80;Pessoa jurídica;Principal;NOVA ERA CONSTRUCOES LTDA;MS;1ª REGIÃO;600000452;Em cobrança;RETORNO DA DILIGENCIA;OUTROS;05/11/2015;NAO;1183913.83
PREVIDENCIARIO-000454;95000453000124;251855.94;95.000.453/0001-24;Pessoa jurídica;Principal;PIONEIRA CONSTRUCOES LTDA;MT;1ª REGIÃO;600000453;Em cobrança;RETORNO A RFB PARA ANALISE;OUTROS;15/03/2016;NAO;251855.94
PREVIDENCIARIO-000455;95000454000179;1429993.55;95.000.454/0001-79;Pessoa jurídica;Principal;PLANALTO CONSTRUCOES S.A.;BA;1ª REGIÃO;600000454;Em cobrança;PRE INSCRICAO DE CREDITO DE LDCG DCG;OUTROS;05/01/2016;NAO;1429993.55
PREVIDENCIARIO-000456;90000354000129;441396.31;90.000.354/0001-29;Pessoa jurídica;Principal;RIO CLARO CONSTRUCOES LTDA;AC;1ª REGIÃO;600000455;Garantia;CREDITO PREVIDENCIARIO SUB JUDICE;Não Informado;24/03/2020;SIM;441396.31
PREVIDENCIARIO-000457;95000456000168;1433424.83;95.000.456/0001-68;Pessoa jurídica;Principal;SERRA DOURADA CONSTRUCOES LTDA;PE;5ª REGIÃO;600000456;Benefício Fiscal;AJUIZAMENTO   DISTRIBUICAO;OUTROS;27/02/2013;SIM;1433424.83
PREVIDENCIARIO-000458;95000457000102;1447785.80;95.000.457/0001-02;Pessoa jurídica;Principal;SOL NASCENTE CONSTRUCOES S.A.;AP;1ª REGIÃO;600000457;Em cobrança;NEGOCIADO NO SISPAR;OUTROS;28/03/2007;NAO;1447785.80
PREVIDENCIARIO-000459;95000458000157;1403921.98;95.000.458/0001-57;Pessoa jurídica;Principal;VALE FORTE CONSTRUCOES LTDA;MA;1ª REGIÃO;600000458;Em cobrança;CREDITO EM DILIGENCIA NA AREA ADMINISTRATIVA;OUTROS;22/11/2013;NAO;1403921.98
PREVIDENCIARIO-000460;95000459000100;212264.67;95.000.459/0001-00;Pessoa jurídica;Principal;VILA NOVA CONSTRUCOES LTDA;SP;3ª REGIÃO;600000459;Em cobrança;RETORNO DA DILIGENCIA;OUTROS;26/08/2020;NAO;212264.67
PREVIDENCIARIO-000461;95000460000126;1300492.23;95.000.460/0001-26;Pessoa jurídica;Principal;ALVORADA ENERGIA S.A.;DF;1ª REGIÃO;600000460;Em cobrança;RETORNO A RFB PARA ANALISE;OUTROS;03/06/2025;NAO;1300492.23
PREVIDENCIARIO-000462;95000461000170;462761.49;95.000.461/0001-70;Pessoa jurídica;Principal;BOA VISTA ENERGIA LTDA;SC;4ª REGIÃO;600000461;Em cobrança;PRE INSCRICAO DE CREDITO DE LDCG DCG;OUTROS;05/09/2015;NAO;462761.49
PREVIDENCIARIO-000463;95000462000115;1318490.42;95.000.462/0001-15;Pessoa jurídica;Principal;CAMINHO VERDE ENERGIA LTDA;PA;1ª REGIÃO;600000462;Garantia;CREDITO PREVIDENCIARIO SUB JUDICE;Não Informado;09/03/2020;SIM;1318490.42
PREVIDENCIARIO-000464;95000463000160;451300.94;95.000.463/0001-60;Pessoa jurídica;Principal;CAMPOS DO SUL ENERGIA S.A.;MG;6ª REGIÃO;600000463;Garantia;AJUIZAMENTO   DISTRIBUICAO;OUTROS;21/11/2021;SIM;451300.94
PREVIDENCIARIO-000465;95000464000104;1253363.22;95.000.464/0001-04;Pessoa jurídica;Principal;CERRADO ENERGIA LTDA;RO;1ª REGIÃO;600000464;Em cobrança;NEGOCIADO NO SISPAR;OUTROS;21/06/2017;NAO;1253363.22
PREVIDENCIARIO-000466;95000465000159;809945.73;95.000.465/0001-59;Pessoa jurídica;Principal;COSTA AZUL ENERGIA LTDA;CE;5ª REGIÃO;600000465;Em cobrança;CREDITO EM DILIGENCIA NA AREA ADMINISTRATIVA;OUTROS;12/05/2021;NAO;809945.73
PREVIDENCIARIO-000467;95000466000101;76753.20;95.000.466/0001-01;Pessoa jurídica;Principal;CRUZEIRO ENERGIA S.A.;RR;1ª REGIÃO;600000466;Em cobrança;RETORNO DA DILIGENCIA;OUTROS;17/04/2012;NAO;76753.20
PREVIDENCIARIO-000468;95000467000148;305155.44;95.000.467/0001-48;Pessoa jurídica;Principal;ESTRELA DO NORTE ENERGIA LTDA;GO;1ª REGIÃO;600000467;Em cobrança;RETORNO A RFB PARA ANALISE;OUTROS;06/01/2006;NAO;305155.44
PREVIDENCIARIO-000469;95000468000192;434958.09;95.000.468/0001-92;Pessoa jurídica;Principal;HORIZONTE ENERGIA LTDA;TO;1ª REGIÃO;600000468;Em cobrança;PRE INSCRICAO DE CREDITO DE LDCG DCG;OUTROS;28/08/2024;NAO;434958.09
PREVIDENCIARIO-000470;95000469000137;134870.04;95.000.469/0001-37;Pessoa jurídica;Principal;INTEGRA ENERGIA S.A.;PI;1ª REGIÃO;600000469;Garantia;CREDITO PREVIDENCIARIO SUB JUDICE;Não Informado;20/02/2017;SIM;134870.04
PREVIDENCIARIO-000471;95000470000161;659165.55;95.000.470/0001-61;Pessoa jurídica;Principal;JARDINS ENERGIA LTDA;PR;4ª REGIÃO;600000470;Garantia;AJUIZAMENTO   DISTRIBUICAO;OUTROS;11/03/2010;SIM;659165.55
PREVIDENCIARIO-000472;95000471000106;295050.93;95.000.471/0001-06;Pessoa jurídica;Principal;MONTE ALTO ENERGIA LTDA;AM;1ª REGIÃO;600000471;Em cobrança;NEGOCIADO NO SISPAR;OUTROS;04/04/2018;NAO;295050.93
PREVIDENCIARIO-000473;95000472000150;743108.69;95.000.472/0001-50;Pessoa jurídica;Principal;NOVA ERA ENERGIA S.A.;MS;1ª REGIÃO;600000472;Em cobrança;CREDITO EM DILIGENCIA NA AREA ADMINISTRATIVA;OUTROS;06/06/2023;NAO;743108.69
PREVIDENCIARIO-000474;95000473000103;411637.31;95.000.473/0001-03;Pessoa jurídica;Principal;PIONEIRA ENERGIA LTDA;MT;1ª REGIÃO;600000473;Em cobrança;RETORNO DA DILIGENCIA;OUTROS;17/10/2016;NAO;411637.31
PREVIDENCIARIO-000475;95000474000140;1128312.73;95.000.474/0001-40;Pessoa jurídica;Principal;PLANALTO ENERGIA LTDA;BA;1ª REGIÃO;600000474;Em cobrança;RETORNO A RFB PARA ANALISE;OUTROS;19/03/2020;NAO;1128312.73
PREVIDENCIARIO-000476;95000475000194;1312100.75;95.000.475/0001-94;Pessoa jurídica;Principal;RIO CLARO ENERGIA S.A.;AC;1ª REGIÃO;600000475;Benefício Fiscal;PRE INSCRICAO DE CREDITO DE LDCG DCG;OUTROS;02/02/2017;NAO;1312100.75
PREVIDENCIARIO-000477;95000476000139;506628.12;95.000.476/0001-39;Pessoa jurídica;Principal;SERRA DOURADA ENERGIA LTDA;PE;5ª REGIÃO;600000476;Garantia;CREDITO PREVIDENCIARIO SUB JUDICE;Não Informado;16/07/2023;SIM;506628.12
PREVIDENCIARIO-000478;90000355000173;986305.60;90.000.355/0001-73;Pessoa jurídica;Principal;SOL NASCENTE ENERGIA LTDA;AP;1ª REGIÃO;600000477;Garantia;AJUIZAMENTO   DISTRIBUICAO;OUTROS;26/12/2015;SIM;986305.60
PREVIDENCIARIO-000479;95000478000128;724370.34;95.000.478/0001-28;Pessoa jurídica;Principal;VALE FORTE ENERGIA S.A.;MA;1ª REGIÃO;600000478;Em cobrança;NEGOCIADO NO SISPAR;OUTROS;26/01/2007;NAO;724370.34
PREVIDENCIARIO-000480;95000479000172;1456808.30;95.000.479/0001-72;Pessoa jurídica;Principal;VILA NOVA ENERGIA LTDA;SP;3ª REGIÃO;600000479;Em cobrança;CREDITO EM DILIGENCIA NA AREA ADMINISTRATIVA;OUTROS;16/03/2021;NAO;1456808.30
PREVIDENCIARIO-000481;95000480000105;252711.77;95.000.480/0001-05;Pessoa jurídica;Principal;ALVORADA EQUIPAMENTOS LTDA;DF;1ª REGIÃO;600000480;Em cobrança;RETORNO DA DILIGENCIA;OUTROS;21/07/2016;NAO;252711.77
PREVIDENCIARIO-000482;95000481000141;1462053.16;95.000.481/0001-41;Pessoa jurídica;Corresponsável;BOA VISTA EQUIPAMENTOS S.A.;SC;4ª REGIÃO;600000481;Em cobrança;RETORNO A RFB PARA ANALISE;OUTROS;02/08/2013;NAO;1462053.16
PREVIDENCIARIO-000483;95000482000196;55495.95;95.000.482/0001-96;Pessoa jurídica;Principal;CAMINHO VERDE EQUIPAMENTOS LTDA;PA;1ª REGIÃO;600000482;Em cobrança;PRE INSCRICAO DE CREDITO DE LDCG DCG;OUTROS;27/12/2022;NAO;55495.95
PREVIDENCIARIO-000484;95000483000130;1220647.63;95.000.483/0001-30;Pessoa jurídica;Principal;CAMPOS DO SUL EQUIPAMENTOS LTDA;MG;6ª REGIÃO;600000483;Garantia;CREDITO PREVIDENCIARIO SUB JUDICE;Não Informado;08/01/2016;SIM;1220647.63
PREVIDENCIARIO-000485;95000484000185;1069569.48;95.000.484/0001-85;Pessoa jurídica;Principal;CERRADO EQUIPAMENTOS S.A.;RO;1ª REGIÃO;600000484;Garantia;AJUIZAMENTO   DISTRIBUICAO;OUTROS;12/01/2017;SIM;1069569.48
PREVIDENCIARIO-000486;95000485000120;928824.72;95.000.485/0001-20;Pessoa jurídica;Principal;COSTA AZUL EQUIPAMENTOS LTDA;CE;5ª REGIÃO;600000485;Em cobrança;NEGOCIADO NO SISPAR;OUTROS;20/07/2007;NAO;928824.72
PREVIDENCIARIO-000487;95000486000174;1381951.95;95.000.486/0001-74;Pessoa jurídica;Principal;CRUZEIRO EQUIPAMENTOS LTDA;RR;1ª REGIÃO;600000486;Em cobrança;CREDITO EM DILIGENCIA NA AREA ADMINISTRATIVA;OUTROS;25/03/2021;NAO;1381951.95
PREVIDENCIARIO-000488;95000487000119;513025.42;95.000.487/0001-19;Pessoa jurídica;Principal;ESTRELA DO NORTE EQUIPAMENTOS S.A.;GO;1ª REGIÃO;600000487;Em cobrança;RETORNO DA DILIGENCIA;OUTROS;14/08/2006;NAO;513025.42
PREVIDENCIARIO-000489;95000488000163;63389.09;95.000.488/0001-63;Pessoa jurídica;Principal;HORIZONTE EQUIPAMENTOS LTDA;TO;1ª REGIÃO;600000488;Em cobrança;RETORNO A RFB PARA ANALISE;OUTROS;12/06/2024;NAO;63389.09
PREVIDENCIARIO-000490;95000489000108;1035959.04;95.000.489/0001-08;Pessoa jurídica;Principal;INTEGRA EQUIPAMENTOS LTDA;PI;1ª REGIÃO;600000489;Em cobrança;PRE INSCRICAO DE CREDITO DE LDCG DCG;OUTROS;18/03/2008;NAO;1035959.04
PREVIDENCIARIO-000491;95000490000132;1495459.64;95.000.490/0001-32;Pessoa jurídica;Principal;JARDINS EQUIPAMENTOS S.A.;PR;4ª REGIÃO;600000490;Garantia;CREDITO PREVIDENCIARIO SUB JUDICE;Não Informado;01/03/2020;SIM;1495459.64
PREVIDENCIARIO-000492;95000491000187;1030924.09;95.000.491/0001-87;Pessoa jurídica;Principal;MONTE ALTO EQUIPAMENTOS LTDA;AM;1ª REGIÃO;600000491;Garantia;AJUIZAMENTO   DISTRIBUICAO;OUTROS;30/08/2023;SIM;1030924.09
PREVIDENCIARIO-000493;95000492000121;906031.08;95.000.492/0001-21;Pessoa jurídica;Principal;NOVA ERA EQUIPAMENTOS LTDA;MS;1ª REGIÃO;600000492;Em cobrança;NEGOCIADO NO SISPAR;OUTROS;27/04/2013;NAO;906031.08
PREVIDENCIARIO-000494;95000493000176;910197.69;95.000.493/0001-76;Pessoa jurídica;Principal;PIONEIRA EQUIPAMENTOS S.A.;MT;1ª REGIÃO;600000493;Em cobrança;CREDITO EM DILIGENCIA NA AREA ADMINISTRATIVA;OUTROS;23/01/2026;NAO;910197.69
PREVIDENCIARIO-000495;95000494000110;1188984.61;95.000.494/0001-10;Pessoa jurídica;Principal;PLANALTO EQUIPAMENTOS LTDA;BA;1ª REGIÃO;600000494;Benefício Fiscal;RETORNO DA DILIGENCIA;OUTROS;04/03/2016;NAO;1188984.61
PREVIDENCIARIO-000496;95000495000165;473926.24;95.000.495/0001-65;Pessoa jurídica;Principal;RIO CLARO EQUIPAMENTOS LTDA;AC;1ª REGIÃO;600000495;Em cobrança;RETORNO A RFB PARA ANALISE;OUTROS;26/10/2017;NAO;473926.24
PREVIDENCIARIO-000497;95000496000100;481254.64;95.000.496/0001-00;Pessoa jurídica;Principal;SERRA DOURADA EQUIPAMENTOS S.A.;PE;5ª REGIÃO;600000496;Em cobrança;PRE INSCRICAO DE CREDITO DE LDCG DCG;OUTROS;19/01/2016;NAO;481254.64
PREVIDENCIARIO-000498;95000497000154;415775.11;95.000.497/0001-54;Pessoa jurídica;Principal;SOL NASCENTE EQUIPAMENTOS LTDA;AP;1ª REGIÃO;600000497;Garantia;CREDITO PREVIDENCIARIO SUB JUDICE;Não Informado;13/07/2012;SIM;415775.11
PREVIDENCIARIO-000499;95000498000107;1322953.28;95.000.498/0001-07;Pessoa jurídica;Principal;VALE FORTE EQUIPAMENTOS LTDA;MA;1ª REGIÃO;600000498;Garantia;AJUIZAMENTO   DISTRIBUICAO;OUTROS;20/09/2010;SIM;1322953.28
PREVIDENCIARIO-000500;95000499000143;1100120.32;95.000.499/0001-43;Pessoa jurídica;Principal;VILA NOVA EQUIPAMENTOS S.A.;SP;3ª REGIÃO;600000499;Em cobrança;NEGOCIADO NO SISPAR;OUTROS;28/01/2008;NAO;1100120.32
PREVIDENCIARIO-000501;90000388000113;1119574.82;90.000.388/0001-13;Pessoa jurídica;Principal;ALVORADA INDUSTRIA FLORESTAL LTDA;DF;1ª REGIÃO;600000500;Em cobrança;CREDITO EM DILIGENCIA NA AREA ADMINISTRATIVA;OUTROS;02/01/2019;NAO;1119574.82
PREVIDENCIARIO-000502;95000501000184;1258689.85;95.000.501/0001-84;Pessoa jurídica;Principal;BOA VISTA INDUSTRIA FLORESTAL LTDA;SC;4ª REGIÃO;600000501;Em cobrança;RETORNO DA DILIGENCIA;OUTROS;27/08/2011;NAO;1258689.85
PREVIDENCIARIO-000503;95000502000129;484900.84;95.000.502/0001-29;Pessoa jurídica;Principal;CAMINHO VERDE INDUSTRIA FLORESTAL S.A.;PA;1ª REGIÃO;600000502;Em cobrança;RETORNO A RFB PARA ANALISE;OUTROS;29/08/2022;NAO;484900.84
PREVIDENCIARIO-000504;95000503000173;1129187.53;95.000.503/0001-73;Pessoa jurídica;Principal;CAMPOS DO SUL INDUSTRIA FLORESTAL LTDA;MG;6ª REGIÃO;600000503;Em cobrança;PRE INSCRICAO DE CREDITO DE LDCG DCG;OUTROS;31/01/2011;NAO;1129187.53
PREVIDENCIARIO-000505;95000504000118;431351.05;95.000.504/0001-18;Pessoa jurídica;Principal;CERRADO INDUSTRIA FLORESTAL LTDA;RO;1ª REGIÃO;600000504;Garantia;CREDITO PREVIDENCIARIO SUB JUDICE;Não Informado;24/10/2015;SIM;431351.05
PREVIDENCIARIO-000506;95000505000162;1436057.18;95.000.505/0001-62;Pessoa jurídica;Principal;COSTA AZUL INDUSTRIA FLORESTAL S.A.;CE;5ª REGIÃO;600000505;Garantia;AJUIZAMENTO   DISTRIBUICAO;OUTROS;14/10/2006;SIM;1436057.18
PREVIDENCIARIO-000507;95000506000107;241350.27;95.000.506/0001-07;Pessoa jurídica;Principal;CRUZEIRO INDUSTRIA FLORESTAL LTDA;RR;1ª REGIÃO;600000506;Em cobrança;NEGOCIADO NO SISPAR;OUTROS;10/04/2021;NAO;241350.27
PREVIDENCIARIO-000508;95000507000151;486369.99;95.000.507/0001-51;Pessoa jurídica;Principal;ESTRELA DO NORTE INDUSTRIA FLORESTAL LTDA;GO;1ª REGIÃO;600000507;Em cobrança;CREDITO EM DILIGENCIA NA AREA ADMINISTRATIVA;OUTROS;19/06/2009;NAO;486369.99
PREVIDENCIARIO-000509;95000508000104;729706.83;95.000.508/0001-04;Pessoa jurídica;Principal;HORIZONTE INDUSTRIA FLORESTAL S.A.;TO;1ª REGIÃO;600000508;Em cobrança;RETORNO DA DILIGENCIA;OUTROS;03/05/2024;NAO;729706.83
PREVIDENCIARIO-000510;95000509000140;1026942.80;95.000.509/0001-40;Pessoa jurídica;Principal;INTEGRA INDUSTRIA FLORESTAL LTDA;PI;1ª REGIÃO;600000509;Em cobrança;RETORNO A RFB PARA ANALISE;OUTROS;05/04/2021;NAO;1026942.80
PREVIDENCIARIO-000511;95000510000175;1485222.73;95.000.510/0001-75;Pessoa jurídica;Principal;JARDINS INDUSTRIA FLORESTAL LTDA;PR;4ª REGIÃO;600000510;Em cobrança;PRE INSCRICAO DE CREDITO DE LDCG DCG;OUTROS;27/06/2016;NAO;1485222.73
PREVIDENCIARIO-000512;95000511000110;1391220.15;95.000.511/0001-10;Pessoa jurídica;Principal;MONTE ALTO INDUSTRIA FLORESTAL S.A.;AM;1ª REGIÃO;600000511;Garantia;CREDITO PREVIDENCIARIO SUB JUDICE;Não Informado;24/07/2023;SIM;1391220.15
PREVIDENCIARIO-000513;95000512000164;550780.77;95.000.512/0001-64;Pessoa jurídica;Principal;NOVA ERA INDUSTRIA FLORESTAL LTDA;MS;1ª REGIÃO;600000512;Garantia;AJUIZAMENTO   DISTRIBUICAO;OUTROS;13/06/2024;SIM;550780.77
PREVIDENCIARIO-000514;95000513000109;1328277.95;95.000.513/0001-09;Pessoa jurídica;Principal;PIONEIRA INDUSTRIA FLORESTAL LTDA;MT;1ª REGIÃO;600000513;Benefício Fiscal;NEGOCIADO NO SISPAR;OUTROS;06/07/2021;NAO;1328277.95
PREVIDENCIARIO-000515;95000514000153;876979.17;95.000.514/0001-53;Pessoa jurídica;Principal;PLANALTO INDUSTRIA FLORESTAL S.A.;BA;1ª REGIÃO;600000514;Em cobrança;CREDITO EM DILIGENCIA NA AREA ADMINISTRATIVA;OUTROS;06/05/2005;NAO;876979.17
PREVIDENCIARIO-000516;95000515000106;791731.47;95.000.515/0001-06;Pessoa jurídica;Principal;RIO CLARO INDUSTRIA FLORESTAL LTDA;AC;1ª REGIÃO;600000515;Em cobrança;RETORNO DA DILIGENCIA;OUTROS;10/03/2007;NAO;791731.47
PREVIDENCIARIO-000517;95000516000142;1264708.74;95.000.516/0001-42;Pessoa jurídica;Principal;SERRA DOURADA INDUSTRIA FLORESTAL LTDA;PE;5ª REGIÃO;600000516;Em cobrança;RETORNO A RFB PARA ANALISE;OUTROS;08/12/2009;NAO;1264708.74
PREVIDENCIARIO-000518;95000517000197;335255.65;95.000.517/0001-97;Pessoa jurídica;Principal;SOL NASCENTE INDUSTRIA FLORESTAL S.A.;AP;1ª REGIÃO;600000517;Em cobrança;PRE INSCRICAO DE CREDITO DE LDCG DCG;OUTROS;31/08/2009;NAO;335255.65
PREVIDENCIARIO-000519;95000518000131;876793.15;95.000.518/0001-31;Pessoa jurídica;Corresponsável;VALE FORTE INDUSTRIA FLORESTAL LTDA;MA;1ª REGIÃO;600000518;Garantia;CREDITO PREVIDENCIARIO SUB JUDICE;Não Informado;05/03/2011;SIM;876793.15
PREVIDENCIARIO-000520;95000519000186;138750.30;95.000.519/0001-86;Pessoa jurídica;Principal;VILA NOVA INDUSTRIA FLORESTAL LTDA;SP;3ª REGIÃO;600000519;Garantia;AJUIZAMENTO   DISTRIBUICAO;OUTROS;17/10/2018;SIM;138750.30
PREVIDENCIARIO-000521;95000520000100;283037.40;95.000.520/0001-00;Pessoa jurídica;Principal;ALVORADA MINERACAO S.A.;DF;1ª REGIÃO;600000520;Em cobrança;NEGOCIADO NO SISPAR;OUTROS;29/08/2025;NAO;283037.40
PREVIDENCIARIO-000522;95000521000155;1062908.26;95.000.521/0001-55;Pessoa jurídica;Principal;BOA VISTA MINERACAO LTDA;SC;4ª REGIÃO;600000521;Em cobrança;CREDITO EM DILIGENCIA NA AREA ADMINISTRATIVA;OUTROS;27/01/2026;NAO;1062908.26
PREVIDENCIARIO-000523;90000435000129;374354.98;90.000.435/0001-29;Pessoa jurídica;Principal;CAMINHO VERDE MINERACAO LTDA;PA;1ª REGIÃO;600000522;Em cobrança;RETORNO DA DILIGENCIA;OUTROS;01/01/2022;NAO;374354.98
PREVIDENCIARIO-000524;95000523000144;1006969.09;95.000.523/0001-44;Pessoa jurídica;Principal;CAMPOS DO SUL MINERACAO S.A.;MG;6ª REGIÃO;600000523;Em cobrança;RETORNO A RFB PARA ANALISE;OUTROS;09/03/2023;NAO;1006969.09
PREVIDENCIARIO-000525;95000524000199;856568.91;95.000.524/0001-99;Pessoa jurídica;Principal;CERRADO MINERACAO LTDA;RO;1ª REGIÃO;600000524;Em cobrança;PRE INSCRICAO DE CREDITO DE LDCG DCG;OUTROS;25/12/2017;NAO;856568.91
PREVIDENCIARIO-000526;95000525000133;1215166.28;95.000.525/0001-33;Pessoa jurídica;Principal;COSTA AZUL MINERACAO LTDA;CE;5ª REGIÃO;600000525;Garantia;CREDITO PREVIDENCIARIO SUB JUDICE;Não Informado;27/11/2018;SIM;1215166.28
PREVIDENCIARIO-000527;95000526000188;409407.04;95.000.526/0001-88;Pessoa jurídica;Principal;CRUZEIRO MINERACAO S.A.;RR;1ª REGIÃO;600000526;Garantia;AJUIZAMENTO   DISTRIBUICAO;OUTROS;03/09/2021;SIM;409407.04
PREVIDENCIARIO-000528;95000527000122;59800.75;95.000.527/0001-22;Pessoa jurídica;Principal;ESTRELA DO NORTE MINERACAO LTDA;GO;1ª REGIÃO;600000527;Em cobrança;NEGOCIADO NO SISPAR;OUTROS;22/08/2011;NAO;59800.75
PREVIDENCIARIO-000529;95000528000177;971136.89;95.000.528/0001-77;Pessoa jurídica;Principal;HORIZONTE MINERACAO LTDA;TO;1ª REGIÃO;600000528;Em cobrança;CREDITO EM DILIGENCIA NA AREA ADMINISTRATIVA;OUTROS;26/04/2014;NAO;971136.89
PREVIDENCIARIO-000530;95000529000111;194198.36;95.000.529/0001-11;Pessoa jurídica;Principal;INTEGRA MINERACAO S.A.;PI;1ª REGIÃO;600000529;Em cobrança;RETORNO DA DILIGENCIA;OUTROS;03/08/2010;NAO;194198.36
PREVIDENCIARIO-000531;95000530000146;987810.38;95.000.530/0001-46;Pessoa jurídica;Principal;JARDINS MINERACAO LTDA;PR;4ª REGIÃO;600000530;Em cobrança;RETORNO A RFB PARA ANALISE;OUTROS;02/03/2006;NAO;987810.38
PREVIDENCIARIO-000532;95000531000190;1354534.37;95.000.531/0001-90;Pessoa jurídica;Principal;MONTE ALTO MINERACAO LTDA;AM;1ª REGIÃO;600000531;Em cobrança;PRE INSCRICAO DE CREDITO DE LDCG DCG;OUTROS;01/07/2010;NAO;1354534.37
PREVIDENCIARIO-000533;95000532000135;333513.68;95.000.532/0001-35;Pessoa jurídica;Principal;NOVA ERA MINERACAO S.A.;MS;1ª REGIÃO;600000532;Benefício Fiscal;CREDITO PREVIDENCIARIO SUB JUDICE;Não Informado;24/06/2008;SIM;333513.68
PREVIDENCIARIO-000534;95000533000180;954532.61;95.000.533/0001-80;Pessoa jurídica;Principal;PIONEIRA MINERACAO LTDA;MT;1ª REGIÃO;600000533;Garantia;AJUIZAMENTO   DISTRIBUICAO;OUTROS;15/10/2023;SIM;954532.61
PREVIDENCIARIO-000535;95000534000124;990742.61;95.000.534/0001-24;Pessoa jurídica;Principal;PLANALTO MINERACAO LTDA;BA;1ª REGIÃO;600000534;Em cobrança;NEGOCIADO NO SISPAR;OUTROS;22/08/2006;NAO;990742.61
PREVIDENCIARIO-000536;95000535000179;996772.10;95.000.535/0001-79;Pessoa jurídica;Principal;RIO CLARO MINERACAO S.A.;AC;1ª REGIÃO;600000535;Em cobrança;CREDITO EM DILIGENCIA NA AREA ADMINISTRATIVA;OUTROS;06/04/2021;NAO;996772.10
PREVIDENCIARIO-000537;95000536000113;1452248.80;95.000.536/0001-13;Pessoa jurídica;Principal;SERRA DOURADA MINERACAO LTDA;PE;5ª REGIÃO;600000536;Em cobrança;RETORNO DA DILIGENCIA;OUTROS;13/09/2024;NAO;1452248.80
PREVIDENCIARIO-000538;95000537000168;703159.12;95.000.537/0001-68;Pessoa jurídica;Principal;SOL NASCENTE MINERACAO LTDA;AP;1ª REGIÃO;600000537;Em cobrança;RETORNO A RFB PARA ANALISE;OUTROS;19/11/2024;NAO;703159.12
PREVIDENCIARIO-000539;95000538000102;1177026.97;95.000.538/0001-02;Pessoa jurídica;Principal;VALE FORTE MINERACAO S.A.;MA;1ª REGIÃO;600000538;Em cobrança;PRE INSCRICAO DE CREDITO DE LDCG DCG;OUTROS;28/09/2011;NAO;1177026.97
PREVIDENCIARIO-000540;95000539000157;1132747.32;95.000.539/0001-57;Pessoa jurídica;Principal;VILA NOVA MINERACAO LTDA;SP;3ª REGIÃO;600000539;Garantia;CREDITO PREVIDENCIARIO SUB JUDICE;Não Informado;28/02/2021;SIM;1132747.32
PREVIDENCIARIO-000541;95000540000181;314338.66;95.000.540/0001-81;Pessoa jurídica;Principal;ALVORADA OBRAS E SERVICOS LTDA;DF;1ª REGIÃO;600000540;Garantia;AJUIZAMENTO   DISTRIBUICAO;OUTROS;06/06/2016;SIM;314338.66
PREVIDENCIARIO-000542;95000541000126;439613.80;95.000.541/0001-26;Pessoa jurídica;Principal;BOA VISTA OBRAS E SERVICOS S.A.;SC;4ª REGIÃO;600000541;Em cobrança;NEGOCIADO NO SISPAR;OUTROS;31/10/2013;NAO;439613.80
PREVIDENCIARIO-000543;95000542000170;1280392.67;95.000.542/0001-70;Pessoa jurídica;Principal;CAMINHO VERDE OBRAS E SERVICOS LTDA;PA;1ª REGIÃO;600000542;Em cobrança;CREDITO EM DILIGENCIA NA AREA ADMINISTRATIVA;OUTROS;27/07/2025;NAO;1280392.67
PREVIDENCIARIO-000544;95000543000115;790024.05;95.000.543/0001-15;Pessoa jurídica;Principal;CAMPOS DO SUL OBRAS E SERVICOS LTDA;MG;6ª REGIÃO;600000543;Em cobrança;RETORNO DA DILIGENCIA;OUTROS;11/02/2024;NAO;790024.05
PREVIDENCIARIO-000545;90000454000155;1150827.56;90.000.454/0001-55;Pessoa jurídica;Principal;CERRADO OBRAS E SERVICOS S.A.;RO;1ª REGIÃO;600000544;Em cobrança;RETORNO A RFB PARA ANALISE;OUTROS;31/03/2008;NAO;1150827.56
PREVIDENCIARIO-000546;95000545000104;342643.34;95.000.545/0001-04;Pessoa jurídica;Principal;COSTA AZUL OBRAS E SERVICOS LTDA;CE;5ª REGIÃO;600000545;Em cobrança;PRE INSCRICAO DE CREDITO DE LDCG DCG;OUTROS;13/01/2024;NAO;342643.34
PREVIDENCIARIO-000547;95000546000159;199866.52;95.000.546/0001-59;Pessoa jurídica;Principal;CRUZEIRO OBRAS E SERVICOS LTDA;RR;1ª REGIÃO;600000546;Garantia;CREDITO PREVIDENCIARIO SUB JUDICE;Não Informado;26/11/2024;SIM;199866.52
PREVIDENCIARIO-000548;95000547000101;1059077.62;95.000.547/0001-01;Pessoa jurídica;Principal;ESTRELA DO NORTE OBRAS E SERVICOS S.A.;GO;1ª REGIÃO;600000547;Garantia;AJUIZAMENTO   DISTRIBUICAO;OUTROS;04/10/2008;SIM;1059077.62
PREVIDENCIARIO-000549;95000548000148;1302139.91;95.000.548/0001-48;Pessoa jurídica;Principal;HORIZONTE OBRAS E SERVICOS LTDA;TO;1ª REGIÃO;600000548;Em cobrança;NEGOCIADO NO SISPAR;OUTROS;05/02/2008;NAO;1302139.91
PREVIDENCIARIO-000550;95000549000192;499551.56;95.000.549/0001-92;Pessoa jurídica;Principal;INTEGRA OBRAS E SERVICOS LTDA;PI;1ª REGIÃO;600000549;Em cobrança;CREDITO EM DILIGENCIA NA AREA ADMINISTRATIVA;OUTROS;25/09/2010;NAO;499551.56
PREVIDENCIARIO-000551;95000550000117;782995.77;95.000.550/0001-17;Pessoa jurídica;Principal;JARDINS OBRAS E SERVICOS S.A.;PR;4ª REGIÃO;600000550;Em cobrança;RETORNO DA DILIGENCIA;OUTROS;11/02/2009;NAO;782995.77
PREVIDENCIARIO-000552;95000551000161;620556.60;95.000.551/0001-61;Pessoa jurídica;Principal;MONTE ALTO OBRAS E SERVICOS LTDA;AM;1ª REGIÃO;600000551;Benefício Fiscal;RETORNO A RFB PARA ANALISE;OUTROS;17/05/2014;NAO;620556.60
PREVIDENCIARIO-000553;95000552000106;172343.70;95.000.552/0001-06;Pessoa jurídica;Principal;NOVA ERA OBRAS E SERVICOS LTDA;MS;1ª REGIÃO;600000552;Em cobrança;PRE INSCRICAO DE CREDITO DE LDCG DCG;OUTROS;13/03/2012;NAO;172343.70
PREVIDENCIARIO-000554;95000553000150;979426.92;95.000.553/0001-50;Pessoa jurídica;Principal;PIONEIRA OBRAS E SERVICOS S.A.;MT;1ª REGIÃO;600000553;Garantia;CREDITO PREVIDENCIARIO SUB JUDICE;Não Informado;04/10/2014;SIM;979426.92
PREVIDENCIARIO-000555;95000554000103;1205502.23;95.000.554/0001-03;Pessoa jurídica;Principal;PLANALTO OBRAS E SERVICOS LTDA;BA;1ª REGIÃO;600000554;Garantia;AJUIZAMENTO   DISTRIBUICAO;OUTROS;20/10/2013;SIM;1205502.23
PREVIDENCIARIO-000556;95000555000140;1114325.94;95.000.555/0001-40;Pessoa jurídica;Corresponsável;RIO CLARO OBRAS E SERVICOS LTDA;AC;1ª REGIÃO;600000555;Em cobrança;NEGOCIADO NO SISPAR;OUTROS;27/10/2017;NAO;1114325.94
PREVIDENCIARIO-000557;95000556000194;778645.25;95.000.556/0001-94;Pessoa jurídica;Principal;SERRA DOURADA OBRAS E SERVICOS S.A.;PE;5ª REGIÃO;600000556;Em cobrança;CREDITO EM DILIGENCIA NA AREA ADMINISTRATIVA;OUTROS;03/09/2016;NAO;778645.25
PREVIDENCIARIO-000558;95000557000139;1250251.34;95.000.557/0001-39;Pessoa jurídica;Principal;SOL NASCENTE OBRAS E SERVICOS LTDA;AP;1ª REGIÃO;600000557;Em cobrança;RETORNO DA DILIGENCIA;OUTROS;08/05/2021;NAO;1250251.34
PREVIDENCIARIO-000559;95000558000183;1441667.57;95.000.558/0001-83;Pessoa jurídica;Principal;VALE FORTE OBRAS E SERVICOS LTDA;MA;1ª REGIÃO;600000558;Em cobrança;RETORNO A RFB PARA ANALISE;OUTROS;13/09/2023;NAO;1441667.57
PREVIDENCIARIO-000560;95000559000128;1354491.37;95.000.559/0001-28;Pessoa jurídica;Principal;VILA NOVA OBRAS E SERVICOS S.A.;SP;3ª REGIÃO;600000559;Em cobrança;PRE INSCRICAO DE CREDITO DE LDCG DCG;OUTROS;05/06/2021;NAO;1354491.37
PREVIDENCIARIO-000561;95000560000152;896715.14;95.000.560/0001-52;Pessoa jurídica;Principal;ALVORADA PRODUTOS AGRICOLAS LTDA;DF;1ª REGIÃO;600000560;Garantia;CREDITO PREVIDENCIARIO SUB JUDICE;Não Informado;25/05/2014;SIM;896715.14
PREVIDENCIARIO-000562;95000561000105;439590.19;95.000.561/0001-05;Pessoa jurídica;Principal;BOA VISTA PRODUTOS AGRICOLAS LTDA;SC;4ª REGIÃO;600000561;Garantia;AJUIZAMENTO   DISTRIBUICAO;OUTROS;30/05/2008;SIM;439590.19
PREVIDENCIARIO-000563;95000562000141;830249.98;95.000.562/0001-41;Pessoa jurídica;Principal;CAMINHO VERDE PRODUTOS AGRICOLAS S.A.;PA;1ª REGIÃO;600000562;Em cobrança;NEGOCIADO NO SISPAR;OUTROS;27/03/2021;NAO;830249.98
PREVIDENCIARIO-000564;95000563000196;1386205.13;95.000.563/0001-96;Pessoa jurídica;Principal;CAMPOS DO SUL PRODUTOS AGRICOLAS LTDA;MG;6ª REGIÃO;600000563;Em cobrança;CREDITO EM DILIGENCIA NA AREA ADMINISTRATIVA;OUTROS;06/11/2007;NAO;1386205.13
PREVIDENCIARIO-000565;95000564000130;796445.48;95.000.564/0001-30;Pessoa jurídica;Principal;CERRADO PRODUTOS AGRICOLAS LTDA;RO;1ª REGIÃO;600000564;Em cobrança;RETORNO DA DILIGENCIA;OUTROS;19/01/2020;NAO;796445.48
PREVIDENCIARIO-000566;95000565000185;1438263.63;95.000.565/0001-85;Pessoa jurídica;Principal;COSTA AZUL PRODUTOS AGRICOLAS S.A.;CE;5ª REGIÃO;600000565;Em cobrança;RETORNO A RFB PARA ANALISE;OUTROS;06/03/2012;NAO;1438263.63
PREVIDENCIARIO-000567;90000537000144;233231.99;90.000.537/0001-44;Pessoa jurídica;Principal;CRUZEIRO PRODUTOS AGRICOLAS LTDA;RR;1ª REGIÃO;600000566;Em cobrança;PRE INSCRICAO DE CREDITO DE LDCG DCG;OUTROS;01/05/2020;NAO;233231.99
PREVIDENCIARIO-000568;95000567000174;1387252.79;95.000.567/0001-74;Pessoa jurídica;Principal;ESTRELA DO NORTE PRODUTOS AGRICOLAS LTDA;GO;1ª REGIÃO;600000567;Garantia;CREDITO PREVIDENCIARIO SUB JUDICE;Não Informado;10/11/2019;SIM;1387252.79
PREVIDENCIARIO-000569;95000568000119;573538.38;95.000.568/0001-19;Pessoa jurídica;Principal;HORIZONTE PRODUTOS AGRICOLAS S.A.;TO;1ª REGIÃO;600000568;Garantia;AJUIZAMENTO   DISTRIBUICAO;OUTROS;14/12/2015;SIM;573538.38
PREVIDENCIARIO-000570;95000569000163;850599.11;95.000.569/0001-63;Pessoa jurídica;Principal;INTEGRA PRODUTOS AGRICOLAS LTDA;PI;1ª REGIÃO;600000569;Em cobrança;NEGOCIADO NO SISPAR;OUTROS;18/12/2016;NAO;850599.11
PREVIDENCIARIO-000571;95000570000198;1288899.58;95.000.570/0001-98;Pessoa jurídica;Principal;JARDINS PRODUTOS AGRICOLAS LTDA;PR;4ª REGIÃO;600000570;Benefício Fiscal;CREDITO EM DILIGENCIA NA AREA ADMINISTRATIVA;OUTROS;08/12/2020;NAO;1288899.58
PREVIDENCIARIO-000572;95000571000132;1413221.51;95.000.571/0001-32;Pessoa jurídica;Principal;MONTE ALTO PRODUTOS AGRICOLAS S.A.;AM;1ª REGIÃO;600000571;Em cobrança;RETORNO DA DILIGENCIA;OUTROS;21/03/2021;NAO;1413221.51
PREVIDENCIARIO-000573;95000572000187;574225.65;95.000.572/0001-87;Pessoa jurídica;Principal;NOVA ERA PRODUTOS AGRICOLAS LTDA;MS;1ª REGIÃO;600000572;Em cobrança;RETORNO A RFB PARA ANALISE;OUTROS;04/01/2012;NAO;574225.65
PREVIDENCIARIO-000574;95000573000121;784065.19;95.000.573/0001-21;Pessoa jurídica;Principal;PIONEIRA PRODUTOS AGRICOLAS LTDA;MT;1ª REGIÃO;600000573;Em cobrança;PRE INSCRICAO DE CREDITO DE LDCG DCG;OUTROS;13/10/2012;NAO;784065.19
PREVIDENCIARIO-000575;95000574000176;1259552.52;95.000.574/0001-76;Pessoa jurídica;Principal;PLANALTO PRODUTOS AGRICOLAS S.A.;BA;1ª REGIÃO;600000574;Garantia;CREDITO PREVIDENCIARIO SUB JUDICE;Não Informado;06/04/2013;SIM;1259552.52
PREVIDENCIARIO-000576;95000575000110;486549.37;95.000.575/0001-10;Pessoa jurídica;Principal;RIO CLARO PRODUTOS AGRICOLAS LTDA;AC;1ª REGIÃO;600000575;Garantia;AJUIZAMENTO   DISTRIBUICAO;OUTROS;21/05/2011;SIM;486549.37
PREVIDENCIARIO-000577;95000576000165;414019.80;95.000.576/0001-65;Pessoa jurídica;Principal;SERRA DOURADA PRODUTOS AGRICOLAS LTDA;PE;5ª REGIÃO;600000576;Em cobrança;NEGOCIADO NO SISPAR;OUTROS;24/06/2026;NAO;414019.80
PREVIDENCIARIO-000578;95000577000100;486686.54;95.000.577/0001-00;Pessoa jurídica;Principal;SOL NASCENTE PRODUTOS AGRICOLAS S.A.;AP;1ª REGIÃO;600000577;Em cobrança;CREDITO EM DILIGENCIA NA AREA ADMINISTRATIVA;OUTROS;23/12/2005;NAO;486686.54
PREVIDENCIARIO-000579;95000578000154;1470245.99;95.000.578/0001-54;Pessoa jurídica;Principal;VALE FORTE PRODUTOS AGRICOLAS LTDA;MA;1ª REGIÃO;600000578;Em cobrança;RETORNO DA DILIGENCIA;OUTROS;30/03/2010;NAO;1470245.99
PREVIDENCIARIO-000580;95000579000107;1028256.11;95.000.579/0001-07;Pessoa jurídica;Principal;VILA NOVA PRODUTOS AGRICOLAS LTDA;SP;3ª REGIÃO;600000579;Em cobrança;RETORNO A RFB PARA ANALISE;OUTROS;30/03/2007;NAO;1028256.11
PREVIDENCIARIO-000581;95000580000123;1089596.28;95.000.580/0001-23;Pessoa jurídica;Principal;ALVORADA SERVICOS AMBIENTAIS S.A.;DF;1ª REGIÃO;600000580;Em cobrança;PRE INSCRICAO DE CREDITO DE LDCG DCG;OUTROS;05/12/2008;NAO;1089596.28
PREVIDENCIARIO-000582;95000581000178;825640.28;95.000.581/0001-78;Pessoa jurídica;Principal;BOA VISTA SERVICOS AMBIENTAIS LTDA;SC;4ª REGIÃO;600000581;Garantia;CREDITO PREVIDENCIARIO SUB JUDICE;Não Informado;21/10/2025;SIM;825640.28
PREVIDENCIARIO-000583;95000582000112;844263.43;95.000.582/0001-12;Pessoa jurídica;Principal;CAMINHO VERDE SERVICOS AMBIENTAIS LTDA;PA;1ª REGIÃO;600000582;Garantia;AJUIZAMENTO   DISTRIBUICAO;OUTROS;19/03/2022;SIM;844263.43
PREVIDENCIARIO-000584;95000583000167;635954.97;95.000.583/0001-67;Pessoa jurídica;Principal;CAMPOS DO SUL SERVICOS AMBIENTAIS S.A.;MG;6ª REGIÃO;600000583;Em cobrança;NEGOCIADO NO SISPAR;OUTROS;01/11/2020;NAO;635954.97
PREVIDENCIARIO-000585;95000584000101;1185606.91;95.000.584/0001-01;Pessoa jurídica;Principal;CERRADO SERVICOS AMBIENTAIS LTDA;RO;1ª REGIÃO;600000584;Em cobrança;CREDITO EM DILIGENCIA NA AREA ADMINISTRATIVA;OUTROS;03/05/2006;NAO;1185606.91
PREVIDENCIARIO-000586;95000585000156;611233.48;95.000.585/0001-56;Pessoa jurídica;Principal;COSTA AZUL SERVICOS AMBIENTAIS LTDA;CE;5ª REGIÃO;600000585;Em cobrança;RETORNO DA DILIGENCIA;OUTROS;14/07/2019;NAO;611233.48
PREVIDENCIARIO-000587;95000586000109;30220.63;95.000.586/0001-09;Pessoa jurídica;Principal;CRUZEIRO SERVICOS AMBIENTAIS S.A.;RR;1ª REGIÃO;600000586;Em cobrança;RETORNO A RFB PARA ANALISE;OUTROS;29/10/2016;NAO;30220.63
PREVIDENCIARIO-000588;95000587000145;1202145.91;95.000.587/0001-45;Pessoa jurídica;Principal;ESTRELA DO NORTE SERVICOS AMBIENTAIS LTDA;GO;1ª REGIÃO;600000587;Em cobrança;PRE INSCRICAO DE CREDITO DE LDCG DCG;OUTROS;15/07/2011;NAO;1202145.91
PREVIDENCIARIO-000589;90000562000128;673724.65;90.000.562/0001-28;Pessoa jurídica;Principal;HORIZONTE SERVICOS AMBIENTAIS LTDA;TO;1ª REGIÃO;600000588;Garantia;CREDITO PREVIDENCIARIO SUB JUDICE;Não Informado;13/07/2013;SIM;673724.65
PREVIDENCIARIO-000590;95000589000134;1262961.95;95.000.589/0001-34;Pessoa jurídica;Principal;INTEGRA SERVICOS AMBIENTAIS S.A.;PI;1ª REGIÃO;600000589;Benefício Fiscal;AJUIZAMENTO   DISTRIBUICAO;OUTROS;03/12/2022;SIM;1262961.95
PREVIDENCIARIO-000591;95000590000169;1123801.08;95.000.590/0001-69;Pessoa jurídica;Principal;JARDINS SERVICOS AMBIENTAIS LTDA;PR;4ª REGIÃO;600000590;Em cobrança;NEGOCIADO NO SISPAR;OUTROS;18/08/2014;NAO;1123801.08
PREVIDENCIARIO-000592;95000591000103;879690.00;95.000.591/0001-03;Pessoa jurídica;Principal;MONTE ALTO SERVICOS AMBIENTAIS LTDA;AM;1ª REGIÃO;600000591;Em cobrança;CREDITO EM DILIGENCIA NA AREA ADMINISTRATIVA;OUTROS;23/02/2006;NAO;879690.00
PREVIDENCIARIO-000593;95000592000158;306319.55;95.000.592/0001-58;Pessoa jurídica;Corresponsável;NOVA ERA SERVICOS AMBIENTAIS S.A.;MS;1ª REGIÃO;600000592;Em cobrança;RETORNO DA DILIGENCIA;OUTROS;11/10/2023;NAO;306319.55
PREVIDENCIARIO-000594;95000593000100;321550.32;95.000.593/0001-00;Pessoa jurídica;Principal;PIONEIRA SERVICOS AMBIENTAIS LTDA;MT;1ª REGIÃO;600000593;Em cobrança;RETORNO A RFB PARA ANALISE;OUTROS;02/10/2025;NAO;321550.32
PREVIDENCIARIO-000595;95000594000147;1484422.58;95.000.594/0001-47;Pessoa jurídica;Principal;PLANALTO SERVICOS AMBIENTAIS LTDA;BA;1ª REGIÃO;600000594;Em cobrança;PRE INSCRICAO DE CREDITO DE LDCG DCG;OUTROS;07/06/2019;NAO;1484422.58
PREVIDENCIARIO-000596;95000595000191;388165.10;95.000.595/0001-91;Pessoa jurídica;Principal;RIO CLARO SERVICOS AMBIENTAIS S.A.;AC;1ª REGIÃO;600000595;Garantia;CREDITO PREVIDENCIARIO SUB JUDICE;Não Informado;20/07/2021;SIM;388165.10
PREVIDENCIARIO-000597;95000596000136;1103866.01;95.000.596/0001-36;Pessoa jurídica;Principal;SERRA DOURADA SERVICOS AMBIENTAIS LTDA;PE;5ª REGIÃO;600000596;Garantia;AJUIZAMENTO   DISTRIBUICAO;OUTROS;02/08/2021;SIM;1103866.01
PREVIDENCIARIO-000598;95000597000180;801573.26;95.000.597/0001-80;Pessoa jurídica;Principal;SOL NASCENTE SERVICOS AMBIENTAIS LTDA;AP;1ª REGIÃO;600000597;Em cobrança;NEGOCIADO NO SISPAR;OUTROS;21/04/2005;NAO;801573.26
PREVIDENCIARIO-000599;95000598000125;1142935.09;95.000.598/0001-25;Pessoa jurídica;Principal;VALE FORTE SERVICOS AMBIENTAIS S.A.;MA;1ª REGIÃO;600000598;Em cobrança;CREDITO EM DILIGENCIA NA AREA ADMINISTRATIVA;OUTROS;07/11/2019;NAO;1142935.09
PREVIDENCIARIO-000600;95000599000170;1165602.74;95.000.599/0001-70;Pessoa jurídica;Principal;VILA NOVA SERVICOS AMBIENTAIS LTDA;SP;3ª REGIÃO;600000599;Em cobrança;RETORNO DA DILIGENCIA;OUTROS;12/04/2026;NAO;1165602.74
PREVIDENCIARIO-000601;95000600000166;936681.20;95.000.600/0001-66;Pessoa jurídica;Principal;ALVORADA TECNOLOGIA LTDA;DF;1ª REGIÃO;600000600;Em cobrança;RETORNO A RFB PARA ANALISE;OUTROS;05/04/2025;NAO;936681.20
PREVIDENCIARIO-000602;95000601000100;391858.10;95.000.601/0001-00;Pessoa jurídica;Principal;BOA VISTA TECNOLOGIA S.A.;SC;4ª REGIÃO;600000601;Em cobrança;PRE INSCRICAO DE CREDITO DE LDCG DCG;OUTROS;26/03/2020;NAO;391858.10
PREVIDENCIARIO-000603;95000602000155;1304849.83;95.000.602/0001-55;Pessoa jurídica;Principal;CAMINHO VERDE TECNOLOGIA LTDA;PA;1ª REGIÃO;600000602;Garantia;CREDITO PREVIDENCIARIO SUB JUDICE;Não Informado;28/01/2019;SIM;1304849.83
PREVIDENCIARIO-000604;95000603000108;1364406.33;95.000.603/0001-08;Pessoa jurídica;Principal;CAMPOS DO SUL TECNOLOGIA LTDA;MG;6ª REGIÃO;600000603;Garantia;AJUIZAMENTO   DISTRIBUICAO;OUTROS;19/07/2005;SIM;1364406.33
PREVIDENCIARIO-000605;95000604000144;198594.85;95.000.604/0001-44;Pessoa jurídica;Principal;CERRADO TECNOLOGIA S.A.;RO;1ª REGIÃO;600000604;Em cobrança;NEGOCIADO NO SISPAR;OUTROS;23/02/2007;NAO;198594.85
PREVIDENCIARIO-000606;95000605000199;995568.55;95.000.605/0001-99;Pessoa jurídica;Principal;COSTA AZUL TECNOLOGIA LTDA;CE;5ª REGIÃO;600000605;Em cobrança;CREDITO EM DILIGENCIA NA AREA ADMINISTRATIVA;OUTROS;26/01/2021;NAO;995568.55
PREVIDENCIARIO-000607;95000606000133;1447599.64;95.000.606/0001-33;Pessoa jurídica;Principal;CRUZEIRO TECNOLOGIA LTDA;RR;1ª REGIÃO;600000606;Em cobrança;RETORNO DA DILIGENCIA;OUTROS;14/11/2006;NAO;1447599.64
PREVIDENCIARIO-000608;95000607000188;189350.53;95.000.607/0001-88;Pessoa jurídica;Principal;ESTRELA DO NORTE TECNOLOGIA S.A.;GO;1ª REGIÃO;600000607;Em cobrança;RETORNO A RFB PARA ANALISE;OUTROS;02/04/2022;NAO;189350.53
PREVIDENCIARIO-000609;95000608000122;75850.19;95.000.608/0001-22;Pessoa jurídica;Principal;HORIZONTE TECNOLOGIA LTDA;TO;1ª REGIÃO;600000608;Benefício Fiscal;PRE INSCRICAO DE CREDITO DE LDCG DCG;OUTROS;07/02/2014;NAO;75850.19
PREVIDENCIARIO-000610;95000609000177;1117469.77;95.000.609/0001-77;Pessoa jurídica;Principal;INTEGRA TECNOLOGIA LTDA;PI;1ª REGIÃO;600000609;Garantia;CREDITO PREVIDENCIARIO SUB JUDICE;Não Informado;06/01/2022;SIM;1117469.77
PREVIDENCIARIO-000611;95000610000100;1010630.58;95.000.610/0001-00;Pessoa jurídica;Principal;JARDINS TECNOLOGIA S.A.;PR;4ª REGIÃO;600000610;Garantia;AJUIZAMENTO   DISTRIBUICAO;OUTROS;05/04/2024;SIM;1010630.58
PREVIDENCIARIO-000612;90000569000140;79761.95;90.000.569/0001-40;Pessoa jurídica;Principal;MONTE ALTO TECNOLOGIA LTDA;AM;1ª REGIÃO;600000611;Em cobrança;NEGOCIADO NO SISPAR;OUTROS;03/01/2016;NAO;79761.95
PREVIDENCIARIO-000613;95000612000190;909736.17;95.000.612/0001-90;Pessoa jurídica;Principal;NOVA ERA TECNOLOGIA LTDA;MS;1ª REGIÃO;600000612;Em cobrança;CREDITO EM DILIGENCIA NA AREA ADMINISTRATIVA;OUTROS;23/03/2015;NAO;909736.17
PREVIDENCIARIO-000614;95000613000135;1092374.65;95.000.613/0001-35;Pessoa jurídica;Principal;PIONEIRA TECNOLOGIA S.A.;MT;1ª REGIÃO;600000613;Em cobrança;RETORNO DA DILIGENCIA;OUTROS;27/10/2010;NAO;1092374.65
PREVIDENCIARIO-000615;95000614000180;1179224.74;95.000.614/0001-80;Pessoa jurídica;Principal;PLANALTO TECNOLOGIA LTDA;BA;1ª REGIÃO;600000614;Em cobrança;RETORNO A RFB PARA ANALISE;OUTROS;06/01/2020;NAO;1179224.74
PREVIDENCIARIO-000616;95000615000124;737081.04;95.000.615/0001-24;Pessoa jurídica;Principal;RIO CLARO TECNOLOGIA LTDA;AC;1ª REGIÃO;600000615;Em cobrança;PRE INSCRICAO DE CREDITO DE LDCG DCG;OUTROS;19/07/2006;NAO;737081.04
PREVIDENCIARIO-000617;95000616000179;652950.96;95.000.616/0001-79;Pessoa jurídica;Principal;SERRA DOURADA TECNOLOGIA S.A.;PE;5ª REGIÃO;600000616;Garantia;CREDITO PREVIDENCIARIO SUB JUDICE;Não Informado;21/03/2014;SIM;652950.96
PREVIDENCIARIO-000618;95000617000113;158971.39;95.000.617/0001-13;Pessoa jurídica;Principal;SOL NASCENTE TECNOLOGIA LTDA;AP;1ª REGIÃO;600000617;Garantia;AJUIZAMENTO   DISTRIBUICAO;OUTROS;29/01/2005;SIM;158971.39
PREVIDENCIARIO-000619;95000618000168;763254.42;95.000.618/0001-68;Pessoa jurídica;Principal;VALE FORTE TECNOLOGIA LTDA;MA;1ª REGIÃO;600000618;Em cobrança;NEGOCIADO NO SISPAR;OUTROS;22/09/2014;NAO;763254.42
PREVIDENCIARIO-000620;95000619000102;1494505.27;95.000.619/0001-02;Pessoa jurídica;Principal;VILA NOVA TECNOLOGIA S.A.;SP;3ª REGIÃO;600000619;Em cobrança;CREDITO EM DILIGENCIA NA AREA ADMINISTRATIVA;OUTROS;31/08/2013;NAO;1494505.27
PREVIDENCIARIO-000621;95000620000137;918196.67;95.000.620/0001-37;Pessoa jurídica;Principal;ALVORADA TRANSPORTES LTDA;DF;1ª REGIÃO;600000620;Em cobrança;RETORNO DA DILIGENCIA;OUTROS;22/01/2018;NAO;918196.67
PREVIDENCIARIO-000622;95000621000181;376032.20;95.000.621/0001-81;Pessoa jurídica;Principal;BOA VISTA TRANSPORTES LTDA;SC;4ª REGIÃO;600000621;Em cobrança;RETORNO A RFB PARA ANALISE;OUTROS;08/07/2018;NAO;376032.20
PREVIDENCIARIO-000623;95000622000126;1167867.42;95.000.622/0001-26;Pessoa jurídica;Principal;CAMINHO VERDE TRANSPORTES S.A.;PA;1ª REGIÃO;600000622;Em cobrança;PRE INSCRICAO DE CREDITO DE LDCG DCG;OUTROS;18/09/2013;NAO;1167867.42
PREVIDENCIARIO-000624;95000623000170;31113.53;95.000.623/0001-70;Pessoa jurídica;Principal;CAMPOS DO SUL TRANSPORTES LTDA;MG;6ª REGIÃO;600000623;Garantia;CREDITO PREVIDENCIARIO SUB JUDICE;Não Informado;10/02/2016;SIM;31113.53
PREVIDENCIARIO-000625;95000624000115;1122905.32;95.000.624/0001-15;Pessoa jurídica;Principal;CERRADO TRANSPORTES LTDA;RO;1ª REGIÃO;600000624;Garantia;AJUIZAMENTO   DISTRIBUICAO;OUTROS;04/05/2012;SIM;1122905.32
PREVIDENCIARIO-000626;95000625000160;884303.44;95.000.625/0001-60;Pessoa jurídica;Principal;COSTA AZUL TRANSPORTES S.A.;CE;5ª REGIÃO;600000625;Em cobrança;NEGOCIADO NO SISPAR;OUTROS;06/04/2023;NAO;884303.44
PREVIDENCIARIO-000627;95000626000104;960003.65;95.000.626/0001-04;Pessoa jurídica;Principal;CRUZEIRO TRANSPORTES LTDA;RR;1ª REGIÃO;600000626;Em cobrança;CREDITO EM DILIGENCIA NA AREA ADMINISTRATIVA;OUTROS;12/08/2012;NAO;960003.65
PREVIDENCIARIO-000628;95000627000159;927771.81;95.000.627/0001-59;Pessoa jurídica;Principal;ESTRELA DO NORTE TRANSPORTES LTDA;GO;1ª REGIÃO;600000627;Benefício Fiscal;RETORNO DA DILIGENCIA;OUTROS;09/12/2013;NAO;927771.81
PREVIDENCIARIO-000629;95000628000101;226196.07;95.000.628/0001-01;Pessoa jurídica;Principal;HORIZONTE TRANSPORTES S.A.;TO;1ª REGIÃO;600000628;Em cobrança;RETORNO A RFB PARA ANALISE;OUTROS;26/10/2007;NAO;226196.07
PREVIDENCIARIO-000630;95000629000148;510476.84;95.000.629/0001-48;Pessoa jurídica;Corresponsável;INTEGRA TRANSPORTES LTDA;PI;1ª REGIÃO;600000629;Em cobrança;PRE INSCRICAO DE CREDITO DE LDCG DCG;OUTROS;12/07/2015;NAO;510476.84
PREVIDENCIARIO-000631;95000630000172;1026543.01;95.000.630/0001-72;Pessoa jurídica;Principal;JARDINS TRANSPORTES LTDA;PR;4ª REGIÃO;600000630;Garantia;CREDITO PREVIDENCIARIO SUB JUDICE;Não Informado;31/08/2009;SIM;1026543.01
PREVIDENCIARIO-000632;95000631000117;1071420.10;95.000.631/0001-17;Pessoa jurídica;Principal;MONTE ALTO TRANSPORTES S.A.;AM;1ª REGIÃO;600000631;Garantia;AJUIZAMENTO   DISTRIBUICAO;OUTROS;01/05/2022;SIM;1071420.10
PREVIDENCIARIO-000633;95000632000161;59263.70;95.000.632/0001-61;Pessoa jurídica;Principal;NOVA ERA TRANSPORTES LTDA;MS;1ª REGIÃO;600000632;Em cobrança;NEGOCIADO NO SISPAR;OUTROS;25/09/2007;NAO;59263.70
PREVIDENCIARIO-000634;90000576000141;1214742.05;90.000.576/0001-41;Pessoa jurídica;Principal;PIONEIRA TRANSPORTES LTDA;MT;1ª REGIÃO;600000633;Em cobrança;CREDITO EM DILIGENCIA NA AREA ADMINISTRATIVA;OUTROS;21/10/2012;NAO;1214742.05
PREVIDENCIARIO-000635;95000634000150;827984.47;95.000.634/0001-50;Pessoa jurídica;Principal;PLANALTO TRANSPORTES S.A.;BA;1ª REGIÃO;600000634;Em cobrança;RETORNO DA DILIGENCIA;OUTROS;25/09/2024;NAO;827984.47
PREVIDENCIARIO-000636;95000635000103;1397840.55;95.000.635/0001-03;Pessoa jurídica;Principal;RIO CLARO TRANSPORTES LTDA;AC;1ª REGIÃO;600000635;Em cobrança;RETORNO A RFB PARA ANALISE;OUTROS;31/05/2018;NAO;1397840.55
PREVIDENCIARIO-000637;95000636000140;1250998.33;95.000.636/0001-40;Pessoa jurídica;Principal;SERRA DOURADA TRANSPORTES LTDA;PE;5ª REGIÃO;600000636;Em cobrança;PRE INSCRICAO DE CREDITO DE LDCG DCG;OUTROS;15/10/2024;NAO;1250998.33
PREVIDENCIARIO-000638;95000637000194;384320.46;95.000.637/0001-94;Pessoa jurídica;Principal;SOL NASCENTE TRANSPORTES S.A.;AP;1ª REGIÃO;600000637;Garantia;CREDITO PREVIDENCIARIO SUB JUDICE;Não Informado;15/07/2025;SIM;384320.46
PREVIDENCIARIO-000639;95000638000139;744656.41;95.000.638/0001-39;Pessoa jurídica;Principal;VALE FORTE TRANSPORTES LTDA;MA;1ª REGIÃO;600000638;Garantia;AJUIZAMENTO   DISTRIBUICAO;OUTROS;01/08/2017;SIM;744656.41
PREVIDENCIARIO-000640;95000639000183;1481606.91;95.000.639/0001-83;Pessoa jurídica;Principal;VILA NOVA TRANSPORTES LTDA;SP;3ª REGIÃO;600000639;Em cobrança;NEGOCIADO NO SISPAR;OUTROS;28/12/2012;NAO;1481606.91
PREVIDENCIARIO-000641;95000640000108;747036.39;95.000.640/0001-08;Pessoa jurídica;Principal;ALVORADA ALIMENTOS S.A.;DF;1ª REGIÃO;600000640;Em cobrança;CREDITO EM DILIGENCIA NA AREA ADMINISTRATIVA;OUTROS;30/11/2018;NAO;747036.39
PREVIDENCIARIO-000642;95000641000152;467280.22;95.000.641/0001-52;Pessoa jurídica;Principal;BOA VISTA ALIMENTOS LTDA;SC;4ª REGIÃO;600000641;Em cobrança;RETORNO DA DILIGENCIA;OUTROS;26/09/2024;NAO;467280.22
PREVIDENCIARIO-000643;95000642000105;17558.26;95.000.642/0001-05;Pessoa jurídica;Principal;CAMINHO VERDE ALIMENTOS LTDA;PA;1ª REGIÃO;600000642;Em cobrança;RETORNO A RFB PARA ANALISE;OUTROS;14/04/2006;NAO;17558.26
PREVIDENCIARIO-000644;95000643000141;968415.17;95.000.643/0001-41;Pessoa jurídica;Principal;CAMPOS DO SUL ALIMENTOS S.A.;MG;6ª REGIÃO;600000643;Em cobrança;PRE INSCRICAO DE CREDITO DE LDCG DCG;OUTROS;22/10/2010;NAO;968415.17
PREVIDENCIARIO-000645;95000644000196;1420142.86;95.000.644/0001-96;Pessoa jurídica;Principal;CERRADO ALIMENTOS LTDA;RO;1ª REGIÃO;600000644;Garantia;CREDITO PREVIDENCIARIO SUB JUDICE;Não Informado;28/08/2013;SIM;1420142.86
PREVIDENCIARIO-000646;95000645000130;1453532.51;95.000.645/0001-30;Pessoa jurídica;Principal;COSTA AZUL ALIMENTOS LTDA;CE;5ª REGIÃO;600000645;Garantia;AJUIZAMENTO   DISTRIBUICAO;OUTROS;26/01/2013;SIM;1453532.51
PREVIDENCIARIO-000647;95000646000185;781733.31;95.000.646/0001-85;Pessoa jurídica;Principal;CRUZEIRO ALIMENTOS S.A.;RR;1ª REGIÃO;600000646;Benefício Fiscal;NEGOCIADO NO SISPAR;OUTROS;03/06/2020;NAO;781733.31
PREVIDENCIARIO-000648;95000647000120;351295.47;95.000.647/0001-20;Pessoa jurídica;Principal;ESTRELA DO NORTE ALIMENTOS LTDA;GO;1ª REGIÃO;600000647;Em cobrança;CREDITO EM DILIGENCIA NA AREA ADMINISTRATIVA;OUTROS;24/09/2009;NAO;351295.47
PREVIDENCIARIO-000649;95000648000174;778524.77;95.000.648/0001-74;Pessoa jurídica;Principal;HORIZONTE ALIMENTOS LTDA;TO;1ª REGIÃO;600000648;Em cobrança;RETORNO DA DILIGENCIA;OUTROS;17/11/2025;NAO;778524.77
PREVIDENCIARIO-000650;95000649000119;198209.11;95.000.649/0001-19;Pessoa jurídica;Principal;INTEGRA ALIMENTOS S.A.;PI;1ª REGIÃO;600000649;Em cobrança;RETORNO A RFB PARA ANALISE;OUTROS;02/12/2005;NAO;198209.11
PREVIDENCIARIO-000651;95000650000143;195772.84;95.000.650/0001-43;Pessoa jurídica;Principal;JARDINS ALIMENTOS LTDA;PR;4ª REGIÃO;600000650;Em cobrança;PRE INSCRICAO DE CREDITO DE LDCG DCG;OUTROS;05/01/2018;NAO;195772.84
PREVIDENCIARIO-000652;95000651000198;1090705.29;95.000.651/0001-98;Pessoa jurídica;Principal;MONTE ALTO ALIMENTOS LTDA;AM;1ª REGIÃO;600000651;Garantia;CREDITO PREVIDENCIARIO SUB JUDICE;Não Informado;07/06/2017;SIM;1090705.29
PREVIDENCIARIO-000653;95000652000132;763675.86;95.000.652/0001-32;Pessoa jurídica;Principal;NOVA ERA ALIMENTOS S.A.;MS;1ª REGIÃO;600000652;Garantia;AJUIZAMENTO   DISTRIBUICAO;OUTROS;26/08/2023;SIM;763675.86
PREVIDENCIARIO-000654;95000653000187;1086521.17;95.000.653/0001-87;Pessoa jurídica;Principal;PIONEIRA ALIMENTOS LTDA;MT;1ª REGIÃO;600000653;Em cobrança;NEGOCIADO NO SISPAR;OUTROS;30/05/2008;NAO;1086521.17
PREVIDENCIARIO-000655;95000654000121;661451.45;95.000.654/0001-21;Pessoa jurídica;Principal;PLANALTO ALIMENTOS LTDA;BA;1ª REGIÃO;600000654;Em cobrança;CREDITO EM DILIGENCIA NA AREA ADMINISTRATIVA;OUTROS;28/01/2024;NAO;661451.45
PREVIDENCIARIO-000656;90000637000170;579403.86;90.000.637/0001-70;Pessoa jurídica;Principal;RIO CLARO ALIMENTOS S.A.;AC;1ª REGIÃO;600000655;Em cobrança;RETORNO DA DILIGENCIA;OUTROS;11/01/2021;NAO;579403.86
PREVIDENCIARIO-000657;95000656000110;1145252.62;95.000.656/0001-10;Pessoa jurídica;Principal;SERRA DOURADA ALIMENTOS LTDA;PE;5ª REGIÃO;600000656;Em cobrança;RETORNO A RFB PARA ANALISE;OUTROS;26/10/2019;NAO;1145252.62
PREVIDENCIARIO-000658;95000657000165;547599.27;95.000.657/0001-65;Pessoa jurídica;Principal;SOL NASCENTE ALIMENTOS LTDA;AP;1ª REGIÃO;600000657;Em cobrança;PRE INSCRICAO DE CREDITO DE LDCG DCG;OUTROS;09/12/2009;NAO;547599.27
PREVIDENCIARIO-000659;95000658000100;640993.69;95.000.658/0001-00;Pessoa jurídica;Principal;VALE FORTE ALIMENTOS S.A.;MA;1ª REGIÃO;600000658;Garantia;CREDITO PREVIDENCIARIO SUB JUDICE;Não Informado;04/01/2018;SIM;640993.69
PREVIDENCIARIO-000660;95000659000154;1448207.79;95.000.659/0001-54;Pessoa jurídica;Principal;VILA NOVA ALIMENTOS LTDA;SP;3ª REGIÃO;600000659;Garantia;AJUIZAMENTO   DISTRIBUICAO;OUTROS;08/03/2017;SIM;1448207.79
PREVIDENCIARIO-000661;95000660000189;508181.48;95.000.660/0001-89;Pessoa jurídica;Principal;ALVORADA COMERCIO E LOGISTICA LTDA;DF;1ª REGIÃO;600000660;Em cobrança;NEGOCIADO NO SISPAR;OUTROS;01/11/2021;NAO;508181.48
PREVIDENCIARIO-000662;95000661000123;906214.68;95.000.661/0001-23;Pessoa jurídica;Principal;BOA VISTA COMERCIO E LOGISTICA S.A.;SC;4ª REGIÃO;600000661;Em cobrança;CREDITO EM DILIGENCIA NA AREA ADMINISTRATIVA;OUTROS;06/08/2017;NAO;906214.68
PREVIDENCIARIO-000663;95000662000178;565071.88;95.000.662/0001-78;Pessoa jurídica;Principal;CAMINHO VERDE COMERCIO E LOGISTICA LTDA;PA;1ª REGIÃO;600000662;Em cobrança;RETORNO DA DILIGENCIA;OUTROS;09/02/2021;NAO;565071.88
PREVIDENCIARIO-000664;95000663000112;719528.01;95.000.663/0001-12;Pessoa jurídica;Principal;CAMPOS DO SUL COMERCIO E LOGISTICA LTDA;MG;6ª REGIÃO;600000663;Em cobrança;RETORNO A RFB PARA ANALISE;OUTROS;05/09/2016;NAO;719528.01
PREVIDENCIARIO-000665;95000664000167;332897.30;95.000.664/0001-67;Pessoa jurídica;Principal;CERRADO COMERCIO E LOGISTICA S.A.;RO;1ª REGIÃO;600000664;Em cobrança;PRE INSCRICAO DE CREDITO DE LDCG DCG;OUTROS;26/10/2009;NAO;332897.30
PREVIDENCIARIO-000666;95000665000101;1082881.90;95.000.665/0001-01;Pessoa jurídica;Principal;COSTA AZUL COMERCIO E LOGISTICA LTDA;CE;5ª REGIÃO;600000665;Benefício Fiscal;CREDITO PREVIDENCIARIO SUB JUDICE;Não Informado;21/02/2021;SIM;1082881.90
PREVIDENCIARIO-000667;95000666000156;1336035.22;95.000.666/0001-56;Pessoa jurídica;Corresponsável;CRUZEIRO COMERCIO E LOGISTICA LTDA;RR;1ª REGIÃO;600000666;Garantia;AJUIZAMENTO   DISTRIBUICAO;OUTROS;16/11/2018;SIM;1336035.22
PREVIDENCIARIO-000668;95000667000109;800287.94;95.000.667/0001-09;Pessoa jurídica;Principal;ESTRELA DO NORTE COMERCIO E LOGISTICA S.A.;GO;1ª REGIÃO;600000667;Em cobrança;NEGOCIADO NO SISPAR;OUTROS;25/06/2023;NAO;800287.94
PREVIDENCIARIO-000669;95000668000145;171113.12;95.000.668/0001-45;Pessoa jurídica;Principal;HORIZONTE COMERCIO E LOGISTICA LTDA;TO;1ª REGIÃO;600000668;Em cobrança;CREDITO EM DILIGENCIA NA AREA ADMINISTRATIVA;OUTROS;11/04/2007;NAO;171113.12
PREVIDENCIARIO-000670;95000669000190;135142.51;95.000.669/0001-90;Pessoa jurídica;Principal;INTEGRA COMERCIO E LOGISTICA LTDA;PI;1ª REGIÃO;600000669;Em cobrança;RETORNO DA DILIGENCIA;OUTROS;23/05/2018;NAO;135142.51
PREVIDENCIARIO-000671;95000670000114;1425170.18;95.000.670/0001-14;Pessoa jurídica;Principal;JARDINS COMERCIO E LOGISTICA S.A.;PR;4ª REGIÃO;600000670;Em cobrança;RETORNO A RFB PARA ANALISE;OUTROS;22/12/2018;NAO;1425170.18
PREVIDENCIARIO-000672;95000671000169;322622.91;95.000.671/0001-69;Pessoa jurídica;Principal;MONTE ALTO COMERCIO E LOGISTICA LTDA;AM;1ª REGIÃO;600000671;Em cobrança;PRE INSCRICAO DE CREDITO DE LDCG DCG;OUTROS;27/09/2009;NAO;322622.91
PREVIDENCIARIO-000673;95000672000103;413821.07;95.000.672/0001-03;Pessoa jurídica;Principal;NOVA ERA COMERCIO E LOGISTICA LTDA;MS;1ª REGIÃO;600000672;Garantia;CREDITO PREVIDENCIARIO SUB JUDICE;Não Informado;06/02/2008;SIM;413821.07
PREVIDENCIARIO-000674;95000673000158;142730.10;95.000.673/0001-58;Pessoa jurídica;Principal;PIONEIRA COMERCIO E LOGISTICA S.A.;MT;1ª REGIÃO;600000673;Garantia;AJUIZAMENTO   DISTRIBUICAO;OUTROS;01/02/2015;SIM;142730.10
PREVIDENCIARIO-000675;95000674000100;62492.03;95.000.674/0001-00;Pessoa jurídica;Principal;PLANALTO COMERCIO E LOGISTICA LTDA;BA;1ª REGIÃO;600000674;Em cobrança;NEGOCIADO NO SISPAR;OUTROS;19/06/2008;NAO;62492.03
PREVIDENCIARIO-000676;95000675000147;825160.77;95.000.675/0001-47;Pessoa jurídica;Principal;RIO CLARO COMERCIO E LOGISTICA LTDA;AC;1ª REGIÃO;600000675;Em cobrança;CREDITO EM DILIGENCIA NA AREA ADMINISTRATIVA;OUTROS;07/10/2015;NAO;825160.77
PREVIDENCIARIO-000677;95000676000191;653924.67;95.000.676/0001-91;Pessoa jurídica;Principal;SERRA DOURADA COMERCIO E LOGISTICA S.A.;PE;5ª REGIÃO;600000676;Em cobrança;RETORNO DA DILIGENCIA;OUTROS;05/10/2017;NAO;653924.67
PREVIDENCIARIO-000678;90000692000160;938116.67;90.000.692/0001-60;Pessoa jurídica;Principal;SOL NASCENTE COMERCIO E LOGISTICA LTDA;AP;1ª REGIÃO;600000677;Em cobrança;RETORNO A RFB PARA ANALISE;OUTROS;27/09/2020;NAO;938116.67
PREVIDENCIARIO-000679;95000678000180;520267.75;95.000.678/0001-80;Pessoa jurídica;Principal;VALE FORTE COMERCIO E LOGISTICA LTDA;MA;1ª REGIÃO;600000678;Em cobrança;PRE INSCRICAO DE CREDITO DE LDCG DCG;OUTROS;21/03/2025;NAO;520267.75
PREVIDENCIARIO-000680;95000679000125;780583.89;95.000.679/0001-25;Pessoa jurídica;Principal;VILA NOVA COMERCIO E LOGISTICA S.A.;SP;3ª REGIÃO;600000679;Garantia;CREDITO PREVIDENCIARIO SUB JUDICE;Não Informado;03/07/2009;SIM;780583.89
PREVIDENCIARIO-000681;95000680000150;1142002.27;95.000.680/0001-50;Pessoa jurídica;Principal;ALVORADA CONSTRUCOES LTDA;DF;1ª REGIÃO;600000680;Garantia;AJUIZAMENTO   DISTRIBUICAO;OUTROS;25/03/2015;SIM;1142002.27
PREVIDENCIARIO-000682;95000681000102;179740.09;95.000.681/0001-02;Pessoa jurídica;Principal;BOA VISTA CONSTRUCOES LTDA;SC;4ª REGIÃO;600000681;Em cobrança;NEGOCIADO NO SISPAR;OUTROS;20/12/2018;NAO;179740.09
PREVIDENCIARIO-000683;95000682000149;1492670.12;95.000.682/0001-49;Pessoa jurídica;Principal;CAMINHO VERDE CONSTRUCOES S.A.;PA;1ª REGIÃO;600000682;Em cobrança;CREDITO EM DILIGENCIA NA AREA ADMINISTRATIVA;OUTROS;31/01/2021;NAO;1492670.12
PREVIDENCIARIO-000684;95000683000193;964672.25;95.000.683/0001-93;Pessoa jurídica;Principal;CAMPOS DO SUL CONSTRUCOES LTDA;MG;6ª REGIÃO;600000683;Em cobrança;RETORNO DA DILIGENCIA;OUTROS;07/06/2021;NAO;964672.25
PREVIDENCIARIO-000685;95000684000138;1336401.77;95.000.684/0001-38;Pessoa jurídica;Principal;CERRADO CONSTRUCOES LTDA;RO;1ª REGIÃO;600000684;Benefício Fiscal;RETORNO A RFB PARA ANALISE;OUTROS;29/07/2007;NAO;1336401.77
PREVIDENCIARIO-000686;95000685000182;267612.94;95.000.685/0001-82;Pessoa jurídica;Principal;COSTA AZUL CONSTRUCOES S.A.;CE;5ª REGIÃO;600000685;Em cobrança;PRE INSCRICAO DE CREDITO DE LDCG DCG;OUTROS;29/09/2019;NAO;267612.94
PREVIDENCIARIO-000687;95000686000127;566763.05;95.000.686/0001-27;Pessoa jurídica;Principal;CRUZEIRO CONSTRUCOES LTDA;RR;1ª REGIÃO;600000686;Garantia;CREDITO PREVIDENCIARIO SUB JUDICE;Não Informado;26/03/2011;SIM;566763.05
PREVIDENCIARIO-000688;95000687000171;171027.88;95.000.687/0001-71;Pessoa jurídica;Principal;ESTRELA DO NORTE CONSTRUCOES LTDA;GO;1ª REGIÃO;600000687;Garantia;AJUIZAMENTO   DISTRIBUICAO;OUTROS;25/06/2017;SIM;171027.88
PREVIDENCIARIO-000689;95000688000116;46766.61;95.000.688/0001-16;Pessoa jurídica;Principal;HORIZONTE CONSTRUCOES S.A.;TO;1ª REGIÃO;600000688;Em cobrança;NEGOCIADO NO SISPAR;OUTROS;07/05/2005;NAO;46766.61
PREVIDENCIARIO-000690;95000689000160;1105512.51;95.000.689/0001-60;Pessoa jurídica;Principal;INTEGRA CONSTRUCOES LTDA;PI;1ª REGIÃO;600000689;Em cobrança;CREDITO EM DILIGENCIA NA AREA ADMINISTRATIVA;OUTROS;28/08/2021;NAO;1105512.51
PREVIDENCIARIO-000691;95000690000195;786618.19;95.000.690/0001-95;Pessoa jurídica;Principal;JARDINS CONSTRUCOES LTDA;PR;4ª REGIÃO;600000690;Em cobrança;RETORNO DA DILIGENCIA;OUTROS;30/03/2015;NAO;786618.19
PREVIDENCIARIO-000692;95000691000130;767580.54;95.000.691/0001-30;Pessoa jurídica;Principal;MONTE ALTO CONSTRUCOES S.A.;AM;1ª REGIÃO;600000691;Em cobrança;RETORNO A RFB PARA ANALISE;OUTROS;06/11/2025;NAO;767580.54
PREVIDENCIARIO-000693;95000692000184;170393.02;95.000.692/0001-84;Pessoa jurídica;Principal;NOVA ERA CONSTRUCOES LTDA;MS;1ª REGIÃO;600000692;Em cobrança;PRE INSCRICAO DE CREDITO DE LDCG DCG;OUTROS;17/02/2026;NAO;170393.02
PREVIDENCIARIO-000694;95000693000129;1205252.12;95.000.693/0001-29;Pessoa jurídica;Principal;PIONEIRA CONSTRUCOES LTDA;MT;1ª REGIÃO;600000693;Garantia;CREDITO PREVIDENCIARIO SUB JUDICE;Não Informado;17/02/2013;SIM;1205252.12
PREVIDENCIARIO-000695;95000694000173;814462.80;95.000.694/0001-73;Pessoa jurídica;Principal;PLANALTO CONSTRUCOES S.A.;BA;1ª REGIÃO;600000694;Garantia;AJUIZAMENTO   DISTRIBUICAO;OUTROS;03/06/2026;SIM;814462.80
PREVIDENCIARIO-000696;95000695000118;99674.61;95.000.695/0001-18;Pessoa jurídica;Principal;RIO CLARO CONSTRUCOES LTDA;AC;1ª REGIÃO;600000695;Em cobrança;NEGOCIADO NO SISPAR;OUTROS;16/05/2023;NAO;99674.61
PREVIDENCIARIO-000697;95000696000162;25018.43;95.000.696/0001-62;Pessoa jurídica;Principal;SERRA DOURADA CONSTRUCOES LTDA;PE;5ª REGIÃO;600000696;Em cobrança;CREDITO EM DILIGENCIA NA AREA ADMINISTRATIVA;OUTROS;11/11/2018;NAO;25018.43
PREVIDENCIARIO-000698;95000697000107;1134233.63;95.000.697/0001-07;Pessoa jurídica;Principal;SOL NASCENTE CONSTRUCOES S.A.;AP;1ª REGIÃO;600000697;Em cobrança;RETORNO DA DILIGENCIA;OUTROS;11/08/2012;NAO;1134233.63
PREVIDENCIARIO-000699;95000698000151;182558.84;95.000.698/0001-51;Pessoa jurídica;Principal;VALE FORTE CONSTRUCOES LTDA;MA;1ª REGIÃO;600000698;Em cobrança;RETORNO A RFB PARA ANALISE;OUTROS;30/04/2009;NAO;182558.84
PREVIDENCIARIO-000700;95000699000104;733137.28;95.000.699/0001-04;Pessoa jurídica;Principal;VILA NOVA CONSTRUCOES LTDA;SP;3ª REGIÃO;600000699;Em cobrança;PRE INSCRICAO DE CREDITO DE LDCG DCG;OUTROS;15/04/2011;NAO;733137.28
PREVIDENCIARIO-000701;90000696000149;1272041.28;90.000.696/0001-49;Pessoa jurídica;Principal;ALVORADA ENERGIA S.A.;DF;1ª REGIÃO;600000700;Garantia;CREDITO PREVIDENCIARIO SUB JUDICE;Não Informado;14/10/2009;SIM;1272041.28
PREVIDENCIARIO-000702;95000701000137;308081.27;95.000.701/0001-37;Pessoa jurídica;Principal;BOA VISTA ENERGIA LTDA;SC;4ª REGIÃO;600000701;Garantia;AJUIZAMENTO   DISTRIBUICAO;OUTROS;19/09/2018;SIM;308081.27
PREVIDENCIARIO-000703;95000702000181;139713.31;95.000.702/0001-81;Pessoa jurídica;Principal;CAMINHO VERDE ENERGIA LTDA;PA;1ª REGIÃO;600000702;Em cobrança;NEGOCIADO NO SISPAR;OUTROS;26/06/2011;NAO;139713.31
PREVIDENCIARIO-000704;95000703000126;545127.92;95.000.703/0001-26;Pessoa jurídica;Corresponsável;CAMPOS DO SUL ENERGIA S.A.;MG;6ª REGIÃO;600000703;Benefício Fiscal;CREDITO EM DILIGENCIA NA AREA ADMINISTRATIVA;OUTROS;04/07/2022;NAO;545127.92
PREVIDENCIARIO-000705;95000704000170;436771.92;95.000.704/0001-70;Pessoa jurídica;Principal;CERRADO ENERGIA LTDA;RO;1ª REGIÃO;600000704;Em cobrança;RETORNO DA DILIGENCIA;OUTROS;16/09/2018;NAO;436771.92
PREVIDENCIARIO-000706;95000705000115;625656.63;95.000.705/0001-15;Pessoa jurídica;Principal;COSTA AZUL ENERGIA LTDA;CE;5ª REGIÃO;600000705;Em cobrança;RETORNO A RFB PARA ANALISE;OUTROS;14/11/2020;NAO;625656.63
PREVIDENCIARIO-000707;95000706000160;92419.88;95.000.706/0001-60;Pessoa jurídica;Principal;CRUZEIRO ENERGIA S.A.;RR;1ª REGIÃO;600000706;Em cobrança;PRE INSCRICAO DE CREDITO DE LDCG DCG;OUTROS;11/11/2023;NAO;92419.88
PREVIDENCIARIO-000708;95000707000104;155268.80;95.000.707/0001-04;Pessoa jurídica;Principal;ESTRELA DO NORTE ENERGIA LTDA;GO;1ª REGIÃO;600000707;Garantia;CREDITO PREVIDENCIARIO SUB JUDICE;Não Informado;18/05/2017;SIM;155268.80
PREVIDENCIARIO-000709;95000708000159;18514.89;95.000.708/0001-59;Pessoa jurídica;Principal;HORIZONTE ENERGIA LTDA;TO;1ª REGIÃO;600000708;Garantia;AJUIZAMENTO   DISTRIBUICAO;OUTROS;16/12/2024;SIM;18514.89
PREVIDENCIARIO-000710;95000709000101;449754.97;95.000.709/0001-01;Pessoa jurídica;Principal;INTEGRA ENERGIA S.A.;PI;1ª REGIÃO;600000709;Em cobrança;NEGOCIADO NO SISPAR;OUTROS;21/11/2005;NAO;449754.97
PREVIDENCIARIO-000711;95000710000128;138531.69;95.000.710/0001-28;Pessoa jurídica;Principal;JARDINS ENERGIA LTDA;PR;4ª REGIÃO;600000710;Em cobrança;CREDITO EM DILIGENCIA NA AREA ADMINISTRATIVA;OUTROS;26/01/2020;NAO;138531.69
PREVIDENCIARIO-000712;95000711000172;702456.96;95.000.711/0001-72;Pessoa jurídica;Principal;MONTE ALTO ENERGIA LTDA;AM;1ª REGIÃO;600000711;Em cobrança;RETORNO DA DILIGENCIA;OUTROS;05/11/2011;NAO;702456.96
PREVIDENCIARIO-000713;95000712000117;198282.38;95.000.712/0001-17;Pessoa jurídica;Principal;NOVA ERA ENERGIA S.A.;MS;1ª REGIÃO;600000712;Em cobrança;RETORNO A RFB PARA ANALISE;OUTROS;10/01/2026;NAO;198282.38
PREVIDENCIARIO-000714;95000713000161;1428982.80;95.000.713/0001-61;Pessoa jurídica;Principal;PIONEIRA ENERGIA LTDA;MT;1ª REGIÃO;600000713;Em cobrança;PRE INSCRICAO DE CREDITO DE LDCG DCG;OUTROS;09/01/2025;NAO;1428982.80
PREVIDENCIARIO-000715;95000714000106;695265.51;95.000.714/0001-06;Pessoa jurídica;Principal;PLANALTO ENERGIA LTDA;BA;1ª REGIÃO;600000714;Garantia;CREDITO PREVIDENCIARIO SUB JUDICE;Não Informado;17/09/2023;SIM;695265.51
PREVIDENCIARIO-000716;95000715000150;965557.40;95.000.715/0001-50;Pessoa jurídica;Principal;RIO CLARO ENERGIA S.A.;AC;1ª REGIÃO;600000715;Garantia;AJUIZAMENTO   DISTRIBUICAO;OUTROS;21/02/2008;SIM;965557.40
PREVIDENCIARIO-000717;95000716000103;1138138.94;95.000.716/0001-03;Pessoa jurídica;Principal;SERRA DOURADA ENERGIA LTDA;PE;5ª REGIÃO;600000716;Em cobrança;NEGOCIADO NO SISPAR;OUTROS;12/12/2016;NAO;1138138.94
PREVIDENCIARIO-000718;95000717000140;1166216.59;95.000.717/0001-40;Pessoa jurídica;Principal;SOL NASCENTE ENERGIA LTDA;AP;1ª REGIÃO;600000717;Em cobrança;CREDITO EM DILIGENCIA NA AREA ADMINISTRATIVA;OUTROS;19/07/2020;NAO;1166216.59
PREVIDENCIARIO-000719;95000718000194;721237.06;95.000.718/0001-94;Pessoa jurídica;Principal;VALE FORTE ENERGIA S.A.;MA;1ª REGIÃO;600000718;Em cobrança;RETORNO DA DILIGENCIA;OUTROS;20/07/2010;NAO;721237.06
PREVIDENCIARIO-000720;95000719000139;1326477.48;95.000.719/0001-39;Pessoa jurídica;Principal;VILA NOVA ENERGIA LTDA;SP;3ª REGIÃO;600000719;Em cobrança;RETORNO A RFB PARA ANALISE;OUTROS;04/06/2007;NAO;1326477.48
PREVIDENCIARIO-000721;95000720000163;875177.48;95.000.720/0001-63;Pessoa jurídica;Principal;ALVORADA EQUIPAMENTOS LTDA;DF;1ª REGIÃO;600000720;Em cobrança;PRE INSCRICAO DE CREDITO DE LDCG DCG;OUTROS;28/05/2019;NAO;875177.48
PREVIDENCIARIO-000722;95000721000108;227942.87;95.000.721/0001-08;Pessoa jurídica;Principal;BOA VISTA EQUIPAMENTOS S.A.;SC;4ª REGIÃO;600000721;Garantia;CREDITO PREVIDENCIARIO SUB JUDICE;Não Informado;07/09/2013;SIM;227942.87
PREVIDENCIARIO-000723;90000772000116;531327.63;90.000.772/0001-16;Pessoa jurídica;Principal;CAMINHO VERDE EQUIPAMENTOS LTDA;PA;1ª REGIÃO;600000722;Benefício Fiscal;AJUIZAMENTO   DISTRIBUICAO;OUTROS;17/10/2010;SIM;531327.63
PREVIDENCIARIO-000724;95000723000105;1078322.59;95.000.723/0001-05;Pessoa jurídica;Principal;CAMPOS DO SUL EQUIPAMENTOS LTDA;MG;6ª REGIÃO;600000723;Em cobrança;NEGOCIADO NO SISPAR;OUTROS;20/05/2018;NAO;1078322.59
PREVIDENCIARIO-000725;95000724000141;807726.49;95.000.724/0001-41;Pessoa jurídica;Principal;CERRADO EQUIPAMENTOS S.A.;RO;1ª REGIÃO;600000724;Em cobrança;CREDITO EM DILIGENCIA NA AREA ADMINISTRATIVA;OUTROS;24/01/2010;NAO;807726.49
PREVIDENCIARIO-000726;95000725000196;998979.50;95.000.725/0001-96;Pessoa jurídica;Principal;COSTA AZUL EQUIPAMENTOS LTDA;CE;5ª REGIÃO;600000725;Em cobrança;RETORNO DA DILIGENCIA;OUTROS;13/02/2009;NAO;998979.50
PREVIDENCIARIO-000727;95000726000130;206181.89;95.000.726/0001-30;Pessoa jurídica;Principal;CRUZEIRO EQUIPAMENTOS LTDA;RR;1ª REGIÃO;600000726;Em cobrança;RETORNO A RFB PARA ANALISE;OUTROS;09/09/2024;NAO;206181.89
PREVIDENCIARIO-000728;95000727000185;1076233.05;95.000.727/0001-85;Pessoa jurídica;Principal;ESTRELA DO NORTE EQUIPAMENTOS S.A.;GO;1ª REGIÃO;600000727;Em cobrança;PRE INSCRICAO DE CREDITO DE LDCG DCG;OUTROS;30/10/2018;NAO;1076233.05
PREVIDENCIARIO-000729;95000728000120;777388.51;95.000.728/0001-20;Pessoa jurídica;Principal;HORIZONTE EQUIPAMENTOS LTDA;TO;1ª REGIÃO;600000728;Garantia;CREDITO PREVIDENCIARIO SUB JUDICE;Não Informado;01/02/2006;SIM;777388.51
PREVIDENCIARIO-000730;95000729000174;1381978.19;95.000.729/0001-74;Pessoa jurídica;Principal;INTEGRA EQUIPAMENTOS LTDA;PI;1ª REGIÃO;600000729;Garantia;AJUIZAMENTO   DISTRIBUICAO;OUTROS;04/06/2024;SIM;1381978.19
PREVIDENCIARIO-000731;95000730000107;1094837.06;95.000.730/0001-07;Pessoa jurídica;Principal;JARDINS EQUIPAMENTOS S.A.;PR;4ª REGIÃO;600000730;Em cobrança;NEGOCIADO NO SISPAR;OUTROS;18/04/2009;NAO;1094837.06
PREVIDENCIARIO-000732;95000731000143;1233002.32;95.000.731/0001-43;Pessoa jurídica;Principal;MONTE ALTO EQUIPAMENTOS LTDA;AM;1ª REGIÃO;600000731;Em cobrança;CREDITO EM DILIGENCIA NA AREA ADMINISTRATIVA;OUTROS;20/09/2020;NAO;1233002.32
PREVIDENCIARIO-000733;95000732000198;243609.86;95.000.732/0001-98;Pessoa jurídica;Principal;NOVA ERA EQUIPAMENTOS LTDA;MS;1ª REGIÃO;600000732;Em cobrança;RETORNO DA DILIGENCIA;OUTROS;27/11/2006;NAO;243609.86
PREVIDENCIARIO-000734;95000733000132;1338108.33;95.000.733/0001-32;Pessoa jurídica;Principal;PIONEIRA EQUIPAMENTOS S.A.;MT;1ª REGIÃO;600000733;Em cobrança;RETORNO A RFB PARA ANALISE;OUTROS;24/12/2007;NAO;1338108.33
PREVIDENCIARIO-000735;95000734000187;1412283.18;95.000.734/0001-87;Pessoa jurídica;Principal;PLANALTO EQUIPAMENTOS LTDA;BA;1ª REGIÃO;600000734;Em cobrança;PRE INSCRICAO DE CREDITO DE LDCG DCG;OUTROS;03/06/2022;NAO;1412283.18
PREVIDENCIARIO-000736;95000735000121;357976.34;95.000.735/0001-21;Pessoa jurídica;Principal;RIO CLARO EQUIPAMENTOS LTDA;AC;1ª REGIÃO;600000735;Garantia;CREDITO PREVIDENCIARIO SUB JUDICE;Não Informado;10/09/2023;SIM;357976.34
PREVIDENCIARIO-000737;95000736000176;1051681.61;95.000.736/0001-76;Pessoa jurídica;Principal;SERRA DOURADA EQUIPAMENTOS S.A.;PE;5ª REGIÃO;600000736;Garantia;AJUIZAMENTO   DISTRIBUICAO;OUTROS;11/03/2007;SIM;1051681.61
PREVIDENCIARIO-000738;95000737000110;1273122.00;95.000.737/0001-10;Pessoa jurídica;Principal;SOL NASCENTE EQUIPAMENTOS LTDA;AP;1ª REGIÃO;600000737;Em cobrança;NEGOCIADO NO SISPAR;OUTROS;19/10/2010;NAO;1273122.00
PREVIDENCIARIO-000739;95000738000165;928954.79;95.000.738/0001-65;Pessoa jurídica;Principal;VALE FORTE EQUIPAMENTOS LTDA;MA;1ª REGIÃO;600000738;Em cobrança;CREDITO EM DILIGENCIA NA AREA ADMINISTRATIVA;OUTROS;29/11/2007;NAO;928954.79
PREVIDENCIARIO-000740;95000739000100;1338634.25;95.000.739/0001-00;Pessoa jurídica;Principal;VILA NOVA EQUIPAMENTOS S.A.;SP;3ª REGIÃO;600000739;Em cobrança;RETORNO DA DILIGENCIA;OUTROS;13/07/2007;NAO;1338634.25
PREVIDENCIARIO-000741;95000740000134;1296271.83;95.000.740/0001-34;Pessoa jurídica;Corresponsável;ALVORADA INDUSTRIA FLORESTAL LTDA;DF;1ª REGIÃO;600000740;Em cobrança;RETORNO A RFB PARA ANALISE;OUTROS;19/07/2016;NAO;1296271.83
PREVIDENCIARIO-000742;95000741000189;1267000.26;95.000.741/0001-89;Pessoa jurídica;Principal;BOA VISTA INDUSTRIA FLORESTAL LTDA;SC;4ª REGIÃO;600000741;Benefício Fiscal;PRE INSCRICAO DE CREDITO DE LDCG DCG;OUTROS;09/06/2010;NAO;1267000.26
PREVIDENCIARIO-000743;95000742000123;1254853.72;95.000.742/0001-23;Pessoa jurídica;Principal;CAMINHO VERDE INDUSTRIA FLORESTAL S.A.;PA;1ª REGIÃO;600000742;Garantia;CREDITO PREVIDENCIARIO SUB JUDICE;Não Informado;03/07/2017;SIM;1254853.72
PREVIDENCIARIO-000744;95000743000178;669050.32;95.000.743/0001-78;Pessoa jurídica;Principal;CAMPOS DO SUL INDUSTRIA FLORESTAL LTDA;MG;6ª REGIÃO;600000743;Garantia;AJUIZAMENTO   DISTRIBUICAO;OUTROS;14/08/2006;SIM;669050.32
PREVIDENCIARIO-000745;90000785000195;1276289.03;90.000.785/0001-95;Pessoa jurídica;Principal;CERRADO INDUSTRIA FLORESTAL LTDA;RO;1ª REGIÃO;600000744;Em cobrança;NEGOCIADO NO SISPAR;OUTROS;09/06/2021;NAO;1276289.03
PREVIDENCIARIO-000746;95000745000167;1147180.69;95.000.745/0001-67;Pessoa jurídica;Principal;COSTA AZUL INDUSTRIA FLORESTAL S.A.;CE;5ª REGIÃO;600000745;Em cobrança;CREDITO EM DILIGENCIA NA AREA ADMINISTRATIVA;OUTROS;03/04/2010;NAO;1147180.69
PREVIDENCIARIO-000747;95000746000101;218603.24;95.000.746/0001-01;Pessoa jurídica;Principal;CRUZEIRO INDUSTRIA FLORESTAL LTDA;RR;1ª REGIÃO;600000746;Em cobrança;RETORNO DA DILIGENCIA;OUTROS;17/07/2009;NAO;218603.24
PREVIDENCIARIO-000748;95000747000156;1317437.02;95.000.747/0001-56;Pessoa jurídica;Principal;ESTRELA DO NORTE INDUSTRIA FLORESTAL LTDA;GO;1ª REGIÃO;600000747;Em cobrança;RETORNO A RFB PARA ANALISE;OUTROS;21/05/2008;NAO;1317437.02
PREVIDENCIARIO-000749;95000748000109;545276.94;95.000.748/0001-09;Pessoa jurídica;Principal;HORIZONTE INDUSTRIA FLORESTAL S.A.;TO;1ª REGIÃO;600000748;Em cobrança;PRE INSCRICAO DE CREDITO DE LDCG DCG;OUTROS;17/04/2018;NAO;545276.94
PREVIDENCIARIO-000750;95000749000145;1405366.21;95.000.749/0001-45;Pessoa jurídica;Principal;INTEGRA INDUSTRIA FLORESTAL LTDA;PI;1ª REGIÃO;600000749;Garantia;CREDITO PREVIDENCIARIO SUB JUDICE;Não Informado;21/09/2005;SIM;1405366.21
PREVIDENCIARIO-000751;95000750000170;1337233.36;95.000.750/0001-70;Pessoa jurídica;Principal;JARDINS INDUSTRIA FLORESTAL LTDA;PR;4ª REGIÃO;600000750;Garantia;AJUIZAMENTO   DISTRIBUICAO;OUTROS;13/10/2019;SIM;1337233.36
PREVIDENCIARIO-000752;95000751000114;942369.56;95.000.751/0001-14;Pessoa jurídica;Principal;MONTE ALTO INDUSTRIA FLORESTAL S.A.;AM;1ª REGIÃO;600000751;Em cobrança;NEGOCIADO NO SISPAR;OUTROS;01/09/2019;NAO;942369.56
PREVIDENCIARIO-000753;95000752000169;1054340.41;95.000.752/0001-69;Pessoa jurídica;Principal;NOVA ERA INDUSTRIA FLORESTAL LTDA;MS;1ª REGIÃO;600000752;Em cobrança;CREDITO EM DILIGENCIA NA AREA ADMINISTRATIVA;OUTROS;18/05/2010;NAO;1054340.41
PREVIDENCIARIO-000754;95000753000103;458815.06;95.000.753/0001-03;Pessoa jurídica;Principal;PIONEIRA INDUSTRIA FLORESTAL LTDA;MT;1ª REGIÃO;600000753;Em cobrança;RETORNO DA DILIGENCIA;OUTROS;25/02/2011;NAO;458815.06
PREVIDENCIARIO-000755;95000754000158;884197.50;95.000.754/0001-58;Pessoa jurídica;Principal;PLANALTO INDUSTRIA FLORESTAL S.A.;BA;1ª REGIÃO;600000754;Em cobrança;RETORNO A RFB PARA ANALISE;OUTROS;11/07/2016;NAO;884197.50
PREVIDENCIARIO-000756;95000755000100;448691.46;95.000.755/0001-00;Pessoa jurídica;Principal;RIO CLARO INDUSTRIA FLORESTAL LTDA;AC;1ª REGIÃO;600000755;Em cobrança;PRE INSCRICAO DE CREDITO DE LDCG DCG;OUTROS;01/08/2021;NAO;448691.46
PREVIDENCIARIO-000757;95000756000147;1390602.71;95.000.756/0001-47;Pessoa jurídica;Principal;SERRA DOURADA INDUSTRIA FLORESTAL LTDA;PE;5ª REGIÃO;600000756;Garantia;CREDITO PREVIDENCIARIO SUB JUDICE;Não Informado;09/05/2011;SIM;1390602.71
PREVIDENCIARIO-000758;95000757000191;253712.14;95.000.757/0001-91;Pessoa jurídica;Principal;SOL NASCENTE INDUSTRIA FLORESTAL S.A.;AP;1ª REGIÃO;600000757;Garantia;AJUIZAMENTO   DISTRIBUICAO;OUTROS;04/12/2017;SIM;253712.14
PREVIDENCIARIO-000759;95000758000136;546020.27;95.000.758/0001-36;Pessoa jurídica;Principal;VALE FORTE INDUSTRIA FLORESTAL LTDA;MA;1ª REGIÃO;600000758;Em cobrança;NEGOCIADO NO SISPAR;OUTROS;24/05/2020;NAO;546020.27
PREVIDENCIARIO-000760;95000759000180;1389401.48;95.000.759/0001-80;Pessoa jurídica;Principal;VILA NOVA INDUSTRIA FLORESTAL LTDA;SP;3ª REGIÃO;600000759;Em cobrança;CREDITO EM DILIGENCIA NA AREA ADMINISTRATIVA;OUTROS;09/05/2006;NAO;1389401.48
PREVIDENCIARIO-000761;95000760000105;107593.97;95.000.760/0001-05;Pessoa jurídica;Principal;ALVORADA MINERACAO S.A.;DF;1ª REGIÃO;600000760;Benefício Fiscal;RETORNO DA DILIGENCIA;OUTROS;26/07/2012;NAO;107593.97
PREVIDENCIARIO-000762;95000761000150;714521.53;95.000.761/0001-50;Pessoa jurídica;Principal;BOA VISTA MINERACAO LTDA;SC;4ª REGIÃO;600000761;Em cobrança;RETORNO A RFB PARA ANALISE;OUTROS;12/03/2013;NAO;714521.53
PREVIDENCIARIO-000763;95000762000102;676576.61;95.000.762/0001-02;Pessoa jurídica;Principal;CAMINHO VERDE MINERACAO LTDA;PA;1ª REGIÃO;600000762;Em cobrança;PRE INSCRICAO DE CREDITO DE LDCG DCG;OUTROS;10/11/2015;NAO;676576.61
PREVIDENCIARIO-000764;95000763000149;1211721.84;95.000.763/0001-49;Pessoa jurídica;Principal;CAMPOS DO SUL MINERACAO S.A.;MG;6ª REGIÃO;600000763;Garantia;CREDITO PREVIDENCIARIO SUB JUDICE;Não Informado;31/01/2010;SIM;1211721.84
PREVIDENCIARIO-000765;95000764000193;649070.91;95.000.764/0001-93;Pessoa jurídica;Principal;CERRADO MINERACAO LTDA;RO;1ª REGIÃO;600000764;Garantia;AJUIZAMENTO   DISTRIBUICAO;OUTROS;28/07/2021;SIM;649070.91
PREVIDENCIARIO-000766;95000765000138;1035720.27;95.000.765/0001-38;Pessoa jurídica;Principal;COSTA AZUL MINERACAO LTDA;CE;5ª REGIÃO;600000765;Em cobrança;NEGOCIADO NO SISPAR;OUTROS;01/01/2016;NAO;1035720.27
PREVIDENCIARIO-000767;90000811000185;1143602.13;90.000.811/0001-85;Pessoa jurídica;Principal;CRUZEIRO MINERACAO S.A.;RR;1ª REGIÃO;600000766;Em cobrança;CREDITO EM DILIGENCIA NA AREA ADMINISTRATIVA;OUTROS;26/12/2019;NAO;1143602.13
PREVIDENCIARIO-000768;95000767000127;1344347.55;95.000.767/0001-27;Pessoa jurídica;Principal;ESTRELA DO NORTE MINERACAO LTDA;GO;1ª REGIÃO;600000767;Em cobrança;RETORNO DA DILIGENCIA;OUTROS;22/07/2012;NAO;1344347.55
PREVIDENCIARIO-000769;95000768000171;1369567.81;95.000.768/0001-71;Pessoa jurídica;Principal;HORIZONTE MINERACAO LTDA;TO;1ª REGIÃO;600000768;Em cobrança;RETORNO A RFB PARA ANALISE;OUTROS;03/05/2021;NAO;1369567.81
PREVIDENCIARIO-000770;95000769000116;317413.42;95.000.769/0001-16;Pessoa jurídica;Principal;INTEGRA MINERACAO S.A.;PI;1ª REGIÃO;600000769;Em cobrança;PRE INSCRICAO DE CREDITO DE LDCG DCG;OUTROS;05/06/2023;NAO;317413.42
PREVIDENCIARIO-000771;95000770000140;769234.75;95.000.770/0001-40;Pessoa jurídica;Principal;JARDINS MINERACAO LTDA;PR;4ª REGIÃO;600000770;Garantia;CREDITO PREVIDENCIARIO SUB JUDICE;Não Informado;26/05/2007;SIM;769234.75
PREVIDENCIARIO-000772;95000771000195;1131277.16;95.000.771/0001-95;Pessoa jurídica;Principal;MONTE ALTO MINERACAO LTDA;AM;1ª REGIÃO;600000771;Garantia;AJUIZAMENTO   DISTRIBUICAO;OUTROS;14/06/2026;SIM;1131277.16
PREVIDENCIARIO-000773;95000772000130;645678.77;95.000.772/0001-30;Pessoa jurídica;Principal;NOVA ERA MINERACAO S.A.;MS;1ª REGIÃO;600000772;Em cobrança;NEGOCIADO NO SISPAR;OUTROS;10/03/2022;NAO;645678.77
PREVIDENCIARIO-000774;95000773000184;544230.34;95.000.773/0001-84;Pessoa jurídica;Principal;PIONEIRA MINERACAO LTDA;MT;1ª REGIÃO;600000773;Em cobrança;CREDITO EM DILIGENCIA NA AREA ADMINISTRATIVA;OUTROS;10/03/2017;NAO;544230.34
PREVIDENCIARIO-000775;95000774000129;1363387.47;95.000.774/0001-29;Pessoa jurídica;Principal;PLANALTO MINERACAO LTDA;BA;1ª REGIÃO;600000774;Em cobrança;RETORNO DA DILIGENCIA;OUTROS;08/12/2013;NAO;1363387.47
PREVIDENCIARIO-000776;95000775000173;107724.60;95.000.775/0001-73;Pessoa jurídica;Principal;RIO CLARO MINERACAO S.A.;AC;1ª REGIÃO;600000775;Em cobrança;RETORNO A RFB PARA ANALISE;OUTROS;21/07/2010;NAO;107724.60
PREVIDENCIARIO-000777;95000776000118;581371.15;95.000.776/0001-18;Pessoa jurídica;Principal;SERRA DOURADA MINERACAO LTDA;PE;5ª REGIÃO;600000776;Em cobrança;PRE INSCRICAO DE CREDITO DE LDCG DCG;OUTROS;27/12/2012;NAO;581371.15
PREVIDENCIARIO-000778;95000777000162;1409602.22;95.000.777/0001-62;Pessoa jurídica;Corresponsável;SOL NASCENTE MINERACAO LTDA;AP;1ª REGIÃO;600000777;Garantia;CREDITO PREVIDENCIARIO SUB JUDICE;Não Informado;08/03/2009;SIM;1409602.22
PREVIDENCIARIO-000779;95000778000107;1352952.54;95.000.778/0001-07;Pessoa jurídica;Principal;VALE FORTE MINERACAO S.A.;MA;1ª REGIÃO;600000778;Garantia;AJUIZAMENTO   DISTRIBUICAO;OUTROS;02/08/2010;SIM;1352952.54
PREVIDENCIARIO-000780;95000779000151;1119612.38;95.000.779/0001-51;Pessoa jurídica;Principal;VILA NOVA MINERACAO LTDA;SP;3ª REGIÃO;600000779;Benefício Fiscal;NEGOCIADO NO SISPAR;OUTROS;24/05/2015;NAO;1119612.38
PREVIDENCIARIO-000781;95000780000186;309130.30;95.000.780/0001-86;Pessoa jurídica;Principal;ALVORADA OBRAS E SERVICOS LTDA;DF;1ª REGIÃO;600000780;Em cobrança;CREDITO EM DILIGENCIA NA AREA ADMINISTRATIVA;OUTROS;01/01/2005;NAO;309130.30
PREVIDENCIARIO-000782;95000781000120;482720.87;95.000.781/0001-20;Pessoa jurídica;Principal;BOA VISTA OBRAS E SERVICOS S.A.;SC;4ª REGIÃO;600000781;Em cobrança;RETORNO DA DILIGENCIA;OUTROS;11/07/2018;NAO;482720.87
PREVIDENCIARIO-000783;95000782000175;2636.82;95.000.782/0001-75;Pessoa jurídica;Principal;CAMINHO VERDE OBRAS E SERVICOS LTDA;PA;1ª REGIÃO;600000782;Em cobrança;RETORNO A RFB PARA ANALISE;OUTROS;25/07/2020;NAO;2636.82
PREVIDENCIARIO-000784;95000783000110;789346.02;95.000.783/0001-10;Pessoa jurídica;Principal;CAMPOS DO SUL OBRAS E SERVICOS LTDA;MG;6ª REGIÃO;600000783;Em cobrança;PRE INSCRICAO DE CREDITO DE LDCG DCG;OUTROS;06/12/2023;NAO;789346.02
PREVIDENCIARIO-000785;95000784000164;1382435.56;95.000.784/0001-64;Pessoa jurídica;Principal;CERRADO OBRAS E SERVICOS S.A.;RO;1ª REGIÃO;600000784;Garantia;CREDITO PREVIDENCIARIO SUB JUDICE;Não Informado;31/12/2017;SIM;1382435.56
PREVIDENCIARIO-000786;95000785000109;217878.78;95.000.785/0001-09;Pessoa jurídica;Principal;COSTA AZUL OBRAS E SERVICOS LTDA;CE;5ª REGIÃO;600000785;Garantia;AJUIZAMENTO   DISTRIBUICAO;OUTROS;21/01/2023;SIM;217878.78
PREVIDENCIARIO-000787;95000786000153;229828.30;95.000.786/0001-53;Pessoa jurídica;Principal;CRUZEIRO OBRAS E SERVICOS LTDA;RR;1ª REGIÃO;600000786;Em cobrança;NEGOCIADO NO SISPAR;OUTROS;08/09/2006;NAO;229828.30
PREVIDENCIARIO-000788;95000787000106;321269.66;95.000.787/0001-06;Pessoa jurídica;Principal;ESTRELA DO NORTE OBRAS E SERVICOS S.A.;GO;1ª REGIÃO;600000787;Em cobrança;CREDITO EM DILIGENCIA NA AREA ADMINISTRATIVA;OUTROS;23/08/2024;NAO;321269.66
PREVIDENCIARIO-000789;90000812000120;1264367.46;90.000.812/0001-20;Pessoa jurídica;Principal;HORIZONTE OBRAS E SERVICOS LTDA;TO;1ª REGIÃO;600000788;Em cobrança;RETORNO DA DILIGENCIA;OUTROS;09/08/2008;NAO;1264367.46
PREVIDENCIARIO-000790;95000789000197;810390.38;95.000.789/0001-97;Pessoa jurídica;Principal;INTEGRA OBRAS E SERVICOS LTDA;PI;1ª REGIÃO;600000789;Em cobrança;RETORNO A RFB PARA ANALISE;OUTROS;19/04/2014;NAO;810390.38
PREVIDENCIARIO-000791;95000790000111;1015294.04;95.000.790/0001-11;Pessoa jurídica;Principal;JARDINS OBRAS E SERVICOS S.A.;PR;4ª REGIÃO;600000790;Em cobrança;PRE INSCRICAO DE CREDITO DE LDCG DCG;OUTROS;16/05/2023;NAO;1015294.04
PREVIDENCIARIO-000792;95000791000166;654003.04;95.000.791/0001-66;Pessoa jurídica;Principal;MONTE ALTO OBRAS E SERVICOS LTDA;AM;1ª REGIÃO;600000791;Garantia;CREDITO PREVIDENCIARIO SUB JUDICE;Não Informado;07/02/2016;SIM;654003.04
PREVIDENCIARIO-000793;95000792000100;407246.23;95.000.792/0001-00;Pessoa jurídica;Principal;NOVA ERA OBRAS E SERVICOS LTDA;MS;1ª REGIÃO;600000792;Garantia;AJUIZAMENTO   DISTRIBUICAO;OUTROS;10/04/2020;SIM;407246.23
PREVIDENCIARIO-000794;95000793000155;1394594.61;95.000.793/0001-55;Pessoa jurídica;Principal;PIONEIRA OBRAS E SERVICOS S.A.;MT;1ª REGIÃO;600000793;Em cobrança;NEGOCIADO NO SISPAR;OUTROS;23/05/2005;NAO;1394594.61
PREVIDENCIARIO-000795;95000794000108;405509.23;95.000.794/0001-08;Pessoa jurídica;Principal;PLANALTO OBRAS E SERVICOS LTDA;BA;1ª REGIÃO;600000794;Em cobrança;CREDITO EM DILIGENCIA NA AREA ADMINISTRATIVA;OUTROS;25/12/2009;NAO;405509.23
PREVIDENCIARIO-000796;95000795000144;1455759.61;95.000.795/0001-44;Pessoa jurídica;Principal;RIO CLARO OBRAS E SERVICOS LTDA;AC;1ª REGIÃO;600000795;Em cobrança;RETORNO DA DILIGENCIA;OUTROS;08/07/2007;NAO;1455759.61
PREVIDENCIARIO-000797;95000796000199;427801.48;95.000.796/0001-99;Pessoa jurídica;Principal;SERRA DOURADA OBRAS E SERVICOS S.A.;PE;5ª REGIÃO;600000796;Em cobrança;RETORNO A RFB PARA ANALISE;OUTROS;16/08/2017;NAO;427801.48
PREVIDENCIARIO-000798;95000797000133;585738.67;95.000.797/0001-33;Pessoa jurídica;Principal;SOL NASCENTE OBRAS E SERVICOS LTDA;AP;1ª REGIÃO;600000797;Em cobrança;PRE INSCRICAO DE CREDITO DE LDCG DCG;OUTROS;03/07/2013;NAO;585738.67
PREVIDENCIARIO-000799;95000798000188;108417.55;95.000.798/0001-88;Pessoa jurídica;Principal;VALE FORTE OBRAS E SERVICOS LTDA;MA;1ª REGIÃO;600000798;Benefício Fiscal;CREDITO PREVIDENCIARIO SUB JUDICE;Não Informado;26/09/2020;SIM;108417.55
PREVIDENCIARIO-000800;95000799000122;963245.97;95.000.799/0001-22;Pessoa jurídica;Principal;VILA NOVA OBRAS E SERVICOS S.A.;SP;3ª REGIÃO;600000799;Garantia;AJUIZAMENTO   DISTRIBUICAO;OUTROS;29/03/2015;SIM;963245.97
PREVIDENCIARIO-000801;95000800000119;876373.21;95.000.800/0001-19;Pessoa jurídica;Principal;ALVORADA PRODUTOS AGRICOLAS LTDA;DF;1ª REGIÃO;600000800;Em cobrança;NEGOCIADO NO SISPAR;OUTROS;05/11/2006;NAO;876373.21
PREVIDENCIARIO-000802;95000801000163;864843.11;95.000.801/0001-63;Pessoa jurídica;Principal;BOA VISTA PRODUTOS AGRICOLAS LTDA;SC;4ª REGIÃO;600000801;Em cobrança;CREDITO EM DILIGENCIA NA AREA ADMINISTRATIVA;OUTROS;16/09/2016;NAO;864843.11
PREVIDENCIARIO-000803;95000802000108;1184722.75;95.000.802/0001-08;Pessoa jurídica;Principal;CAMINHO VERDE PRODUTOS AGRICOLAS S.A.;PA;1ª REGIÃO;600000802;Em cobrança;RETORNO DA DILIGENCIA;OUTROS;01/01/2010;NAO;1184722.75
PREVIDENCIARIO-000804;95000803000152;1163242.54;95.000.803/0001-52;Pessoa jurídica;Principal;CAMPOS DO SUL PRODUTOS AGRICOLAS LTDA;MG;6ª REGIÃO;600000803;Em cobrança;RETORNO A RFB PARA ANALISE;OUTROS;16/04/2012;NAO;1163242.54
PREVIDENCIARIO-000805;95000804000105;598944.04;95.000.804/0001-05;Pessoa jurídica;Principal;CERRADO PRODUTOS AGRICOLAS LTDA;RO;1ª REGIÃO;600000804;Em cobrança;PRE INSCRICAO DE CREDITO DE LDCG DCG;OUTROS;05/06/2012;NAO;598944.04
PREVIDENCIARIO-000806;95000805000141;309848.07;95.000.805/0001-41;Pessoa jurídica;Principal;COSTA AZUL PRODUTOS AGRICOLAS S.A.;CE;5ª REGIÃO;600000805;Garantia;CREDITO PREVIDENCIARIO SUB JUDICE;Não Informado;01/05/2014;SIM;309848.07
PREVIDENCIARIO-000807;95000806000196;1332611.54;95.000.806/0001-96;Pessoa jurídica;Principal;CRUZEIRO PRODUTOS AGRICOLAS LTDA;RR;1ª REGIÃO;600000806;Garantia;AJUIZAMENTO   DISTRIBUICAO;OUTROS;23/02/2011;SIM;1332611.54
PREVIDENCIARIO-000808;95000807000130;320465.46;95.000.807/0001-30;Pessoa jurídica;Principal;ESTRELA DO NORTE PRODUTOS AGRICOLAS LTDA;GO;1ª REGIÃO;600000807;Em cobrança;NEGOCIADO NO SISPAR;OUTROS;03/04/2024;NAO;320465.46
PREVIDENCIARIO-000809;95000808000185;692602.66;95.000.808/0001-85;Pessoa jurídica;Principal;HORIZONTE PRODUTOS AGRICOLAS S.A.;TO;1ª REGIÃO;600000808;Em cobrança;CREDITO EM DILIGENCIA NA AREA ADMINISTRATIVA;OUTROS;27/07/2017;NAO;692602.66
PREVIDENCIARIO-000810;95000809000120;167340.84;95.000.809/0001-20;Pessoa jurídica;Principal;INTEGRA PRODUTOS AGRICOLAS LTDA;PI;1ª REGIÃO;600000809;Em cobrança;RETORNO DA DILIGENCIA;OUTROS;23/09/2018;NAO;167340.84
PREVIDENCIARIO-000811;95000810000154;1264407.67;95.000.810/0001-54;Pessoa jurídica;Principal;JARDINS PRODUTOS AGRICOLAS LTDA;PR;4ª REGIÃO;600000810;Em cobrança;RETORNO A RFB PARA ANALISE;OUTROS;28/03/2021;NAO;1264407.67
PREVIDENCIARIO-000812;90000815000163;1346009.75;90.000.815/0001-63;Pessoa jurídica;Principal;MONTE ALTO PRODUTOS AGRICOLAS S.A.;AM;1ª REGIÃO;600000811;Em cobrança;PRE INSCRICAO DE CREDITO DE LDCG DCG;OUTROS;04/04/2006;NAO;1346009.75
PREVIDENCIARIO-000813;95000812000143;56238.59;95.000.812/0001-43;Pessoa jurídica;Principal;NOVA ERA PRODUTOS AGRICOLAS LTDA;MS;1ª REGIÃO;600000812;Garantia;CREDITO PREVIDENCIARIO SUB JUDICE;Não Informado;26/10/2018;SIM;56238.59
PREVIDENCIARIO-000814;95000813000198;1270264.66;95.000.813/0001-98;Pessoa jurídica;Principal;PIONEIRA PRODUTOS AGRICOLAS LTDA;MT;1ª REGIÃO;600000813;Garantia;AJUIZAMENTO   DISTRIBUICAO;OUTROS;14/08/2021;SIM;1270264.66
PREVIDENCIARIO-000815;95000814000132;679057.28;95.000.814/0001-32;Pessoa jurídica;Corresponsável;PLANALTO PRODUTOS AGRICOLAS S.A.;BA;1ª REGIÃO;600000814;Em cobrança;NEGOCIADO NO SISPAR;OUTROS;25/05/2021;NAO;679057.28
PREVIDENCIARIO-000816;95000815000187;13573.74;95.000.815/0001-87;Pessoa jurídica;Principal;RIO CLARO PRODUTOS AGRICOLAS LTDA;AC;1ª REGIÃO;600000815;Em cobrança;CREDITO EM DILIGENCIA NA AREA ADMINISTRATIVA;OUTROS;14/10/2016;NAO;13573.74
PREVIDENCIARIO-000817;95000816000121;33168.12;95.000.816/0001-21;Pessoa jurídica;Principal;SERRA DOURADA PRODUTOS AGRICOLAS LTDA;PE;5ª REGIÃO;600000816;Em cobrança;RETORNO DA DILIGENCIA;OUTROS;24/11/2022;NAO;33168.12
PREVIDENCIARIO-000818;95000817000176;1299208.74;95.000.817/0001-76;Pessoa jurídica;Principal;SOL NASCENTE PRODUTOS AGRICOLAS S.A.;AP;1ª REGIÃO;600000817;Benefício Fiscal;RETORNO A RFB PARA ANALISE;OUTROS;16/10/2020;NAO;1299208.74
PREVIDENCIARIO-000819;95000818000110;327145.50;95.000.818/0001-10;Pessoa jurídica;Principal;VALE FORTE PRODUTOS AGRICOLAS LTDA;MA;1ª REGIÃO;600000818;Em cobrança;PRE INSCRICAO DE CREDITO DE LDCG DCG;OUTROS;16/05/2025;NAO;327145.50
PREVIDENCIARIO-000820;95000819000165;1013864.72;95.000.819/0001-65;Pessoa jurídica;Principal;VILA NOVA PRODUTOS AGRICOLAS LTDA;SP;3ª REGIÃO;600000819;Garantia;CREDITO PREVIDENCIARIO SUB JUDICE;Não Informado;16/02/2022;SIM;1013864.72
PREVIDENCIARIO-000821;95000820000190;149291.56;95.000.820/0001-90;Pessoa jurídica;Principal;ALVORADA SERVICOS AMBIENTAIS S.A.;DF;1ª REGIÃO;600000820;Garantia;AJUIZAMENTO   DISTRIBUICAO;OUTROS;21/04/2007;SIM;149291.56
PREVIDENCIARIO-000822;95000821000134;385779.55;95.000.821/0001-34;Pessoa jurídica;Principal;BOA VISTA SERVICOS AMBIENTAIS LTDA;SC;4ª REGIÃO;600000821;Em cobrança;NEGOCIADO NO SISPAR;OUTROS;06/05/2021;NAO;385779.55
PREVIDENCIARIO-000823;95000822000189;1170244.32;95.000.822/0001-89;Pessoa jurídica;Principal;CAMINHO VERDE SERVICOS AMBIENTAIS LTDA;PA;1ª REGIÃO;600000822;Em cobrança;CREDITO EM DILIGENCIA NA AREA ADMINISTRATIVA;OUTROS;09/11/2005;NAO;1170244.32
PREVIDENCIARIO-000824;95000823000123;359485.87;95.000.823/0001-23;Pessoa jurídica;Principal;CAMPOS DO SUL SERVICOS AMBIENTAIS S.A.;MG;6ª REGIÃO;600000823;Em cobrança;RETORNO DA DILIGENCIA;OUTROS;19/02/2019;NAO;359485.87
PREVIDENCIARIO-000825;95000824000178;1443481.72;95.000.824/0001-78;Pessoa jurídica;Principal;CERRADO SERVICOS AMBIENTAIS LTDA;RO;1ª REGIÃO;600000824;Em cobrança;RETORNO A RFB PARA ANALISE;OUTROS;21/07/2016;NAO;1443481.72
PREVIDENCIARIO-000826;95000825000112;61053.39;95.000.825/0001-12;Pessoa jurídica;Principal;COSTA AZUL SERVICOS AMBIENTAIS LTDA;CE;5ª REGIÃO;600000825;Em cobrança;PRE INSCRICAO DE CREDITO DE LDCG DCG;OUTROS;13/05/2011;NAO;61053.39
PREVIDENCIARIO-000827;95000826000167;634591.67;95.000.826/0001-67;Pessoa jurídica;Principal;CRUZEIRO SERVICOS AMBIENTAIS S.A.;RR;1ª REGIÃO;600000826;Garantia;CREDITO PREVIDENCIARIO SUB JUDICE;Não Informado;25/12/2020;SIM;634591.67
PREVIDENCIARIO-000828;95000827000101;127104.39;95.000.827/0001-01;Pessoa jurídica;Principal;ESTRELA DO NORTE SERVICOS AMBIENTAIS LTDA;GO;1ª REGIÃO;600000827;Garantia;AJUIZAMENTO   DISTRIBUICAO;OUTROS;16/01/2025;SIM;127104.39
PREVIDENCIARIO-000829;95000828000156;893503.62;95.000.828/0001-56;Pessoa jurídica;Principal;HORIZONTE SERVICOS AMBIENTAIS LTDA;TO;1ª REGIÃO;600000828;Em cobrança;NEGOCIADO NO SISPAR;OUTROS;04/04/2007;NAO;893503.62
PREVIDENCIARIO-000830;95000829000109;48210.12;95.000.829/0001-09;Pessoa jurídica;Principal;INTEGRA SERVICOS AMBIENTAIS S.A.;PI;1ª REGIÃO;600000829;Em cobrança;CREDITO EM DILIGENCIA NA AREA ADMINISTRATIVA;OUTROS;27/07/2019;NAO;48210.12
PREVIDENCIARIO-000831;95000830000125;956101.78;95.000.830/0001-25;Pessoa jurídica;Principal;JARDINS SERVICOS AMBIENTAIS LTDA;PR;4ª REGIÃO;600000830;Em cobrança;RETORNO DA DILIGENCIA;OUTROS;12/02/2025;NAO;956101.78
PREVIDENCIARIO-000832;95000831000170;48000.98;95.000.831/0001-70;Pessoa jurídica;Principal;MONTE ALTO SERVICOS AMBIENTAIS LTDA;AM;1ª REGIÃO;600000831;Em cobrança;RETORNO A RFB PARA ANALISE;OUTROS;03/04/2020;NAO;48000.98
PREVIDENCIARIO-000833;95000832000114;932665.47;95.000.832/0001-14;Pessoa jurídica;Principal;NOVA ERA SERVICOS AMBIENTAIS S.A.;MS;1ª REGIÃO;600000832;Em cobrança;PRE INSCRICAO DE CREDITO DE LDCG DCG;OUTROS;05/04/2022;NAO;932665.47
PREVIDENCIARIO-000834;90000820000176;397848.27;90.000.820/0001-76;Pessoa jurídica;Principal;PIONEIRA SERVICOS AMBIENTAIS LTDA;MT;1ª REGIÃO;600000833;Garantia;CREDITO PREVIDENCIARIO SUB JUDICE;Não Informado;19/06/2018;SIM;397848.27
PREVIDENCIARIO-000835;95000834000103;1122406.78;95.000.834/0001-03;Pessoa jurídica;Principal;PLANALTO SERVICOS AMBIENTAIS LTDA;BA;1ª REGIÃO;600000834;Garantia;AJUIZAMENTO   DISTRIBUICAO;OUTROS;10/10/2008;SIM;1122406.78
PREVIDENCIARIO-000836;95000835000158;440100.42;95.000.835/0001-58;Pessoa jurídica;Principal;RIO CLARO SERVICOS AMBIENTAIS S.A.;AC;1ª REGIÃO;600000835;Em cobrança;NEGOCIADO NO SISPAR;OUTROS;11/01/2016;NAO;440100.42
PREVIDENCIARIO-000837;95000836000100;1063800.92;95.000.836/0001-00;Pessoa jurídica;Principal;SERRA DOURADA SERVICOS AMBIENTAIS LTDA;PE;5ª REGIÃO;600000836;Benefício Fiscal;CREDITO EM DILIGENCIA NA AREA ADMINISTRATIVA;OUTROS;06/03/2006;NAO;1063800.92
PREVIDENCIARIO-000838;95000837000147;1467481.27;95.000.837/0001-47;Pessoa jurídica;Principal;SOL NASCENTE SERVICOS AMBIENTAIS LTDA;AP;1ª REGIÃO;600000837;Em cobrança;RETORNO DA DILIGENCIA;OUTROS;28/11/2016;NAO;1467481.27
PREVIDENCIARIO-000839;95000838000191;906229.56;95.000.838/0001-91;Pessoa jurídica;Principal;VALE FORTE SERVICOS AMBIENTAIS S.A.;MA;1ª REGIÃO;600000838;Em cobrança;RETORNO A RFB PARA ANALISE;OUTROS;17/04/2016;NAO;906229.56
PREVIDENCIARIO-000840;95000839000136;1484483.55;95.000.839/0001-36;Pessoa jurídica;Principal;VILA NOVA SERVICOS AMBIENTAIS LTDA;SP;3ª REGIÃO;600000839;Em cobrança;PRE INSCRICAO DE CREDITO DE LDCG DCG;OUTROS;21/09/2010;NAO;1484483.55
PREVIDENCIARIO-000841;95000840000160;64882.49;95.000.840/0001-60;Pessoa jurídica;Principal;ALVORADA TECNOLOGIA LTDA;DF;1ª REGIÃO;600000840;Garantia;CREDITO PREVIDENCIARIO SUB JUDICE;Não Informado;21/06/2014;SIM;64882.49
PREVIDENCIARIO-000842;95000841000105;245515.02;95.000.841/0001-05;Pessoa jurídica;Principal;BOA VISTA TECNOLOGIA S.A.;SC;4ª REGIÃO;600000841;Garantia;AJUIZAMENTO   DISTRIBUICAO;OUTROS;07/09/2019;SIM;245515.02
PREVIDENCIARIO-000843;95000842000150;493387.86;95.000.842/0001-50;Pessoa jurídica;Principal;CAMINHO VERDE TECNOLOGIA LTDA;PA;1ª REGIÃO;600000842;Em cobrança;NEGOCIADO NO SISPAR;OUTROS;10/10/2019;NAO;493387.86
PREVIDENCIARIO-000844;95000843000102;346080.40;95.000.843/0001-02;Pessoa jurídica;Principal;CAMPOS DO SUL TECNOLOGIA LTDA;MG;6ª REGIÃO;600000843;Em cobrança;CREDITO EM DILIGENCIA NA AREA ADMINISTRATIVA;OUTROS;11/06/2006;NAO;346080.40
PREVIDENCIARIO-000845;95000844000149;1287766.35;95.000.844/0001-49;Pessoa jurídica;Principal;CERRADO TECNOLOGIA S.A.;RO;1ª REGIÃO;600000844;Em cobrança;RETORNO DA DILIGENCIA;OUTROS;22/11/2020;NAO;1287766.35
PREVIDENCIARIO-000846;95000845000193;1016106.66;95.000.845/0001-93;Pessoa jurídica;Principal;COSTA AZUL TECNOLOGIA LTDA;CE;5ª REGIÃO;600000845;Em cobrança;RETORNO A RFB PARA ANALISE;OUTROS;08/01/2026;NAO;1016106.66
PREVIDENCIARIO-000847;95000846000138;204529.62;95.000.846/0001-38;Pessoa jurídica;Principal;CRUZEIRO TECNOLOGIA LTDA;RR;1ª REGIÃO;600000846;Em cobrança;PRE INSCRICAO DE CREDITO DE LDCG DCG;OUTROS;30/08/2014;NAO;204529.62
PREVIDENCIARIO-000848;95000847000182;1135544.63;95.000.847/0001-82;Pessoa jurídica;Principal;ESTRELA DO NORTE TECNOLOGIA S.A.;GO;1ª REGIÃO;600000847;Garantia;CREDITO PREVIDENCIARIO SUB JUDICE;Não Informado;08/09/2021;SIM;1135544.63
PREVIDENCIARIO-000849;95000848000127;54268.26;95.000.848/0001-27;Pessoa jurídica;Principal;HORIZONTE TECNOLOGIA LTDA;TO;1ª REGIÃO;600000848;Garantia;AJUIZAMENTO   DISTRIBUICAO;OUTROS;27/01/2011;SIM;54268.26
PREVIDENCIARIO-000850;95000849000171;1372704.65;95.000.849/0001-71;Pessoa jurídica;Principal;INTEGRA TECNOLOGIA LTDA;PI;1ª REGIÃO;600000849;Em cobrança;NEGOCIADO NO SISPAR;OUTROS;11/02/2024;NAO;1372704.65
PREVIDENCIARIO-000851;95000850000104;310599.61;95.000.850/0001-04;Pessoa jurídica;Principal;JARDINS TECNOLOGIA S.A.;PR;4ª REGIÃO;600000850;Em cobrança;CREDITO EM DILIGENCIA NA AREA ADMINISTRATIVA;OUTROS;03/08/2014;NAO;310599.61
PREVIDENCIARIO-000852;95000851000140;219809.16;95.000.851/0001-40;Pessoa jurídica;Corresponsável;MONTE ALTO TECNOLOGIA LTDA;AM;1ª REGIÃO;600000851;Em cobrança;RETORNO DA DILIGENCIA;OUTROS;21/12/2013;NAO;219809.16
PREVIDENCIARIO-000853;95000852000195;1139970.80;95.000.852/0001-95;Pessoa jurídica;Principal;NOVA ERA TECNOLOGIA LTDA;MS;1ª REGIÃO;600000852;Em cobrança;RETORNO A RFB PARA ANALISE;OUTROS;19/04/2018;NAO;1139970.80
PREVIDENCIARIO-000854;95000853000130;70969.99;95.000.853/0001-30;Pessoa jurídica;Principal;PIONEIRA TECNOLOGIA S.A.;MT;1ª REGIÃO;600000853;Em cobrança;PRE INSCRICAO DE CREDITO DE LDCG DCG;OUTROS;25/07/2024;NAO;70969.99
PREVIDENCIARIO-000855;95000854000184;942037.23;95.000.854/0001-84;Pessoa jurídica;Principal;PLANALTO TECNOLOGIA LTDA;BA;1ª REGIÃO;600000854;Garantia;CREDITO PREVIDENCIARIO SUB JUDICE;Não Informado;07/12/2009;SIM;942037.23
PREVIDENCIARIO-000856;90000825000107;870523.11;90.000.825/0001-07;Pessoa jurídica;Principal;RIO CLARO TECNOLOGIA LTDA;AC;1ª REGIÃO;600000855;Benefício Fiscal;AJUIZAMENTO   DISTRIBUICAO;OUTROS;15/05/2013;SIM;870523.11
PREVIDENCIARIO-000857;95000856000173;358961.87;95.000.856/0001-73;Pessoa jurídica;Principal;SERRA DOURADA TECNOLOGIA S.A.;PE;5ª REGIÃO;600000856;Em cobrança;NEGOCIADO NO SISPAR;OUTROS;12/08/2015;NAO;358961.87
PREVIDENCIARIO-000858;95000857000118;1226178.82;95.000.857/0001-18;Pessoa jurídica;Principal;SOL NASCENTE TECNOLOGIA LTDA;AP;1ª REGIÃO;600000857;Em cobrança;CREDITO EM DILIGENCIA NA AREA ADMINISTRATIVA;OUTROS;03/05/2025;NAO;1226178.82
PREVIDENCIARIO-000859;95000858000162;592005.66;95.000.858/0001-62;Pessoa jurídica;Principal;VALE FORTE TECNOLOGIA LTDA;MA;1ª REGIÃO;600000858;Em cobrança;RETORNO DA DILIGENCIA;OUTROS;01/02/2019;NAO;592005.66
PREVIDENCIARIO-000860;95000859000107;261769.97;95.000.859/0001-07;Pessoa jurídica;Principal;VILA NOVA TECNOLOGIA S.A.;SP;3ª REGIÃO;600000859;Em cobrança;RETORNO A RFB PARA ANALISE;OUTROS;06/08/2015;NAO;261769.97
PREVIDENCIARIO-000861;95000860000131;735404.38;95.000.860/0001-31;Pessoa jurídica;Principal;ALVORADA TRANSPORTES LTDA;DF;1ª REGIÃO;600000860;Em cobrança;PRE INSCRICAO DE CREDITO DE LDCG DCG;OUTROS;13/01/2008;NAO;735404.38
PREVIDENCIARIO-000862;95000861000186;1357806.20;95.000.861/0001-86;Pessoa jurídica;Principal;BOA VISTA TRANSPORTES LTDA;SC;4ª REGIÃO;600000861;Garantia;CREDITO PREVIDENCIARIO SUB JUDICE;Não Informado;29/08/2015;SIM;1357806.20
PREVIDENCIARIO-000863;95000862000120;712152.19;95.000.862/0001-20;Pessoa jurídica;Principal;CAMINHO VERDE TRANSPORTES S.A.;PA;1ª REGIÃO;600000862;Garantia;AJUIZAMENTO   DISTRIBUICAO;OUTROS;13/06/2017;SIM;712152.19
PREVIDENCIARIO-000864;95000863000175;1306566.97;95.000.863/0001-75;Pessoa jurídica;Principal;CAMPOS DO SUL TRANSPORTES LTDA;MG;6ª REGIÃO;600000863;Em cobrança;NEGOCIADO NO SISPAR;OUTROS;30/06/2021;NAO;1306566.97
PREVIDENCIARIO-000865;95000864000110;274537.28;95.000.864/0001-10;Pessoa jurídica;Principal;CERRADO TRANSPORTES LTDA;RO;1ª REGIÃO;600000864;Em cobrança;CREDITO EM DILIGENCIA NA AREA ADMINISTRATIVA;OUTROS;09/01/2024;NAO;274537.28
PREVIDENCIARIO-000866;95000865000164;1272891.11;95.000.865/0001-64;Pessoa jurídica;Principal;COSTA AZUL TRANSPORTES S.A.;CE;5ª REGIÃO;600000865;Em cobrança;RETORNO DA DILIGENCIA;OUTROS;20/11/2018;NAO;1272891.11
PREVIDENCIARIO-000867;95000866000109;1403899.83;95.000.866/0001-09;Pessoa jurídica;Principal;CRUZEIRO TRANSPORTES LTDA;RR;1ª REGIÃO;600000866;Em cobrança;RETORNO A RFB PARA ANALISE;OUTROS;22/08/2023;NAO;1403899.83
PREVIDENCIARIO-000868;95000867000153;1341745.80;95.000.867/0001-53;Pessoa jurídica;Principal;ESTRELA DO NORTE TRANSPORTES LTDA;GO;1ª REGIÃO;600000867;Em cobrança;PRE INSCRICAO DE CREDITO DE LDCG DCG;OUTROS;20/01/2008;NAO;1341745.80
PREVIDENCIARIO-000869;95000868000106;823207.71;95.000.868/0001-06;Pessoa jurídica;Principal;HORIZONTE TRANSPORTES S.A.;TO;1ª REGIÃO;600000868;Garantia;CREDITO PREVIDENCIARIO SUB JUDICE;Não Informado;26/03/2006;SIM;823207.71
PREVIDENCIARIO-000870;95000869000142;796582.77;95.000.869/0001-42;Pessoa jurídica;Principal;INTEGRA TRANSPORTES LTDA;PI;1ª REGIÃO;600000869;Garantia;AJUIZAMENTO   DISTRIBUICAO;OUTROS;10/11/2023;SIM;796582.77
PREVIDENCIARIO-000871;95000870000177;202870.13;95.000.870/0001-77;Pessoa jurídica;Principal;JARDINS TRANSPORTES LTDA;PR;4ª REGIÃO;600000870;Em cobrança;NEGOCIADO NO SISPAR;OUTROS;01/06/2020;NAO;202870.13
PREVIDENCIARIO-000872;95000871000111;1152514.49;95.000.871/0001-11;Pessoa jurídica;Principal;MONTE ALTO TRANSPORTES S.A.;AM;1ª REGIÃO;600000871;Em cobrança;CREDITO EM DILIGENCIA NA AREA ADMINISTRATIVA;OUTROS;18/04/2024;NAO;1152514.49
PREVIDENCIARIO-000873;95000872000166;527434.56;95.000.872/0001-66;Pessoa jurídica;Principal;NOVA ERA TRANSPORTES LTDA;MS;1ª REGIÃO;600000872;Em cobrança;RETORNO DA DILIGENCIA;OUTROS;02/11/2009;NAO;527434.56
PREVIDENCIARIO-000874;95000873000100;345068.20;95.000.873/0001-00;Pessoa jurídica;Principal;PIONEIRA TRANSPORTES LTDA;MT;1ª REGIÃO;600000873;Em cobrança;RETORNO A RFB PARA ANALISE;OUTROS;16/09/2019;NAO;345068.20
PREVIDENCIARIO-000875;95000874000155;1454937.33;95.000.874/0001-55;Pessoa jurídica;Principal;PLANALTO TRANSPORTES S.A.;BA;1ª REGIÃO;600000874;Benefício Fiscal;PRE INSCRICAO DE CREDITO DE LDCG DCG;OUTROS;03/05/2011;NAO;1454937.33
PREVIDENCIARIO-000876;95000875000108;1343300.59;95.000.875/0001-08;Pessoa jurídica;Principal;RIO CLARO TRANSPORTES LTDA;AC;1ª REGIÃO;600000875;Garantia;CREDITO PREVIDENCIARIO SUB JUDICE;Não Informado;16/04/2025;SIM;1343300.59
PREVIDENCIARIO-000877;95000876000144;1380703.13;95.000.876/0001-44;Pessoa jurídica;Principal;SERRA DOURADA TRANSPORTES LTDA;PE;5ª REGIÃO;600000876;Garantia;AJUIZAMENTO   DISTRIBUICAO;OUTROS;26/09/2020;SIM;1380703.13
PREVIDENCIARIO-000878;90000843000180;342680.96;90.000.843/0001-80;Pessoa jurídica;Principal;SOL NASCENTE TRANSPORTES S.A.;AP;1ª REGIÃO;600000877;Em cobrança;NEGOCIADO NO SISPAR;OUTROS;20/02/2005;NAO;342680.96
PREVIDENCIARIO-000879;95000878000133;291113.70;95.000.878/0001-33;Pessoa jurídica;Principal;VALE FORTE TRANSPORTES LTDA;MA;1ª REGIÃO;600000878;Em cobrança;CREDITO EM DILIGENCIA NA AREA ADMINISTRATIVA;OUTROS;09/08/2019;NAO;291113.70
PREVIDENCIARIO-000880;95000879000188;1051875.57;95.000.879/0001-88;Pessoa jurídica;Principal;VILA NOVA TRANSPORTES LTDA;SP;3ª REGIÃO;600000879;Em cobrança;RETORNO DA DILIGENCIA;OUTROS;16/06/2024;NAO;1051875.57
PREVIDENCIARIO-000881;95000880000102;369291.15;95.000.880/0001-02;Pessoa jurídica;Principal;ALVORADA ALIMENTOS S.A.;DF;1ª REGIÃO;600000880;Em cobrança;RETORNO A RFB PARA ANALISE;OUTROS;18/11/2016;NAO;369291.15
PREVIDENCIARIO-000882;95000881000157;1482591.21;95.000.881/0001-57;Pessoa jurídica;Principal;BOA VISTA ALIMENTOS LTDA;SC;4ª REGIÃO;600000881;Em cobrança;PRE INSCRICAO DE CREDITO DE LDCG DCG;OUTROS;26/02/2015;NAO;1482591.21
PREVIDENCIARIO-000883;95000882000100;1189266.09;95.000.882/0001-00;Pessoa jurídica;Principal;CAMINHO VERDE ALIMENTOS LTDA;PA;1ª REGIÃO;600000882;Garantia;CREDITO PREVIDENCIARIO SUB JUDICE;Não Informado;09/09/2007;SIM;1189266.09
PREVIDENCIARIO-000884;95000883000146;506460.49;95.000.883/0001-46;Pessoa jurídica;Principal;CAMPOS DO SUL ALIMENTOS S.A.;MG;6ª REGIÃO;600000883;Garantia;AJUIZAMENTO   DISTRIBUICAO;OUTROS;26/06/2005;SIM;506460.49
PREVIDENCIARIO-000885;95000884000190;207425.98;95.000.884/0001-90;Pessoa jurídica;Principal;CERRADO ALIMENTOS LTDA;RO;1ª REGIÃO;600000884;Em cobrança;NEGOCIADO NO SISPAR;OUTROS;29/10/2014;NAO;207425.98
PREVIDENCIARIO-000886;95000885000135;1331977.01;95.000.885/0001-35;Pessoa jurídica;Principal;COSTA AZUL ALIMENTOS LTDA;CE;5ª REGIÃO;600000885;Em cobrança;CREDITO EM DILIGENCIA NA AREA ADMINISTRATIVA;OUTROS;28/10/2014;NAO;1331977.01
PREVIDENCIARIO-000887;95000886000180;636763.87;95.000.886/0001-80;Pessoa jurídica;Principal;CRUZEIRO ALIMENTOS S.A.;RR;1ª REGIÃO;600000886;Em cobrança;RETORNO DA DILIGENCIA;OUTROS;30/07/2018;NAO;636763.87
PREVIDENCIARIO-000888;95000887000124;1427012.92;95.000.887/0001-24;Pessoa jurídica;Principal;ESTRELA DO NORTE ALIMENTOS LTDA;GO;1ª REGIÃO;600000887;Em cobrança;RETORNO A RFB PARA ANALISE;OUTROS;07/08/2023;NAO;1427012.92
PREVIDENCIARIO-000889;95000888000179;670073.09;95.000.888/0001-79;Pessoa jurídica;Corresponsável;HORIZONTE ALIMENTOS LTDA;TO;1ª REGIÃO;600000888;Em cobrança;PRE INSCRICAO DE CREDITO DE LDCG DCG;OUTROS;17/07/2015;NAO;670073.09
PREVIDENCIARIO-000890;95000889000113;778976.87;95.000.889/0001-13;Pessoa jurídica;Principal;INTEGRA ALIMENTOS S.A.;PI;1ª REGIÃO;600000889;Garantia;CREDITO PREVIDENCIARIO SUB JUDICE;Não Informado;02/06/2025;SIM;778976.87
PREVIDENCIARIO-000891;95000890000148;1380557.94;95.000.890/0001-48;Pessoa jurídica;Principal;JARDINS ALIMENTOS LTDA;PR;4ª REGIÃO;600000890;Garantia;AJUIZAMENTO   DISTRIBUICAO;OUTROS;10/11/2022;SIM;1380557.94
PREVIDENCIARIO-000892;95000891000192;771595.10;95.000.891/0001-92;Pessoa jurídica;Principal;MONTE ALTO ALIMENTOS LTDA;AM;1ª REGIÃO;600000891;Em cobrança;NEGOCIADO NO SISPAR;OUTROS;07/06/2023;NAO;771595.10
PREVIDENCIARIO-000893;95000892000137;517355.82;95.000.892/0001-37;Pessoa jurídica;Principal;NOVA ERA ALIMENTOS S.A.;MS;1ª REGIÃO;600000892;Em cobrança;CREDITO EM DILIGENCIA NA AREA ADMINISTRATIVA;OUTROS;28/05/2021;NAO;517355.82
PREVIDENCIARIO-000894;95000893000181;825323.48;95.000.893/0001-81;Pessoa jurídica;Principal;PIONEIRA ALIMENTOS LTDA;MT;1ª REGIÃO;600000893;Benefício Fiscal;RETORNO DA DILIGENCIA;OUTROS;10/02/2010;NAO;825323.48
PREVIDENCIARIO-000895;95000894000126;1276091.15;95.000.894/0001-26;Pessoa jurídica;Principal;PLANALTO ALIMENTOS LTDA;BA;1ª REGIÃO;600000894;Em cobrança;RETORNO A RFB PARA ANALISE;OUTROS;02/12/2008;NAO;1276091.15
PREVIDENCIARIO-000896;95000895000170;323323.34;95.000.895/0001-70;Pessoa jurídica;Principal;RIO CLARO ALIMENTOS S.A.;AC;1ª REGIÃO;600000895;Em cobrança;PRE INSCRICAO DE CREDITO DE LDCG DCG;OUTROS;24/03/2018;NAO;323323.34
PREVIDENCIARIO-000897;95000896000115;1012406.30;95.000.896/0001-15;Pessoa jurídica;Principal;SERRA DOURADA ALIMENTOS LTDA;PE;5ª REGIÃO;600000896;Garantia;CREDITO PREVIDENCIARIO SUB JUDICE;Não Informado;11/12/2016;SIM;1012406.30
PREVIDENCIARIO-000898;95000897000160;222558.82;95.000.897/0001-60;Pessoa jurídica;Principal;SOL NASCENTE ALIMENTOS LTDA;AP;1ª REGIÃO;600000897;Garantia;AJUIZAMENTO   DISTRIBUICAO;OUTROS;18/07/2013;SIM;222558.82
PREVIDENCIARIO-000899;95000898000104;226339.88;95.000.898/0001-04;Pessoa jurídica;Principal;VALE FORTE ALIMENTOS S.A.;MA;1ª REGIÃO;600000898;Em cobrança;NEGOCIADO NO SISPAR;OUTROS;28/05/2015;NAO;226339.88
PREVIDENCIARIO-000900;95000899000159;624198.71;95.000.899/0001-59;Pessoa jurídica;Principal;VILA NOVA ALIMENTOS LTDA;SP;3ª REGIÃO;600000899;Em cobrança;CREDITO EM DILIGENCIA NA AREA ADMINISTRATIVA;OUTROS;07/02/2007;NAO;624198.71
PREVIDENCIARIO-000901;90000863000151;534747.72;90.000.863/0001-51;Pessoa jurídica;Principal;ALVORADA COMERCIO E LOGISTICA LTDA;DF;1ª REGIÃO;600000900;Em cobrança;RETORNO DA DILIGENCIA;OUTROS;03/10/2020;NAO;534747.72
PREVIDENCIARIO-000902;95000901000190;1450330.41;95.000.901/0001-90;Pessoa jurídica;Principal;BOA VISTA COMERCIO E LOGISTICA S.A.;SC;4ª REGIÃO;600000901;Em cobrança;RETORNO A RFB PARA ANALISE;OUTROS;25/12/2017;NAO;1450330.41
PREVIDENCIARIO-000903;95000902000134;1215786.87;95.000.902/0001-34;Pessoa jurídica;Principal;CAMINHO VERDE COMERCIO E LOGISTICA LTDA;PA;1ª REGIÃO;600000902;Em cobrança;PRE INSCRICAO DE CREDITO DE LDCG DCG;OUTROS;04/12/2019;NAO;1215786.87
PREVIDENCIARIO-000904;95000903000189;251618.95;95.000.903/0001-89;Pessoa jurídica;Principal;CAMPOS DO SUL COMERCIO E LOGISTICA LTDA;MG;6ª REGIÃO;600000903;Garantia;CREDITO PREVIDENCIARIO SUB JUDICE;Não Informado;23/03/2017;SIM;251618.95
PREVIDENCIARIO-000905;95000904000123;1285007.80;95.000.904/0001-23;Pessoa jurídica;Principal;CERRADO COMERCIO E LOGISTICA S.A.;RO;1ª REGIÃO;600000904;Garantia;AJUIZAMENTO   DISTRIBUICAO;OUTROS;12/03/2015;SIM;1285007.80
PREVIDENCIARIO-000906;95000905000178;1041568.85;95.000.905/0001-78;Pessoa jurídica;Principal;COSTA AZUL COMERCIO E LOGISTICA LTDA;CE;5ª REGIÃO;600000905;Em cobrança;NEGOCIADO NO SISPAR;OUTROS;07/05/2010;NAO;1041568.85
PREVIDENCIARIO-000907;95000906000112;940225.35;95.000.906/0001-12;Pessoa jurídica;Principal;CRUZEIRO COMERCIO E LOGISTICA LTDA;RR;1ª REGIÃO;600000906;Em cobrança;CREDITO EM DILIGENCIA NA AREA ADMINISTRATIVA;OUTROS;10/06/2006;NAO;940225.35
PREVIDENCIARIO-000908;95000907000167;437571.60;95.000.907/0001-67;Pessoa jurídica;Principal;ESTRELA DO NORTE COMERCIO E LOGISTICA S.A.;GO;1ª REGIÃO;600000907;Em cobrança;RETORNO DA DILIGENCIA;OUTROS;12/01/2013;NAO;437571.60
PREVIDENCIARIO-000909;95000908000101;1086363.49;95.000.908/0001-01;Pessoa jurídica;Principal;HORIZONTE COMERCIO E LOGISTICA LTDA;TO;1ª REGIÃO;600000908;Em cobrança;RETORNO A RFB PARA ANALISE;OUTROS;26/09/2011;NAO;1086363.49
PREVIDENCIARIO-000910;95000909000156;247346.63;95.000.909/0001-56;Pessoa jurídica;Principal;INTEGRA COMERCIO E LOGISTICA LTDA;PI;1ª REGIÃO;600000909;Em cobrança;PRE INSCRICAO DE CREDITO DE LDCG DCG;OUTROS;22/09/2023;NAO;247346.63
PREVIDENCIARIO-000911;95000910000180;26394.38;95.000.910/0001-80;Pessoa jurídica;Principal;JARDINS COMERCIO E LOGISTICA S.A.;PR;4ª REGIÃO;600000910;Garantia;CREDITO PREVIDENCIARIO SUB JUDICE;Não Informado;10/11/2017;SIM;26394.38
PREVIDENCIARIO-000912;95000911000125;33508.47;95.000.911/0001-25;Pessoa jurídica;Principal;MONTE ALTO COMERCIO E LOGISTICA LTDA;AM;1ª REGIÃO;600000911;Garantia;AJUIZAMENTO   DISTRIBUICAO;OUTROS;23/04/2016;SIM;33508.47
PREVIDENCIARIO-000913;95000912000170;276716.97;95.000.912/0001-70;Pessoa jurídica;Principal;NOVA ERA COMERCIO E LOGISTICA LTDA;MS;1ª REGIÃO;600000912;Benefício Fiscal;NEGOCIADO NO SISPAR;OUTROS;31/07/2015;NAO;276716.97
PREVIDENCIARIO-000914;95000913000114;48618.13;95.000.913/0001-14;Pessoa jurídica;Principal;PIONEIRA COMERCIO E LOGISTICA S.A.;MT;1ª REGIÃO;600000913;Em cobrança;CREDITO EM DILIGENCIA NA AREA ADMINISTRATIVA;OUTROS;31/05/2024;NAO;48618.13
PREVIDENCIARIO-000915;95000914000169;1347745.46;95.000.914/0001-69;Pessoa jurídica;Principal;PLANALTO COMERCIO E LOGISTICA LTDA;BA;1ª REGIÃO;600000914;Em cobrança;RETORNO DA DILIGENCIA;OUTROS;26/11/2021;NAO;1347745.46
PREVIDENCIARIO-000916;95000915000103;317001.24;95.000.915/0001-03;Pessoa jurídica;Principal;RIO CLARO COMERCIO E LOGISTICA LTDA;AC;1ª REGIÃO;600000915;Em cobrança;RETORNO A RFB PARA ANALISE;OUTROS;10/05/2007;NAO;317001.24
PREVIDENCIARIO-000917;95000916000158;1196102.90;95.000.916/0001-58;Pessoa jurídica;Principal;SERRA DOURADA COMERCIO E LOGISTICA S.A.;PE;5ª REGIÃO;600000916;Em cobrança;PRE INSCRICAO DE CREDITO DE LDCG DCG;OUTROS;28/06/2018;NAO;1196102.90
PREVIDENCIARIO-000918;95000917000100;10940.97;95.000.917/0001-00;Pessoa jurídica;Principal;SOL NASCENTE COMERCIO E LOGISTICA LTDA;AP;1ª REGIÃO;600000917;Garantia;CREDITO PREVIDENCIARIO SUB JUDICE;Não Informado;11/11/2009;SIM;10940.97
PREVIDENCIARIO-000919;95000918000147;935440.36;95.000.918/0001-47;Pessoa jurídica;Principal;VALE FORTE COMERCIO E LOGISTICA LTDA;MA;1ª REGIÃO;600000918;Garantia;AJUIZAMENTO   DISTRIBUICAO;OUTROS;21/02/2020;SIM;935440.36
PREVIDENCIARIO-000920;95000919000191;144078.44;95.000.919/0001-91;Pessoa jurídica;Principal;VILA NOVA COMERCIO E LOGISTICA S.A.;SP;3ª REGIÃO;600000919;Em cobrança;NEGOCIADO NO SISPAR;OUTROS;02/07/2015;NAO;144078.44
PREVIDENCIARIO-000921;95000920000116;269326.83;95.000.920/0001-16;Pessoa jurídica;Principal;ALVORADA CONSTRUCOES LTDA;DF;1ª REGIÃO;600000920;Em cobrança;CREDITO EM DILIGENCIA NA AREA ADMINISTRATIVA;OUTROS;21/10/2019;NAO;269326.83
PREVIDENCIARIO-000922;95000921000160;982178.48;95.000.921/0001-60;Pessoa jurídica;Principal;BOA VISTA CONSTRUCOES LTDA;SC;4ª REGIÃO;600000921;Em cobrança;RETORNO DA DILIGENCIA;OUTROS;02/08/2016;NAO;982178.48
PREVIDENCIARIO-000923;90000908000198;1478580.24;90.000.908/0001-98;Pessoa jurídica;Principal;CAMINHO VERDE CONSTRUCOES S.A.;PA;1ª REGIÃO;600000922;Em cobrança;RETORNO A RFB PARA ANALISE;OUTROS;08/04/2013;NAO;1478580.24
PREVIDENCIARIO-000924;95000923000150;943343.55;95.000.923/0001-50;Pessoa jurídica;Principal;CAMPOS DO SUL CONSTRUCOES LTDA;MG;6ª REGIÃO;600000923;Em cobrança;PRE INSCRICAO DE CREDITO DE LDCG DCG;OUTROS;21/03/2012;NAO;943343.55
PREVIDENCIARIO-000925;95000924000102;1178134.98;95.000.924/0001-02;Pessoa jurídica;Principal;CERRADO CONSTRUCOES LTDA;RO;1ª REGIÃO;600000924;Garantia;CREDITO PREVIDENCIARIO SUB JUDICE;Não Informado;18/03/2011;SIM;1178134.98
PREVIDENCIARIO-000926;95000925000149;1135283.56;95.000.925/0001-49;Pessoa jurídica;Corresponsável;COSTA AZUL CONSTRUCOES S.A.;CE;5ª REGIÃO;600000925;Garantia;AJUIZAMENTO   DISTRIBUICAO;OUTROS;17/08/2016;SIM;1135283.56
PREVIDENCIARIO-000927;95000926000193;423266.02;95.000.926/0001-93;Pessoa jurídica;Principal;CRUZEIRO CONSTRUCOES LTDA;RR;1ª REGIÃO;600000926;Em cobrança;NEGOCIADO NO SISPAR;OUTROS;01/02/2016;NAO;423266.02
PREVIDENCIARIO-000928;95000927000138;556074.48;95.000.927/0001-38;Pessoa jurídica;Principal;ESTRELA DO NORTE CONSTRUCOES LTDA;GO;1ª REGIÃO;600000927;Em cobrança;CREDITO EM DILIGENCIA NA AREA ADMINISTRATIVA;OUTROS;02/02/2015;NAO;556074.48
PREVIDENCIARIO-000929;95000928000182;1132515.22;95.000.928/0001-82;Pessoa jurídica;Principal;HORIZONTE CONSTRUCOES S.A.;TO;1ª REGIÃO;600000928;Em cobrança;RETORNO DA DILIGENCIA;OUTROS;16/03/2011;NAO;1132515.22
PREVIDENCIARIO-000930;95000929000127;353163.63;95.000.929/0001-27;Pessoa jurídica;Principal;INTEGRA CONSTRUCOES LTDA;PI;1ª REGIÃO;600000929;Em cobrança;RETORNO A RFB PARA ANALISE;OUTROS;17/11/2024;NAO;353163.63
PREVIDENCIARIO-000931;95000930000151;660889.92;95.000.930/0001-51;Pessoa jurídica;Principal;JARDINS CONSTRUCOES LTDA;PR;4ª REGIÃO;600000930;Em cobrança;PRE INSCRICAO DE CREDITO DE LDCG DCG;OUTROS;25/09/2014;NAO;660889.92
PREVIDENCIARIO-000932;95000931000104;1417204.18;95.000.931/0001-04;Pessoa jurídica;Principal;MONTE ALTO CONSTRUCOES S.A.;AM;1ª REGIÃO;600000931;Benefício Fiscal;CREDITO PREVIDENCIARIO SUB JUDICE;Não Informado;21/10/2015;SIM;1417204.18
PREVIDENCIARIO-000933;95000932000140;1230929.25;95.000.932/0001-40;Pessoa jurídica;Principal;NOVA ERA CONSTRUCOES LTDA;MS;1ª REGIÃO;600000932;Garantia;AJUIZAMENTO   DISTRIBUICAO;OUTROS;19/04/2020;SIM;1230929.25
PREVIDENCIARIO-000934;95000933000195;958027.01;95.000.933/0001-95;Pessoa jurídica;Principal;PIONEIRA CONSTRUCOES LTDA;MT;1ª REGIÃO;600000933;Em cobrança;NEGOCIADO NO SISPAR;OUTROS;18/12/2008;NAO;958027.01
PREVIDENCIARIO-000935;95000934000130;314358.39;95.000.934/0001-30;Pessoa jurídica;Principal;PLANALTO CONSTRUCOES S.A.;BA;1ª REGIÃO;600000934;Em cobrança;CREDITO EM DILIGENCIA NA AREA ADMINISTRATIVA;OUTROS;07/08/2016;NAO;314358.39
PREVIDENCIARIO-000936;95000935000184;83782.56;95.000.935/0001-84;Pessoa jurídica;Principal;RIO CLARO CONSTRUCOES LTDA;AC;1ª REGIÃO;600000935;Em cobrança;RETORNO DA DILIGENCIA;OUTROS;12/08/2011;NAO;83782.56
PREVIDENCIARIO-000937;95000936000129;417576.13;95.000.936/0001-29;Pessoa jurídica;Principal;SERRA DOURADA CONSTRUCOES LTDA;PE;5ª REGIÃO;600000936;Em cobrança;RETORNO A RFB PARA ANALISE;OUTROS;11/12/2025;NAO;417576.13
PREVIDENCIARIO-000938;95000937000173;286110.42;95.000.937/0001-73;Pessoa jurídica;Principal;SOL NASCENTE CONSTRUCOES S.A.;AP;1ª REGIÃO;600000937;Em cobrança;PRE INSCRICAO DE CREDITO DE LDCG DCG;OUTROS;02/01/2010;NAO;286110.42
PREVIDENCIARIO-000939;95000938000118;614446.13;95.000.938/0001-18;Pessoa jurídica;Principal;VALE FORTE CONSTRUCOES LTDA;MA;1ª REGIÃO;600000938;Garantia;CREDITO PREVIDENCIARIO SUB JUDICE;Não Informado;23/12/2020;SIM;614446.13
PREVIDENCIARIO-000940;95000939000162;102519.70;95.000.939/0001-62;Pessoa jurídica;Principal;VILA NOVA CONSTRUCOES LTDA;SP;3ª REGIÃO;600000939;Garantia;AJUIZAMENTO   DISTRIBUICAO;OUTROS;01/04/2011;SIM;102519.70
PREVIDENCIARIO-000941;95000940000197;31286.97;95.000.940/0001-97;Pessoa jurídica;Principal;ALVORADA ENERGIA S.A.;DF;1ª REGIÃO;600000940;Em cobrança;NEGOCIADO NO SISPAR;OUTROS;20/02/2014;NAO;31286.97
PREVIDENCIARIO-000942;95000941000131;602687.75;95.000.941/0001-31;Pessoa jurídica;Principal;BOA VISTA ENERGIA LTDA;SC;4ª REGIÃO;600000941;Em cobrança;CREDITO EM DILIGENCIA NA AREA ADMINISTRATIVA;OUTROS;11/12/2022;NAO;602687.75
PREVIDENCIARIO-000943;95000942000186;372581.53;95.000.942/0001-86;Pessoa jurídica;Principal;CAMINHO VERDE ENERGIA LTDA;PA;1ª REGIÃO;600000942;Em cobrança;RETORNO DA DILIGENCIA;OUTROS;05/12/2017;NAO;372581.53
PREVIDENCIARIO-000944;95000943000120;226010.21;95.000.943/0001-20;Pessoa jurídica;Principal;CAMPOS DO SUL ENERGIA S.A.;MG;6ª REGIÃO;600000943;Em cobrança;RETORNO A RFB PARA ANALISE;OUTROS;24/04/2015;NAO;226010.21
PREVIDENCIARIO-000945;90000928000169;949650.90;90.000.928/0001-69;Pessoa jurídica;Principal;CERRADO ENERGIA LTDA;RO;1ª REGIÃO;600000944;Em cobrança;PRE INSCRICAO DE CREDITO DE LDCG DCG;OUTROS;15/04/2009;NAO;949650.90
PREVIDENCIARIO-000946;95000945000110;364560.12;95.000.945/0001-10;Pessoa jurídica;Principal;COSTA AZUL ENERGIA LTDA;CE;5ª REGIÃO;600000945;Garantia;CREDITO PREVIDENCIARIO SUB JUDICE;Não Informado;14/04/2023;SIM;364560.12
PREVIDENCIARIO-000947;95000946000164;1045263.18;95.000.946/0001-64;Pessoa jurídica;Principal;CRUZEIRO ENERGIA S.A.;RR;1ª REGIÃO;600000946;Garantia;AJUIZAMENTO   DISTRIBUICAO;OUTROS;12/05/2015;SIM;1045263.18
PREVIDENCIARIO-000948;95000947000109;1468938.93;95.000.947/0001-09;Pessoa jurídica;Principal;ESTRELA DO NORTE ENERGIA LTDA;GO;1ª REGIÃO;600000947;Em cobrança;NEGOCIADO NO SISPAR;OUTROS;20/02/2014;NAO;1468938.93
PREVIDENCIARIO-000949;95000948000153;826872.36;95.000.948/0001-53;Pessoa jurídica;Principal;HORIZONTE ENERGIA LTDA;TO;1ª REGIÃO;600000948;Em cobrança;CREDITO EM DILIGENCIA NA AREA ADMINISTRATIVA;OUTROS;09/04/2013;NAO;826872.36
PREVIDENCIARIO-000950;95000949000106;1323127.18;95.000.949/0001-06;Pessoa jurídica;Principal;INTEGRA ENERGIA S.A.;PI;1ª REGIÃO;600000949;Em cobrança;RETORNO DA DILIGENCIA;OUTROS;18/04/2011;NAO;1323127.18
PREVIDENCIARIO-000951;95000950000122;1394307.81;95.000.950/0001-22;Pessoa jurídica;Principal;JARDINS ENERGIA LTDA;PR;4ª REGIÃO;600000950;Benefício Fiscal;RETORNO A RFB PARA ANALISE;OUTROS;07/05/2008;NAO;1394307.81
PREVIDENCIARIO-000952;95000951000177;10867.81;95.000.951/0001-77;Pessoa jurídica;Principal;MONTE ALTO ENERGIA LTDA;AM;1ª REGIÃO;600000951;Em cobrança;PRE INSCRICAO DE CREDITO DE LDCG DCG;OUTROS;11/08/2024;NAO;10867.81
PREVIDENCIARIO-000953;95000952000111;423559.49;95.000.952/0001-11;Pessoa jurídica;Principal;NOVA ERA ENERGIA S.A.;MS;1ª REGIÃO;600000952;Garantia;CREDITO PREVIDENCIARIO SUB JUDICE;Não Informado;29/09/2015;SIM;423559.49
PREVIDENCIARIO-000954;95000953000166;1474039.63;95.000.953/0001-66;Pessoa jurídica;Principal;PIONEIRA ENERGIA LTDA;MT;1ª REGIÃO;600000953;Garantia;AJUIZAMENTO   DISTRIBUICAO;OUTROS;09/03/2009;SIM;1474039.63
PREVIDENCIARIO-000955;95000954000100;1239029.32;95.000.954/0001-00;Pessoa jurídica;Principal;PLANALTO ENERGIA LTDA;BA;1ª REGIÃO;600000954;Em cobrança;NEGOCIADO NO SISPAR;OUTROS;20/08/2019;NAO;1239029.32
PREVIDENCIARIO-000956;95000955000155;438704.11;95.000.955/0001-55;Pessoa jurídica;Principal;RIO CLARO ENERGIA S.A.;AC;1ª REGIÃO;600000955;Em cobrança;CREDITO EM DILIGENCIA NA AREA ADMINISTRATIVA;OUTROS;25/06/2015;NAO;438704.11
PREVIDENCIARIO-000957;95000956000108;1032043.92;95.000.956/0001-08;Pessoa jurídica;Principal;SERRA DOURADA ENERGIA LTDA;PE;5ª REGIÃO;600000956;Em cobrança;RETORNO DA DILIGENCIA;OUTROS;18/02/2011;NAO;1032043.92
PREVIDENCIARIO-000958;95000957000144;848033.00;95.000.957/0001-44;Pessoa jurídica;Principal;SOL NASCENTE ENERGIA LTDA;AP;1ª REGIÃO;600000957;Em cobrança;RETORNO A RFB PARA ANALISE;OUTROS;22/04/2011;NAO;848033.00
PREVIDENCIARIO-000959;95000958000199;803049.16;95.000.958/0001-99;Pessoa jurídica;Principal;VALE FORTE ENERGIA S.A.;MA;1ª REGIÃO;600000958;Em cobrança;PRE INSCRICAO DE CREDITO DE LDCG DCG;OUTROS;24/11/2017;NAO;803049.16
PREVIDENCIARIO-000960;95000959000133;1338449.80;95.000.959/0001-33;Pessoa jurídica;Principal;VILA NOVA ENERGIA LTDA;SP;3ª REGIÃO;600000959;Garantia;CREDITO PREVIDENCIARIO SUB JUDICE;Não Informado;03/02/2022;SIM;1338449.80
PREVIDENCIARIO-000961;95000960000168;495731.71;95.000.960/0001-68;Pessoa jurídica;Principal;ALVORADA EQUIPAMENTOS LTDA;DF;1ª REGIÃO;600000960;Garantia;AJUIZAMENTO   DISTRIBUICAO;OUTROS;09/05/2022;SIM;495731.71
PREVIDENCIARIO-000962;95000961000102;646842.73;95.000.961/0001-02;Pessoa jurídica;Principal;BOA VISTA EQUIPAMENTOS S.A.;SC;4ª REGIÃO;600000961;Em cobrança;NEGOCIADO NO SISPAR;OUTROS;22/03/2016;NAO;646842.73
PREVIDENCIARIO-000963;95000962000157;154837.95;95.000.962/0001-57;Pessoa jurídica;Corresponsável;CAMINHO VERDE EQUIPAMENTOS LTDA;PA;1ª REGIÃO;600000962;Em cobrança;CREDITO EM DILIGENCIA NA AREA ADMINISTRATIVA;OUTROS;07/09/2014;NAO;154837.95
PREVIDENCIARIO-000964;95000963000100;1226632.21;95.000.963/0001-00;Pessoa jurídica;Principal;CAMPOS DO SUL EQUIPAMENTOS LTDA;MG;6ª REGIÃO;600000963;Em cobrança;RETORNO DA DILIGENCIA;OUTROS;28/08/2020;NAO;1226632.21
PREVIDENCIARIO-000965;95000964000146;1319785.60;95.000.964/0001-46;Pessoa jurídica;Principal;CERRADO EQUIPAMENTOS S.A.;RO;1ª REGIÃO;600000964;Em cobrança;RETORNO A RFB PARA ANALISE;OUTROS;11/10/2023;NAO;1319785.60
PREVIDENCIARIO-000966;95000965000190;223300.42;95.000.965/0001-90;Pessoa jurídica;Principal;COSTA AZUL EQUIPAMENTOS LTDA;CE;5ª REGIÃO;600000965;Em cobrança;PRE INSCRICAO DE CREDITO DE LDCG DCG;OUTROS;06/11/2011;NAO;223300.42
PREVIDENCIARIO-000967;90000978000146;241688.30;90.000.978/0001-46;Pessoa jurídica;Principal;CRUZEIRO EQUIPAMENTOS LTDA;RR;1ª REGIÃO;600000966;Garantia;CREDITO PREVIDENCIARIO SUB JUDICE;Não Informado;09/08/2017;SIM;241688.30
PREVIDENCIARIO-000968;95000967000180;826215.97;95.000.967/0001-80;Pessoa jurídica;Principal;ESTRELA DO NORTE EQUIPAMENTOS S.A.;GO;1ª REGIÃO;600000967;Garantia;AJUIZAMENTO   DISTRIBUICAO;OUTROS;09/06/2013;SIM;826215.97
PREVIDENCIARIO-000969;95000968000124;879138.49;95.000.968/0001-24;Pessoa jurídica;Principal;HORIZONTE EQUIPAMENTOS LTDA;TO;1ª REGIÃO;600000968;Em cobrança;NEGOCIADO NO SISPAR;OUTROS;15/05/2021;NAO;879138.49
PREVIDENCIARIO-000970;95000969000179;903811.38;95.000.969/0001-79;Pessoa jurídica;Principal;INTEGRA EQUIPAMENTOS LTDA;PI;1ª REGIÃO;600000969;Benefício Fiscal;CREDITO EM DILIGENCIA NA AREA ADMINISTRATIVA;OUTROS;20/12/2020;NAO;903811.38
PREVIDENCIARIO-000971;95000970000101;1018018.93;95.000.970/0001-01;Pessoa jurídica;Principal;JARDINS EQUIPAMENTOS S.A.;PR;4ª REGIÃO;600000970;Em cobrança;RETORNO DA DILIGENCIA;OUTROS;23/09/2011;NAO;1018018.93
PREVIDENCIARIO-000972;95000971000148;187296.15;95.000.971/0001-48;Pessoa jurídica;Principal;MONTE ALTO EQUIPAMENTOS LTDA;AM;1ª REGIÃO;600000971;Em cobrança;RETORNO A RFB PARA ANALISE;OUTROS;27/11/2023;NAO;187296.15
PREVIDENCIARIO-000973;95000972000192;1216338.12;95.000.972/0001-92;Pessoa jurídica;Principal;NOVA ERA EQUIPAMENTOS LTDA;MS;1ª REGIÃO;600000972;Em cobrança;PRE INSCRICAO DE CREDITO DE LDCG DCG;OUTROS;07/08/2010;NAO;1216338.12
PREVIDENCIARIO-000974;95000973000137;156513.41;95.000.973/0001-37;Pessoa jurídica;Principal;PIONEIRA EQUIPAMENTOS S.A.;MT;1ª REGIÃO;600000973;Garantia;CREDITO PREVIDENCIARIO SUB JUDICE;Não Informado;26/10/2013;SIM;156513.41
PREVIDENCIARIO-000975;95000974000181;1167110.00;95.000.974/0001-81;Pessoa jurídica;Principal;PLANALTO EQUIPAMENTOS LTDA;BA;1ª REGIÃO;600000974;Garantia;AJUIZAMENTO   DISTRIBUICAO;OUTROS;10/03/2012;SIM;1167110.00
PREVIDENCIARIO-000976;95000975000126;1150472.70;95.000.975/0001-26;Pessoa jurídica;Principal;RIO CLARO EQUIPAMENTOS LTDA;AC;1ª REGIÃO;600000975;Em cobrança;NEGOCIADO NO SISPAR;OUTROS;01/06/2023;NAO;1150472.70
PREVIDENCIARIO-000977;95000976000170;936723.12;95.000.976/0001-70;Pessoa jurídica;Principal;SERRA DOURADA EQUIPAMENTOS S.A.;PE;5ª REGIÃO;600000976;Em cobrança;CREDITO EM DILIGENCIA NA AREA ADMINISTRATIVA;OUTROS;30/06/2005;NAO;936723.12
PREVIDENCIARIO-000978;95000977000115;100316.89;95.000.977/0001-15;Pessoa jurídica;Principal;SOL NASCENTE EQUIPAMENTOS LTDA;AP;1ª REGIÃO;600000977;Em cobrança;RETORNO DA DILIGENCIA;OUTROS;09/01/2010;NAO;100316.89
PREVIDENCIARIO-000979;95000978000160;915969.76;95.000.978/0001-60;Pessoa jurídica;Principal;VALE FORTE EQUIPAMENTOS LTDA;MA;1ª REGIÃO;600000978;Em cobrança;RETORNO A RFB PARA ANALISE;OUTROS;15/01/2016;NAO;915969.76
PREVIDENCIARIO-000980;95000979000104;155906.06;95.000.979/0001-04;Pessoa jurídica;Principal;VILA NOVA EQUIPAMENTOS S.A.;SP;3ª REGIÃO;600000979;Em cobrança;PRE INSCRICAO DE CREDITO DE LDCG DCG;OUTROS;12/10/2025;NAO;155906.06
PREVIDENCIARIO-000981;95000980000139;694630.17;95.000.980/0001-39;Pessoa jurídica;Principal;ALVORADA INDUSTRIA FLORESTAL LTDA;DF;1ª REGIÃO;600000980;Garantia;CREDITO PREVIDENCIARIO SUB JUDICE;Não Informado;08/01/2010;SIM;694630.17
PREVIDENCIARIO-000982;95000981000183;360825.99;95.000.981/0001-83;Pessoa jurídica;Principal;BOA VISTA INDUSTRIA FLORESTAL LTDA;SC;4ª REGIÃO;600000981;Garantia;AJUIZAMENTO   DISTRIBUICAO;OUTROS;09/02/2026;SIM;360825.99
PREVIDENCIARIO-000983;95000982000128;444832.34;95.000.982/0001-28;Pessoa jurídica;Principal;CAMINHO VERDE INDUSTRIA FLORESTAL S.A.;PA;1ª REGIÃO;600000982;Em cobrança;NEGOCIADO NO SISPAR;OUTROS;13/04/2025;NAO;444832.34
PREVIDENCIARIO-000984;95000983000172;1392054.17;95.000.983/0001-72;Pessoa jurídica;Principal;CAMPOS DO SUL INDUSTRIA FLORESTAL LTDA;MG;6ª REGIÃO;600000983;Em cobrança;CREDITO EM DILIGENCIA NA AREA ADMINISTRATIVA;OUTROS;14/11/2005;NAO;1392054.17
PREVIDENCIARIO-000985;95000984000117;1274832.52;95.000.984/0001-17;Pessoa jurídica;Principal;CERRADO INDUSTRIA FLORESTAL LTDA;RO;1ª REGIÃO;600000984;Em cobrança;RETORNO DA DILIGENCIA;OUTROS;27/07/2017;NAO;1274832.52
PREVIDENCIARIO-000986;95000985000161;768041.25;95.000.985/0001-61;Pessoa jurídica;Principal;COSTA AZUL INDUSTRIA FLORESTAL S.A.;CE;5ª REGIÃO;600000985;Em cobrança;RETORNO A RFB PARA ANALISE;OUTROS;10/12/2018;NAO;768041.25
PREVIDENCIARIO-000987;95000986000106;1389786.89;95.000.986/0001-06;Pessoa jurídica;Principal;CRUZEIRO INDUSTRIA FLORESTAL LTDA;RR;1ª REGIÃO;600000986;Em cobrança;PRE INSCRICAO DE CREDITO DE LDCG DCG;OUTROS;04/03/2012;NAO;1389786.89
PREVIDENCIARIO-000988;95000987000150;793990.53;95.000.987/0001-50;Pessoa jurídica;Principal;ESTRELA DO NORTE INDUSTRIA FLORESTAL LTDA;GO;1ª REGIÃO;600000987;Garantia;CREDITO PREVIDENCIARIO SUB JUDICE;Não Informado;19/08/2007;SIM;793990.53
PREVIDENCIARIO-000989;90000991000103;268009.68;90.000.991/0001-03;Pessoa jurídica;Principal;HORIZONTE INDUSTRIA FLORESTAL S.A.;TO;1ª REGIÃO;600000988;Benefício Fiscal;AJUIZAMENTO   DISTRIBUICAO;OUTROS;01/04/2017;SIM;268009.68
PREVIDENCIARIO-000990;95000989000140;398543.40;95.000.989/0001-40;Pessoa jurídica;Principal;INTEGRA INDUSTRIA FLORESTAL LTDA;PI;1ª REGIÃO;600000989;Em cobrança;NEGOCIADO NO SISPAR;OUTROS;05/08/2018;NAO;398543.40
PREVIDENCIARIO-000991;95000990000174;940637.94;95.000.990/0001-74;Pessoa jurídica;Principal;JARDINS INDUSTRIA FLORESTAL LTDA;PR;4ª REGIÃO;600000990;Em cobrança;CREDITO EM DILIGENCIA NA AREA ADMINISTRATIVA;OUTROS;02/03/2020;NAO;940637.94
PREVIDENCIARIO-000992;95000991000119;879303.67;95.000.991/0001-19;Pessoa jurídica;Principal;MONTE ALTO INDUSTRIA FLORESTAL S.A.;AM;1ª REGIÃO;600000991;Em cobrança;RETORNO DA DILIGENCIA;OUTROS;21/08/2011;NAO;879303.67
PREVIDENCIARIO-000993;95000992000163;837548.44;95.000.992/0001-63;Pessoa jurídica;Principal;NOVA ERA INDUSTRIA FLORESTAL LTDA;MS;1ª REGIÃO;600000992;Em cobrança;RETORNO A RFB PARA ANALISE;OUTROS;03/11/2006;NAO;837548.44
PREVIDENCIARIO-000994;95000993000108;460658.34;95.000.993/0001-08;Pessoa jurídica;Principal;PIONEIRA INDUSTRIA FLORESTAL LTDA;MT;1ª REGIÃO;600000993;Em cobrança;PRE INSCRICAO DE CREDITO DE LDCG DCG;OUTROS;03/10/2020;NAO;460658.34
PREVIDENCIARIO-000995;95000994000152;1029496.95;95.000.994/0001-52;Pessoa jurídica;Principal;PLANALTO INDUSTRIA FLORESTAL S.A.;BA;1ª REGIÃO;600000994;Garantia;CREDITO PREVIDENCIARIO SUB JUDICE;Não Informado;06/09/2013;SIM;1029496.95
PREVIDENCIARIO-000996;95000995000105;932677.83;95.000.995/0001-05;Pessoa jurídica;Principal;RIO CLARO INDUSTRIA FLORESTAL LTDA;AC;1ª REGIÃO;600000995;Garantia;AJUIZAMENTO   DISTRIBUICAO;OUTROS;18/07/2013;SIM;932677.83
PREVIDENCIARIO-000997;95000996000141;1083975.07;95.000.996/0001-41;Pessoa jurídica;Principal;SERRA DOURADA INDUSTRIA FLORESTAL LTDA;PE;5ª REGIÃO;600000996;Em cobrança;NEGOCIADO NO SISPAR;OUTROS;25/06/2012;NAO;1083975.07
PREVIDENCIARIO-000998;95000997000196;524703.45;95.000.997/0001-96;Pessoa jurídica;Principal;SOL NASCENTE INDUSTRIA FLORESTAL S.A.;AP;1ª REGIÃO;600000997;Em cobrança;CREDITO EM DILIGENCIA NA AREA ADMINISTRATIVA;OUTROS;25/07/2025;NAO;524703.45
PREVIDENCIARIO-000999;95000998000130;1116405.22;95.000.998/0001-30;Pessoa jurídica;Principal;VALE FORTE INDUSTRIA FLORESTAL LTDA;MA;1ª REGIÃO;600000998;Em cobrança;RETORNO DA DILIGENCIA;OUTROS;21/12/2013;NAO;1116405.22
PREVIDENCIARIO-001000;95000999000185;31654.82;95.000.999/0001-85;Pessoa jurídica;Corresponsável;VILA NOVA INDUSTRIA FLORESTAL LTDA;SP;3ª REGIÃO;600000999;Em cobrança;RETORNO A RFB PARA ANALISE;OUTROS;25/07/2012;NAO;31654.82
