CPF_CNPJ;TIPO_PESSOA;TIPO_DEVEDOR;NOME_DEVEDOR;UF_DEVEDOR;UNIDADE_RESPONSAVEL;ENTIDADE_RESPONSAVEL;UNIDADE_INSCRICAO;NUMERO_INSCRICAO;TIPO_SITUACAO_INSCRICAO;SITUACAO_INSCRICAO;RECEITA_PRINCIPAL;DATA_INSCRICAO;INDICADOR_AJUIZADO;VALOR_CONSOLIDADO
94.000.000/0001-35;Pessoa jurídica;Corresponsável;ALVORADA CONSTRUCOES LTDA;DF;Não se Aplica;CAIXA;1ª REGIÃO;CSDF2016000001;Benefício Fiscal;AJUIZADA;Contribuições LC110 (FGTS);17/02/2016;SIM;246806.67
94.000.001/0001-80;Pessoa jurídica;Principal;BOA VISTA CONSTRUCOES LTDA;AP;1ª REGIÃO;PGFN;1ª REGIÃO;FGAP2020000002;Em cobrança;INSCRITA;Contribuições FGTS;26/07/2020;NAO;136107.10
94.000.002/0001-24;Pessoa jurídica;Principal;CAMINHO VERDE CONSTRUCOES S.A.;BA;1ª REGIÃO;PGFN;1ª REGIÃO;FGBA2015000003;Em cobrança;INSCRITA;Contribuições FGTS;22/07/2015;NAO;90672.67
94.000.003/0001-79;Pessoa jurídica;Principal;CAMPOS DO SUL CONSTRUCOES LTDA;AM;1ª REGIÃO;PGFN;1ª REGIÃO;CSAM2014000004;Em cobrança;INSCRITA;Contribuições FGTS;31/05/2014;NAO;45850.69
94.000.004/0001-13;Pessoa jurídica;Principal;CERRADO CONSTRUCOES LTDA;TO;1ª REGIÃO;PGFN;1ª REGIÃO;FGTO2020000005;Em cobrança;INSCRITA;Contribuições LC110 (FGTS);05/08/2020;NAO;385009.99
94.000.005/0001-68;Pessoa jurídica;Principal;COSTA AZUL CONSTRUCOES S.A.;CE;5ª REGIÃO;PGFN;5ª REGIÃO;FGCE2023000006;Em cobrança;AJUIZADA;Contribuições FGTS;23/03/2023;SIM;238214.00
94.000.006/0001-02;Pessoa jurídica;Principal;CRUZEIRO CONSTRUCOES LTDA;PA;1ª REGIÃO;PGFN;1ª REGIÃO;CSPA2012000007;Em cobrança;INSCRITA;Contribuições FGTS;03/04/2012;NAO;883843.76
94.000.007/0001-57;Pessoa jurídica;Principal;ESTRELA DO NORTE CONSTRUCOES LTDA;SP;3ª REGIÃO;PGFN;3ª REGIÃO;FGSP2013000008;Em cobrança;INSCRITA;Contribuições FGTS;07/04/2013;NAO;138276.49
94.000.008/0001-00;Pessoa jurídica;Principal;HORIZONTE CONSTRUCOES S.A.;PE;Não se Aplica;CAIXA;5ª REGIÃO;FGPE2016000009;Em cobrança;INSCRITA;Contribuições LC110 (FGTS);09/09/2016;NAO;288907.06
94.000.009/0001-46;Pessoa jurídica;Principal;INTEGRA CONSTRUCOES LTDA;MT;1ª REGIÃO;PGFN;1ª REGIÃO;CSMT2017000010;Em cobrança;INSCRITA;Contribuições FGTS;30/05/2017;NAO;31455.39
94.000.010/0001-70;Pessoa jurídica;Principal;JARDINS CONSTRUCOES LTDA;PR;4ª REGIÃO;PGFN;4ª REGIÃO;FGPR2018000011;Em cobrança;AJUIZADA;Contribuições FGTS;28/09/2018;SIM;945118.24
90.000.004/0001-62;Pessoa jurídica;Principal;MONTE ALTO CONSTRUCOES S.A.;GO;1ª REGIÃO;PGFN;1ª REGIÃO;FGGO2017000012;Em cobrança;INSCRITA;Contribuições FGTS;25/01/2017;NAO;548806.59
94.000.012/0001-60;Pessoa jurídica;Principal;NOVA ERA CONSTRUCOES LTDA;RO;1ª REGIÃO;PGFN;1ª REGIÃO;CSRO2018000013;Em cobrança;INSCRITA;Contribuições LC110 (FGTS);30/04/2018;NAO;151446.62
94.000.013/0001-04;Pessoa jurídica;Principal;PIONEIRA CONSTRUCOES LTDA;SC;4ª REGIÃO;PGFN;4ª REGIÃO;FGSC2014000014;Em cobrança;INSCRITA;Contribuições FGTS;16/06/2014;NAO;557969.80
94.000.014/0001-59;Pessoa jurídica;Principal;PLANALTO CONSTRUCOES S.A.;MA;1ª REGIÃO;PGFN;1ª REGIÃO;FGMA2025000015;Em cobrança;INSCRITA;Contribuições FGTS;13/05/2025;NAO;749662.75
94.000.015/0001-01;Pessoa jurídica;Principal;RIO CLARO CONSTRUCOES LTDA;AC;1ª REGIÃO;PGFN;1ª REGIÃO;CSAC2019000016;Em cobrança;AJUIZADA;Contribuições FGTS;21/04/2019;SIM;122847.88
94.000.016/0001-48;Pessoa jurídica;Principal;SERRA DOURADA CONSTRUCOES LTDA;MS;Não se Aplica;CAIXA;1ª REGIÃO;FGMS2015000017;Em cobrança;INSCRITA;Contribuições LC110 (FGTS);20/06/2015;NAO;760156.67
94.000.017/0001-92;Pessoa jurídica;Principal;SOL NASCENTE CONSTRUCOES S.A.;PI;1ª REGIÃO;PGFN;1ª REGIÃO;FGPI2011000018;Em cobrança;ENC PROTESTO;Contribuições FGTS;01/07/2011;NAO;236547.61
94.000.018/0001-37;Pessoa jurídica;Principal;VALE FORTE CONSTRUCOES LTDA;RR;1ª REGIÃO;PGFN;1ª REGIÃO;CSRR2021000019;Em cobrança;INSCRITA;Contribuições FGTS;17/04/2021;NAO;900695.57
94.000.019/0001-81;Pessoa jurídica;Principal;VILA NOVA CONSTRUCOES LTDA;MG;6ª REGIÃO;PGFN;6ª REGIÃO;FGMG2019000020;Em cobrança;INSCRITA;Contribuições FGTS;11/11/2019;NAO;767046.76
94.000.020/0001-06;Pessoa jurídica;Principal;ALVORADA ENERGIA S.A.;DF;1ª REGIÃO;PGFN;1ª REGIÃO;FGDF2021000021;Em cobrança;AJUIZADA;Contribuições LC110 (FGTS);04/02/2021;SIM;679429.05
94.000.021/0001-50;Pessoa jurídica;Principal;BOA VISTA ENERGIA LTDA;AP;1ª REGIÃO;PGFN;1ª REGIÃO;CSAP2017000022;Em cobrança;INSCRITA;Contribuições FGTS;10/12/2017;NAO;191989.91
94.000.022/0001-03;Pessoa jurídica;Principal;CAMINHO VERDE ENERGIA LTDA;BA;1ª REGIÃO;PGFN;1ª REGIÃO;FGBA2012000023;Em cobrança;INSCRITA;Contribuições FGTS;11/01/2012;NAO;528638.44
94.000.023/0001-40;Pessoa jurídica;Principal;CAMPOS DO SUL ENERGIA S.A.;AM;1ª REGIÃO;PGFN;1ª REGIÃO;FGAM2008000024;Em cobrança;INSCRITA;Contribuições FGTS;02/03/2008;NAO;936452.66
94.000.024/0001-94;Pessoa jurídica;Principal;CERRADO ENERGIA LTDA;TO;Não se Aplica;CAIXA;1ª REGIÃO;CSTO2013000025;Em cobrança;INSCRITA;Contribuições LC110 (FGTS);15/01/2013;NAO;140413.52
94.000.025/0001-39;Pessoa jurídica;Principal;COSTA AZUL ENERGIA LTDA;CE;5ª REGIÃO;PGFN;5ª REGIÃO;FGCE2023000026;Em cobrança;AJUIZADA;Contribuições FGTS;03/01/2023;SIM;621201.80
94.000.026/0001-83;Pessoa jurídica;Principal;CRUZEIRO ENERGIA S.A.;PA;1ª REGIÃO;PGFN;1ª REGIÃO;FGPA2024000027;Em cobrança;INSCRITA;Contribuições FGTS;17/03/2024;NAO;498377.83
94.000.027/0001-28;Pessoa jurídica;Principal;ESTRELA DO NORTE ENERGIA LTDA;SP;3ª REGIÃO;PGFN;3ª REGIÃO;CSSP2016000028;Em cobrança;INSCRITA;Contribuições FGTS;01/11/2016;NAO;103166.05
94.000.028/0001-72;Pessoa jurídica;Principal;HORIZONTE ENERGIA LTDA;PE;5ª REGIÃO;PGFN;5ª REGIÃO;FGPE2011000029;Em cobrança;INSCRITA;Contribuições LC110 (FGTS);10/01/2011;NAO;241521.19
94.000.029/0001-17;Pessoa jurídica;Principal;INTEGRA ENERGIA S.A.;MT;1ª REGIÃO;PGFN;1ª REGIÃO;FGMT2015000030;Benefício Fiscal;AJUIZ PARCELADA;Contribuições FGTS;03/04/2015;SIM;542769.99
94.000.030/0001-41;Pessoa jurídica;Principal;JARDINS ENERGIA LTDA;PR;4ª REGIÃO;PGFN;4ª REGIÃO;CSPR2023000031;Em cobrança;AJUIZADA;Contribuições FGTS;21/09/2023;SIM;27635.50
94.000.031/0001-96;Pessoa jurídica;Corresponsável;MONTE ALTO ENERGIA LTDA;GO;1ª REGIÃO;PGFN;1ª REGIÃO;FGGO2023000032;Em cobrança;INSCRITA;Contribuições FGTS;16/11/2023;NAO;909970.71
94.000.032/0001-30;Pessoa jurídica;Principal;NOVA ERA ENERGIA S.A.;RO;Não se Aplica;CAIXA;1ª REGIÃO;FGRO2011000033;Em cobrança;INSCRITA;Contribuições LC110 (FGTS);12/07/2011;NAO;308787.31
90.000.012/0001-09;Pessoa jurídica;Principal;PIONEIRA ENERGIA LTDA;SC;4ª REGIÃO;PGFN;4ª REGIÃO;CSSC2017000034;Em cobrança;INSCRITA;Contribuições FGTS;26/02/2017;NAO;930024.83
94.000.034/0001-20;Pessoa jurídica;Principal;PLANALTO ENERGIA LTDA;MA;1ª REGIÃO;PGFN;1ª REGIÃO;FGMA2024000035;Em cobrança;ENC PROTESTO;Contribuições FGTS;14/07/2024;NAO;12948.50
94.000.035/0001-74;Pessoa jurídica;Principal;RIO CLARO ENERGIA S.A.;AC;1ª REGIÃO;PGFN;1ª REGIÃO;FGAC2017000036;Em cobrança;AJUIZADA;Contribuições FGTS;20/11/2017;SIM;461200.47
94.000.036/0001-19;Pessoa jurídica;Principal;SERRA DOURADA ENERGIA LTDA;MS;1ª REGIÃO;PGFN;1ª REGIÃO;CSMS2020000037;Em cobrança;INSCRITA;Contribuições LC110 (FGTS);28/11/2020;NAO;64343.39
94.000.037/0001-63;Pessoa jurídica;Principal;SOL NASCENTE ENERGIA LTDA;PI;1ª REGIÃO;PGFN;1ª REGIÃO;FGPI2023000038;Em cobrança;INSCRITA;Contribuições FGTS;28/09/2023;NAO;780336.70
94.000.038/0001-08;Pessoa jurídica;Principal;VALE FORTE ENERGIA S.A.;RR;1ª REGIÃO;PGFN;1ª REGIÃO;FGRR2018000039;Em cobrança;INSCRITA;Contribuições FGTS;16/05/2018;NAO;716508.55
94.000.039/0001-52;Pessoa jurídica;Principal;VILA NOVA ENERGIA LTDA;MG;6ª REGIÃO;PGFN;6ª REGIÃO;CSMG2022000040;Em cobrança;INSCRITA;Contribuições FGTS;27/10/2022;NAO;193090.25
94.000.040/0001-87;Pessoa jurídica;Principal;ALVORADA EQUIPAMENTOS LTDA;DF;Não se Aplica;CAIXA;1ª REGIÃO;FGDF2020000041;Em cobrança;AJUIZADA;Contribuições LC110 (FGTS);08/05/2020;SIM;904498.82
94.000.041/0001-21;Pessoa jurídica;Principal;BOA VISTA EQUIPAMENTOS S.A.;AP;1ª REGIÃO;PGFN;1ª REGIÃO;FGAP2011000042;Em cobrança;INSCRITA;Contribuições FGTS;16/09/2011;NAO;366896.76
94.000.042/0001-76;Pessoa jurídica;Principal;CAMINHO VERDE EQUIPAMENTOS LTDA;BA;1ª REGIÃO;PGFN;1ª REGIÃO;CSBA2021000043;Em cobrança;INSCRITA;Contribuições FGTS;18/02/2021;NAO;462110.73
94.000.043/0001-10;Pessoa jurídica;Principal;CAMPOS DO SUL EQUIPAMENTOS LTDA;AM;1ª REGIÃO;PGFN;1ª REGIÃO;FGAM2008000044;Em cobrança;INSCRITA;Contribuições FGTS;11/04/2008;NAO;132611.55
94.000.044/0001-65;Pessoa jurídica;Principal;CERRADO EQUIPAMENTOS S.A.;TO;1ª REGIÃO;PGFN;1ª REGIÃO;FGTO2010000045;Em cobrança;INSCRITA;Contribuições LC110 (FGTS);09/07/2010;NAO;588931.74
94.000.045/0001-00;Pessoa jurídica;Principal;COSTA AZUL EQUIPAMENTOS LTDA;CE;5ª REGIÃO;PGFN;5ª REGIÃO;CSCE2019000046;Em cobrança;AJUIZADA;Contribuições FGTS;03/02/2019;SIM;275982.10
94.000.046/0001-54;Pessoa jurídica;Principal;CRUZEIRO EQUIPAMENTOS LTDA;PA;1ª REGIÃO;PGFN;1ª REGIÃO;FGPA2014000047;Em cobrança;INSCRITA;Contribuições FGTS;11/02/2014;NAO;88961.61
94.000.047/0001-07;Pessoa jurídica;Principal;ESTRELA DO NORTE EQUIPAMENTOS S.A.;SP;3ª REGIÃO;PGFN;3ª REGIÃO;FGSP2018000048;Em cobrança;INSCRITA;Contribuições FGTS;13/04/2018;NAO;338792.24
94.000.048/0001-43;Pessoa jurídica;Principal;HORIZONTE EQUIPAMENTOS LTDA;PE;Não se Aplica;CAIXA;5ª REGIÃO;CSPE2025000049;Em cobrança;INSCRITA;Contribuições LC110 (FGTS);19/01/2025;NAO;335989.32
94.000.049/0001-98;Pessoa jurídica;Principal;INTEGRA EQUIPAMENTOS LTDA;MT;1ª REGIÃO;PGFN;1ª REGIÃO;FGMT2018000050;Em cobrança;INSCRITA;Contribuições FGTS;01/01/2018;NAO;28705.23
94.000.050/0001-12;Pessoa jurídica;Principal;JARDINS EQUIPAMENTOS S.A.;PR;4ª REGIÃO;PGFN;4ª REGIÃO;FGPR2020000051;Em cobrança;AJUIZADA;Contribuições FGTS;25/06/2020;SIM;816596.72
94.000.051/0001-67;Pessoa jurídica;Principal;MONTE ALTO EQUIPAMENTOS LTDA;GO;1ª REGIÃO;PGFN;1ª REGIÃO;CSGO2019000052;Em cobrança;ENC PROTESTO;Contribuições FGTS;05/03/2019;NAO;29020.76
94.000.052/0001-01;Pessoa jurídica;Principal;NOVA ERA EQUIPAMENTOS LTDA;RO;1ª REGIÃO;PGFN;1ª REGIÃO;FGRO2020000053;Em cobrança;INSCRITA;Contribuições LC110 (FGTS);05/05/2020;NAO;580347.47
94.000.053/0001-56;Pessoa jurídica;Principal;PIONEIRA EQUIPAMENTOS S.A.;SC;4ª REGIÃO;PGFN;4ª REGIÃO;FGSC2024000054;Em cobrança;INSCRITA;Contribuições FGTS;28/04/2024;NAO;86248.00
94.000.054/0001-09;Pessoa jurídica;Principal;PLANALTO EQUIPAMENTOS LTDA;MA;1ª REGIÃO;PGFN;1ª REGIÃO;CSMA2021000055;Em cobrança;INSCRITA;Contribuições FGTS;28/01/2021;NAO;269657.41
90.000.038/0001-57;Pessoa jurídica;Principal;RIO CLARO EQUIPAMENTOS LTDA;AC;1ª REGIÃO;PGFN;1ª REGIÃO;FGAC2021000056;Em cobrança;AJUIZADA;Contribuições FGTS;15/06/2021;SIM;88834.73
94.000.056/0001-90;Pessoa jurídica;Principal;SERRA DOURADA EQUIPAMENTOS S.A.;MS;Não se Aplica;CAIXA;1ª REGIÃO;FGMS2011000057;Em cobrança;INSCRITA;Contribuições LC110 (FGTS);17/07/2011;NAO;589029.87
94.000.057/0001-34;Pessoa jurídica;Principal;SOL NASCENTE EQUIPAMENTOS LTDA;PI;1ª REGIÃO;PGFN;1ª REGIÃO;CSPI2019000058;Em cobrança;INSCRITA;Contribuições FGTS;05/01/2019;NAO;590329.81
94.000.058/0001-89;Pessoa jurídica;Principal;VALE FORTE EQUIPAMENTOS LTDA;RR;1ª REGIÃO;PGFN;1ª REGIÃO;FGRR2023000059;Benefício Fiscal;AJUIZ PARCELADA;Contribuições FGTS;10/12/2023;SIM;908777.10
94.000.059/0001-23;Pessoa jurídica;Principal;VILA NOVA EQUIPAMENTOS S.A.;MG;6ª REGIÃO;PGFN;6ª REGIÃO;FGMG2013000060;Em cobrança;INSCRITA;Contribuições FGTS;14/03/2013;NAO;417443.84
94.000.060/0001-58;Pessoa jurídica;Principal;ALVORADA INDUSTRIA FLORESTAL LTDA;DF;1ª REGIÃO;PGFN;1ª REGIÃO;CSDF2010000061;Em cobrança;AJUIZADA;Contribuições LC110 (FGTS);26/11/2010;SIM;36286.37
94.000.061/0001-00;Pessoa jurídica;Principal;BOA VISTA INDUSTRIA FLORESTAL LTDA;AP;1ª REGIÃO;PGFN;1ª REGIÃO;FGAP2013000062;Em cobrança;INSCRITA;Contribuições FGTS;11/11/2013;NAO;637910.32
94.000.062/0001-47;Pessoa jurídica;Corresponsável;CAMINHO VERDE INDUSTRIA FLORESTAL S.A.;BA;1ª REGIÃO;PGFN;1ª REGIÃO;FGBA2010000063;Em cobrança;INSCRITA;Contribuições FGTS;06/03/2010;NAO;475576.84
94.000.063/0001-91;Pessoa jurídica;Principal;CAMPOS DO SUL INDUSTRIA FLORESTAL LTDA;AM;1ª REGIÃO;PGFN;1ª REGIÃO;CSAM2019000064;Em cobrança;INSCRITA;Contribuições FGTS;30/06/2019;NAO;656737.25
94.000.064/0001-36;Pessoa jurídica;Principal;CERRADO INDUSTRIA FLORESTAL LTDA;TO;Não se Aplica;CAIXA;1ª REGIÃO;FGTO2008000065;Em cobrança;INSCRITA;Contribuições LC110 (FGTS);18/11/2008;NAO;637830.79
94.000.065/0001-80;Pessoa jurídica;Principal;COSTA AZUL INDUSTRIA FLORESTAL S.A.;CE;5ª REGIÃO;PGFN;5ª REGIÃO;FGCE2021000066;Em cobrança;AJUIZADA;Contribuições FGTS;09/05/2021;SIM;939376.39
94.000.066/0001-25;Pessoa jurídica;Principal;CRUZEIRO INDUSTRIA FLORESTAL LTDA;PA;1ª REGIÃO;PGFN;1ª REGIÃO;CSPA2015000067;Em cobrança;INSCRITA;Contribuições FGTS;15/01/2015;NAO;542270.32
94.000.067/0001-70;Pessoa jurídica;Principal;ESTRELA DO NORTE INDUSTRIA FLORESTAL LTDA;SP;3ª REGIÃO;PGFN;3ª REGIÃO;FGSP2010000068;Em cobrança;INSCRITA;Contribuições FGTS;05/06/2010;NAO;504775.20
94.000.068/0001-14;Pessoa jurídica;Principal;HORIZONTE INDUSTRIA FLORESTAL S.A.;PE;5ª REGIÃO;PGFN;5ª REGIÃO;FGPE2016000069;Em cobrança;ENC PROTESTO;Contribuições LC110 (FGTS);06/07/2016;NAO;246438.09
94.000.069/0001-69;Pessoa jurídica;Principal;INTEGRA INDUSTRIA FLORESTAL LTDA;MT;1ª REGIÃO;PGFN;1ª REGIÃO;CSMT2021000070;Em cobrança;INSCRITA;Contribuições FGTS;08/01/2021;NAO;362713.52
94.000.070/0001-93;Pessoa jurídica;Principal;JARDINS INDUSTRIA FLORESTAL LTDA;PR;4ª REGIÃO;PGFN;4ª REGIÃO;FGPR2011000071;Em cobrança;AJUIZADA;Contribuições FGTS;17/05/2011;SIM;874378.22
94.000.071/0001-38;Pessoa jurídica;Principal;MONTE ALTO INDUSTRIA FLORESTAL S.A.;GO;1ª REGIÃO;PGFN;1ª REGIÃO;FGGO2009000072;Em cobrança;INSCRITA;Contribuições FGTS;16/01/2009;NAO;563515.17
94.000.072/0001-82;Pessoa jurídica;Principal;NOVA ERA INDUSTRIA FLORESTAL LTDA;RO;Não se Aplica;CAIXA;1ª REGIÃO;CSRO2021000073;Em cobrança;INSCRITA;Contribuições LC110 (FGTS);30/01/2021;NAO;303400.93
94.000.073/0001-27;Pessoa jurídica;Principal;PIONEIRA INDUSTRIA FLORESTAL LTDA;SC;4ª REGIÃO;PGFN;4ª REGIÃO;FGSC2014000074;Em cobrança;INSCRITA;Contribuições FGTS;29/10/2014;NAO;609911.56
94.000.074/0001-71;Pessoa jurídica;Principal;PLANALTO INDUSTRIA FLORESTAL S.A.;MA;1ª REGIÃO;PGFN;1ª REGIÃO;FGMA2020000075;Em cobrança;INSCRITA;Contribuições FGTS;03/10/2020;NAO;501051.97
94.000.075/0001-16;Pessoa jurídica;Principal;RIO CLARO INDUSTRIA FLORESTAL LTDA;AC;1ª REGIÃO;PGFN;1ª REGIÃO;CSAC2010000076;Em cobrança;AJUIZADA;Contribuições FGTS;07/12/2010;SIM;871522.27
94.000.076/0001-60;Pessoa jurídica;Principal;SERRA DOURADA INDUSTRIA FLORESTAL LTDA;MS;1ª REGIÃO;PGFN;1ª REGIÃO;FGMS2021000077;Em cobrança;INSCRITA;Contribuições LC110 (FGTS);29/07/2021;NAO;52845.56
90.000.067/0001-19;Pessoa jurídica;Principal;SOL NASCENTE INDUSTRIA FLORESTAL S.A.;PI;1ª REGIÃO;PGFN;1ª REGIÃO;FGPI2023000078;Em cobrança;INSCRITA;Contribuições FGTS;01/08/2023;NAO;30604.91
94.000.078/0001-50;Pessoa jurídica;Principal;VALE FORTE INDUSTRIA FLORESTAL LTDA;RR;1ª REGIÃO;PGFN;1ª REGIÃO;CSRR2008000079;Em cobrança;INSCRITA;Contribuições FGTS;26/06/2008;NAO;744256.79
94.000.079/0001-02;Pessoa jurídica;Principal;VILA NOVA INDUSTRIA FLORESTAL LTDA;MG;6ª REGIÃO;PGFN;6ª REGIÃO;FGMG2011000080;Em cobrança;INSCRITA;Contribuições FGTS;03/04/2011;NAO;920664.10
94.000.080/0001-29;Pessoa jurídica;Principal;ALVORADA MINERACAO S.A.;DF;Não se Aplica;CAIXA;1ª REGIÃO;FGDF2014000081;Em cobrança;AJUIZADA;Contribuições LC110 (FGTS);23/05/2014;SIM;312907.14
94.000.081/0001-73;Pessoa jurídica;Principal;BOA VISTA MINERACAO LTDA;AP;1ª REGIÃO;PGFN;1ª REGIÃO;CSAP2024000082;Em cobrança;INSCRITA;Contribuições FGTS;05/06/2024;NAO;316696.97
94.000.082/0001-18;Pessoa jurídica;Principal;CAMINHO VERDE MINERACAO LTDA;BA;1ª REGIÃO;PGFN;1ª REGIÃO;FGBA2024000083;Em cobrança;INSCRITA;Contribuições FGTS;18/10/2024;NAO;709314.23
94.000.083/0001-62;Pessoa jurídica;Principal;CAMPOS DO SUL MINERACAO S.A.;AM;1ª REGIÃO;PGFN;1ª REGIÃO;FGAM2009000084;Em cobrança;INSCRITA;Contribuições FGTS;02/11/2009;NAO;207039.91
94.000.084/0001-07;Pessoa jurídica;Principal;CERRADO MINERACAO LTDA;TO;1ª REGIÃO;PGFN;1ª REGIÃO;CSTO2021000085;Em cobrança;INSCRITA;Contribuições LC110 (FGTS);09/11/2021;NAO;658014.38
94.000.085/0001-51;Pessoa jurídica;Principal;COSTA AZUL MINERACAO LTDA;CE;5ª REGIÃO;PGFN;5ª REGIÃO;FGCE2014000086;Em cobrança;AJUIZADA;Contribuições FGTS;18/04/2014;SIM;434719.07
94.000.086/0001-04;Pessoa jurídica;Principal;CRUZEIRO MINERACAO S.A.;PA;1ª REGIÃO;PGFN;1ª REGIÃO;FGPA2018000087;Em cobrança;INSCRITA;Contribuições FGTS;07/12/2018;NAO;432804.00
94.000.087/0001-40;Pessoa jurídica;Principal;ESTRELA DO NORTE MINERACAO LTDA;SP;3ª REGIÃO;PGFN;3ª REGIÃO;CSSP2012000088;Benefício Fiscal;AJUIZ PARCELADA;Contribuições FGTS;28/10/2012;SIM;265894.24
94.000.088/0001-95;Pessoa jurídica;Principal;HORIZONTE MINERACAO LTDA;PE;Não se Aplica;CAIXA;5ª REGIÃO;FGPE2015000089;Em cobrança;INSCRITA;Contribuições LC110 (FGTS);15/07/2015;NAO;459533.59
94.000.089/0001-30;Pessoa jurídica;Principal;INTEGRA MINERACAO S.A.;MT;1ª REGIÃO;PGFN;1ª REGIÃO;FGMT2014000090;Em cobrança;INSCRITA;Contribuições FGTS;03/06/2014;NAO;589923.71
94.000.090/0001-64;Pessoa jurídica;Principal;JARDINS MINERACAO LTDA;PR;4ª REGIÃO;PGFN;4ª REGIÃO;CSPR2010000091;Em cobrança;AJUIZADA;Contribuições FGTS;25/05/2010;SIM;290825.20
94.000.091/0001-09;Pessoa jurídica;Principal;MONTE ALTO MINERACAO LTDA;GO;1ª REGIÃO;PGFN;1ª REGIÃO;FGGO2012000092;Em cobrança;INSCRITA;Contribuições FGTS;23/04/2012;NAO;592514.77
94.000.092/0001-53;Pessoa jurídica;Principal;NOVA ERA MINERACAO S.A.;RO;1ª REGIÃO;PGFN;1ª REGIÃO;FGRO2011000093;Em cobrança;INSCRITA;Contribuições LC110 (FGTS);09/10/2011;NAO;935522.13
94.000.093/0001-06;Pessoa jurídica;Corresponsável;PIONEIRA MINERACAO LTDA;SC;4ª REGIÃO;PGFN;4ª REGIÃO;CSSC2015000094;Em cobrança;INSCRITA;Contribuições FGTS;30/11/2015;NAO;76362.21
94.000.094/0001-42;Pessoa jurídica;Principal;PLANALTO MINERACAO LTDA;MA;1ª REGIÃO;PGFN;1ª REGIÃO;FGMA2025000095;Em cobrança;INSCRITA;Contribuições FGTS;24/07/2025;NAO;466616.92
94.000.095/0001-97;Pessoa jurídica;Principal;RIO CLARO MINERACAO S.A.;AC;1ª REGIÃO;PGFN;1ª REGIÃO;FGAC2018000096;Em cobrança;AJUIZADA;Contribuições FGTS;15/01/2018;SIM;795864.76
94.000.096/0001-31;Pessoa jurídica;Principal;SERRA DOURADA MINERACAO LTDA;MS;Não se Aplica;CAIXA;1ª REGIÃO;CSMS2025000097;Em cobrança;INSCRITA;Contribuições LC110 (FGTS);17/01/2025;NAO;611591.16
94.000.097/0001-86;Pessoa jurídica;Principal;SOL NASCENTE MINERACAO LTDA;PI;1ª REGIÃO;PGFN;1ª REGIÃO;FGPI2014000098;Em cobrança;INSCRITA;Contribuições FGTS;28/04/2014;NAO;409946.71
94.000.098/0001-20;Pessoa jurídica;Principal;VALE FORTE MINERACAO S.A.;RR;1ª REGIÃO;PGFN;1ª REGIÃO;FGRR2021000099;Em cobrança;INSCRITA;Contribuições FGTS;22/07/2021;NAO;477538.26
94.000.099/0001-75;Pessoa jurídica;Principal;VILA NOVA MINERACAO LTDA;MG;6ª REGIÃO;PGFN;6ª REGIÃO;CSMG2011000100;Em cobrança;INSCRITA;Contribuições FGTS;17/08/2011;NAO;437199.65
90.000.093/0001-47;Pessoa jurídica;Principal;ALVORADA OBRAS E SERVICOS LTDA;DF;1ª REGIÃO;PGFN;1ª REGIÃO;FGDF2008000101;Em cobrança;AJUIZADA;Contribuições LC110 (FGTS);24/08/2008;SIM;338627.82
94.000.101/0001-06;Pessoa jurídica;Principal;BOA VISTA OBRAS E SERVICOS S.A.;AP;1ª REGIÃO;PGFN;1ª REGIÃO;FGAP2022000102;Em cobrança;INSCRITA;Contribuições FGTS;28/03/2022;NAO;447996.55
94.000.102/0001-50;Pessoa jurídica;Principal;CAMINHO VERDE OBRAS E SERVICOS LTDA;BA;1ª REGIÃO;PGFN;1ª REGIÃO;CSBA2019000103;Em cobrança;ENC PROTESTO;Contribuições FGTS;21/05/2019;NAO;660907.62
94.000.103/0001-03;Pessoa jurídica;Principal;CAMPOS DO SUL OBRAS E SERVICOS LTDA;AM;1ª REGIÃO;PGFN;1ª REGIÃO;FGAM2008000104;Em cobrança;INSCRITA;Contribuições FGTS;17/04/2008;NAO;352668.19
94.000.104/0001-40;Pessoa jurídica;Principal;CERRADO OBRAS E SERVICOS S.A.;TO;Não se Aplica;CAIXA;1ª REGIÃO;FGTO2023000105;Em cobrança;INSCRITA;Contribuições LC110 (FGTS);07/01/2023;NAO;771876.80
94.000.105/0001-94;Pessoa jurídica;Principal;COSTA AZUL OBRAS E SERVICOS LTDA;CE;5ª REGIÃO;PGFN;5ª REGIÃO;CSCE2022000106;Em cobrança;AJUIZADA;Contribuições FGTS;16/12/2022;SIM;590769.07
94.000.106/0001-39;Pessoa jurídica;Principal;CRUZEIRO OBRAS E SERVICOS LTDA;PA;1ª REGIÃO;PGFN;1ª REGIÃO;FGPA2020000107;Em cobrança;INSCRITA;Contribuições FGTS;15/11/2020;NAO;869951.49
94.000.107/0001-83;Pessoa jurídica;Principal;ESTRELA DO NORTE OBRAS E SERVICOS S.A.;SP;3ª REGIÃO;PGFN;3ª REGIÃO;FGSP2022000108;Em cobrança;INSCRITA;Contribuições FGTS;02/09/2022;NAO;711147.88
94.000.108/0001-28;Pessoa jurídica;Principal;HORIZONTE OBRAS E SERVICOS LTDA;PE;5ª REGIÃO;PGFN;5ª REGIÃO;CSPE2021000109;Em cobrança;INSCRITA;Contribuições LC110 (FGTS);11/07/2021;NAO;859131.23
94.000.109/0001-72;Pessoa jurídica;Principal;INTEGRA OBRAS E SERVICOS LTDA;MT;1ª REGIÃO;PGFN;1ª REGIÃO;FGMT2013000110;Em cobrança;INSCRITA;Contribuições FGTS;20/02/2013;NAO;868974.69
94.000.110/0001-05;Pessoa jurídica;Principal;JARDINS OBRAS E SERVICOS S.A.;PR;4ª REGIÃO;PGFN;4ª REGIÃO;FGPR2023000111;Em cobrança;AJUIZADA;Contribuições FGTS;18/11/2023;SIM;178862.52
94.000.111/0001-41;Pessoa jurídica;Principal;MONTE ALTO OBRAS E SERVICOS LTDA;GO;1ª REGIÃO;PGFN;1ª REGIÃO;CSGO2012000112;Em cobrança;INSCRITA;Contribuições FGTS;11/08/2012;NAO;556064.78
94.000.112/0001-96;Pessoa jurídica;Principal;NOVA ERA OBRAS E SERVICOS LTDA;RO;Não se Aplica;CAIXA;1ª REGIÃO;FGRO2011000113;Em cobrança;INSCRITA;Contribuições LC110 (FGTS);22/11/2011;NAO;187282.95
94.000.113/0001-30;Pessoa jurídica;Principal;PIONEIRA OBRAS E SERVICOS S.A.;SC;4ª REGIÃO;PGFN;4ª REGIÃO;FGSC2023000114;Em cobrança;INSCRITA;Contribuições FGTS;02/07/2023;NAO;515276.47
94.000.114/0001-85;Pessoa jurídica;Principal;PLANALTO OBRAS E SERVICOS LTDA;MA;1ª REGIÃO;PGFN;1ª REGIÃO;CSMA2024000115;Em cobrança;INSCRITA;Contribuições FGTS;16/10/2024;NAO;446217.02
94.000.115/0001-20;Pessoa jurídica;Principal;RIO CLARO OBRAS E SERVICOS LTDA;AC;1ª REGIÃO;PGFN;1ª REGIÃO;FGAC2023000116;Em cobrança;AJUIZADA;Contribuições FGTS;03/01/2023;SIM;730697.72
94.000.116/0001-74;Pessoa jurídica;Principal;SERRA DOURADA OBRAS E SERVICOS S.A.;MS;1ª REGIÃO;PGFN;1ª REGIÃO;FGMS2019000117;Benefício Fiscal;AJUIZ PARCELADA;Contribuições LC110 (FGTS);14/12/2019;SIM;438482.25
94.000.117/0001-19;Pessoa jurídica;Principal;SOL NASCENTE OBRAS E SERVICOS LTDA;PI;1ª REGIÃO;PGFN;1ª REGIÃO;CSPI2025000118;Em cobrança;INSCRITA;Contribuições FGTS;29/01/2025;NAO;919273.97
94.000.118/0001-63;Pessoa jurídica;Principal;VALE FORTE OBRAS E SERVICOS LTDA;RR;1ª REGIÃO;PGFN;1ª REGIÃO;FGRR2008000119;Em cobrança;INSCRITA;Contribuições FGTS;16/04/2008;NAO;440251.79
94.000.119/0001-08;Pessoa jurídica;Principal;VILA NOVA OBRAS E SERVICOS S.A.;MG;6ª REGIÃO;PGFN;6ª REGIÃO;FGMG2011000120;Em cobrança;ENC PROTESTO;Contribuições FGTS;14/09/2011;NAO;689466.88
94.000.120/0001-32;Pessoa jurídica;Principal;ALVORADA PRODUTOS AGRICOLAS LTDA;DF;Não se Aplica;CAIXA;1ª REGIÃO;CSDF2022000121;Em cobrança;AJUIZADA;Contribuições LC110 (FGTS);24/03/2022;SIM;257406.86
94.000.121/0001-87;Pessoa jurídica;Principal;BOA VISTA PRODUTOS AGRICOLAS LTDA;AP;1ª REGIÃO;PGFN;1ª REGIÃO;FGAP2016000122;Em cobrança;INSCRITA;Contribuições FGTS;25/12/2016;NAO;568971.53
90.000.103/0001-44;Pessoa jurídica;Principal;CAMINHO VERDE PRODUTOS AGRICOLAS S.A.;BA;1ª REGIÃO;PGFN;1ª REGIÃO;FGBA2016000123;Em cobrança;INSCRITA;Contribuições FGTS;25/11/2016;NAO;470750.39
94.000.123/0001-76;Pessoa jurídica;Principal;CAMPOS DO SUL PRODUTOS AGRICOLAS LTDA;AM;1ª REGIÃO;PGFN;1ª REGIÃO;CSAM2023000124;Em cobrança;INSCRITA;Contribuições FGTS;15/05/2023;NAO;592206.72
94.000.124/0001-10;Pessoa jurídica;Corresponsável;CERRADO PRODUTOS AGRICOLAS LTDA;TO;1ª REGIÃO;PGFN;1ª REGIÃO;FGTO2013000125;Em cobrança;INSCRITA;Contribuições LC110 (FGTS);20/09/2013;NAO;625140.35
94.000.125/0001-65;Pessoa jurídica;Principal;COSTA AZUL PRODUTOS AGRICOLAS S.A.;CE;5ª REGIÃO;PGFN;5ª REGIÃO;FGCE2018000126;Em cobrança;AJUIZADA;Contribuições FGTS;06/03/2018;SIM;23980.88
94.000.126/0001-00;Pessoa jurídica;Principal;CRUZEIRO PRODUTOS AGRICOLAS LTDA;PA;1ª REGIÃO;PGFN;1ª REGIÃO;CSPA2022000127;Em cobrança;INSCRITA;Contribuições FGTS;10/11/2022;NAO;432038.72
94.000.127/0001-54;Pessoa jurídica;Principal;ESTRELA DO NORTE PRODUTOS AGRICOLAS LTDA;SP;3ª REGIÃO;PGFN;3ª REGIÃO;FGSP2008000128;Em cobrança;INSCRITA;Contribuições FGTS;22/06/2008;NAO;133673.31
94.000.128/0001-07;Pessoa jurídica;Principal;HORIZONTE PRODUTOS AGRICOLAS S.A.;PE;Não se Aplica;CAIXA;5ª REGIÃO;FGPE2026000129;Em cobrança;INSCRITA;Contribuições LC110 (FGTS);05/01/2026;NAO;794909.98
94.000.129/0001-43;Pessoa jurídica;Principal;INTEGRA PRODUTOS AGRICOLAS LTDA;MT;1ª REGIÃO;PGFN;1ª REGIÃO;CSMT2018000130;Em cobrança;INSCRITA;Contribuições FGTS;01/11/2018;NAO;774708.18
94.000.130/0001-78;Pessoa jurídica;Principal;JARDINS PRODUTOS AGRICOLAS LTDA;PR;4ª REGIÃO;PGFN;4ª REGIÃO;FGPR2009000131;Em cobrança;AJUIZADA;Contribuições FGTS;14/03/2009;SIM;754589.98
94.000.131/0001-12;Pessoa jurídica;Principal;MONTE ALTO PRODUTOS AGRICOLAS S.A.;GO;1ª REGIÃO;PGFN;1ª REGIÃO;FGGO2008000132;Em cobrança;INSCRITA;Contribuições FGTS;19/09/2008;NAO;756536.07
94.000.132/0001-67;Pessoa jurídica;Principal;NOVA ERA PRODUTOS AGRICOLAS LTDA;RO;1ª REGIÃO;PGFN;1ª REGIÃO;CSRO2021000133;Em cobrança;INSCRITA;Contribuições LC110 (FGTS);05/09/2021;NAO;935433.84
94.000.133/0001-01;Pessoa jurídica;Principal;PIONEIRA PRODUTOS AGRICOLAS LTDA;SC;4ª REGIÃO;PGFN;4ª REGIÃO;FGSC2020000134;Em cobrança;INSCRITA;Contribuições FGTS;08/09/2020;NAO;836775.41
94.000.134/0001-56;Pessoa jurídica;Principal;PLANALTO PRODUTOS AGRICOLAS S.A.;MA;1ª REGIÃO;PGFN;1ª REGIÃO;FGMA2019000135;Em cobrança;INSCRITA;Contribuições FGTS;30/08/2019;NAO;566739.07
94.000.135/0001-09;Pessoa jurídica;Principal;RIO CLARO PRODUTOS AGRICOLAS LTDA;AC;1ª REGIÃO;PGFN;1ª REGIÃO;CSAC2024000136;Em cobrança;AJUIZADA;Contribuições FGTS;23/07/2024;SIM;800603.76
94.000.136/0001-45;Pessoa jurídica;Principal;SERRA DOURADA PRODUTOS AGRICOLAS LTDA;MS;Não se Aplica;CAIXA;1ª REGIÃO;FGMS2016000137;Em cobrança;ENC PROTESTO;Contribuições LC110 (FGTS);03/06/2016;NAO;84877.38
94.000.137/0001-90;Pessoa jurídica;Principal;SOL NASCENTE PRODUTOS AGRICOLAS S.A.;PI;1ª REGIÃO;PGFN;1ª REGIÃO;FGPI2018000138;Em cobrança;INSCRITA;Contribuições FGTS;02/06/2018;NAO;377176.07
94.000.138/0001-34;Pessoa jurídica;Principal;VALE FORTE PRODUTOS AGRICOLAS LTDA;RR;1ª REGIÃO;PGFN;1ª REGIÃO;CSRR2010000139;Em cobrança;INSCRITA;Contribuições FGTS;20/11/2010;NAO;664506.30
94.000.139/0001-89;Pessoa jurídica;Principal;VILA NOVA PRODUTOS AGRICOLAS LTDA;MG;6ª REGIÃO;PGFN;6ª REGIÃO;FGMG2008000140;Em cobrança;INSCRITA;Contribuições FGTS;04/10/2008;NAO;683785.01
94.000.140/0001-03;Pessoa jurídica;Principal;ALVORADA SERVICOS AMBIENTAIS S.A.;DF;1ª REGIÃO;PGFN;1ª REGIÃO;FGDF2022000141;Em cobrança;AJUIZADA;Contribuições LC110 (FGTS);10/01/2022;SIM;812419.34
94.000.141/0001-58;Pessoa jurídica;Principal;BOA VISTA SERVICOS AMBIENTAIS LTDA;AP;1ª REGIÃO;PGFN;1ª REGIÃO;CSAP2014000142;Em cobrança;INSCRITA;Contribuições FGTS;01/08/2014;NAO;276665.42
94.000.142/0001-00;Pessoa jurídica;Principal;CAMINHO VERDE SERVICOS AMBIENTAIS LTDA;BA;1ª REGIÃO;PGFN;1ª REGIÃO;FGBA2024000143;Em cobrança;INSCRITA;Contribuições FGTS;06/11/2024;NAO;842280.49
94.000.143/0001-47;Pessoa jurídica;Principal;CAMPOS DO SUL SERVICOS AMBIENTAIS S.A.;AM;1ª REGIÃO;PGFN;1ª REGIÃO;FGAM2022000144;Em cobrança;INSCRITA;Contribuições FGTS;19/11/2022;NAO;69533.10
90.000.113/0001-80;Pessoa jurídica;Principal;CERRADO SERVICOS AMBIENTAIS LTDA;TO;Não se Aplica;CAIXA;1ª REGIÃO;CSTO2013000145;Em cobrança;INSCRITA;Contribuições LC110 (FGTS);07/08/2013;NAO;642677.05
94.000.145/0001-36;Pessoa jurídica;Principal;COSTA AZUL SERVICOS AMBIENTAIS LTDA;CE;5ª REGIÃO;PGFN;5ª REGIÃO;FGCE2012000146;Benefício Fiscal;AJUIZADA;Contribuições FGTS;24/07/2012;SIM;276634.90
94.000.146/0001-80;Pessoa jurídica;Principal;CRUZEIRO SERVICOS AMBIENTAIS S.A.;PA;1ª REGIÃO;PGFN;1ª REGIÃO;FGPA2015000147;Em cobrança;INSCRITA;Contribuições FGTS;24/08/2015;NAO;132111.46
94.000.147/0001-25;Pessoa jurídica;Principal;ESTRELA DO NORTE SERVICOS AMBIENTAIS LTDA;SP;3ª REGIÃO;PGFN;3ª REGIÃO;CSSP2020000148;Em cobrança;INSCRITA;Contribuições FGTS;24/06/2020;NAO;317275.19
94.000.148/0001-70;Pessoa jurídica;Principal;HORIZONTE SERVICOS AMBIENTAIS LTDA;PE;5ª REGIÃO;PGFN;5ª REGIÃO;FGPE2013000149;Em cobrança;INSCRITA;Contribuições LC110 (FGTS);23/07/2013;NAO;634991.09
94.000.149/0001-14;Pessoa jurídica;Principal;INTEGRA SERVICOS AMBIENTAIS S.A.;MT;1ª REGIÃO;PGFN;1ª REGIÃO;FGMT2024000150;Em cobrança;INSCRITA;Contribuições FGTS;19/07/2024;NAO;509471.05
94.000.150/0001-49;Pessoa jurídica;Principal;JARDINS SERVICOS AMBIENTAIS LTDA;PR;4ª REGIÃO;PGFN;4ª REGIÃO;CSPR2014000151;Em cobrança;AJUIZADA;Contribuições FGTS;17/12/2014;SIM;901361.86
94.000.151/0001-93;Pessoa jurídica;Principal;MONTE ALTO SERVICOS AMBIENTAIS LTDA;GO;1ª REGIÃO;PGFN;1ª REGIÃO;FGGO2015000152;Em cobrança;INSCRITA;Contribuições FGTS;23/02/2015;NAO;818825.85
94.000.152/0001-38;Pessoa jurídica;Principal;NOVA ERA SERVICOS AMBIENTAIS S.A.;RO;Não se Aplica;CAIXA;1ª REGIÃO;FGRO2014000153;Em cobrança;INSCRITA;Contribuições LC110 (FGTS);10/12/2014;NAO;725569.34
94.000.153/0001-82;Pessoa jurídica;Principal;PIONEIRA SERVICOS AMBIENTAIS LTDA;SC;4ª REGIÃO;PGFN;4ª REGIÃO;CSSC2020000154;Em cobrança;ENC PROTESTO;Contribuições FGTS;28/07/2020;NAO;713898.80
94.000.154/0001-27;Pessoa jurídica;Principal;PLANALTO SERVICOS AMBIENTAIS LTDA;MA;1ª REGIÃO;PGFN;1ª REGIÃO;FGMA2025000155;Em cobrança;INSCRITA;Contribuições FGTS;01/12/2025;NAO;662968.46
94.000.155/0001-71;Pessoa jurídica;Corresponsável;RIO CLARO SERVICOS AMBIENTAIS S.A.;AC;1ª REGIÃO;PGFN;1ª REGIÃO;FGAC2023000156;Em cobrança;AJUIZADA;Contribuições FGTS;13/03/2023;SIM;617785.06
94.000.156/0001-16;Pessoa jurídica;Principal;SERRA DOURADA SERVICOS AMBIENTAIS LTDA;MS;1ª REGIÃO;PGFN;1ª REGIÃO;CSMS2021000157;Em cobrança;INSCRITA;Contribuições LC110 (FGTS);18/06/2021;NAO;827490.38
94.000.157/0001-60;Pessoa jurídica;Principal;SOL NASCENTE SERVICOS AMBIENTAIS LTDA;PI;1ª REGIÃO;PGFN;1ª REGIÃO;FGPI2022000158;Em cobrança;INSCRITA;Contribuições FGTS;14/01/2022;NAO;934309.05
94.000.158/0001-05;Pessoa jurídica;Principal;VALE FORTE SERVICOS AMBIENTAIS S.A.;RR;1ª REGIÃO;PGFN;1ª REGIÃO;FGRR2015000159;Em cobrança;INSCRITA;Contribuições FGTS;02/03/2015;NAO;90812.67
94.000.159/0001-50;Pessoa jurídica;Principal;VILA NOVA SERVICOS AMBIENTAIS LTDA;MG;6ª REGIÃO;PGFN;6ª REGIÃO;CSMG2021000160;Em cobrança;INSCRITA;Contribuições FGTS;17/05/2021;NAO;563170.48
94.000.160/0001-84;Pessoa jurídica;Principal;ALVORADA TECNOLOGIA LTDA;DF;Não se Aplica;CAIXA;1ª REGIÃO;FGDF2019000161;Em cobrança;AJUIZADA;Contribuições LC110 (FGTS);20/05/2019;SIM;90566.30
94.000.161/0001-29;Pessoa jurídica;Principal;BOA VISTA TECNOLOGIA S.A.;AP;1ª REGIÃO;PGFN;1ª REGIÃO;FGAP2025000162;Em cobrança;INSCRITA;Contribuições FGTS;20/04/2025;NAO;854820.73
94.000.162/0001-73;Pessoa jurídica;Principal;CAMINHO VERDE TECNOLOGIA LTDA;BA;1ª REGIÃO;PGFN;1ª REGIÃO;CSBA2021000163;Em cobrança;INSCRITA;Contribuições FGTS;14/09/2021;NAO;647200.62
94.000.163/0001-18;Pessoa jurídica;Principal;CAMPOS DO SUL TECNOLOGIA LTDA;AM;1ª REGIÃO;PGFN;1ª REGIÃO;FGAM2012000164;Em cobrança;INSCRITA;Contribuições FGTS;20/01/2012;NAO;298784.21
94.000.164/0001-62;Pessoa jurídica;Principal;CERRADO TECNOLOGIA S.A.;TO;1ª REGIÃO;PGFN;1ª REGIÃO;FGTO2010000165;Em cobrança;INSCRITA;Contribuições LC110 (FGTS);15/08/2010;NAO;19564.87
94.000.165/0001-07;Pessoa jurídica;Principal;COSTA AZUL TECNOLOGIA LTDA;CE;5ª REGIÃO;PGFN;5ª REGIÃO;CSCE2014000166;Em cobrança;AJUIZADA;Contribuições FGTS;18/04/2014;SIM;617327.18
90.000.128/0001-48;Pessoa jurídica;Principal;CRUZEIRO TECNOLOGIA LTDA;PA;1ª REGIÃO;PGFN;1ª REGIÃO;FGPA2012000167;Em cobrança;INSCRITA;Contribuições FGTS;01/08/2012;NAO;370202.41
94.000.167/0001-04;Pessoa jurídica;Principal;ESTRELA DO NORTE TECNOLOGIA S.A.;SP;3ª REGIÃO;PGFN;3ª REGIÃO;FGSP2010000168;Em cobrança;INSCRITA;Contribuições FGTS;22/12/2010;NAO;535563.81
94.000.168/0001-40;Pessoa jurídica;Principal;HORIZONTE TECNOLOGIA LTDA;PE;Não se Aplica;CAIXA;5ª REGIÃO;CSPE2014000169;Em cobrança;INSCRITA;Contribuições LC110 (FGTS);06/09/2014;NAO;53791.07
94.000.169/0001-95;Pessoa jurídica;Principal;INTEGRA TECNOLOGIA LTDA;MT;1ª REGIÃO;PGFN;1ª REGIÃO;FGMT2025000170;Em cobrança;INSCRITA;Contribuições FGTS;20/02/2025;NAO;274276.87
94.000.170/0001-10;Pessoa jurídica;Principal;JARDINS TECNOLOGIA S.A.;PR;4ª REGIÃO;PGFN;4ª REGIÃO;FGPR2021000171;Em cobrança;AJUIZADA;Contribuições FGTS;21/10/2021;SIM;167600.93
94.000.171/0001-64;Pessoa jurídica;Principal;MONTE ALTO TECNOLOGIA LTDA;GO;1ª REGIÃO;PGFN;1ª REGIÃO;CSGO2013000172;Em cobrança;INSCRITA;Contribuições FGTS;24/01/2013;NAO;159667.78
94.000.172/0001-09;Pessoa jurídica;Principal;NOVA ERA TECNOLOGIA LTDA;RO;1ª REGIÃO;PGFN;1ª REGIÃO;FGRO2020000173;Em cobrança;INSCRITA;Contribuições LC110 (FGTS);07/11/2020;NAO;804028.01
94.000.173/0001-53;Pessoa jurídica;Principal;PIONEIRA TECNOLOGIA S.A.;SC;4ª REGIÃO;PGFN;4ª REGIÃO;FGSC2022000174;Em cobrança;INSCRITA;Contribuições FGTS;15/05/2022;NAO;725438.58
94.000.174/0001-06;Pessoa jurídica;Principal;PLANALTO TECNOLOGIA LTDA;MA;1ª REGIÃO;PGFN;1ª REGIÃO;CSMA2017000175;Benefício Fiscal;AJUIZ PARCELADA;Contribuições FGTS;19/07/2017;SIM;672699.92
94.000.175/0001-42;Pessoa jurídica;Principal;RIO CLARO TECNOLOGIA LTDA;AC;1ª REGIÃO;PGFN;1ª REGIÃO;FGAC2010000176;Em cobrança;AJUIZADA;Contribuições FGTS;24/03/2010;SIM;523045.39
94.000.176/0001-97;Pessoa jurídica;Principal;SERRA DOURADA TECNOLOGIA S.A.;MS;Não se Aplica;CAIXA;1ª REGIÃO;FGMS2020000177;Em cobrança;INSCRITA;Contribuições LC110 (FGTS);08/03/2020;NAO;700587.23
94.000.177/0001-31;Pessoa jurídica;Principal;SOL NASCENTE TECNOLOGIA LTDA;PI;1ª REGIÃO;PGFN;1ª REGIÃO;CSPI2012000178;Em cobrança;INSCRITA;Contribuições FGTS;28/01/2012;NAO;440150.92
94.000.178/0001-86;Pessoa jurídica;Principal;VALE FORTE TECNOLOGIA LTDA;RR;1ª REGIÃO;PGFN;1ª REGIÃO;FGRR2015000179;Em cobrança;INSCRITA;Contribuições FGTS;25/08/2015;NAO;109241.46
94.000.179/0001-20;Pessoa jurídica;Principal;VILA NOVA TECNOLOGIA S.A.;MG;6ª REGIÃO;PGFN;6ª REGIÃO;FGMG2024000180;Em cobrança;INSCRITA;Contribuições FGTS;03/03/2024;NAO;770740.83
94.000.180/0001-55;Pessoa jurídica;Principal;ALVORADA TRANSPORTES LTDA;DF;1ª REGIÃO;PGFN;1ª REGIÃO;CSDF2024000181;Em cobrança;AJUIZADA;Contribuições LC110 (FGTS);24/09/2024;SIM;298718.38
94.000.181/0001-08;Pessoa jurídica;Principal;BOA VISTA TRANSPORTES LTDA;AP;1ª REGIÃO;PGFN;1ª REGIÃO;FGAP2022000182;Em cobrança;INSCRITA;Contribuições FGTS;06/03/2022;NAO;311806.16
94.000.182/0001-44;Pessoa jurídica;Principal;CAMINHO VERDE TRANSPORTES S.A.;BA;1ª REGIÃO;PGFN;1ª REGIÃO;FGBA2013000183;Em cobrança;INSCRITA;Contribuições FGTS;19/11/2013;NAO;763432.80
94.000.183/0001-99;Pessoa jurídica;Principal;CAMPOS DO SUL TRANSPORTES LTDA;AM;1ª REGIÃO;PGFN;1ª REGIÃO;CSAM2024000184;Em cobrança;INSCRITA;Contribuições FGTS;30/10/2024;NAO;350681.85
94.000.184/0001-33;Pessoa jurídica;Principal;CERRADO TRANSPORTES LTDA;TO;Não se Aplica;CAIXA;1ª REGIÃO;FGTO2018000185;Em cobrança;INSCRITA;Contribuições LC110 (FGTS);15/08/2018;NAO;944878.22
94.000.185/0001-88;Pessoa jurídica;Principal;COSTA AZUL TRANSPORTES S.A.;CE;5ª REGIÃO;PGFN;5ª REGIÃO;FGCE2023000186;Em cobrança;AJUIZADA;Contribuições FGTS;11/09/2023;SIM;498818.56
94.000.186/0001-22;Pessoa jurídica;Corresponsável;CRUZEIRO TRANSPORTES LTDA;PA;1ª REGIÃO;PGFN;1ª REGIÃO;CSPA2024000187;Em cobrança;INSCRITA;Contribuições FGTS;13/07/2024;NAO;319332.66
94.000.187/0001-77;Pessoa jurídica;Principal;ESTRELA DO NORTE TRANSPORTES LTDA;SP;3ª REGIÃO;PGFN;3ª REGIÃO;FGSP2011000188;Em cobrança;ENC PROTESTO;Contribuições FGTS;28/09/2011;NAO;158202.68
90.000.149/0001-63;Pessoa jurídica;Principal;HORIZONTE TRANSPORTES S.A.;PE;5ª REGIÃO;PGFN;5ª REGIÃO;FGPE2025000189;Em cobrança;INSCRITA;Contribuições LC110 (FGTS);04/11/2025;NAO;653109.10
94.000.189/0001-66;Pessoa jurídica;Principal;INTEGRA TRANSPORTES LTDA;MT;1ª REGIÃO;PGFN;1ª REGIÃO;CSMT2015000190;Em cobrança;INSCRITA;Contribuições FGTS;08/01/2015;NAO;649076.94
94.000.190/0001-90;Pessoa jurídica;Principal;JARDINS TRANSPORTES LTDA;PR;4ª REGIÃO;PGFN;4ª REGIÃO;FGPR2020000191;Em cobrança;AJUIZADA;Contribuições FGTS;13/03/2020;SIM;349096.75
94.000.191/0001-35;Pessoa jurídica;Principal;MONTE ALTO TRANSPORTES S.A.;GO;1ª REGIÃO;PGFN;1ª REGIÃO;FGGO2017000192;Em cobrança;INSCRITA;Contribuições FGTS;18/12/2017;NAO;415801.33
94.000.192/0001-80;Pessoa jurídica;Principal;NOVA ERA TRANSPORTES LTDA;RO;Não se Aplica;CAIXA;1ª REGIÃO;CSRO2017000193;Em cobrança;INSCRITA;Contribuições LC110 (FGTS);20/05/2017;NAO;488026.68
94.000.193/0001-24;Pessoa jurídica;Principal;PIONEIRA TRANSPORTES LTDA;SC;4ª REGIÃO;PGFN;4ª REGIÃO;FGSC2010000194;Em cobrança;INSCRITA;Contribuições FGTS;06/04/2010;NAO;658631.77
94.000.194/0001-79;Pessoa jurídica;Principal;PLANALTO TRANSPORTES S.A.;MA;1ª REGIÃO;PGFN;1ª REGIÃO;FGMA2014000195;Em cobrança;INSCRITA;Contribuições FGTS;09/12/2014;NAO;616332.82
94.000.195/0001-13;Pessoa jurídica;Principal;RIO CLARO TRANSPORTES LTDA;AC;1ª REGIÃO;PGFN;1ª REGIÃO;CSAC2018000196;Em cobrança;AJUIZADA;Contribuições FGTS;07/02/2018;SIM;36881.34
94.000.196/0001-68;Pessoa jurídica;Principal;SERRA DOURADA TRANSPORTES LTDA;MS;1ª REGIÃO;PGFN;1ª REGIÃO;FGMS2009000197;Em cobrança;INSCRITA;Contribuições LC110 (FGTS);30/01/2009;NAO;559917.16
94.000.197/0001-02;Pessoa jurídica;Principal;SOL NASCENTE TRANSPORTES S.A.;PI;1ª REGIÃO;PGFN;1ª REGIÃO;FGPI2024000198;Em cobrança;INSCRITA;Contribuições FGTS;06/02/2024;NAO;65116.47
94.000.198/0001-57;Pessoa jurídica;Principal;VALE FORTE TRANSPORTES LTDA;RR;1ª REGIÃO;PGFN;1ª REGIÃO;CSRR2021000199;Em cobrança;INSCRITA;Contribuições FGTS;27/08/2021;NAO;87064.97
94.000.199/0001-00;Pessoa jurídica;Principal;VILA NOVA TRANSPORTES LTDA;MG;6ª REGIÃO;PGFN;6ª REGIÃO;FGMG2017000200;Em cobrança;INSCRITA;Contribuições FGTS;07/10/2017;NAO;322727.80
94.000.200/0001-98;Pessoa jurídica;Principal;ALVORADA ALIMENTOS S.A.;DF;Não se Aplica;CAIXA;1ª REGIÃO;FGDF2017000201;Em cobrança;AJUIZADA;Contribuições LC110 (FGTS);22/04/2017;SIM;827943.81
94.000.201/0001-32;Pessoa jurídica;Principal;BOA VISTA ALIMENTOS LTDA;AP;1ª REGIÃO;PGFN;1ª REGIÃO;CSAP2016000202;Em cobrança;INSCRITA;Contribuições FGTS;12/03/2016;NAO;824653.23
94.000.202/0001-87;Pessoa jurídica;Principal;CAMINHO VERDE ALIMENTOS LTDA;BA;1ª REGIÃO;PGFN;1ª REGIÃO;FGBA2015000203;Em cobrança;INSCRITA;Contribuições FGTS;15/04/2015;NAO;849307.40
94.000.203/0001-21;Pessoa jurídica;Principal;CAMPOS DO SUL ALIMENTOS S.A.;AM;1ª REGIÃO;PGFN;1ª REGIÃO;FGAM2010000204;Benefício Fiscal;AJUIZ PARCELADA;Contribuições FGTS;09/02/2010;SIM;645967.84
94.000.204/0001-76;Pessoa jurídica;Principal;CERRADO ALIMENTOS LTDA;TO;1ª REGIÃO;PGFN;1ª REGIÃO;CSTO2020000205;Em cobrança;ENC PROTESTO;Contribuições LC110 (FGTS);29/05/2020;NAO;63212.86
94.000.205/0001-10;Pessoa jurídica;Principal;COSTA AZUL ALIMENTOS LTDA;CE;5ª REGIÃO;PGFN;5ª REGIÃO;FGCE2017000206;Em cobrança;AJUIZADA;Contribuições FGTS;29/01/2017;SIM;175743.15
94.000.206/0001-65;Pessoa jurídica;Principal;CRUZEIRO ALIMENTOS S.A.;PA;1ª REGIÃO;PGFN;1ª REGIÃO;FGPA2012000207;Em cobrança;INSCRITA;Contribuições FGTS;04/10/2012;NAO;694997.52
94.000.207/0001-00;Pessoa jurídica;Principal;ESTRELA DO NORTE ALIMENTOS LTDA;SP;3ª REGIÃO;PGFN;3ª REGIÃO;CSSP2021000208;Em cobrança;INSCRITA;Contribuições FGTS;25/05/2021;NAO;366765.45
94.000.208/0001-54;Pessoa jurídica;Principal;HORIZONTE ALIMENTOS LTDA;PE;Não se Aplica;CAIXA;5ª REGIÃO;FGPE2018000209;Em cobrança;INSCRITA;Contribuições LC110 (FGTS);10/06/2018;NAO;569698.81
94.000.209/0001-07;Pessoa jurídica;Principal;INTEGRA ALIMENTOS S.A.;MT;1ª REGIÃO;PGFN;1ª REGIÃO;FGMT2010000210;Em cobrança;INSCRITA;Contribuições FGTS;20/02/2010;NAO;183140.69
94.000.210/0001-23;Pessoa jurídica;Principal;JARDINS ALIMENTOS LTDA;PR;4ª REGIÃO;PGFN;4ª REGIÃO;CSPR2010000211;Em cobrança;AJUIZADA;Contribuições FGTS;26/09/2010;SIM;7538.41
90.000.154/0001-76;Pessoa jurídica;Principal;MONTE ALTO ALIMENTOS LTDA;GO;1ª REGIÃO;PGFN;1ª REGIÃO;FGGO2023000212;Em cobrança;INSCRITA;Contribuições FGTS;13/08/2023;NAO;333500.64
94.000.212/0001-12;Pessoa jurídica;Principal;NOVA ERA ALIMENTOS S.A.;RO;1ª REGIÃO;PGFN;1ª REGIÃO;FGRO2024000213;Em cobrança;INSCRITA;Contribuições LC110 (FGTS);30/08/2024;NAO;617779.11
94.000.213/0001-67;Pessoa jurídica;Principal;PIONEIRA ALIMENTOS LTDA;SC;4ª REGIÃO;PGFN;4ª REGIÃO;CSSC2013000214;Em cobrança;INSCRITA;Contribuições FGTS;02/08/2013;NAO;720462.65
94.000.214/0001-01;Pessoa jurídica;Principal;PLANALTO ALIMENTOS LTDA;MA;1ª REGIÃO;PGFN;1ª REGIÃO;FGMA2021000215;Em cobrança;INSCRITA;Contribuições FGTS;19/08/2021;NAO;160950.69
94.000.215/0001-56;Pessoa jurídica;Principal;RIO CLARO ALIMENTOS S.A.;AC;1ª REGIÃO;PGFN;1ª REGIÃO;FGAC2010000216;Em cobrança;AJUIZADA;Contribuições FGTS;27/01/2010;SIM;168933.07
94.000.216/0001-09;Pessoa jurídica;Principal;SERRA DOURADA ALIMENTOS LTDA;MS;Não se Aplica;CAIXA;1ª REGIÃO;CSMS2025000217;Em cobrança;INSCRITA;Contribuições LC110 (FGTS);05/11/2025;NAO;233628.19
94.000.217/0001-45;Pessoa jurídica;Corresponsável;SOL NASCENTE ALIMENTOS LTDA;PI;1ª REGIÃO;PGFN;1ª REGIÃO;FGPI2010000218;Em cobrança;INSCRITA;Contribuições FGTS;23/12/2010;NAO;585031.35
94.000.218/0001-90;Pessoa jurídica;Principal;VALE FORTE ALIMENTOS S.A.;RR;1ª REGIÃO;PGFN;1ª REGIÃO;FGRR2022000219;Em cobrança;INSCRITA;Contribuições FGTS;12/12/2022;NAO;78883.77
94.000.219/0001-34;Pessoa jurídica;Principal;VILA NOVA ALIMENTOS LTDA;MG;6ª REGIÃO;PGFN;6ª REGIÃO;CSMG2012000220;Em cobrança;INSCRITA;Contribuições FGTS;25/01/2012;NAO;839349.96
94.000.220/0001-69;Pessoa jurídica;Principal;ALVORADA COMERCIO E LOGISTICA LTDA;DF;1ª REGIÃO;PGFN;1ª REGIÃO;FGDF2022000221;Em cobrança;AJUIZADA;Contribuições LC110 (FGTS);30/04/2022;SIM;399720.86
94.000.221/0001-03;Pessoa jurídica;Principal;BOA VISTA COMERCIO E LOGISTICA S.A.;AP;1ª REGIÃO;PGFN;1ª REGIÃO;FGAP2026000222;Em cobrança;ENC PROTESTO;Contribuições FGTS;04/04/2026;NAO;96702.29
94.000.222/0001-58;Pessoa jurídica;Principal;CAMINHO VERDE COMERCIO E LOGISTICA LTDA;BA;1ª REGIÃO;PGFN;1ª REGIÃO;CSBA2023000223;Em cobrança;INSCRITA;Contribuições FGTS;24/04/2023;NAO;450986.41
94.000.223/0001-00;Pessoa jurídica;Principal;CAMPOS DO SUL COMERCIO E LOGISTICA LTDA;AM;1ª REGIÃO;PGFN;1ª REGIÃO;FGAM2019000224;Em cobrança;INSCRITA;Contribuições FGTS;29/07/2019;NAO;159948.43
94.000.224/0001-47;Pessoa jurídica;Principal;CERRADO COMERCIO E LOGISTICA S.A.;TO;Não se Aplica;CAIXA;1ª REGIÃO;FGTO2018000225;Em cobrança;INSCRITA;Contribuições LC110 (FGTS);17/05/2018;NAO;415195.16
94.000.225/0001-91;Pessoa jurídica;Principal;COSTA AZUL COMERCIO E LOGISTICA LTDA;CE;5ª REGIÃO;PGFN;5ª REGIÃO;CSCE2010000226;Em cobrança;AJUIZADA;Contribuições FGTS;13/05/2010;SIM;431926.20
94.000.226/0001-36;Pessoa jurídica;Principal;CRUZEIRO COMERCIO E LOGISTICA LTDA;PA;1ª REGIÃO;PGFN;1ª REGIÃO;FGPA2023000227;Em cobrança;INSCRITA;Contribuições FGTS;22/05/2023;NAO;410636.74
94.000.227/0001-80;Pessoa jurídica;Principal;ESTRELA DO NORTE COMERCIO E LOGISTICA S.A.;SP;3ª REGIÃO;PGFN;3ª REGIÃO;FGSP2009000228;Em cobrança;INSCRITA;Contribuições FGTS;26/06/2009;NAO;231452.21
94.000.228/0001-25;Pessoa jurídica;Principal;HORIZONTE COMERCIO E LOGISTICA LTDA;PE;5ª REGIÃO;PGFN;5ª REGIÃO;CSPE2018000229;Em cobrança;INSCRITA;Contribuições LC110 (FGTS);23/04/2018;NAO;64324.46
94.000.229/0001-70;Pessoa jurídica;Principal;INTEGRA COMERCIO E LOGISTICA LTDA;MT;1ª REGIÃO;PGFN;1ª REGIÃO;FGMT2020000230;Em cobrança;INSCRITA;Contribuições FGTS;14/04/2020;NAO;642795.37
94.000.230/0001-02;Pessoa jurídica;Principal;JARDINS COMERCIO E LOGISTICA S.A.;PR;4ª REGIÃO;PGFN;4ª REGIÃO;FGPR2019000231;Em cobrança;AJUIZADA;Contribuições FGTS;04/07/2019;SIM;920281.59
94.000.231/0001-49;Pessoa jurídica;Principal;MONTE ALTO COMERCIO E LOGISTICA LTDA;GO;1ª REGIÃO;PGFN;1ª REGIÃO;CSGO2025000232;Em cobrança;INSCRITA;Contribuições FGTS;21/10/2025;NAO;214962.67
94.000.232/0001-93;Pessoa jurídica;Principal;NOVA ERA COMERCIO E LOGISTICA LTDA;RO;Não se Aplica;CAIXA;1ª REGIÃO;FGRO2009000233;Benefício Fiscal;AJUIZ PARCELADA;Contribuições LC110 (FGTS);08/12/2009;SIM;894599.04
90.000.190/0001-30;Pessoa jurídica;Principal;PIONEIRA COMERCIO E LOGISTICA S.A.;SC;4ª REGIÃO;PGFN;4ª REGIÃO;FGSC2024000234;Em cobrança;INSCRITA;Contribuições FGTS;04/10/2024;NAO;908824.46
94.000.234/0001-82;Pessoa jurídica;Principal;PLANALTO COMERCIO E LOGISTICA LTDA;MA;1ª REGIÃO;PGFN;1ª REGIÃO;CSMA2013000235;Em cobrança;INSCRITA;Contribuições FGTS;03/02/2013;NAO;618135.23
94.000.235/0001-27;Pessoa jurídica;Principal;RIO CLARO COMERCIO E LOGISTICA LTDA;AC;1ª REGIÃO;PGFN;1ª REGIÃO;FGAC2016000236;Em cobrança;AJUIZADA;Contribuições FGTS;07/01/2016;SIM;88294.31
94.000.236/0001-71;Pessoa jurídica;Principal;SERRA DOURADA COMERCIO E LOGISTICA S.A.;MS;1ª REGIÃO;PGFN;1ª REGIÃO;FGMS2009000237;Em cobrança;INSCRITA;Contribuições LC110 (FGTS);22/03/2009;NAO;905917.01
94.000.237/0001-16;Pessoa jurídica;Principal;SOL NASCENTE COMERCIO E LOGISTICA LTDA;PI;1ª REGIÃO;PGFN;1ª REGIÃO;CSPI2020000238;Em cobrança;INSCRITA;Contribuições FGTS;29/11/2020;NAO;624465.58
94.000.238/0001-60;Pessoa jurídica;Principal;VALE FORTE COMERCIO E LOGISTICA LTDA;RR;1ª REGIÃO;PGFN;1ª REGIÃO;FGRR2025000239;Em cobrança;ENC PROTESTO;Contribuições FGTS;21/11/2025;NAO;271987.49
94.000.239/0001-05;Pessoa jurídica;Principal;VILA NOVA COMERCIO E LOGISTICA S.A.;MG;6ª REGIÃO;PGFN;6ª REGIÃO;FGMG2015000240;Em cobrança;INSCRITA;Contribuições FGTS;24/04/2015;NAO;187794.60
94.000.240/0001-30;Pessoa jurídica;Principal;ALVORADA CONSTRUCOES LTDA;DF;Não se Aplica;CAIXA;1ª REGIÃO;CSDF2018000241;Em cobrança;AJUIZADA;Contribuições LC110 (FGTS);14/04/2018;SIM;696134.58
94.000.241/0001-84;Pessoa jurídica;Principal;BOA VISTA CONSTRUCOES LTDA;AP;1ª REGIÃO;PGFN;1ª REGIÃO;FGAP2017000242;Em cobrança;INSCRITA;Contribuições FGTS;20/12/2017;NAO;819857.89
94.000.242/0001-29;Pessoa jurídica;Principal;CAMINHO VERDE CONSTRUCOES S.A.;BA;1ª REGIÃO;PGFN;1ª REGIÃO;FGBA2009000243;Em cobrança;INSCRITA;Contribuições FGTS;15/12/2009;NAO;644121.21
94.000.243/0001-73;Pessoa jurídica;Principal;CAMPOS DO SUL CONSTRUCOES LTDA;AM;1ª REGIÃO;PGFN;1ª REGIÃO;CSAM2012000244;Em cobrança;INSCRITA;Contribuições FGTS;25/12/2012;NAO;334648.13
94.000.244/0001-18;Pessoa jurídica;Principal;CERRADO CONSTRUCOES LTDA;TO;1ª REGIÃO;PGFN;1ª REGIÃO;FGTO2026000245;Em cobrança;INSCRITA;Contribuições LC110 (FGTS);27/02/2026;NAO;168475.77
94.000.245/0001-62;Pessoa jurídica;Principal;COSTA AZUL CONSTRUCOES S.A.;CE;5ª REGIÃO;PGFN;5ª REGIÃO;FGCE2017000246;Em cobrança;AJUIZADA;Contribuições FGTS;30/06/2017;SIM;467561.37
94.000.246/0001-07;Pessoa jurídica;Principal;CRUZEIRO CONSTRUCOES LTDA;PA;1ª REGIÃO;PGFN;1ª REGIÃO;CSPA2022000247;Em cobrança;INSCRITA;Contribuições FGTS;25/05/2022;NAO;415589.12
94.000.247/0001-51;Pessoa jurídica;Principal;ESTRELA DO NORTE CONSTRUCOES LTDA;SP;3ª REGIÃO;PGFN;3ª REGIÃO;FGSP2018000248;Em cobrança;INSCRITA;Contribuições FGTS;16/10/2018;NAO;445165.19
94.000.248/0001-04;Pessoa jurídica;Corresponsável;HORIZONTE CONSTRUCOES S.A.;PE;Não se Aplica;CAIXA;5ª REGIÃO;FGPE2015000249;Em cobrança;INSCRITA;Contribuições LC110 (FGTS);27/04/2015;NAO;47051.40
94.000.249/0001-40;Pessoa jurídica;Principal;INTEGRA CONSTRUCOES LTDA;MT;1ª REGIÃO;PGFN;1ª REGIÃO;CSMT2008000250;Em cobrança;INSCRITA;Contribuições FGTS;29/08/2008;NAO;921525.20
94.000.250/0001-75;Pessoa jurídica;Principal;JARDINS CONSTRUCOES LTDA;PR;4ª REGIÃO;PGFN;4ª REGIÃO;FGPR2017000251;Em cobrança;AJUIZADA;Contribuições FGTS;30/06/2017;SIM;818100.07
94.000.251/0001-10;Pessoa jurídica;Principal;MONTE ALTO CONSTRUCOES S.A.;GO;1ª REGIÃO;PGFN;1ª REGIÃO;FGGO2014000252;Em cobrança;INSCRITA;Contribuições FGTS;15/11/2014;NAO;725554.78
94.000.252/0001-64;Pessoa jurídica;Principal;NOVA ERA CONSTRUCOES LTDA;RO;1ª REGIÃO;PGFN;1ª REGIÃO;CSRO2011000253;Em cobrança;INSCRITA;Contribuições LC110 (FGTS);04/01/2011;NAO;602487.54
94.000.253/0001-09;Pessoa jurídica;Principal;PIONEIRA CONSTRUCOES LTDA;SC;4ª REGIÃO;PGFN;4ª REGIÃO;FGSC2015000254;Em cobrança;INSCRITA;Contribuições FGTS;10/07/2015;NAO;443040.32
94.000.254/0001-53;Pessoa jurídica;Principal;PLANALTO CONSTRUCOES S.A.;MA;1ª REGIÃO;PGFN;1ª REGIÃO;FGMA2014000255;Em cobrança;INSCRITA;Contribuições FGTS;24/06/2014;NAO;827764.62
90.000.194/0001-18;Pessoa jurídica;Principal;RIO CLARO CONSTRUCOES LTDA;AC;1ª REGIÃO;PGFN;1ª REGIÃO;CSAC2015000256;Em cobrança;AJUIZADA;Contribuições FGTS;03/03/2015;SIM;501431.85
94.000.256/0001-42;Pessoa jurídica;Principal;SERRA DOURADA CONSTRUCOES LTDA;MS;Não se Aplica;CAIXA;1ª REGIÃO;FGMS2025000257;Em cobrança;INSCRITA;Contribuições LC110 (FGTS);02/05/2025;NAO;436913.30
94.000.257/0001-97;Pessoa jurídica;Principal;SOL NASCENTE CONSTRUCOES S.A.;PI;1ª REGIÃO;PGFN;1ª REGIÃO;FGPI2011000258;Em cobrança;INSCRITA;Contribuições FGTS;23/05/2011;NAO;657926.44
94.000.258/0001-31;Pessoa jurídica;Principal;VALE FORTE CONSTRUCOES LTDA;RR;1ª REGIÃO;PGFN;1ª REGIÃO;CSRR2012000259;Em cobrança;INSCRITA;Contribuições FGTS;03/03/2012;NAO;16200.02
94.000.259/0001-86;Pessoa jurídica;Principal;VILA NOVA CONSTRUCOES LTDA;MG;6ª REGIÃO;PGFN;6ª REGIÃO;FGMG2010000260;Em cobrança;INSCRITA;Contribuições FGTS;29/05/2010;NAO;430809.07
94.000.260/0001-00;Pessoa jurídica;Principal;ALVORADA ENERGIA S.A.;DF;1ª REGIÃO;PGFN;1ª REGIÃO;FGDF2025000261;Em cobrança;AJUIZADA;Contribuições LC110 (FGTS);05/09/2025;SIM;77057.99
94.000.261/0001-55;Pessoa jurídica;Principal;BOA VISTA ENERGIA LTDA;AP;1ª REGIÃO;PGFN;1ª REGIÃO;CSAP2014000262;Benefício Fiscal;AJUIZ PARCELADA;Contribuições FGTS;23/08/2014;SIM;251453.50
94.000.262/0001-08;Pessoa jurídica;Principal;CAMINHO VERDE ENERGIA LTDA;BA;1ª REGIÃO;PGFN;1ª REGIÃO;FGBA2020000263;Em cobrança;INSCRITA;Contribuições FGTS;22/05/2020;NAO;511244.60
94.000.263/0001-44;Pessoa jurídica;Principal;CAMPOS DO SUL ENERGIA S.A.;AM;1ª REGIÃO;PGFN;1ª REGIÃO;FGAM2020000264;Em cobrança;INSCRITA;Contribuições FGTS;04/08/2020;NAO;502572.85
94.000.264/0001-99;Pessoa jurídica;Principal;CERRADO ENERGIA LTDA;TO;Não se Aplica;CAIXA;1ª REGIÃO;CSTO2019000265;Em cobrança;INSCRITA;Contribuições LC110 (FGTS);30/10/2019;NAO;877957.67
94.000.265/0001-33;Pessoa jurídica;Principal;COSTA AZUL ENERGIA LTDA;CE;5ª REGIÃO;PGFN;5ª REGIÃO;FGCE2014000266;Em cobrança;AJUIZADA;Contribuições FGTS;28/08/2014;SIM;594497.33
94.000.266/0001-88;Pessoa jurídica;Principal;CRUZEIRO ENERGIA S.A.;PA;1ª REGIÃO;PGFN;1ª REGIÃO;FGPA2023000267;Em cobrança;INSCRITA;Contribuições FGTS;13/02/2023;NAO;469281.44
94.000.267/0001-22;Pessoa jurídica;Principal;ESTRELA DO NORTE ENERGIA LTDA;SP;3ª REGIÃO;PGFN;3ª REGIÃO;CSSP2014000268;Em cobrança;INSCRITA;Contribuições FGTS;21/07/2014;NAO;468693.83
94.000.268/0001-77;Pessoa jurídica;Principal;HORIZONTE ENERGIA LTDA;PE;5ª REGIÃO;PGFN;5ª REGIÃO;FGPE2017000269;Em cobrança;INSCRITA;Contribuições LC110 (FGTS);10/06/2017;NAO;187021.06
94.000.269/0001-11;Pessoa jurídica;Principal;INTEGRA ENERGIA S.A.;MT;1ª REGIÃO;PGFN;1ª REGIÃO;FGMT2023000270;Em cobrança;INSCRITA;Contribuições FGTS;13/09/2023;NAO;506929.87
94.000.270/0001-46;Pessoa jurídica;Principal;JARDINS ENERGIA LTDA;PR;4ª REGIÃO;PGFN;4ª REGIÃO;CSPR2021000271;Em cobrança;AJUIZADA;Contribuições FGTS;27/06/2021;SIM;903421.54
94.000.271/0001-90;Pessoa jurídica;Principal;MONTE ALTO ENERGIA LTDA;GO;1ª REGIÃO;PGFN;1ª REGIÃO;FGGO2010000272;Em cobrança;INSCRITA;Contribuições FGTS;25/12/2010;NAO;810671.68
94.000.272/0001-35;Pessoa jurídica;Principal;NOVA ERA ENERGIA S.A.;RO;Não se Aplica;CAIXA;1ª REGIÃO;FGRO2015000273;Em cobrança;ENC PROTESTO;Contribuições LC110 (FGTS);07/10/2015;NAO;813704.85
94.000.273/0001-80;Pessoa jurídica;Principal;PIONEIRA ENERGIA LTDA;SC;4ª REGIÃO;PGFN;4ª REGIÃO;CSSC2014000274;Em cobrança;INSCRITA;Contribuições FGTS;02/06/2014;NAO;102993.66
94.000.274/0001-24;Pessoa jurídica;Principal;PLANALTO ENERGIA LTDA;MA;1ª REGIÃO;PGFN;1ª REGIÃO;FGMA2008000275;Em cobrança;INSCRITA;Contribuições FGTS;25/06/2008;NAO;224296.25
94.000.275/0001-79;Pessoa jurídica;Principal;RIO CLARO ENERGIA S.A.;AC;1ª REGIÃO;PGFN;1ª REGIÃO;FGAC2009000276;Em cobrança;AJUIZADA;Contribuições FGTS;23/07/2009;SIM;441214.30
94.000.276/0001-13;Pessoa jurídica;Principal;SERRA DOURADA ENERGIA LTDA;MS;1ª REGIÃO;PGFN;1ª REGIÃO;CSMS2009000277;Em cobrança;INSCRITA;Contribuições LC110 (FGTS);28/08/2009;NAO;613798.36
90.000.205/0001-60;Pessoa jurídica;Principal;SOL NASCENTE ENERGIA LTDA;PI;1ª REGIÃO;PGFN;1ª REGIÃO;FGPI2020000278;Em cobrança;INSCRITA;Contribuições FGTS;11/04/2020;NAO;422160.67
94.000.278/0001-02;Pessoa jurídica;Principal;VALE FORTE ENERGIA S.A.;RR;1ª REGIÃO;PGFN;1ª REGIÃO;FGRR2023000279;Em cobrança;INSCRITA;Contribuições FGTS;30/06/2023;NAO;237209.17
94.000.279/0001-57;Pessoa jurídica;Corresponsável;VILA NOVA ENERGIA LTDA;MG;6ª REGIÃO;PGFN;6ª REGIÃO;CSMG2011000280;Em cobrança;INSCRITA;Contribuições FGTS;18/01/2011;NAO;638651.42
94.000.280/0001-81;Pessoa jurídica;Principal;ALVORADA EQUIPAMENTOS LTDA;DF;Não se Aplica;CAIXA;1ª REGIÃO;FGDF2025000281;Em cobrança;AJUIZADA;Contribuições LC110 (FGTS);09/11/2025;SIM;178317.55
94.000.281/0001-26;Pessoa jurídica;Principal;BOA VISTA EQUIPAMENTOS S.A.;AP;1ª REGIÃO;PGFN;1ª REGIÃO;FGAP2010000282;Em cobrança;INSCRITA;Contribuições FGTS;17/08/2010;NAO;744975.66
94.000.282/0001-70;Pessoa jurídica;Principal;CAMINHO VERDE EQUIPAMENTOS LTDA;BA;1ª REGIÃO;PGFN;1ª REGIÃO;CSBA2009000283;Em cobrança;INSCRITA;Contribuições FGTS;19/02/2009;NAO;801647.32
94.000.283/0001-15;Pessoa jurídica;Principal;CAMPOS DO SUL EQUIPAMENTOS LTDA;AM;1ª REGIÃO;PGFN;1ª REGIÃO;FGAM2015000284;Em cobrança;INSCRITA;Contribuições FGTS;25/06/2015;NAO;18082.52
94.000.284/0001-60;Pessoa jurídica;Principal;CERRADO EQUIPAMENTOS S.A.;TO;1ª REGIÃO;PGFN;1ª REGIÃO;FGTO2015000285;Em cobrança;INSCRITA;Contribuições LC110 (FGTS);03/02/2015;NAO;134508.50
94.000.285/0001-04;Pessoa jurídica;Principal;COSTA AZUL EQUIPAMENTOS LTDA;CE;5ª REGIÃO;PGFN;5ª REGIÃO;CSCE2021000286;Em cobrança;AJUIZADA;Contribuições FGTS;14/03/2021;SIM;242133.74
94.000.286/0001-59;Pessoa jurídica;Principal;CRUZEIRO EQUIPAMENTOS LTDA;PA;1ª REGIÃO;PGFN;1ª REGIÃO;FGPA2025000287;Em cobrança;INSCRITA;Contribuições FGTS;16/04/2025;NAO;248651.82
94.000.287/0001-01;Pessoa jurídica;Principal;ESTRELA DO NORTE EQUIPAMENTOS S.A.;SP;3ª REGIÃO;PGFN;3ª REGIÃO;FGSP2016000288;Em cobrança;INSCRITA;Contribuições FGTS;30/10/2016;NAO;484009.16
94.000.288/0001-48;Pessoa jurídica;Principal;HORIZONTE EQUIPAMENTOS LTDA;PE;Não se Aplica;CAIXA;5ª REGIÃO;CSPE2008000289;Em cobrança;INSCRITA;Contribuições LC110 (FGTS);16/11/2008;NAO;405710.15
94.000.289/0001-92;Pessoa jurídica;Principal;INTEGRA EQUIPAMENTOS LTDA;MT;1ª REGIÃO;PGFN;1ª REGIÃO;FGMT2022000290;Em cobrança;ENC PROTESTO;Contribuições FGTS;31/03/2022;NAO;157792.41
94.000.290/0001-17;Pessoa jurídica;Principal;JARDINS EQUIPAMENTOS S.A.;PR;4ª REGIÃO;PGFN;4ª REGIÃO;FGPR2025000291;Benefício Fiscal;AJUIZADA;Contribuições FGTS;07/01/2025;SIM;606297.81
94.000.291/0001-61;Pessoa jurídica;Principal;MONTE ALTO EQUIPAMENTOS LTDA;GO;1ª REGIÃO;PGFN;1ª REGIÃO;CSGO2012000292;Em cobrança;INSCRITA;Contribuições FGTS;25/09/2012;NAO;420701.68
94.000.292/0001-06;Pessoa jurídica;Principal;NOVA ERA EQUIPAMENTOS LTDA;RO;1ª REGIÃO;PGFN;1ª REGIÃO;FGRO2023000293;Em cobrança;INSCRITA;Contribuições LC110 (FGTS);10/03/2023;NAO;480326.50
94.000.293/0001-50;Pessoa jurídica;Principal;PIONEIRA EQUIPAMENTOS S.A.;SC;4ª REGIÃO;PGFN;4ª REGIÃO;FGSC2023000294;Em cobrança;INSCRITA;Contribuições FGTS;05/08/2023;NAO;828617.93
94.000.294/0001-03;Pessoa jurídica;Principal;PLANALTO EQUIPAMENTOS LTDA;MA;1ª REGIÃO;PGFN;1ª REGIÃO;CSMA2024000295;Em cobrança;INSCRITA;Contribuições FGTS;06/09/2024;NAO;537783.83
94.000.295/0001-40;Pessoa jurídica;Principal;RIO CLARO EQUIPAMENTOS LTDA;AC;1ª REGIÃO;PGFN;1ª REGIÃO;FGAC2010000296;Em cobrança;AJUIZADA;Contribuições FGTS;27/09/2010;SIM;763550.30
94.000.296/0001-94;Pessoa jurídica;Principal;SERRA DOURADA EQUIPAMENTOS S.A.;MS;Não se Aplica;CAIXA;1ª REGIÃO;FGMS2023000297;Em cobrança;INSCRITA;Contribuições LC110 (FGTS);18/05/2023;NAO;689908.13
94.000.297/0001-39;Pessoa jurídica;Principal;SOL NASCENTE EQUIPAMENTOS LTDA;PI;1ª REGIÃO;PGFN;1ª REGIÃO;CSPI2009000298;Em cobrança;INSCRITA;Contribuições FGTS;26/10/2009;NAO;186816.13
94.000.298/0001-83;Pessoa jurídica;Principal;VALE FORTE EQUIPAMENTOS LTDA;RR;1ª REGIÃO;PGFN;1ª REGIÃO;FGRR2020000299;Em cobrança;INSCRITA;Contribuições FGTS;22/11/2020;NAO;685630.55
94.000.299/0001-28;Pessoa jurídica;Principal;VILA NOVA EQUIPAMENTOS S.A.;MG;6ª REGIÃO;PGFN;6ª REGIÃO;FGMG2012000300;Em cobrança;INSCRITA;Contribuições FGTS;05/08/2012;NAO;207650.52
90.000.207/0001-59;Pessoa jurídica;Principal;ALVORADA INDUSTRIA FLORESTAL LTDA;DF;1ª REGIÃO;PGFN;1ª REGIÃO;CSDF2024000301;Em cobrança;AJUIZADA;Contribuições LC110 (FGTS);06/05/2024;SIM;697343.14
94.000.301/0001-69;Pessoa jurídica;Principal;BOA VISTA INDUSTRIA FLORESTAL LTDA;AP;1ª REGIÃO;PGFN;1ª REGIÃO;FGAP2019000302;Em cobrança;INSCRITA;Contribuições FGTS;25/11/2019;NAO;395397.49
94.000.302/0001-03;Pessoa jurídica;Principal;CAMINHO VERDE INDUSTRIA FLORESTAL S.A.;BA;1ª REGIÃO;PGFN;1ª REGIÃO;FGBA2024000303;Em cobrança;INSCRITA;Contribuições FGTS;14/03/2024;NAO;527488.88
94.000.303/0001-58;Pessoa jurídica;Principal;CAMPOS DO SUL INDUSTRIA FLORESTAL LTDA;AM;1ª REGIÃO;PGFN;1ª REGIÃO;CSAM2013000304;Em cobrança;INSCRITA;Contribuições FGTS;24/07/2013;NAO;448122.98
94.000.304/0001-00;Pessoa jurídica;Principal;CERRADO INDUSTRIA FLORESTAL LTDA;TO;Não se Aplica;CAIXA;1ª REGIÃO;FGTO2011000305;Em cobrança;INSCRITA;Contribuições LC110 (FGTS);18/07/2011;NAO;893657.43
94.000.305/0001-47;Pessoa jurídica;Principal;COSTA AZUL INDUSTRIA FLORESTAL S.A.;CE;5ª REGIÃO;PGFN;5ª REGIÃO;FGCE2019000306;Em cobrança;AJUIZADA;Contribuições FGTS;12/12/2019;SIM;771426.67
94.000.306/0001-91;Pessoa jurídica;Principal;CRUZEIRO INDUSTRIA FLORESTAL LTDA;PA;1ª REGIÃO;PGFN;1ª REGIÃO;CSPA2024000307;Em cobrança;ENC PROTESTO;Contribuições FGTS;13/08/2024;NAO;40057.44
94.000.307/0001-36;Pessoa jurídica;Principal;ESTRELA DO NORTE INDUSTRIA FLORESTAL LTDA;SP;3ª REGIÃO;PGFN;3ª REGIÃO;FGSP2016000308;Em cobrança;INSCRITA;Contribuições FGTS;02/10/2016;NAO;557667.67
94.000.308/0001-80;Pessoa jurídica;Principal;HORIZONTE INDUSTRIA FLORESTAL S.A.;PE;5ª REGIÃO;PGFN;5ª REGIÃO;FGPE2015000309;Em cobrança;INSCRITA;Contribuições LC110 (FGTS);16/09/2015;NAO;55174.36
94.000.309/0001-25;Pessoa jurídica;Principal;INTEGRA INDUSTRIA FLORESTAL LTDA;MT;1ª REGIÃO;PGFN;1ª REGIÃO;CSMT2012000310;Em cobrança;INSCRITA;Contribuições FGTS;29/11/2012;NAO;741006.40
94.000.310/0001-50;Pessoa jurídica;Corresponsável;JARDINS INDUSTRIA FLORESTAL LTDA;PR;4ª REGIÃO;PGFN;4ª REGIÃO;FGPR2018000311;Em cobrança;AJUIZADA;Contribuições FGTS;14/05/2018;SIM;472609.42
94.000.311/0001-02;Pessoa jurídica;Principal;MONTE ALTO INDUSTRIA FLORESTAL S.A.;GO;1ª REGIÃO;PGFN;1ª REGIÃO;FGGO2025000312;Em cobrança;INSCRITA;Contribuições FGTS;07/07/2025;NAO;446102.45
94.000.312/0001-49;Pessoa jurídica;Principal;NOVA ERA INDUSTRIA FLORESTAL LTDA;RO;Não se Aplica;CAIXA;1ª REGIÃO;CSRO2008000313;Em cobrança;INSCRITA;Contribuições LC110 (FGTS);03/06/2008;NAO;658033.81
94.000.313/0001-93;Pessoa jurídica;Principal;PIONEIRA INDUSTRIA FLORESTAL LTDA;SC;4ª REGIÃO;PGFN;4ª REGIÃO;FGSC2015000314;Em cobrança;INSCRITA;Contribuições FGTS;16/05/2015;NAO;479245.76
94.000.314/0001-38;Pessoa jurídica;Principal;PLANALTO INDUSTRIA FLORESTAL S.A.;MA;1ª REGIÃO;PGFN;1ª REGIÃO;FGMA2021000315;Em cobrança;INSCRITA;Contribuições FGTS;12/12/2021;NAO;431128.80
94.000.315/0001-82;Pessoa jurídica;Principal;RIO CLARO INDUSTRIA FLORESTAL LTDA;AC;1ª REGIÃO;PGFN;1ª REGIÃO;CSAC2013000316;Em cobrança;AJUIZADA;Contribuições FGTS;02/11/2013;SIM;105386.06
94.000.316/0001-27;Pessoa jurídica;Principal;SERRA DOURADA INDUSTRIA FLORESTAL LTDA;MS;1ª REGIÃO;PGFN;1ª REGIÃO;FGMS2025000317;Em cobrança;INSCRITA;Contribuições LC110 (FGTS);02/06/2025;NAO;5820.60
94.000.317/0001-71;Pessoa jurídica;Principal;SOL NASCENTE INDUSTRIA FLORESTAL S.A.;PI;1ª REGIÃO;PGFN;1ª REGIÃO;FGPI2012000318;Em cobrança;INSCRITA;Contribuições FGTS;24/04/2012;NAO;184962.79
94.000.318/0001-16;Pessoa jurídica;Principal;VALE FORTE INDUSTRIA FLORESTAL LTDA;RR;1ª REGIÃO;PGFN;1ª REGIÃO;CSRR2017000319;Em cobrança;INSCRITA;Contribuições FGTS;24/12/2017;NAO;569555.98
94.000.319/0001-60;Pessoa jurídica;Principal;VILA NOVA INDUSTRIA FLORESTAL LTDA;MG;6ª REGIÃO;PGFN;6ª REGIÃO;FGMG2022000320;Benefício Fiscal;AJUIZ PARCELADA;Contribuições FGTS;09/10/2022;SIM;338625.42
94.000.320/0001-95;Pessoa jurídica;Principal;ALVORADA MINERACAO S.A.;DF;Não se Aplica;CAIXA;1ª REGIÃO;FGDF2018000321;Em cobrança;AJUIZADA;Contribuições LC110 (FGTS);21/03/2018;SIM;411552.27
94.000.321/0001-30;Pessoa jurídica;Principal;BOA VISTA MINERACAO LTDA;AP;1ª REGIÃO;PGFN;1ª REGIÃO;CSAP2019000322;Em cobrança;INSCRITA;Contribuições FGTS;21/06/2019;NAO;839371.50
90.000.273/0001-29;Pessoa jurídica;Principal;CAMINHO VERDE MINERACAO LTDA;BA;1ª REGIÃO;PGFN;1ª REGIÃO;FGBA2017000323;Em cobrança;INSCRITA;Contribuições FGTS;21/10/2017;NAO;742392.75
94.000.323/0001-29;Pessoa jurídica;Principal;CAMPOS DO SUL MINERACAO S.A.;AM;1ª REGIÃO;PGFN;1ª REGIÃO;FGAM2012000324;Em cobrança;ENC PROTESTO;Contribuições FGTS;09/12/2012;NAO;224317.30
94.000.324/0001-73;Pessoa jurídica;Principal;CERRADO MINERACAO LTDA;TO;1ª REGIÃO;PGFN;1ª REGIÃO;CSTO2025000325;Em cobrança;INSCRITA;Contribuições LC110 (FGTS);14/12/2025;NAO;444026.23
94.000.325/0001-18;Pessoa jurídica;Principal;COSTA AZUL MINERACAO LTDA;CE;5ª REGIÃO;PGFN;5ª REGIÃO;FGCE2012000326;Em cobrança;AJUIZADA;Contribuições FGTS;08/09/2012;SIM;750253.29
94.000.326/0001-62;Pessoa jurídica;Principal;CRUZEIRO MINERACAO S.A.;PA;1ª REGIÃO;PGFN;1ª REGIÃO;FGPA2018000327;Em cobrança;INSCRITA;Contribuições FGTS;24/11/2018;NAO;65916.62
94.000.327/0001-07;Pessoa jurídica;Principal;ESTRELA DO NORTE MINERACAO LTDA;SP;3ª REGIÃO;PGFN;3ª REGIÃO;CSSP2009000328;Em cobrança;INSCRITA;Contribuições FGTS;27/06/2009;NAO;813324.45
94.000.328/0001-51;Pessoa jurídica;Principal;HORIZONTE MINERACAO LTDA;PE;Não se Aplica;CAIXA;5ª REGIÃO;FGPE2020000329;Em cobrança;INSCRITA;Contribuições LC110 (FGTS);03/02/2020;NAO;479776.35
94.000.329/0001-04;Pessoa jurídica;Principal;INTEGRA MINERACAO S.A.;MT;1ª REGIÃO;PGFN;1ª REGIÃO;FGMT2020000330;Em cobrança;INSCRITA;Contribuições FGTS;21/04/2020;NAO;228362.66
94.000.330/0001-20;Pessoa jurídica;Principal;JARDINS MINERACAO LTDA;PR;4ª REGIÃO;PGFN;4ª REGIÃO;CSPR2023000331;Em cobrança;AJUIZADA;Contribuições FGTS;21/07/2023;SIM;837754.59
94.000.331/0001-75;Pessoa jurídica;Principal;MONTE ALTO MINERACAO LTDA;GO;1ª REGIÃO;PGFN;1ª REGIÃO;FGGO2021000332;Em cobrança;INSCRITA;Contribuições FGTS;27/08/2021;NAO;812336.01
94.000.332/0001-10;Pessoa jurídica;Principal;NOVA ERA MINERACAO S.A.;RO;1ª REGIÃO;PGFN;1ª REGIÃO;FGRO2013000333;Em cobrança;INSCRITA;Contribuições LC110 (FGTS);05/11/2013;NAO;716388.86
94.000.333/0001-64;Pessoa jurídica;Principal;PIONEIRA MINERACAO LTDA;SC;4ª REGIÃO;PGFN;4ª REGIÃO;CSSC2008000334;Em cobrança;INSCRITA;Contribuições FGTS;01/08/2008;NAO;149817.40
94.000.334/0001-09;Pessoa jurídica;Principal;PLANALTO MINERACAO LTDA;MA;1ª REGIÃO;PGFN;1ª REGIÃO;FGMA2026000335;Em cobrança;INSCRITA;Contribuições FGTS;28/04/2026;NAO;169066.23
94.000.335/0001-53;Pessoa jurídica;Principal;RIO CLARO MINERACAO S.A.;AC;1ª REGIÃO;PGFN;1ª REGIÃO;FGAC2014000336;Em cobrança;AJUIZADA;Contribuições FGTS;29/04/2014;SIM;399562.34
94.000.336/0001-06;Pessoa jurídica;Principal;SERRA DOURADA MINERACAO LTDA;MS;Não se Aplica;CAIXA;1ª REGIÃO;CSMS2010000337;Em cobrança;INSCRITA;Contribuições LC110 (FGTS);02/12/2010;NAO;194927.60
94.000.337/0001-42;Pessoa jurídica;Principal;SOL NASCENTE MINERACAO LTDA;PI;1ª REGIÃO;PGFN;1ª REGIÃO;FGPI2022000338;Em cobrança;INSCRITA;Contribuições FGTS;26/08/2022;NAO;102973.08
94.000.338/0001-97;Pessoa jurídica;Principal;VALE FORTE MINERACAO S.A.;RR;1ª REGIÃO;PGFN;1ª REGIÃO;FGRR2025000339;Em cobrança;INSCRITA;Contribuições FGTS;16/10/2025;NAO;671086.17
94.000.339/0001-31;Pessoa jurídica;Principal;VILA NOVA MINERACAO LTDA;MG;6ª REGIÃO;PGFN;6ª REGIÃO;CSMG2024000340;Em cobrança;INSCRITA;Contribuições FGTS;11/02/2024;NAO;825914.23
94.000.340/0001-66;Pessoa jurídica;Principal;ALVORADA OBRAS E SERVICOS LTDA;DF;1ª REGIÃO;PGFN;1ª REGIÃO;FGDF2015000341;Em cobrança;AJUIZADA;Contribuições LC110 (FGTS);02/07/2015;SIM;630468.76
94.000.341/0001-00;Pessoa jurídica;Corresponsável;BOA VISTA OBRAS E SERVICOS S.A.;AP;1ª REGIÃO;PGFN;1ª REGIÃO;FGAP2009000342;Em cobrança;INSCRITA;Contribuições FGTS;06/07/2009;NAO;868531.91
94.000.342/0001-55;Pessoa jurídica;Principal;CAMINHO VERDE OBRAS E SERVICOS LTDA;BA;1ª REGIÃO;PGFN;1ª REGIÃO;CSBA2023000343;Em cobrança;INSCRITA;Contribuições FGTS;31/07/2023;NAO;306525.96
94.000.343/0001-08;Pessoa jurídica;Principal;CAMPOS DO SUL OBRAS E SERVICOS LTDA;AM;1ª REGIÃO;PGFN;1ª REGIÃO;FGAM2013000344;Em cobrança;INSCRITA;Contribuições FGTS;03/01/2013;NAO;751416.47
90.000.283/0001-64;Pessoa jurídica;Principal;CERRADO OBRAS E SERVICOS S.A.;TO;Não se Aplica;CAIXA;1ª REGIÃO;FGTO2011000345;Em cobrança;INSCRITA;Contribuições LC110 (FGTS);28/01/2011;NAO;804494.86
94.000.345/0001-99;Pessoa jurídica;Principal;COSTA AZUL OBRAS E SERVICOS LTDA;CE;5ª REGIÃO;PGFN;5ª REGIÃO;CSCE2026000346;Em cobrança;AJUIZADA;Contribuições FGTS;08/01/2026;SIM;785636.04
94.000.346/0001-33;Pessoa jurídica;Principal;CRUZEIRO OBRAS E SERVICOS LTDA;PA;1ª REGIÃO;PGFN;1ª REGIÃO;FGPA2010000347;Em cobrança;INSCRITA;Contribuições FGTS;25/08/2010;NAO;345585.28
94.000.347/0001-88;Pessoa jurídica;Principal;ESTRELA DO NORTE OBRAS E SERVICOS S.A.;SP;3ª REGIÃO;PGFN;3ª REGIÃO;FGSP2014000348;Em cobrança;INSCRITA;Contribuições FGTS;05/07/2014;NAO;713855.79
94.000.348/0001-22;Pessoa jurídica;Principal;HORIZONTE OBRAS E SERVICOS LTDA;PE;5ª REGIÃO;PGFN;5ª REGIÃO;CSPE2018000349;Benefício Fiscal;AJUIZ PARCELADA;Contribuições LC110 (FGTS);19/12/2018;SIM;514148.21
94.000.349/0001-77;Pessoa jurídica;Principal;INTEGRA OBRAS E SERVICOS LTDA;MT;1ª REGIÃO;PGFN;1ª REGIÃO;FGMT2017000350;Em cobrança;INSCRITA;Contribuições FGTS;29/12/2017;NAO;250195.19
94.000.350/0001-00;Pessoa jurídica;Principal;JARDINS OBRAS E SERVICOS S.A.;PR;4ª REGIÃO;PGFN;4ª REGIÃO;FGPR2014000351;Em cobrança;AJUIZADA;Contribuições FGTS;21/11/2014;SIM;84822.57
94.000.351/0001-46;Pessoa jurídica;Principal;MONTE ALTO OBRAS E SERVICOS LTDA;GO;1ª REGIÃO;PGFN;1ª REGIÃO;CSGO2017000352;Em cobrança;INSCRITA;Contribuições FGTS;01/05/2017;NAO;533663.20
94.000.352/0001-90;Pessoa jurídica;Principal;NOVA ERA OBRAS E SERVICOS LTDA;RO;Não se Aplica;CAIXA;1ª REGIÃO;FGRO2014000353;Em cobrança;INSCRITA;Contribuições LC110 (FGTS);22/09/2014;NAO;781843.70
94.000.353/0001-35;Pessoa jurídica;Principal;PIONEIRA OBRAS E SERVICOS S.A.;SC;4ª REGIÃO;PGFN;4ª REGIÃO;FGSC2021000354;Em cobrança;INSCRITA;Contribuições FGTS;18/03/2021;NAO;99198.65
94.000.354/0001-80;Pessoa jurídica;Principal;PLANALTO OBRAS E SERVICOS LTDA;MA;1ª REGIÃO;PGFN;1ª REGIÃO;CSMA2025000355;Em cobrança;INSCRITA;Contribuições FGTS;03/01/2025;NAO;173134.99
94.000.355/0001-24;Pessoa jurídica;Principal;RIO CLARO OBRAS E SERVICOS LTDA;AC;1ª REGIÃO;PGFN;1ª REGIÃO;FGAC2012000356;Em cobrança;AJUIZADA;Contribuições FGTS;15/02/2012;SIM;102280.68
94.000.356/0001-79;Pessoa jurídica;Principal;SERRA DOURADA OBRAS E SERVICOS S.A.;MS;1ª REGIÃO;PGFN;1ª REGIÃO;FGMS2016000357;Em cobrança;INSCRITA;Contribuições LC110 (FGTS);22/09/2016;NAO;325240.92
94.000.357/0001-13;Pessoa jurídica;Principal;SOL NASCENTE OBRAS E SERVICOS LTDA;PI;1ª REGIÃO;PGFN;1ª REGIÃO;CSPI2026000358;Em cobrança;ENC PROTESTO;Contribuições FGTS;04/02/2026;NAO;529261.66
94.000.358/0001-68;Pessoa jurídica;Principal;VALE FORTE OBRAS E SERVICOS LTDA;RR;1ª REGIÃO;PGFN;1ª REGIÃO;FGRR2012000359;Em cobrança;INSCRITA;Contribuições FGTS;29/08/2012;NAO;298597.80
94.000.359/0001-02;Pessoa jurídica;Principal;VILA NOVA OBRAS E SERVICOS S.A.;MG;6ª REGIÃO;PGFN;6ª REGIÃO;FGMG2016000360;Em cobrança;INSCRITA;Contribuições FGTS;15/03/2016;NAO;704762.25
94.000.360/0001-37;Pessoa jurídica;Principal;ALVORADA PRODUTOS AGRICOLAS LTDA;DF;Não se Aplica;CAIXA;1ª REGIÃO;CSDF2014000361;Em cobrança;AJUIZADA;Contribuições LC110 (FGTS);09/02/2014;SIM;634325.77
94.000.361/0001-81;Pessoa jurídica;Principal;BOA VISTA PRODUTOS AGRICOLAS LTDA;AP;1ª REGIÃO;PGFN;1ª REGIÃO;FGAP2023000362;Em cobrança;INSCRITA;Contribuições FGTS;23/10/2023;NAO;549406.20
94.000.362/0001-26;Pessoa jurídica;Principal;CAMINHO VERDE PRODUTOS AGRICOLAS S.A.;BA;1ª REGIÃO;PGFN;1ª REGIÃO;FGBA2015000363;Em cobrança;INSCRITA;Contribuições FGTS;14/11/2015;NAO;733663.07
94.000.363/0001-70;Pessoa jurídica;Principal;CAMPOS DO SUL PRODUTOS AGRICOLAS LTDA;AM;1ª REGIÃO;PGFN;1ª REGIÃO;CSAM2020000364;Em cobrança;INSCRITA;Contribuições FGTS;11/11/2020;NAO;228359.44
94.000.364/0001-15;Pessoa jurídica;Principal;CERRADO PRODUTOS AGRICOLAS LTDA;TO;1ª REGIÃO;PGFN;1ª REGIÃO;FGTO2011000365;Em cobrança;INSCRITA;Contribuições LC110 (FGTS);18/06/2011;NAO;660601.33
94.000.365/0001-60;Pessoa jurídica;Principal;COSTA AZUL PRODUTOS AGRICOLAS S.A.;CE;5ª REGIÃO;PGFN;5ª REGIÃO;FGCE2011000366;Em cobrança;AJUIZADA;Contribuições FGTS;16/12/2011;SIM;817326.09
90.000.313/0001-32;Pessoa jurídica;Principal;CRUZEIRO PRODUTOS AGRICOLAS LTDA;PA;1ª REGIÃO;PGFN;1ª REGIÃO;CSPA2024000367;Em cobrança;INSCRITA;Contribuições FGTS;05/10/2024;NAO;140717.79
94.000.367/0001-59;Pessoa jurídica;Principal;ESTRELA DO NORTE PRODUTOS AGRICOLAS LTDA;SP;3ª REGIÃO;PGFN;3ª REGIÃO;FGSP2009000368;Em cobrança;INSCRITA;Contribuições FGTS;04/03/2009;NAO;302341.06
94.000.368/0001-01;Pessoa jurídica;Principal;HORIZONTE PRODUTOS AGRICOLAS S.A.;PE;Não se Aplica;CAIXA;5ª REGIÃO;FGPE2023000369;Em cobrança;INSCRITA;Contribuições LC110 (FGTS);20/10/2023;NAO;113388.18
94.000.369/0001-48;Pessoa jurídica;Principal;INTEGRA PRODUTOS AGRICOLAS LTDA;MT;1ª REGIÃO;PGFN;1ª REGIÃO;CSMT2015000370;Em cobrança;INSCRITA;Contribuições FGTS;04/04/2015;NAO;361636.56
94.000.370/0001-72;Pessoa jurídica;Principal;JARDINS PRODUTOS AGRICOLAS LTDA;PR;4ª REGIÃO;PGFN;4ª REGIÃO;FGPR2021000371;Em cobrança;AJUIZADA;Contribuições FGTS;21/01/2021;SIM;85251.33
94.000.371/0001-17;Pessoa jurídica;Principal;MONTE ALTO PRODUTOS AGRICOLAS S.A.;GO;1ª REGIÃO;PGFN;1ª REGIÃO;FGGO2025000372;Em cobrança;INSCRITA;Contribuições FGTS;20/10/2025;NAO;675547.49
94.000.372/0001-61;Pessoa jurídica;Corresponsável;NOVA ERA PRODUTOS AGRICOLAS LTDA;RO;1ª REGIÃO;PGFN;1ª REGIÃO;CSRO2021000373;Em cobrança;INSCRITA;Contribuições LC110 (FGTS);03/11/2021;NAO;915984.05
94.000.373/0001-06;Pessoa jurídica;Principal;PIONEIRA PRODUTOS AGRICOLAS LTDA;SC;4ª REGIÃO;PGFN;4ª REGIÃO;FGSC2010000374;Em cobrança;INSCRITA;Contribuições FGTS;22/04/2010;NAO;486608.04
94.000.374/0001-50;Pessoa jurídica;Principal;PLANALTO PRODUTOS AGRICOLAS S.A.;MA;1ª REGIÃO;PGFN;1ª REGIÃO;FGMA2023000375;Em cobrança;ENC PROTESTO;Contribuições FGTS;29/04/2023;NAO;110882.37
94.000.375/0001-03;Pessoa jurídica;Principal;RIO CLARO PRODUTOS AGRICOLAS LTDA;AC;1ª REGIÃO;PGFN;1ª REGIÃO;CSAC2021000376;Em cobrança;AJUIZADA;Contribuições FGTS;13/06/2021;SIM;776429.17
94.000.376/0001-40;Pessoa jurídica;Principal;SERRA DOURADA PRODUTOS AGRICOLAS LTDA;MS;Não se Aplica;CAIXA;1ª REGIÃO;FGMS2012000377;Em cobrança;INSCRITA;Contribuições LC110 (FGTS);09/07/2012;NAO;173432.87
94.000.377/0001-94;Pessoa jurídica;Principal;SOL NASCENTE PRODUTOS AGRICOLAS S.A.;PI;1ª REGIÃO;PGFN;1ª REGIÃO;FGPI2013000378;Benefício Fiscal;AJUIZ PARCELADA;Contribuições FGTS;04/05/2013;SIM;663384.53
94.000.378/0001-39;Pessoa jurídica;Principal;VALE FORTE PRODUTOS AGRICOLAS LTDA;RR;1ª REGIÃO;PGFN;1ª REGIÃO;CSRR2008000379;Em cobrança;INSCRITA;Contribuições FGTS;23/07/2008;NAO;471745.02
94.000.379/0001-83;Pessoa jurídica;Principal;VILA NOVA PRODUTOS AGRICOLAS LTDA;MG;6ª REGIÃO;PGFN;6ª REGIÃO;FGMG2008000380;Em cobrança;INSCRITA;Contribuições FGTS;13/03/2008;NAO;857569.58
94.000.380/0001-08;Pessoa jurídica;Principal;ALVORADA SERVICOS AMBIENTAIS S.A.;DF;1ª REGIÃO;PGFN;1ª REGIÃO;FGDF2014000381;Em cobrança;AJUIZADA;Contribuições LC110 (FGTS);26/04/2014;SIM;295153.20
94.000.381/0001-52;Pessoa jurídica;Principal;BOA VISTA SERVICOS AMBIENTAIS LTDA;AP;1ª REGIÃO;PGFN;1ª REGIÃO;CSAP2016000382;Em cobrança;INSCRITA;Contribuições FGTS;07/07/2016;NAO;653936.16
94.000.382/0001-05;Pessoa jurídica;Principal;CAMINHO VERDE SERVICOS AMBIENTAIS LTDA;BA;1ª REGIÃO;PGFN;1ª REGIÃO;FGBA2024000383;Em cobrança;INSCRITA;Contribuições FGTS;28/06/2024;NAO;175484.52
94.000.383/0001-41;Pessoa jurídica;Principal;CAMPOS DO SUL SERVICOS AMBIENTAIS S.A.;AM;1ª REGIÃO;PGFN;1ª REGIÃO;FGAM2026000384;Em cobrança;INSCRITA;Contribuições FGTS;20/06/2026;NAO;825192.57
94.000.384/0001-96;Pessoa jurídica;Principal;CERRADO SERVICOS AMBIENTAIS LTDA;TO;Não se Aplica;CAIXA;1ª REGIÃO;CSTO2019000385;Em cobrança;INSCRITA;Contribuições LC110 (FGTS);16/11/2019;NAO;181926.00
94.000.385/0001-30;Pessoa jurídica;Principal;COSTA AZUL SERVICOS AMBIENTAIS LTDA;CE;5ª REGIÃO;PGFN;5ª REGIÃO;FGCE2013000386;Em cobrança;AJUIZADA;Contribuições FGTS;05/04/2013;SIM;319996.25
94.000.386/0001-85;Pessoa jurídica;Principal;CRUZEIRO SERVICOS AMBIENTAIS S.A.;PA;1ª REGIÃO;PGFN;1ª REGIÃO;FGPA2011000387;Em cobrança;INSCRITA;Contribuições FGTS;02/10/2011;NAO;784112.18
94.000.387/0001-20;Pessoa jurídica;Principal;ESTRELA DO NORTE SERVICOS AMBIENTAIS LTDA;SP;3ª REGIÃO;PGFN;3ª REGIÃO;CSSP2016000388;Em cobrança;INSCRITA;Contribuições FGTS;06/01/2016;NAO;552654.08
90.000.332/0001-69;Pessoa jurídica;Principal;HORIZONTE SERVICOS AMBIENTAIS LTDA;PE;5ª REGIÃO;PGFN;5ª REGIÃO;FGPE2019000389;Em cobrança;INSCRITA;Contribuições LC110 (FGTS);16/11/2019;NAO;718491.81
94.000.389/0001-19;Pessoa jurídica;Principal;INTEGRA SERVICOS AMBIENTAIS S.A.;MT;1ª REGIÃO;PGFN;1ª REGIÃO;FGMT2020000390;Em cobrança;INSCRITA;Contribuições FGTS;13/02/2020;NAO;915982.64
94.000.390/0001-43;Pessoa jurídica;Principal;JARDINS SERVICOS AMBIENTAIS LTDA;PR;4ª REGIÃO;PGFN;4ª REGIÃO;CSPR2020000391;Em cobrança;AJUIZADA;Contribuições FGTS;21/03/2020;SIM;776719.71
94.000.391/0001-98;Pessoa jurídica;Principal;MONTE ALTO SERVICOS AMBIENTAIS LTDA;GO;1ª REGIÃO;PGFN;1ª REGIÃO;FGGO2016000392;Em cobrança;ENC PROTESTO;Contribuições FGTS;20/05/2016;NAO;728168.15
94.000.392/0001-32;Pessoa jurídica;Principal;NOVA ERA SERVICOS AMBIENTAIS S.A.;RO;Não se Aplica;CAIXA;1ª REGIÃO;FGRO2014000393;Em cobrança;INSCRITA;Contribuições LC110 (FGTS);11/03/2014;NAO;828007.30
94.000.393/0001-87;Pessoa jurídica;Principal;PIONEIRA SERVICOS AMBIENTAIS LTDA;SC;4ª REGIÃO;PGFN;4ª REGIÃO;CSSC2021000394;Em cobrança;INSCRITA;Contribuições FGTS;23/02/2021;NAO;267903.53
94.000.394/0001-21;Pessoa jurídica;Principal;PLANALTO SERVICOS AMBIENTAIS LTDA;MA;1ª REGIÃO;PGFN;1ª REGIÃO;FGMA2024000395;Em cobrança;INSCRITA;Contribuições FGTS;26/03/2024;NAO;418803.02
94.000.395/0001-76;Pessoa jurídica;Principal;RIO CLARO SERVICOS AMBIENTAIS S.A.;AC;1ª REGIÃO;PGFN;1ª REGIÃO;FGAC2012000396;Em cobrança;AJUIZADA;Contribuições FGTS;26/06/2012;SIM;437767.43
94.000.396/0001-10;Pessoa jurídica;Principal;SERRA DOURADA SERVICOS AMBIENTAIS LTDA;MS;1ª REGIÃO;PGFN;1ª REGIÃO;CSMS2010000397;Em cobrança;INSCRITA;Contribuições LC110 (FGTS);08/05/2010;NAO;234111.17
94.000.397/0001-65;Pessoa jurídica;Principal;SOL NASCENTE SERVICOS AMBIENTAIS LTDA;PI;1ª REGIÃO;PGFN;1ª REGIÃO;FGPI2019000398;Em cobrança;INSCRITA;Contribuições FGTS;06/11/2019;NAO;833247.53
94.000.398/0001-00;Pessoa jurídica;Principal;VALE FORTE SERVICOS AMBIENTAIS S.A.;RR;1ª REGIÃO;PGFN;1ª REGIÃO;FGRR2021000399;Em cobrança;INSCRITA;Contribuições FGTS;20/01/2021;NAO;42695.26
94.000.399/0001-54;Pessoa jurídica;Principal;VILA NOVA SERVICOS AMBIENTAIS LTDA;MG;6ª REGIÃO;PGFN;6ª REGIÃO;CSMG2017000400;Em cobrança;INSCRITA;Contribuições FGTS;13/02/2017;NAO;31247.98
94.000.400/0001-40;Pessoa jurídica;Principal;ALVORADA TECNOLOGIA LTDA;DF;Não se Aplica;CAIXA;1ª REGIÃO;FGDF2009000401;Em cobrança;AJUIZADA;Contribuições LC110 (FGTS);31/03/2009;SIM;382849.47
94.000.401/0001-95;Pessoa jurídica;Principal;BOA VISTA TECNOLOGIA S.A.;AP;1ª REGIÃO;PGFN;1ª REGIÃO;FGAP2013000402;Em cobrança;INSCRITA;Contribuições FGTS;06/08/2013;NAO;249858.26
94.000.402/0001-30;Pessoa jurídica;Principal;CAMINHO VERDE TECNOLOGIA LTDA;BA;1ª REGIÃO;PGFN;1ª REGIÃO;CSBA2024000403;Em cobrança;INSCRITA;Contribuições FGTS;01/02/2024;NAO;286859.33
94.000.403/0001-84;Pessoa jurídica;Corresponsável;CAMPOS DO SUL TECNOLOGIA LTDA;AM;1ª REGIÃO;PGFN;1ª REGIÃO;FGAM2020000404;Em cobrança;INSCRITA;Contribuições FGTS;11/08/2020;NAO;723348.46
94.000.404/0001-29;Pessoa jurídica;Principal;CERRADO TECNOLOGIA S.A.;TO;1ª REGIÃO;PGFN;1ª REGIÃO;FGTO2015000405;Em cobrança;INSCRITA;Contribuições LC110 (FGTS);04/03/2015;NAO;675210.22
94.000.405/0001-73;Pessoa jurídica;Principal;COSTA AZUL TECNOLOGIA LTDA;CE;5ª REGIÃO;PGFN;5ª REGIÃO;CSCE2020000406;Em cobrança;AJUIZADA;Contribuições FGTS;27/02/2020;SIM;464293.15
94.000.406/0001-18;Pessoa jurídica;Principal;CRUZEIRO TECNOLOGIA LTDA;PA;1ª REGIÃO;PGFN;1ª REGIÃO;FGPA2024000407;Benefício Fiscal;AJUIZ PARCELADA;Contribuições FGTS;01/12/2024;SIM;495039.73
94.000.407/0001-62;Pessoa jurídica;Principal;ESTRELA DO NORTE TECNOLOGIA S.A.;SP;3ª REGIÃO;PGFN;3ª REGIÃO;FGSP2010000408;Em cobrança;INSCRITA;Contribuições FGTS;26/11/2010;NAO;930163.74
94.000.408/0001-07;Pessoa jurídica;Principal;HORIZONTE TECNOLOGIA LTDA;PE;Não se Aplica;CAIXA;5ª REGIÃO;CSPE2014000409;Em cobrança;ENC PROTESTO;Contribuições LC110 (FGTS);01/08/2014;NAO;457517.53
94.000.409/0001-51;Pessoa jurídica;Principal;INTEGRA TECNOLOGIA LTDA;MT;1ª REGIÃO;PGFN;1ª REGIÃO;FGMT2008000410;Em cobrança;INSCRITA;Contribuições FGTS;09/03/2008;NAO;298916.77
94.000.410/0001-86;Pessoa jurídica;Principal;JARDINS TECNOLOGIA S.A.;PR;4ª REGIÃO;PGFN;4ª REGIÃO;FGPR2016000411;Em cobrança;AJUIZADA;Contribuições FGTS;21/08/2016;SIM;24023.81
90.000.336/0001-47;Pessoa jurídica;Principal;MONTE ALTO TECNOLOGIA LTDA;GO;1ª REGIÃO;PGFN;1ª REGIÃO;CSGO2008000412;Em cobrança;INSCRITA;Contribuições FGTS;20/09/2008;NAO;737792.81
94.000.412/0001-75;Pessoa jurídica;Principal;NOVA ERA TECNOLOGIA LTDA;RO;1ª REGIÃO;PGFN;1ª REGIÃO;FGRO2016000413;Em cobrança;INSCRITA;Contribuições LC110 (FGTS);08/03/2016;NAO;121434.93
94.000.413/0001-10;Pessoa jurídica;Principal;PIONEIRA TECNOLOGIA S.A.;SC;4ª REGIÃO;PGFN;4ª REGIÃO;FGSC2009000414;Em cobrança;INSCRITA;Contribuições FGTS;08/04/2009;NAO;899978.44
94.000.414/0001-64;Pessoa jurídica;Principal;PLANALTO TECNOLOGIA LTDA;MA;1ª REGIÃO;PGFN;1ª REGIÃO;CSMA2022000415;Em cobrança;INSCRITA;Contribuições FGTS;20/11/2022;NAO;560512.32
94.000.415/0001-09;Pessoa jurídica;Principal;RIO CLARO TECNOLOGIA LTDA;AC;1ª REGIÃO;PGFN;1ª REGIÃO;FGAC2025000416;Em cobrança;AJUIZADA;Contribuições FGTS;08/04/2025;SIM;256971.11
94.000.416/0001-53;Pessoa jurídica;Principal;SERRA DOURADA TECNOLOGIA S.A.;MS;Não se Aplica;CAIXA;1ª REGIÃO;FGMS2022000417;Em cobrança;INSCRITA;Contribuições LC110 (FGTS);11/10/2022;NAO;363828.23
94.000.417/0001-06;Pessoa jurídica;Principal;SOL NASCENTE TECNOLOGIA LTDA;PI;1ª REGIÃO;PGFN;1ª REGIÃO;CSPI2023000418;Em cobrança;INSCRITA;Contribuições FGTS;05/01/2023;NAO;322924.22
94.000.418/0001-42;Pessoa jurídica;Principal;VALE FORTE TECNOLOGIA LTDA;RR;1ª REGIÃO;PGFN;1ª REGIÃO;FGRR2021000419;Em cobrança;INSCRITA;Contribuições FGTS;06/10/2021;NAO;899349.46
94.000.419/0001-97;Pessoa jurídica;Principal;VILA NOVA TECNOLOGIA S.A.;MG;6ª REGIÃO;PGFN;6ª REGIÃO;FGMG2016000420;Em cobrança;INSCRITA;Contribuições FGTS;19/06/2016;NAO;411437.25
94.000.420/0001-11;Pessoa jurídica;Principal;ALVORADA TRANSPORTES LTDA;DF;1ª REGIÃO;PGFN;1ª REGIÃO;CSDF2008000421;Em cobrança;AJUIZADA;Contribuições LC110 (FGTS);25/11/2008;SIM;556237.64
94.000.421/0001-66;Pessoa jurídica;Principal;BOA VISTA TRANSPORTES LTDA;AP;1ª REGIÃO;PGFN;1ª REGIÃO;FGAP2011000422;Em cobrança;INSCRITA;Contribuições FGTS;06/03/2011;NAO;48943.34
94.000.422/0001-00;Pessoa jurídica;Principal;CAMINHO VERDE TRANSPORTES S.A.;BA;1ª REGIÃO;PGFN;1ª REGIÃO;FGBA2023000423;Em cobrança;INSCRITA;Contribuições FGTS;17/06/2023;NAO;328862.18
94.000.423/0001-55;Pessoa jurídica;Principal;CAMPOS DO SUL TRANSPORTES LTDA;AM;1ª REGIÃO;PGFN;1ª REGIÃO;CSAM2018000424;Em cobrança;INSCRITA;Contribuições FGTS;24/08/2018;NAO;461534.08
94.000.424/0001-08;Pessoa jurídica;Principal;CERRADO TRANSPORTES LTDA;TO;Não se Aplica;CAIXA;1ª REGIÃO;FGTO2015000425;Em cobrança;INSCRITA;Contribuições LC110 (FGTS);24/03/2015;NAO;22959.38
94.000.425/0001-44;Pessoa jurídica;Principal;COSTA AZUL TRANSPORTES S.A.;CE;5ª REGIÃO;PGFN;5ª REGIÃO;FGCE2017000426;Em cobrança;AJUIZADA;Contribuições FGTS;03/10/2017;SIM;638748.94
94.000.426/0001-99;Pessoa jurídica;Principal;CRUZEIRO TRANSPORTES LTDA;PA;1ª REGIÃO;PGFN;1ª REGIÃO;CSPA2024000427;Em cobrança;INSCRITA;Contribuições FGTS;05/03/2024;NAO;176058.96
94.000.427/0001-33;Pessoa jurídica;Principal;ESTRELA DO NORTE TRANSPORTES LTDA;SP;3ª REGIÃO;PGFN;3ª REGIÃO;FGSP2021000428;Em cobrança;INSCRITA;Contribuições FGTS;22/11/2021;NAO;810794.12
94.000.428/0001-88;Pessoa jurídica;Principal;HORIZONTE TRANSPORTES S.A.;PE;5ª REGIÃO;PGFN;5ª REGIÃO;FGPE2008000429;Em cobrança;INSCRITA;Contribuições LC110 (FGTS);13/04/2008;NAO;328236.50
94.000.429/0001-22;Pessoa jurídica;Principal;INTEGRA TRANSPORTES LTDA;MT;1ª REGIÃO;PGFN;1ª REGIÃO;CSMT2008000430;Em cobrança;INSCRITA;Contribuições FGTS;19/03/2008;NAO;769843.20
94.000.430/0001-57;Pessoa jurídica;Principal;JARDINS TRANSPORTES LTDA;PR;4ª REGIÃO;PGFN;4ª REGIÃO;FGPR2021000431;Em cobrança;AJUIZADA;Contribuições FGTS;12/05/2021;SIM;662437.86
94.000.431/0001-00;Pessoa jurídica;Principal;MONTE ALTO TRANSPORTES S.A.;GO;1ª REGIÃO;PGFN;1ª REGIÃO;FGGO2024000432;Em cobrança;INSCRITA;Contribuições FGTS;28/10/2024;NAO;648259.40
94.000.432/0001-46;Pessoa jurídica;Principal;NOVA ERA TRANSPORTES LTDA;RO;Não se Aplica;CAIXA;1ª REGIÃO;CSRO2023000433;Em cobrança;INSCRITA;Contribuições LC110 (FGTS);31/05/2023;NAO;24809.27
90.000.393/0001-26;Pessoa jurídica;Principal;PIONEIRA TRANSPORTES LTDA;SC;4ª REGIÃO;PGFN;4ª REGIÃO;FGSC2019000434;Em cobrança;INSCRITA;Contribuições FGTS;25/08/2019;NAO;607016.85
94.000.434/0001-35;Pessoa jurídica;Corresponsável;PLANALTO TRANSPORTES S.A.;MA;1ª REGIÃO;PGFN;1ª REGIÃO;FGMA2016000435;Em cobrança;INSCRITA;Contribuições FGTS;07/03/2016;NAO;668404.05
94.000.435/0001-80;Pessoa jurídica;Principal;RIO CLARO TRANSPORTES LTDA;AC;1ª REGIÃO;PGFN;1ª REGIÃO;CSAC2011000436;Benefício Fiscal;AJUIZADA;Contribuições FGTS;14/12/2011;SIM;873785.65
94.000.436/0001-24;Pessoa jurídica;Principal;SERRA DOURADA TRANSPORTES LTDA;MS;1ª REGIÃO;PGFN;1ª REGIÃO;FGMS2017000437;Em cobrança;INSCRITA;Contribuições LC110 (FGTS);17/07/2017;NAO;858824.77
94.000.437/0001-79;Pessoa jurídica;Principal;SOL NASCENTE TRANSPORTES S.A.;PI;1ª REGIÃO;PGFN;1ª REGIÃO;FGPI2011000438;Em cobrança;INSCRITA;Contribuições FGTS;22/07/2011;NAO;8583.09
94.000.438/0001-13;Pessoa jurídica;Principal;VALE FORTE TRANSPORTES LTDA;RR;1ª REGIÃO;PGFN;1ª REGIÃO;CSRR2021000439;Em cobrança;INSCRITA;Contribuições FGTS;22/10/2021;NAO;406296.64
94.000.439/0001-68;Pessoa jurídica;Principal;VILA NOVA TRANSPORTES LTDA;MG;6ª REGIÃO;PGFN;6ª REGIÃO;FGMG2020000440;Em cobrança;INSCRITA;Contribuições FGTS;13/01/2020;NAO;909330.89
94.000.440/0001-92;Pessoa jurídica;Principal;ALVORADA ALIMENTOS S.A.;DF;Não se Aplica;CAIXA;1ª REGIÃO;FGDF2023000441;Em cobrança;AJUIZADA;Contribuições LC110 (FGTS);18/09/2023;SIM;737606.01
94.000.441/0001-37;Pessoa jurídica;Principal;BOA VISTA ALIMENTOS LTDA;AP;1ª REGIÃO;PGFN;1ª REGIÃO;CSAP2009000442;Em cobrança;INSCRITA;Contribuições FGTS;24/01/2009;NAO;116095.80
94.000.442/0001-81;Pessoa jurídica;Principal;CAMINHO VERDE ALIMENTOS LTDA;BA;1ª REGIÃO;PGFN;1ª REGIÃO;FGBA2021000443;Em cobrança;ENC PROTESTO;Contribuições FGTS;21/12/2021;NAO;353774.90
94.000.443/0001-26;Pessoa jurídica;Principal;CAMPOS DO SUL ALIMENTOS S.A.;AM;1ª REGIÃO;PGFN;1ª REGIÃO;FGAM2016000444;Em cobrança;INSCRITA;Contribuições FGTS;08/01/2016;NAO;793228.37
94.000.444/0001-70;Pessoa jurídica;Principal;CERRADO ALIMENTOS LTDA;TO;1ª REGIÃO;PGFN;1ª REGIÃO;CSTO2015000445;Em cobrança;INSCRITA;Contribuições LC110 (FGTS);31/05/2015;NAO;53280.26
94.000.445/0001-15;Pessoa jurídica;Principal;COSTA AZUL ALIMENTOS LTDA;CE;5ª REGIÃO;PGFN;5ª REGIÃO;FGCE2020000446;Em cobrança;AJUIZADA;Contribuições FGTS;05/10/2020;SIM;729552.23
94.000.446/0001-60;Pessoa jurídica;Principal;CRUZEIRO ALIMENTOS S.A.;PA;1ª REGIÃO;PGFN;1ª REGIÃO;FGPA2009000447;Em cobrança;INSCRITA;Contribuições FGTS;20/04/2009;NAO;246563.91
94.000.447/0001-04;Pessoa jurídica;Principal;ESTRELA DO NORTE ALIMENTOS LTDA;SP;3ª REGIÃO;PGFN;3ª REGIÃO;CSSP2011000448;Em cobrança;INSCRITA;Contribuições FGTS;14/12/2011;NAO;9693.87
94.000.448/0001-59;Pessoa jurídica;Principal;HORIZONTE ALIMENTOS LTDA;PE;Não se Aplica;CAIXA;5ª REGIÃO;FGPE2017000449;Em cobrança;INSCRITA;Contribuições LC110 (FGTS);27/02/2017;NAO;467766.93
94.000.449/0001-01;Pessoa jurídica;Principal;INTEGRA ALIMENTOS S.A.;MT;1ª REGIÃO;PGFN;1ª REGIÃO;FGMT2008000450;Em cobrança;INSCRITA;Contribuições FGTS;07/07/2008;NAO;116329.97
94.000.450/0001-28;Pessoa jurídica;Principal;JARDINS ALIMENTOS LTDA;PR;4ª REGIÃO;PGFN;4ª REGIÃO;CSPR2010000451;Em cobrança;AJUIZADA;Contribuições FGTS;03/12/2010;SIM;30059.47
94.000.451/0001-72;Pessoa jurídica;Principal;MONTE ALTO ALIMENTOS LTDA;GO;1ª REGIÃO;PGFN;1ª REGIÃO;FGGO2009000452;Em cobrança;INSCRITA;Contribuições FGTS;15/12/2009;NAO;651567.45
94.000.452/0001-17;Pessoa jurídica;Principal;NOVA ERA ALIMENTOS S.A.;RO;1ª REGIÃO;PGFN;1ª REGIÃO;FGRO2017000453;Em cobrança;INSCRITA;Contribuições LC110 (FGTS);01/06/2017;NAO;907874.66
94.000.453/0001-61;Pessoa jurídica;Principal;PIONEIRA ALIMENTOS LTDA;SC;4ª REGIÃO;PGFN;4ª REGIÃO;CSSC2020000454;Em cobrança;INSCRITA;Contribuições FGTS;24/04/2020;NAO;103108.36
94.000.454/0001-06;Pessoa jurídica;Principal;PLANALTO ALIMENTOS LTDA;MA;1ª REGIÃO;PGFN;1ª REGIÃO;FGMA2008000455;Em cobrança;INSCRITA;Contribuições FGTS;20/11/2008;NAO;870292.55
90.000.437/0001-18;Pessoa jurídica;Principal;RIO CLARO ALIMENTOS S.A.;AC;1ª REGIÃO;PGFN;1ª REGIÃO;FGAC2017000456;Em cobrança;AJUIZADA;Contribuições FGTS;25/09/2017;SIM;670039.49
94.000.456/0001-03;Pessoa jurídica;Principal;SERRA DOURADA ALIMENTOS LTDA;MS;Não se Aplica;CAIXA;1ª REGIÃO;CSMS2016000457;Em cobrança;INSCRITA;Contribuições LC110 (FGTS);21/09/2016;NAO;268007.93
94.000.457/0001-40;Pessoa jurídica;Principal;SOL NASCENTE ALIMENTOS LTDA;PI;1ª REGIÃO;PGFN;1ª REGIÃO;FGPI2023000458;Em cobrança;INSCRITA;Contribuições FGTS;09/09/2023;NAO;305024.22
94.000.458/0001-94;Pessoa jurídica;Principal;VALE FORTE ALIMENTOS S.A.;RR;1ª REGIÃO;PGFN;1ª REGIÃO;FGRR2014000459;Em cobrança;INSCRITA;Contribuições FGTS;03/05/2014;NAO;525752.91
94.000.459/0001-39;Pessoa jurídica;Principal;VILA NOVA ALIMENTOS LTDA;MG;6ª REGIÃO;PGFN;6ª REGIÃO;CSMG2023000460;Em cobrança;ENC PROTESTO;Contribuições FGTS;09/08/2023;NAO;5361.14
94.000.460/0001-63;Pessoa jurídica;Principal;ALVORADA COMERCIO E LOGISTICA LTDA;DF;1ª REGIÃO;PGFN;1ª REGIÃO;FGDF2026000461;Em cobrança;AJUIZADA;Contribuições LC110 (FGTS);01/03/2026;SIM;172232.93
94.000.461/0001-08;Pessoa jurídica;Principal;BOA VISTA COMERCIO E LOGISTICA S.A.;AP;1ª REGIÃO;PGFN;1ª REGIÃO;FGAP2013000462;Em cobrança;INSCRITA;Contribuições FGTS;16/02/2013;NAO;487062.06
94.000.462/0001-52;Pessoa jurídica;Principal;CAMINHO VERDE COMERCIO E LOGISTICA LTDA;BA;1ª REGIÃO;PGFN;1ª REGIÃO;CSBA2017000463;Em cobrança;INSCRITA;Contribuições FGTS;19/12/2017;NAO;175572.30
94.000.463/0001-05;Pessoa jurídica;Principal;CAMPOS DO SUL COMERCIO E LOGISTICA LTDA;AM;1ª REGIÃO;PGFN;1ª REGIÃO;FGAM2023000464;Em cobrança;INSCRITA;Contribuições FGTS;24/07/2023;NAO;603539.14
94.000.464/0001-41;Pessoa jurídica;Principal;CERRADO COMERCIO E LOGISTICA S.A.;TO;Não se Aplica;CAIXA;1ª REGIÃO;FGTO2016000465;Benefício Fiscal;AJUIZ PARCELADA;Contribuições LC110 (FGTS);06/02/2016;SIM;197702.88
94.000.465/0001-96;Pessoa jurídica;Corresponsável;COSTA AZUL COMERCIO E LOGISTICA LTDA;CE;5ª REGIÃO;PGFN;5ª REGIÃO;CSCE2021000466;Em cobrança;AJUIZADA;Contribuições FGTS;03/07/2021;SIM;610428.49
94.000.466/0001-30;Pessoa jurídica;Principal;CRUZEIRO COMERCIO E LOGISTICA LTDA;PA;1ª REGIÃO;PGFN;1ª REGIÃO;FGPA2020000467;Em cobrança;INSCRITA;Contribuições FGTS;07/04/2020;NAO;859816.90
94.000.467/0001-85;Pessoa jurídica;Principal;ESTRELA DO NORTE COMERCIO E LOGISTICA S.A.;SP;3ª REGIÃO;PGFN;3ª REGIÃO;FGSP2026000468;Em cobrança;INSCRITA;Contribuições FGTS;11/05/2026;NAO;319015.06
94.000.468/0001-20;Pessoa jurídica;Principal;HORIZONTE COMERCIO E LOGISTICA LTDA;PE;5ª REGIÃO;PGFN;5ª REGIÃO;CSPE2018000469;Em cobrança;INSCRITA;Contribuições LC110 (FGTS);23/08/2018;NAO;755442.69
94.000.469/0001-74;Pessoa jurídica;Principal;INTEGRA COMERCIO E LOGISTICA LTDA;MT;1ª REGIÃO;PGFN;1ª REGIÃO;FGMT2017000470;Em cobrança;INSCRITA;Contribuições FGTS;06/02/2017;NAO;463411.20
94.000.470/0001-07;Pessoa jurídica;Principal;JARDINS COMERCIO E LOGISTICA S.A.;PR;4ª REGIÃO;PGFN;4ª REGIÃO;FGPR2012000471;Em cobrança;AJUIZADA;Contribuições FGTS;21/01/2012;SIM;928889.17
94.000.471/0001-43;Pessoa jurídica;Principal;MONTE ALTO COMERCIO E LOGISTICA LTDA;GO;1ª REGIÃO;PGFN;1ª REGIÃO;CSGO2018000472;Em cobrança;INSCRITA;Contribuições FGTS;01/03/2018;NAO;648078.80
94.000.472/0001-98;Pessoa jurídica;Principal;NOVA ERA COMERCIO E LOGISTICA LTDA;RO;Não se Aplica;CAIXA;1ª REGIÃO;FGRO2013000473;Em cobrança;INSCRITA;Contribuições LC110 (FGTS);27/12/2013;NAO;331992.99
94.000.473/0001-32;Pessoa jurídica;Principal;PIONEIRA COMERCIO E LOGISTICA S.A.;SC;4ª REGIÃO;PGFN;4ª REGIÃO;FGSC2019000474;Em cobrança;INSCRITA;Contribuições FGTS;07/02/2019;NAO;776222.16
94.000.474/0001-87;Pessoa jurídica;Principal;PLANALTO COMERCIO E LOGISTICA LTDA;MA;1ª REGIÃO;PGFN;1ª REGIÃO;CSMA2016000475;Em cobrança;INSCRITA;Contribuições FGTS;09/04/2016;NAO;200539.09
94.000.475/0001-21;Pessoa jurídica;Principal;RIO CLARO COMERCIO E LOGISTICA LTDA;AC;1ª REGIÃO;PGFN;1ª REGIÃO;FGAC2016000476;Em cobrança;AJUIZADA;Contribuições FGTS;04/03/2016;SIM;750266.63
94.000.476/0001-76;Pessoa jurídica;Principal;SERRA DOURADA COMERCIO E LOGISTICA S.A.;MS;1ª REGIÃO;PGFN;1ª REGIÃO;FGMS2025000477;Em cobrança;ENC PROTESTO;Contribuições LC110 (FGTS);17/12/2025;NAO;388413.56
90.000.481/0001-28;Pessoa jurídica;Principal;SOL NASCENTE COMERCIO E LOGISTICA LTDA;PI;1ª REGIÃO;PGFN;1ª REGIÃO;CSPI2024000478;Em cobrança;INSCRITA;Contribuições FGTS;23/08/2024;NAO;121325.28
94.000.478/0001-65;Pessoa jurídica;Principal;VALE FORTE COMERCIO E LOGISTICA LTDA;RR;1ª REGIÃO;PGFN;1ª REGIÃO;FGRR2024000479;Em cobrança;INSCRITA;Contribuições FGTS;27/07/2024;NAO;377234.75
94.000.479/0001-00;Pessoa jurídica;Principal;VILA NOVA COMERCIO E LOGISTICA S.A.;MG;6ª REGIÃO;PGFN;6ª REGIÃO;FGMG2026000480;Em cobrança;INSCRITA;Contribuições FGTS;04/05/2026;NAO;551743.43
94.000.480/0001-34;Pessoa jurídica;Principal;ALVORADA CONSTRUCOES LTDA;DF;Não se Aplica;CAIXA;1ª REGIÃO;CSDF2019000481;Em cobrança;AJUIZADA;Contribuições LC110 (FGTS);17/11/2019;SIM;821146.15
94.000.481/0001-89;Pessoa jurídica;Principal;BOA VISTA CONSTRUCOES LTDA;AP;1ª REGIÃO;PGFN;1ª REGIÃO;FGAP2024000482;Em cobrança;INSCRITA;Contribuições FGTS;26/11/2024;NAO;895748.42
94.000.482/0001-23;Pessoa jurídica;Principal;CAMINHO VERDE CONSTRUCOES S.A.;BA;1ª REGIÃO;PGFN;1ª REGIÃO;FGBA2013000483;Em cobrança;INSCRITA;Contribuições FGTS;13/09/2013;NAO;774142.38
94.000.483/0001-78;Pessoa jurídica;Principal;CAMPOS DO SUL CONSTRUCOES LTDA;AM;1ª REGIÃO;PGFN;1ª REGIÃO;CSAM2016000484;Em cobrança;INSCRITA;Contribuições FGTS;30/01/2016;NAO;583919.44
94.000.484/0001-12;Pessoa jurídica;Principal;CERRADO CONSTRUCOES LTDA;TO;1ª REGIÃO;PGFN;1ª REGIÃO;FGTO2009000485;Em cobrança;INSCRITA;Contribuições LC110 (FGTS);04/09/2009;NAO;230986.59
94.000.485/0001-67;Pessoa jurídica;Principal;COSTA AZUL CONSTRUCOES S.A.;CE;5ª REGIÃO;PGFN;5ª REGIÃO;FGCE2017000486;Em cobrança;AJUIZADA;Contribuições FGTS;14/09/2017;SIM;641629.78
94.000.486/0001-01;Pessoa jurídica;Principal;CRUZEIRO CONSTRUCOES LTDA;PA;1ª REGIÃO;PGFN;1ª REGIÃO;CSPA2023000487;Em cobrança;INSCRITA;Contribuições FGTS;15/02/2023;NAO;754715.64
94.000.487/0001-56;Pessoa jurídica;Principal;ESTRELA DO NORTE CONSTRUCOES LTDA;SP;3ª REGIÃO;PGFN;3ª REGIÃO;FGSP2013000488;Em cobrança;INSCRITA;Contribuições FGTS;04/01/2013;NAO;456801.33
94.000.488/0001-09;Pessoa jurídica;Principal;HORIZONTE CONSTRUCOES S.A.;PE;Não se Aplica;CAIXA;5ª REGIÃO;FGPE2022000489;Em cobrança;INSCRITA;Contribuições LC110 (FGTS);27/10/2022;NAO;50416.38
94.000.489/0001-45;Pessoa jurídica;Principal;INTEGRA CONSTRUCOES LTDA;MT;1ª REGIÃO;PGFN;1ª REGIÃO;CSMT2016000490;Em cobrança;INSCRITA;Contribuições FGTS;24/08/2016;NAO;46748.66
94.000.490/0001-70;Pessoa jurídica;Principal;JARDINS CONSTRUCOES LTDA;PR;4ª REGIÃO;PGFN;4ª REGIÃO;FGPR2016000491;Em cobrança;AJUIZADA;Contribuições FGTS;25/06/2016;SIM;326144.39
94.000.491/0001-14;Pessoa jurídica;Principal;MONTE ALTO CONSTRUCOES S.A.;GO;1ª REGIÃO;PGFN;1ª REGIÃO;FGGO2015000492;Em cobrança;INSCRITA;Contribuições FGTS;02/04/2015;NAO;715827.62
94.000.492/0001-69;Pessoa jurídica;Principal;NOVA ERA CONSTRUCOES LTDA;RO;1ª REGIÃO;PGFN;1ª REGIÃO;CSRO2015000493;Em cobrança;INSCRITA;Contribuições LC110 (FGTS);14/07/2015;NAO;182543.57
94.000.493/0001-03;Pessoa jurídica;Principal;PIONEIRA CONSTRUCOES LTDA;SC;4ª REGIÃO;PGFN;4ª REGIÃO;FGSC2019000494;Benefício Fiscal;ENC PROTESTO;Contribuições FGTS;18/10/2019;NAO;82290.59
94.000.494/0001-58;Pessoa jurídica;Principal;PLANALTO CONSTRUCOES S.A.;MA;1ª REGIÃO;PGFN;1ª REGIÃO;FGMA2026000495;Em cobrança;INSCRITA;Contribuições FGTS;11/04/2026;NAO;794162.79
94.000.495/0001-00;Pessoa jurídica;Principal;RIO CLARO CONSTRUCOES LTDA;AC;1ª REGIÃO;PGFN;1ª REGIÃO;CSAC2009000496;Em cobrança;AJUIZADA;Contribuições FGTS;24/03/2009;SIM;484188.53
94.000.496/0001-47;Pessoa jurídica;Corresponsável;SERRA DOURADA CONSTRUCOES LTDA;MS;Não se Aplica;CAIXA;1ª REGIÃO;FGMS2015000497;Em cobrança;INSCRITA;Contribuições LC110 (FGTS);21/09/2015;NAO;397903.11
94.000.497/0001-91;Pessoa jurídica;Principal;SOL NASCENTE CONSTRUCOES S.A.;PI;1ª REGIÃO;PGFN;1ª REGIÃO;FGPI2011000498;Em cobrança;INSCRITA;Contribuições FGTS;20/11/2011;NAO;624596.85
94.000.498/0001-36;Pessoa jurídica;Principal;VALE FORTE CONSTRUCOES LTDA;RR;1ª REGIÃO;PGFN;1ª REGIÃO;CSRR2008000499;Em cobrança;INSCRITA;Contribuições FGTS;25/05/2008;NAO;728466.77
94.000.499/0001-80;Pessoa jurídica;Principal;VILA NOVA CONSTRUCOES LTDA;MG;6ª REGIÃO;PGFN;6ª REGIÃO;FGMG2021000500;Em cobrança;INSCRITA;Contribuições FGTS;03/01/2021;NAO;388130.19
90.000.508/0001-82;Pessoa jurídica;Principal;ALVORADA ENERGIA S.A.;DF;1ª REGIÃO;PGFN;1ª REGIÃO;FGDF2012000501;Em cobrança;AJUIZADA;Contribuições LC110 (FGTS);12/10/2012;SIM;840866.45
94.000.501/0001-11;Pessoa jurídica;Principal;BOA VISTA ENERGIA LTDA;AP;1ª REGIÃO;PGFN;1ª REGIÃO;CSAP2018000502;Em cobrança;INSCRITA;Contribuições FGTS;16/07/2018;NAO;560898.34
94.000.502/0001-66;Pessoa jurídica;Principal;CAMINHO VERDE ENERGIA LTDA;BA;1ª REGIÃO;PGFN;1ª REGIÃO;FGBA2016000503;Em cobrança;INSCRITA;Contribuições FGTS;07/11/2016;NAO;535240.91
94.000.503/0001-00;Pessoa jurídica;Principal;CAMPOS DO SUL ENERGIA S.A.;AM;1ª REGIÃO;PGFN;1ª REGIÃO;FGAM2016000504;Em cobrança;INSCRITA;Contribuições FGTS;18/03/2016;NAO;317993.17
94.000.504/0001-55;Pessoa jurídica;Principal;CERRADO ENERGIA LTDA;TO;Não se Aplica;CAIXA;1ª REGIÃO;CSTO2019000505;Em cobrança;INSCRITA;Contribuições LC110 (FGTS);09/08/2019;NAO;695910.64
94.000.505/0001-08;Pessoa jurídica;Principal;COSTA AZUL ENERGIA LTDA;CE;5ª REGIÃO;PGFN;5ª REGIÃO;FGCE2009000506;Em cobrança;AJUIZADA;Contribuições FGTS;20/01/2009;SIM;328783.88
94.000.506/0001-44;Pessoa jurídica;Principal;CRUZEIRO ENERGIA S.A.;PA;1ª REGIÃO;PGFN;1ª REGIÃO;FGPA2014000507;Em cobrança;INSCRITA;Contribuições FGTS;13/05/2014;NAO;440794.62
94.000.507/0001-99;Pessoa jurídica;Principal;ESTRELA DO NORTE ENERGIA LTDA;SP;3ª REGIÃO;PGFN;3ª REGIÃO;CSSP2018000508;Em cobrança;INSCRITA;Contribuições FGTS;16/05/2018;NAO;572735.48
94.000.508/0001-33;Pessoa jurídica;Principal;HORIZONTE ENERGIA LTDA;PE;5ª REGIÃO;PGFN;5ª REGIÃO;FGPE2010000509;Em cobrança;INSCRITA;Contribuições LC110 (FGTS);06/12/2010;NAO;712246.70
94.000.509/0001-88;Pessoa jurídica;Principal;INTEGRA ENERGIA S.A.;MT;1ª REGIÃO;PGFN;1ª REGIÃO;FGMT2017000510;Em cobrança;INSCRITA;Contribuições FGTS;06/09/2017;NAO;241152.80
94.000.510/0001-02;Pessoa jurídica;Principal;JARDINS ENERGIA LTDA;PR;4ª REGIÃO;PGFN;4ª REGIÃO;CSPR2021000511;Em cobrança;AJUIZADA;Contribuições FGTS;07/09/2021;SIM;434057.81
94.000.511/0001-57;Pessoa jurídica;Principal;MONTE ALTO ENERGIA LTDA;GO;1ª REGIÃO;PGFN;1ª REGIÃO;FGGO2020000512;Em cobrança;INSCRITA;Contribuições FGTS;27/05/2020;NAO;689439.85
94.000.512/0001-00;Pessoa jurídica;Principal;NOVA ERA ENERGIA S.A.;RO;Não se Aplica;CAIXA;1ª REGIÃO;FGRO2015000513;Em cobrança;INSCRITA;Contribuições LC110 (FGTS);02/06/2015;NAO;89307.46
94.000.513/0001-46;Pessoa jurídica;Principal;PIONEIRA ENERGIA LTDA;SC;4ª REGIÃO;PGFN;4ª REGIÃO;CSSC2020000514;Em cobrança;INSCRITA;Contribuições FGTS;24/12/2020;NAO;295151.97
94.000.514/0001-90;Pessoa jurídica;Principal;PLANALTO ENERGIA LTDA;MA;1ª REGIÃO;PGFN;1ª REGIÃO;FGMA2013000515;Em cobrança;INSCRITA;Contribuições FGTS;21/09/2013;NAO;268435.81
94.000.515/0001-35;Pessoa jurídica;Principal;RIO CLARO ENERGIA S.A.;AC;1ª REGIÃO;PGFN;1ª REGIÃO;FGAC2022000516;Em cobrança;AJUIZADA;Contribuições FGTS;25/01/2022;SIM;706555.47
94.000.516/0001-80;Pessoa jurídica;Principal;SERRA DOURADA ENERGIA LTDA;MS;1ª REGIÃO;PGFN;1ª REGIÃO;CSMS2010000517;Em cobrança;INSCRITA;Contribuições LC110 (FGTS);18/01/2010;NAO;69844.69
94.000.517/0001-24;Pessoa jurídica;Principal;SOL NASCENTE ENERGIA LTDA;PI;1ª REGIÃO;PGFN;1ª REGIÃO;FGPI2015000518;Em cobrança;INSCRITA;Contribuições FGTS;24/02/2015;NAO;515347.22
94.000.518/0001-79;Pessoa jurídica;Principal;VALE FORTE ENERGIA S.A.;RR;1ª REGIÃO;PGFN;1ª REGIÃO;FGRR2024000519;Em cobrança;INSCRITA;Contribuições FGTS;06/12/2024;NAO;472773.79
94.000.519/0001-13;Pessoa jurídica;Principal;VILA NOVA ENERGIA LTDA;MG;6ª REGIÃO;PGFN;6ª REGIÃO;CSMG2008000520;Em cobrança;INSCRITA;Contribuições FGTS;21/06/2008;NAO;112124.03
94.000.520/0001-48;Pessoa jurídica;Principal;ALVORADA EQUIPAMENTOS LTDA;DF;Não se Aplica;CAIXA;1ª REGIÃO;FGDF2023000521;Em cobrança;AJUIZADA;Contribuições LC110 (FGTS);14/10/2023;SIM;944135.66
94.000.521/0001-92;Pessoa jurídica;Principal;BOA VISTA EQUIPAMENTOS S.A.;AP;1ª REGIÃO;PGFN;1ª REGIÃO;FGAP2015000522;Em cobrança;INSCRITA;Contribuições FGTS;08/12/2015;NAO;881379.05
90.000.526/0001-64;Pessoa jurídica;Principal;CAMINHO VERDE EQUIPAMENTOS LTDA;BA;1ª REGIÃO;PGFN;1ª REGIÃO;CSBA2020000523;Benefício Fiscal;AJUIZ PARCELADA;Contribuições FGTS;04/01/2020;SIM;572430.42
94.000.523/0001-81;Pessoa jurídica;Principal;CAMPOS DO SUL EQUIPAMENTOS LTDA;AM;1ª REGIÃO;PGFN;1ª REGIÃO;FGAM2017000524;Em cobrança;INSCRITA;Contribuições FGTS;02/08/2017;NAO;175490.19
94.000.524/0001-26;Pessoa jurídica;Principal;CERRADO EQUIPAMENTOS S.A.;TO;1ª REGIÃO;PGFN;1ª REGIÃO;FGTO2025000525;Em cobrança;INSCRITA;Contribuições LC110 (FGTS);10/01/2025;NAO;63299.05
94.000.525/0001-70;Pessoa jurídica;Principal;COSTA AZUL EQUIPAMENTOS LTDA;CE;5ª REGIÃO;PGFN;5ª REGIÃO;CSCE2018000526;Em cobrança;AJUIZADA;Contribuições FGTS;18/01/2018;SIM;840102.78
94.000.526/0001-15;Pessoa jurídica;Principal;CRUZEIRO EQUIPAMENTOS LTDA;PA;1ª REGIÃO;PGFN;1ª REGIÃO;FGPA2010000527;Em cobrança;INSCRITA;Contribuições FGTS;03/11/2010;NAO;218961.03
94.000.527/0001-60;Pessoa jurídica;Corresponsável;ESTRELA DO NORTE EQUIPAMENTOS S.A.;SP;3ª REGIÃO;PGFN;3ª REGIÃO;FGSP2019000528;Em cobrança;ENC PROTESTO;Contribuições FGTS;04/05/2019;NAO;164996.38
94.000.528/0001-04;Pessoa jurídica;Principal;HORIZONTE EQUIPAMENTOS LTDA;PE;Não se Aplica;CAIXA;5ª REGIÃO;CSPE2018000529;Em cobrança;INSCRITA;Contribuições LC110 (FGTS);28/04/2018;NAO;359220.26
94.000.529/0001-59;Pessoa jurídica;Principal;INTEGRA EQUIPAMENTOS LTDA;MT;1ª REGIÃO;PGFN;1ª REGIÃO;FGMT2025000530;Em cobrança;INSCRITA;Contribuições FGTS;16/02/2025;NAO;301713.08
94.000.530/0001-83;Pessoa jurídica;Principal;JARDINS EQUIPAMENTOS S.A.;PR;4ª REGIÃO;PGFN;4ª REGIÃO;FGPR2012000531;Em cobrança;AJUIZADA;Contribuições FGTS;29/09/2012;SIM;379160.06
94.000.531/0001-28;Pessoa jurídica;Principal;MONTE ALTO EQUIPAMENTOS LTDA;GO;1ª REGIÃO;PGFN;1ª REGIÃO;CSGO2013000532;Em cobrança;INSCRITA;Contribuições FGTS;08/03/2013;NAO;748162.05
94.000.532/0001-72;Pessoa jurídica;Principal;NOVA ERA EQUIPAMENTOS LTDA;RO;1ª REGIÃO;PGFN;1ª REGIÃO;FGRO2017000533;Em cobrança;INSCRITA;Contribuições LC110 (FGTS);21/05/2017;NAO;878586.06
94.000.533/0001-17;Pessoa jurídica;Principal;PIONEIRA EQUIPAMENTOS S.A.;SC;4ª REGIÃO;PGFN;4ª REGIÃO;FGSC2020000534;Em cobrança;INSCRITA;Contribuições FGTS;20/09/2020;NAO;220352.86
94.000.534/0001-61;Pessoa jurídica;Principal;PLANALTO EQUIPAMENTOS LTDA;MA;1ª REGIÃO;PGFN;1ª REGIÃO;CSMA2025000535;Em cobrança;INSCRITA;Contribuições FGTS;05/01/2025;NAO;784462.94
94.000.535/0001-06;Pessoa jurídica;Principal;RIO CLARO EQUIPAMENTOS LTDA;AC;1ª REGIÃO;PGFN;1ª REGIÃO;FGAC2011000536;Em cobrança;AJUIZADA;Contribuições FGTS;29/03/2011;SIM;328097.19
94.000.536/0001-50;Pessoa jurídica;Principal;SERRA DOURADA EQUIPAMENTOS S.A.;MS;Não se Aplica;CAIXA;1ª REGIÃO;FGMS2023000537;Em cobrança;INSCRITA;Contribuições LC110 (FGTS);20/11/2023;NAO;672778.65
94.000.537/0001-03;Pessoa jurídica;Principal;SOL NASCENTE EQUIPAMENTOS LTDA;PI;1ª REGIÃO;PGFN;1ª REGIÃO;CSPI2009000538;Em cobrança;INSCRITA;Contribuições FGTS;15/10/2009;NAO;859706.50
94.000.538/0001-40;Pessoa jurídica;Principal;VALE FORTE EQUIPAMENTOS LTDA;RR;1ª REGIÃO;PGFN;1ª REGIÃO;FGRR2017000539;Em cobrança;INSCRITA;Contribuições FGTS;17/03/2017;NAO;288957.28
94.000.539/0001-94;Pessoa jurídica;Principal;VILA NOVA EQUIPAMENTOS S.A.;MG;6ª REGIÃO;PGFN;6ª REGIÃO;FGMG2017000540;Em cobrança;INSCRITA;Contribuições FGTS;09/12/2017;NAO;461900.30
94.000.540/0001-19;Pessoa jurídica;Principal;ALVORADA INDUSTRIA FLORESTAL LTDA;DF;1ª REGIÃO;PGFN;1ª REGIÃO;CSDF2012000541;Em cobrança;AJUIZADA;Contribuições LC110 (FGTS);11/01/2012;SIM;847629.04
94.000.541/0001-63;Pessoa jurídica;Principal;BOA VISTA INDUSTRIA FLORESTAL LTDA;AP;1ª REGIÃO;PGFN;1ª REGIÃO;FGAP2019000542;Em cobrança;INSCRITA;Contribuições FGTS;06/10/2019;NAO;592827.51
94.000.542/0001-08;Pessoa jurídica;Principal;CAMINHO VERDE INDUSTRIA FLORESTAL S.A.;BA;1ª REGIÃO;PGFN;1ª REGIÃO;FGBA2013000543;Em cobrança;INSCRITA;Contribuições FGTS;25/09/2013;NAO;136003.54
94.000.543/0001-52;Pessoa jurídica;Principal;CAMPOS DO SUL INDUSTRIA FLORESTAL LTDA;AM;1ª REGIÃO;PGFN;1ª REGIÃO;CSAM2024000544;Em cobrança;INSCRITA;Contribuições FGTS;23/09/2024;NAO;416290.71
90.000.538/0001-99;Pessoa jurídica;Principal;CERRADO INDUSTRIA FLORESTAL LTDA;TO;Não se Aplica;CAIXA;1ª REGIÃO;FGTO2011000545;Em cobrança;ENC PROTESTO;Contribuições LC110 (FGTS);19/05/2011;NAO;24279.90
94.000.545/0001-41;Pessoa jurídica;Principal;COSTA AZUL INDUSTRIA FLORESTAL S.A.;CE;5ª REGIÃO;PGFN;5ª REGIÃO;FGCE2024000546;Em cobrança;AJUIZADA;Contribuições FGTS;21/02/2024;SIM;934700.55
94.000.546/0001-96;Pessoa jurídica;Principal;CRUZEIRO INDUSTRIA FLORESTAL LTDA;PA;1ª REGIÃO;PGFN;1ª REGIÃO;CSPA2017000547;Em cobrança;INSCRITA;Contribuições FGTS;21/09/2017;NAO;635964.93
94.000.547/0001-30;Pessoa jurídica;Principal;ESTRELA DO NORTE INDUSTRIA FLORESTAL LTDA;SP;3ª REGIÃO;PGFN;3ª REGIÃO;FGSP2019000548;Em cobrança;INSCRITA;Contribuições FGTS;12/10/2019;NAO;805225.30
94.000.548/0001-85;Pessoa jurídica;Principal;HORIZONTE INDUSTRIA FLORESTAL S.A.;PE;5ª REGIÃO;PGFN;5ª REGIÃO;FGPE2010000549;Em cobrança;INSCRITA;Contribuições LC110 (FGTS);13/07/2010;NAO;306657.69
94.000.549/0001-20;Pessoa jurídica;Principal;INTEGRA INDUSTRIA FLORESTAL LTDA;MT;1ª REGIÃO;PGFN;1ª REGIÃO;CSMT2010000550;Em cobrança;INSCRITA;Contribuições FGTS;27/07/2010;NAO;712037.78
94.000.550/0001-54;Pessoa jurídica;Principal;JARDINS INDUSTRIA FLORESTAL LTDA;PR;4ª REGIÃO;PGFN;4ª REGIÃO;FGPR2014000551;Em cobrança;AJUIZADA;Contribuições FGTS;09/09/2014;SIM;752546.84
94.000.551/0001-07;Pessoa jurídica;Principal;MONTE ALTO INDUSTRIA FLORESTAL S.A.;GO;1ª REGIÃO;PGFN;1ª REGIÃO;FGGO2012000552;Benefício Fiscal;AJUIZ PARCELADA;Contribuições FGTS;25/09/2012;SIM;163749.54
94.000.552/0001-43;Pessoa jurídica;Principal;NOVA ERA INDUSTRIA FLORESTAL LTDA;RO;Não se Aplica;CAIXA;1ª REGIÃO;CSRO2014000553;Em cobrança;INSCRITA;Contribuições LC110 (FGTS);03/07/2014;NAO;11804.19
94.000.553/0001-98;Pessoa jurídica;Principal;PIONEIRA INDUSTRIA FLORESTAL LTDA;SC;4ª REGIÃO;PGFN;4ª REGIÃO;FGSC2008000554;Em cobrança;INSCRITA;Contribuições FGTS;29/06/2008;NAO;264809.66
94.000.554/0001-32;Pessoa jurídica;Principal;PLANALTO INDUSTRIA FLORESTAL S.A.;MA;1ª REGIÃO;PGFN;1ª REGIÃO;FGMA2018000555;Em cobrança;INSCRITA;Contribuições FGTS;09/12/2018;NAO;597745.53
94.000.555/0001-87;Pessoa jurídica;Principal;RIO CLARO INDUSTRIA FLORESTAL LTDA;AC;1ª REGIÃO;PGFN;1ª REGIÃO;CSAC2018000556;Em cobrança;AJUIZADA;Contribuições FGTS;30/12/2018;SIM;603832.97
94.000.556/0001-21;Pessoa jurídica;Principal;SERRA DOURADA INDUSTRIA FLORESTAL LTDA;MS;1ª REGIÃO;PGFN;1ª REGIÃO;FGMS2015000557;Em cobrança;INSCRITA;Contribuições LC110 (FGTS);09/06/2015;NAO;705817.47
94.000.557/0001-76;Pessoa jurídica;Principal;SOL NASCENTE INDUSTRIA FLORESTAL S.A.;PI;1ª REGIÃO;PGFN;1ª REGIÃO;FGPI2020000558;Em cobrança;INSCRITA;Contribuições FGTS;01/11/2020;NAO;483510.08
94.000.558/0001-10;Pessoa jurídica;Corresponsável;VALE FORTE INDUSTRIA FLORESTAL LTDA;RR;1ª REGIÃO;PGFN;1ª REGIÃO;CSRR2014000559;Em cobrança;INSCRITA;Contribuições FGTS;21/10/2014;NAO;187156.24
94.000.559/0001-65;Pessoa jurídica;Principal;VILA NOVA INDUSTRIA FLORESTAL LTDA;MG;6ª REGIÃO;PGFN;6ª REGIÃO;FGMG2022000560;Em cobrança;INSCRITA;Contribuições FGTS;19/01/2022;NAO;707939.01
94.000.560/0001-90;Pessoa jurídica;Principal;ALVORADA MINERACAO S.A.;DF;Não se Aplica;CAIXA;1ª REGIÃO;FGDF2024000561;Em cobrança;AJUIZADA;Contribuições LC110 (FGTS);28/07/2024;SIM;52902.13
94.000.561/0001-34;Pessoa jurídica;Principal;BOA VISTA MINERACAO LTDA;AP;1ª REGIÃO;PGFN;1ª REGIÃO;CSAP2026000562;Em cobrança;ENC PROTESTO;Contribuições FGTS;18/03/2026;NAO;481155.85
94.000.562/0001-89;Pessoa jurídica;Principal;CAMINHO VERDE MINERACAO LTDA;BA;1ª REGIÃO;PGFN;1ª REGIÃO;FGBA2014000563;Em cobrança;INSCRITA;Contribuições FGTS;13/08/2014;NAO;154140.67
94.000.563/0001-23;Pessoa jurídica;Principal;CAMPOS DO SUL MINERACAO S.A.;AM;1ª REGIÃO;PGFN;1ª REGIÃO;FGAM2024000564;Em cobrança;INSCRITA;Contribuições FGTS;17/10/2024;NAO;353829.16
94.000.564/0001-78;Pessoa jurídica;Principal;CERRADO MINERACAO LTDA;TO;1ª REGIÃO;PGFN;1ª REGIÃO;CSTO2017000565;Em cobrança;INSCRITA;Contribuições LC110 (FGTS);10/07/2017;NAO;869529.01
94.000.565/0001-12;Pessoa jurídica;Principal;COSTA AZUL MINERACAO LTDA;CE;5ª REGIÃO;PGFN;5ª REGIÃO;FGCE2014000566;Em cobrança;AJUIZADA;Contribuições FGTS;21/08/2014;SIM;548270.60
90.000.541/0001-02;Pessoa jurídica;Principal;CRUZEIRO MINERACAO S.A.;PA;1ª REGIÃO;PGFN;1ª REGIÃO;FGPA2011000567;Em cobrança;INSCRITA;Contribuições FGTS;29/06/2011;NAO;623853.84
94.000.567/0001-01;Pessoa jurídica;Principal;ESTRELA DO NORTE MINERACAO LTDA;SP;3ª REGIÃO;PGFN;3ª REGIÃO;CSSP2023000568;Em cobrança;INSCRITA;Contribuições FGTS;03/06/2023;NAO;375101.55
94.000.568/0001-56;Pessoa jurídica;Principal;HORIZONTE MINERACAO LTDA;PE;Não se Aplica;CAIXA;5ª REGIÃO;FGPE2014000569;Em cobrança;INSCRITA;Contribuições LC110 (FGTS);15/10/2014;NAO;293204.19
94.000.569/0001-09;Pessoa jurídica;Principal;INTEGRA MINERACAO S.A.;MT;1ª REGIÃO;PGFN;1ª REGIÃO;FGMT2019000570;Em cobrança;INSCRITA;Contribuições FGTS;22/10/2019;NAO;893353.06
94.000.570/0001-25;Pessoa jurídica;Principal;JARDINS MINERACAO LTDA;PR;4ª REGIÃO;PGFN;4ª REGIÃO;CSPR2011000571;Em cobrança;AJUIZADA;Contribuições FGTS;21/11/2011;SIM;146630.34
94.000.571/0001-70;Pessoa jurídica;Principal;MONTE ALTO MINERACAO LTDA;GO;1ª REGIÃO;PGFN;1ª REGIÃO;FGGO2014000572;Em cobrança;INSCRITA;Contribuições FGTS;28/10/2014;NAO;856463.96
94.000.572/0001-14;Pessoa jurídica;Principal;NOVA ERA MINERACAO S.A.;RO;1ª REGIÃO;PGFN;1ª REGIÃO;FGRO2020000573;Em cobrança;INSCRITA;Contribuições LC110 (FGTS);03/02/2020;NAO;854847.45
94.000.573/0001-69;Pessoa jurídica;Principal;PIONEIRA MINERACAO LTDA;SC;4ª REGIÃO;PGFN;4ª REGIÃO;CSSC2018000574;Em cobrança;INSCRITA;Contribuições FGTS;29/05/2018;NAO;917579.65
94.000.574/0001-03;Pessoa jurídica;Principal;PLANALTO MINERACAO LTDA;MA;1ª REGIÃO;PGFN;1ª REGIÃO;FGMA2018000575;Em cobrança;INSCRITA;Contribuições FGTS;09/06/2018;NAO;389229.90
94.000.575/0001-58;Pessoa jurídica;Principal;RIO CLARO MINERACAO S.A.;AC;1ª REGIÃO;PGFN;1ª REGIÃO;FGAC2019000576;Em cobrança;AJUIZADA;Contribuições FGTS;10/01/2019;SIM;912991.07
94.000.576/0001-00;Pessoa jurídica;Principal;SERRA DOURADA MINERACAO LTDA;MS;Não se Aplica;CAIXA;1ª REGIÃO;CSMS2019000577;Em cobrança;INSCRITA;Contribuições LC110 (FGTS);28/12/2019;NAO;716030.03
94.000.577/0001-47;Pessoa jurídica;Principal;SOL NASCENTE MINERACAO LTDA;PI;1ª REGIÃO;PGFN;1ª REGIÃO;FGPI2010000578;Em cobrança;INSCRITA;Contribuições FGTS;03/12/2010;NAO;923241.55
94.000.578/0001-91;Pessoa jurídica;Principal;VALE FORTE MINERACAO S.A.;RR;1ª REGIÃO;PGFN;1ª REGIÃO;FGRR2018000579;Em cobrança;ENC PROTESTO;Contribuições FGTS;26/07/2018;NAO;438192.37
94.000.579/0001-36;Pessoa jurídica;Principal;VILA NOVA MINERACAO LTDA;MG;6ª REGIÃO;PGFN;6ª REGIÃO;CSMG2024000580;Em cobrança;INSCRITA;Contribuições FGTS;06/03/2024;NAO;903116.18
94.000.580/0001-60;Pessoa jurídica;Principal;ALVORADA OBRAS E SERVICOS LTDA;DF;1ª REGIÃO;PGFN;1ª REGIÃO;FGDF2026000581;Benefício Fiscal;AJUIZADA;Contribuições LC110 (FGTS);29/03/2026;SIM;111321.83
94.000.581/0001-05;Pessoa jurídica;Principal;BOA VISTA OBRAS E SERVICOS S.A.;AP;1ª REGIÃO;PGFN;1ª REGIÃO;FGAP2025000582;Em cobrança;INSCRITA;Contribuições FGTS;02/01/2025;NAO;557416.04
94.000.582/0001-50;Pessoa jurídica;Principal;CAMINHO VERDE OBRAS E SERVICOS LTDA;BA;1ª REGIÃO;PGFN;1ª REGIÃO;CSBA2015000583;Em cobrança;INSCRITA;Contribuições FGTS;24/11/2015;NAO;660052.12
94.000.583/0001-02;Pessoa jurídica;Principal;CAMPOS DO SUL OBRAS E SERVICOS LTDA;AM;1ª REGIÃO;PGFN;1ª REGIÃO;FGAM2020000584;Em cobrança;INSCRITA;Contribuições FGTS;15/07/2020;NAO;427107.30
94.000.584/0001-49;Pessoa jurídica;Principal;CERRADO OBRAS E SERVICOS S.A.;TO;Não se Aplica;CAIXA;1ª REGIÃO;FGTO2012000585;Em cobrança;INSCRITA;Contribuições LC110 (FGTS);24/12/2012;NAO;251997.91
94.000.585/0001-93;Pessoa jurídica;Principal;COSTA AZUL OBRAS E SERVICOS LTDA;CE;5ª REGIÃO;PGFN;5ª REGIÃO;CSCE2022000586;Em cobrança;AJUIZADA;Contribuições FGTS;17/11/2022;SIM;639122.29
94.000.586/0001-38;Pessoa jurídica;Principal;CRUZEIRO OBRAS E SERVICOS LTDA;PA;1ª REGIÃO;PGFN;1ª REGIÃO;FGPA2011000587;Em cobrança;INSCRITA;Contribuições FGTS;02/12/2011;NAO;922411.74
94.000.587/0001-82;Pessoa jurídica;Principal;ESTRELA DO NORTE OBRAS E SERVICOS S.A.;SP;3ª REGIÃO;PGFN;3ª REGIÃO;FGSP2012000588;Em cobrança;INSCRITA;Contribuições FGTS;28/06/2012;NAO;658777.61
90.000.573/0001-08;Pessoa jurídica;Principal;HORIZONTE OBRAS E SERVICOS LTDA;PE;5ª REGIÃO;PGFN;5ª REGIÃO;CSPE2026000589;Em cobrança;INSCRITA;Contribuições LC110 (FGTS);25/02/2026;NAO;389604.45
94.000.589/0001-71;Pessoa jurídica;Corresponsável;INTEGRA OBRAS E SERVICOS LTDA;MT;1ª REGIÃO;PGFN;1ª REGIÃO;FGMT2008000590;Em cobrança;INSCRITA;Contribuições FGTS;29/09/2008;NAO;771961.48
94.000.590/0001-04;Pessoa jurídica;Principal;JARDINS OBRAS E SERVICOS S.A.;PR;4ª REGIÃO;PGFN;4ª REGIÃO;FGPR2011000591;Em cobrança;AJUIZADA;Contribuições FGTS;18/12/2011;SIM;773875.12
94.000.591/0001-40;Pessoa jurídica;Principal;MONTE ALTO OBRAS E SERVICOS LTDA;GO;1ª REGIÃO;PGFN;1ª REGIÃO;CSGO2008000592;Em cobrança;INSCRITA;Contribuições FGTS;23/08/2008;NAO;563180.24
94.000.592/0001-95;Pessoa jurídica;Principal;NOVA ERA OBRAS E SERVICOS LTDA;RO;Não se Aplica;CAIXA;1ª REGIÃO;FGRO2021000593;Em cobrança;INSCRITA;Contribuições LC110 (FGTS);08/04/2021;NAO;637384.03
94.000.593/0001-30;Pessoa jurídica;Principal;PIONEIRA OBRAS E SERVICOS S.A.;SC;4ª REGIÃO;PGFN;4ª REGIÃO;FGSC2021000594;Em cobrança;INSCRITA;Contribuições FGTS;22/09/2021;NAO;340241.32
94.000.594/0001-84;Pessoa jurídica;Principal;PLANALTO OBRAS E SERVICOS LTDA;MA;1ª REGIÃO;PGFN;1ª REGIÃO;CSMA2018000595;Em cobrança;INSCRITA;Contribuições FGTS;06/06/2018;NAO;633089.98
94.000.595/0001-29;Pessoa jurídica;Principal;RIO CLARO OBRAS E SERVICOS LTDA;AC;1ª REGIÃO;PGFN;1ª REGIÃO;FGAC2008000596;Em cobrança;AJUIZADA;Contribuições FGTS;23/05/2008;SIM;296787.50
94.000.596/0001-73;Pessoa jurídica;Principal;SERRA DOURADA OBRAS E SERVICOS S.A.;MS;1ª REGIÃO;PGFN;1ª REGIÃO;FGMS2021000597;Em cobrança;INSCRITA;Contribuições LC110 (FGTS);17/05/2021;NAO;102310.28
94.000.597/0001-18;Pessoa jurídica;Principal;SOL NASCENTE OBRAS E SERVICOS LTDA;PI;1ª REGIÃO;PGFN;1ª REGIÃO;CSPI2014000598;Em cobrança;INSCRITA;Contribuições FGTS;24/05/2014;NAO;39334.92
94.000.598/0001-62;Pessoa jurídica;Principal;VALE FORTE OBRAS E SERVICOS LTDA;RR;1ª REGIÃO;PGFN;1ª REGIÃO;FGRR2011000599;Em cobrança;INSCRITA;Contribuições FGTS;05/05/2011;NAO;187899.71
94.000.599/0001-07;Pessoa jurídica;Principal;VILA NOVA OBRAS E SERVICOS S.A.;MG;6ª REGIÃO;PGFN;6ª REGIÃO;FGMG2022000600;Em cobrança;INSCRITA;Contribuições FGTS;25/01/2022;NAO;393154.46
94.000.600/0001-01;Pessoa jurídica;Principal;ALVORADA PRODUTOS AGRICOLAS LTDA;DF;Não se Aplica;CAIXA;1ª REGIÃO;CSDF2021000601;Em cobrança;AJUIZADA;Contribuições LC110 (FGTS);16/11/2021;SIM;774981.94
94.000.601/0001-48;Pessoa jurídica;Principal;BOA VISTA PRODUTOS AGRICOLAS LTDA;AP;1ª REGIÃO;PGFN;1ª REGIÃO;FGAP2023000602;Em cobrança;INSCRITA;Contribuições FGTS;27/09/2023;NAO;141274.09
94.000.602/0001-92;Pessoa jurídica;Principal;CAMINHO VERDE PRODUTOS AGRICOLAS S.A.;BA;1ª REGIÃO;PGFN;1ª REGIÃO;FGBA2008000603;Em cobrança;INSCRITA;Contribuições FGTS;10/08/2008;NAO;652854.57
94.000.603/0001-37;Pessoa jurídica;Principal;CAMPOS DO SUL PRODUTOS AGRICOLAS LTDA;AM;1ª REGIÃO;PGFN;1ª REGIÃO;CSAM2013000604;Em cobrança;INSCRITA;Contribuições FGTS;03/08/2013;NAO;533066.86
94.000.604/0001-81;Pessoa jurídica;Principal;CERRADO PRODUTOS AGRICOLAS LTDA;TO;1ª REGIÃO;PGFN;1ª REGIÃO;FGTO2012000605;Em cobrança;INSCRITA;Contribuições LC110 (FGTS);06/02/2012;NAO;81876.29
94.000.605/0001-26;Pessoa jurídica;Principal;COSTA AZUL PRODUTOS AGRICOLAS S.A.;CE;5ª REGIÃO;PGFN;5ª REGIÃO;FGCE2024000606;Em cobrança;AJUIZADA;Contribuições FGTS;31/03/2024;SIM;244326.93
94.000.606/0001-70;Pessoa jurídica;Principal;CRUZEIRO PRODUTOS AGRICOLAS LTDA;PA;1ª REGIÃO;PGFN;1ª REGIÃO;CSPA2021000607;Em cobrança;INSCRITA;Contribuições FGTS;22/02/2021;NAO;437832.35
94.000.607/0001-15;Pessoa jurídica;Principal;ESTRELA DO NORTE PRODUTOS AGRICOLAS LTDA;SP;3ª REGIÃO;PGFN;3ª REGIÃO;FGSP2024000608;Em cobrança;INSCRITA;Contribuições FGTS;18/08/2024;NAO;748423.50
94.000.608/0001-60;Pessoa jurídica;Principal;HORIZONTE PRODUTOS AGRICOLAS S.A.;PE;Não se Aplica;CAIXA;5ª REGIÃO;FGPE2021000609;Em cobrança;INSCRITA;Contribuições LC110 (FGTS);12/02/2021;NAO;592461.90
94.000.609/0001-04;Pessoa jurídica;Principal;INTEGRA PRODUTOS AGRICOLAS LTDA;MT;1ª REGIÃO;PGFN;1ª REGIÃO;CSMT2017000610;Benefício Fiscal;AJUIZ PARCELADA;Contribuições FGTS;22/12/2017;SIM;506559.90
94.000.610/0001-39;Pessoa jurídica;Principal;JARDINS PRODUTOS AGRICOLAS LTDA;PR;4ª REGIÃO;PGFN;4ª REGIÃO;FGPR2013000611;Em cobrança;AJUIZADA;Contribuições FGTS;29/09/2013;SIM;373518.28
90.000.575/0001-05;Pessoa jurídica;Principal;MONTE ALTO PRODUTOS AGRICOLAS S.A.;GO;1ª REGIÃO;PGFN;1ª REGIÃO;FGGO2017000612;Em cobrança;INSCRITA;Contribuições FGTS;18/11/2017;NAO;311102.87
94.000.612/0001-28;Pessoa jurídica;Principal;NOVA ERA PRODUTOS AGRICOLAS LTDA;RO;1ª REGIÃO;PGFN;1ª REGIÃO;CSRO2021000613;Em cobrança;ENC PROTESTO;Contribuições LC110 (FGTS);07/06/2021;NAO;790670.85
94.000.613/0001-72;Pessoa jurídica;Principal;PIONEIRA PRODUTOS AGRICOLAS LTDA;SC;4ª REGIÃO;PGFN;4ª REGIÃO;FGSC2010000614;Em cobrança;INSCRITA;Contribuições FGTS;21/02/2010;NAO;564384.12
94.000.614/0001-17;Pessoa jurídica;Principal;PLANALTO PRODUTOS AGRICOLAS S.A.;MA;1ª REGIÃO;PGFN;1ª REGIÃO;FGMA2019000615;Em cobrança;INSCRITA;Contribuições FGTS;08/09/2019;NAO;448494.47
94.000.615/0001-61;Pessoa jurídica;Principal;RIO CLARO PRODUTOS AGRICOLAS LTDA;AC;1ª REGIÃO;PGFN;1ª REGIÃO;CSAC2012000616;Em cobrança;AJUIZADA;Contribuições FGTS;04/10/2012;SIM;5314.26
94.000.616/0001-06;Pessoa jurídica;Principal;SERRA DOURADA PRODUTOS AGRICOLAS LTDA;MS;Não se Aplica;CAIXA;1ª REGIÃO;FGMS2023000617;Em cobrança;INSCRITA;Contribuições LC110 (FGTS);11/05/2023;NAO;151980.24
94.000.617/0001-50;Pessoa jurídica;Principal;SOL NASCENTE PRODUTOS AGRICOLAS S.A.;PI;1ª REGIÃO;PGFN;1ª REGIÃO;FGPI2018000618;Em cobrança;INSCRITA;Contribuições FGTS;17/04/2018;NAO;884836.23
94.000.618/0001-03;Pessoa jurídica;Principal;VALE FORTE PRODUTOS AGRICOLAS LTDA;RR;1ª REGIÃO;PGFN;1ª REGIÃO;CSRR2020000619;Em cobrança;INSCRITA;Contribuições FGTS;17/09/2020;NAO;404688.56
94.000.619/0001-40;Pessoa jurídica;Principal;VILA NOVA PRODUTOS AGRICOLAS LTDA;MG;6ª REGIÃO;PGFN;6ª REGIÃO;FGMG2014000620;Em cobrança;INSCRITA;Contribuições FGTS;15/03/2014;NAO;185433.24
94.000.620/0001-74;Pessoa jurídica;Corresponsável;ALVORADA SERVICOS AMBIENTAIS S.A.;DF;1ª REGIÃO;PGFN;1ª REGIÃO;FGDF2008000621;Em cobrança;AJUIZADA;Contribuições LC110 (FGTS);19/09/2008;SIM;480853.11
94.000.621/0001-19;Pessoa jurídica;Principal;BOA VISTA SERVICOS AMBIENTAIS LTDA;AP;1ª REGIÃO;PGFN;1ª REGIÃO;CSAP2022000622;Em cobrança;INSCRITA;Contribuições FGTS;19/06/2022;NAO;853093.46
94.000.622/0001-63;Pessoa jurídica;Principal;CAMINHO VERDE SERVICOS AMBIENTAIS LTDA;BA;1ª REGIÃO;PGFN;1ª REGIÃO;FGBA2017000623;Em cobrança;INSCRITA;Contribuições FGTS;19/09/2017;NAO;392181.88
94.000.623/0001-08;Pessoa jurídica;Principal;CAMPOS DO SUL SERVICOS AMBIENTAIS S.A.;AM;1ª REGIÃO;PGFN;1ª REGIÃO;FGAM2012000624;Em cobrança;INSCRITA;Contribuições FGTS;02/01/2012;NAO;317821.39
94.000.624/0001-52;Pessoa jurídica;Principal;CERRADO SERVICOS AMBIENTAIS LTDA;TO;Não se Aplica;CAIXA;1ª REGIÃO;CSTO2018000625;Em cobrança;INSCRITA;Contribuições LC110 (FGTS);28/04/2018;NAO;659288.76
94.000.625/0001-05;Pessoa jurídica;Principal;COSTA AZUL SERVICOS AMBIENTAIS LTDA;CE;5ª REGIÃO;PGFN;5ª REGIÃO;FGCE2022000626;Em cobrança;AJUIZADA;Contribuições FGTS;21/11/2022;SIM;243473.14
94.000.626/0001-41;Pessoa jurídica;Principal;CRUZEIRO SERVICOS AMBIENTAIS S.A.;PA;1ª REGIÃO;PGFN;1ª REGIÃO;FGPA2014000627;Em cobrança;INSCRITA;Contribuições FGTS;29/09/2014;NAO;733626.90
94.000.627/0001-96;Pessoa jurídica;Principal;ESTRELA DO NORTE SERVICOS AMBIENTAIS LTDA;SP;3ª REGIÃO;PGFN;3ª REGIÃO;CSSP2013000628;Em cobrança;INSCRITA;Contribuições FGTS;18/08/2013;NAO;6630.60
94.000.628/0001-30;Pessoa jurídica;Principal;HORIZONTE SERVICOS AMBIENTAIS LTDA;PE;5ª REGIÃO;PGFN;5ª REGIÃO;FGPE2023000629;Em cobrança;INSCRITA;Contribuições LC110 (FGTS);01/04/2023;NAO;2482.36
94.000.629/0001-85;Pessoa jurídica;Principal;INTEGRA SERVICOS AMBIENTAIS S.A.;MT;1ª REGIÃO;PGFN;1ª REGIÃO;FGMT2020000630;Em cobrança;ENC PROTESTO;Contribuições FGTS;24/03/2020;NAO;274916.66
94.000.630/0001-00;Pessoa jurídica;Principal;JARDINS SERVICOS AMBIENTAIS LTDA;PR;4ª REGIÃO;PGFN;4ª REGIÃO;CSPR2008000631;Em cobrança;AJUIZADA;Contribuições FGTS;04/10/2008;SIM;798274.12
94.000.631/0001-54;Pessoa jurídica;Principal;MONTE ALTO SERVICOS AMBIENTAIS LTDA;GO;1ª REGIÃO;PGFN;1ª REGIÃO;FGGO2018000632;Em cobrança;INSCRITA;Contribuições FGTS;08/02/2018;NAO;553841.59
94.000.632/0001-07;Pessoa jurídica;Principal;NOVA ERA SERVICOS AMBIENTAIS S.A.;RO;Não se Aplica;CAIXA;1ª REGIÃO;FGRO2023000633;Em cobrança;INSCRITA;Contribuições LC110 (FGTS);10/11/2023;NAO;724094.08
90.000.580/0001-00;Pessoa jurídica;Principal;PIONEIRA SERVICOS AMBIENTAIS LTDA;SC;4ª REGIÃO;PGFN;4ª REGIÃO;CSSC2010000634;Em cobrança;INSCRITA;Contribuições FGTS;01/11/2010;NAO;451957.63
94.000.634/0001-98;Pessoa jurídica;Principal;PLANALTO SERVICOS AMBIENTAIS LTDA;MA;1ª REGIÃO;PGFN;1ª REGIÃO;FGMA2022000635;Em cobrança;INSCRITA;Contribuições FGTS;14/03/2022;NAO;784608.24
94.000.635/0001-32;Pessoa jurídica;Principal;RIO CLARO SERVICOS AMBIENTAIS S.A.;AC;1ª REGIÃO;PGFN;1ª REGIÃO;FGAC2023000636;Em cobrança;AJUIZADA;Contribuições FGTS;07/06/2023;SIM;405286.87
94.000.636/0001-87;Pessoa jurídica;Principal;SERRA DOURADA SERVICOS AMBIENTAIS LTDA;MS;1ª REGIÃO;PGFN;1ª REGIÃO;CSMS2025000637;Em cobrança;INSCRITA;Contribuições LC110 (FGTS);14/02/2025;NAO;13627.42
94.000.637/0001-21;Pessoa jurídica;Principal;SOL NASCENTE SERVICOS AMBIENTAIS LTDA;PI;1ª REGIÃO;PGFN;1ª REGIÃO;FGPI2015000638;Em cobrança;INSCRITA;Contribuições FGTS;25/07/2015;NAO;688674.59
94.000.638/0001-76;Pessoa jurídica;Principal;VALE FORTE SERVICOS AMBIENTAIS S.A.;RR;1ª REGIÃO;PGFN;1ª REGIÃO;FGRR2011000639;Benefício Fiscal;AJUIZ PARCELADA;Contribuições FGTS;03/11/2011;SIM;713093.84
94.000.639/0001-10;Pessoa jurídica;Principal;VILA NOVA SERVICOS AMBIENTAIS LTDA;MG;6ª REGIÃO;PGFN;6ª REGIÃO;CSMG2012000640;Em cobrança;INSCRITA;Contribuições FGTS;04/01/2012;NAO;628408.06
94.000.640/0001-45;Pessoa jurídica;Principal;ALVORADA TECNOLOGIA LTDA;DF;Não se Aplica;CAIXA;1ª REGIÃO;FGDF2017000641;Em cobrança;AJUIZADA;Contribuições LC110 (FGTS);26/09/2017;SIM;218417.06
94.000.641/0001-90;Pessoa jurídica;Principal;BOA VISTA TECNOLOGIA S.A.;AP;1ª REGIÃO;PGFN;1ª REGIÃO;FGAP2012000642;Em cobrança;INSCRITA;Contribuições FGTS;02/08/2012;NAO;167878.00
94.000.642/0001-34;Pessoa jurídica;Principal;CAMINHO VERDE TECNOLOGIA LTDA;BA;1ª REGIÃO;PGFN;1ª REGIÃO;CSBA2023000643;Em cobrança;INSCRITA;Contribuições FGTS;12/11/2023;NAO;428030.31
94.000.643/0001-89;Pessoa jurídica;Principal;CAMPOS DO SUL TECNOLOGIA LTDA;AM;1ª REGIÃO;PGFN;1ª REGIÃO;FGAM2025000644;Em cobrança;INSCRITA;Contribuições FGTS;07/02/2025;NAO;476997.62
94.000.644/0001-23;Pessoa jurídica;Principal;CERRADO TECNOLOGIA S.A.;TO;1ª REGIÃO;PGFN;1ª REGIÃO;FGTO2020000645;Em cobrança;INSCRITA;Contribuições LC110 (FGTS);22/06/2020;NAO;89975.99
94.000.645/0001-78;Pessoa jurídica;Principal;COSTA AZUL TECNOLOGIA LTDA;CE;5ª REGIÃO;PGFN;5ª REGIÃO;CSCE2014000646;Em cobrança;AJUIZADA;Contribuições FGTS;07/10/2014;SIM;533531.61
94.000.646/0001-12;Pessoa jurídica;Principal;CRUZEIRO TECNOLOGIA LTDA;PA;1ª REGIÃO;PGFN;1ª REGIÃO;FGPA2021000647;Em cobrança;ENC PROTESTO;Contribuições FGTS;23/10/2021;NAO;608516.21
94.000.647/0001-67;Pessoa jurídica;Principal;ESTRELA DO NORTE TECNOLOGIA S.A.;SP;3ª REGIÃO;PGFN;3ª REGIÃO;FGSP2011000648;Em cobrança;INSCRITA;Contribuições FGTS;18/11/2011;NAO;138424.87
94.000.648/0001-01;Pessoa jurídica;Principal;HORIZONTE TECNOLOGIA LTDA;PE;Não se Aplica;CAIXA;5ª REGIÃO;CSPE2017000649;Em cobrança;INSCRITA;Contribuições LC110 (FGTS);26/05/2017;NAO;335952.11
94.000.649/0001-56;Pessoa jurídica;Principal;INTEGRA TECNOLOGIA LTDA;MT;1ª REGIÃO;PGFN;1ª REGIÃO;FGMT2014000650;Em cobrança;INSCRITA;Contribuições FGTS;15/01/2014;NAO;119908.26
94.000.650/0001-80;Pessoa jurídica;Principal;JARDINS TECNOLOGIA S.A.;PR;4ª REGIÃO;PGFN;4ª REGIÃO;FGPR2016000651;Em cobrança;AJUIZADA;Contribuições FGTS;22/03/2016;SIM;39773.02
94.000.651/0001-25;Pessoa jurídica;Corresponsável;MONTE ALTO TECNOLOGIA LTDA;GO;1ª REGIÃO;PGFN;1ª REGIÃO;CSGO2026000652;Em cobrança;INSCRITA;Contribuições FGTS;21/05/2026;NAO;216096.47
94.000.652/0001-70;Pessoa jurídica;Principal;NOVA ERA TECNOLOGIA LTDA;RO;1ª REGIÃO;PGFN;1ª REGIÃO;FGRO2011000653;Em cobrança;INSCRITA;Contribuições LC110 (FGTS);09/10/2011;NAO;683694.06
94.000.653/0001-14;Pessoa jurídica;Principal;PIONEIRA TECNOLOGIA S.A.;SC;4ª REGIÃO;PGFN;4ª REGIÃO;FGSC2014000654;Em cobrança;INSCRITA;Contribuições FGTS;02/11/2014;NAO;111979.98
94.000.654/0001-69;Pessoa jurídica;Principal;PLANALTO TECNOLOGIA LTDA;MA;1ª REGIÃO;PGFN;1ª REGIÃO;CSMA2015000655;Em cobrança;INSCRITA;Contribuições FGTS;12/02/2015;NAO;541828.23
90.000.599/0001-56;Pessoa jurídica;Principal;RIO CLARO TECNOLOGIA LTDA;AC;1ª REGIÃO;PGFN;1ª REGIÃO;FGAC2014000656;Em cobrança;AJUIZADA;Contribuições FGTS;01/03/2014;SIM;796401.27
94.000.656/0001-58;Pessoa jurídica;Principal;SERRA DOURADA TECNOLOGIA S.A.;MS;Não se Aplica;CAIXA;1ª REGIÃO;FGMS2011000657;Em cobrança;INSCRITA;Contribuições LC110 (FGTS);13/10/2011;NAO;802176.61
94.000.657/0001-00;Pessoa jurídica;Principal;SOL NASCENTE TECNOLOGIA LTDA;PI;1ª REGIÃO;PGFN;1ª REGIÃO;CSPI2008000658;Em cobrança;INSCRITA;Contribuições FGTS;20/07/2008;NAO;792792.50
94.000.658/0001-47;Pessoa jurídica;Principal;VALE FORTE TECNOLOGIA LTDA;RR;1ª REGIÃO;PGFN;1ª REGIÃO;FGRR2017000659;Em cobrança;INSCRITA;Contribuições FGTS;26/03/2017;NAO;560557.83
94.000.659/0001-91;Pessoa jurídica;Principal;VILA NOVA TECNOLOGIA S.A.;MG;6ª REGIÃO;PGFN;6ª REGIÃO;FGMG2020000660;Em cobrança;INSCRITA;Contribuições FGTS;19/10/2020;NAO;100139.45
94.000.660/0001-16;Pessoa jurídica;Principal;ALVORADA TRANSPORTES LTDA;DF;1ª REGIÃO;PGFN;1ª REGIÃO;CSDF2022000661;Em cobrança;AJUIZADA;Contribuições LC110 (FGTS);30/01/2022;SIM;333535.25
94.000.661/0001-60;Pessoa jurídica;Principal;BOA VISTA TRANSPORTES LTDA;AP;1ª REGIÃO;PGFN;1ª REGIÃO;FGAP2018000662;Em cobrança;INSCRITA;Contribuições FGTS;01/07/2018;NAO;224574.17
94.000.662/0001-05;Pessoa jurídica;Principal;CAMINHO VERDE TRANSPORTES S.A.;BA;1ª REGIÃO;PGFN;1ª REGIÃO;FGBA2011000663;Em cobrança;INSCRITA;Contribuições FGTS;23/01/2011;NAO;215088.15
94.000.663/0001-50;Pessoa jurídica;Principal;CAMPOS DO SUL TRANSPORTES LTDA;AM;1ª REGIÃO;PGFN;1ª REGIÃO;CSAM2008000664;Em cobrança;ENC PROTESTO;Contribuições FGTS;05/08/2008;NAO;316436.14
94.000.664/0001-02;Pessoa jurídica;Principal;CERRADO TRANSPORTES LTDA;TO;Não se Aplica;CAIXA;1ª REGIÃO;FGTO2022000665;Em cobrança;INSCRITA;Contribuições LC110 (FGTS);23/07/2022;NAO;883460.29
94.000.665/0001-49;Pessoa jurídica;Principal;COSTA AZUL TRANSPORTES S.A.;CE;5ª REGIÃO;PGFN;5ª REGIÃO;FGCE2011000666;Em cobrança;AJUIZADA;Contribuições FGTS;20/12/2011;SIM;112329.22
94.000.666/0001-93;Pessoa jurídica;Principal;CRUZEIRO TRANSPORTES LTDA;PA;1ª REGIÃO;PGFN;1ª REGIÃO;CSPA2016000667;Em cobrança;INSCRITA;Contribuições FGTS;17/08/2016;NAO;706057.12
94.000.667/0001-38;Pessoa jurídica;Principal;ESTRELA DO NORTE TRANSPORTES LTDA;SP;3ª REGIÃO;PGFN;3ª REGIÃO;FGSP2021000668;Benefício Fiscal;AJUIZ PARCELADA;Contribuições FGTS;06/03/2021;SIM;674389.36
94.000.668/0001-82;Pessoa jurídica;Principal;HORIZONTE TRANSPORTES S.A.;PE;5ª REGIÃO;PGFN;5ª REGIÃO;FGPE2008000669;Em cobrança;INSCRITA;Contribuições LC110 (FGTS);26/05/2008;NAO;472950.22
94.000.669/0001-27;Pessoa jurídica;Principal;INTEGRA TRANSPORTES LTDA;MT;1ª REGIÃO;PGFN;1ª REGIÃO;CSMT2012000670;Em cobrança;INSCRITA;Contribuições FGTS;26/03/2012;NAO;804665.34
94.000.670/0001-51;Pessoa jurídica;Principal;JARDINS TRANSPORTES LTDA;PR;4ª REGIÃO;PGFN;4ª REGIÃO;FGPR2022000671;Em cobrança;AJUIZADA;Contribuições FGTS;07/02/2022;SIM;933984.85
94.000.671/0001-04;Pessoa jurídica;Principal;MONTE ALTO TRANSPORTES S.A.;GO;1ª REGIÃO;PGFN;1ª REGIÃO;FGGO2011000672;Em cobrança;INSCRITA;Contribuições FGTS;28/09/2011;NAO;546452.34
94.000.672/0001-40;Pessoa jurídica;Principal;NOVA ERA TRANSPORTES LTDA;RO;Não se Aplica;CAIXA;1ª REGIÃO;CSRO2017000673;Em cobrança;INSCRITA;Contribuições LC110 (FGTS);14/06/2017;NAO;396174.56
94.000.673/0001-95;Pessoa jurídica;Principal;PIONEIRA TRANSPORTES LTDA;SC;4ª REGIÃO;PGFN;4ª REGIÃO;FGSC2022000674;Em cobrança;INSCRITA;Contribuições FGTS;26/02/2022;NAO;627855.77
94.000.674/0001-30;Pessoa jurídica;Principal;PLANALTO TRANSPORTES S.A.;MA;1ª REGIÃO;PGFN;1ª REGIÃO;FGMA2018000675;Em cobrança;INSCRITA;Contribuições FGTS;02/09/2018;NAO;825253.61
94.000.675/0001-84;Pessoa jurídica;Principal;RIO CLARO TRANSPORTES LTDA;AC;1ª REGIÃO;PGFN;1ª REGIÃO;CSAC2019000676;Em cobrança;AJUIZADA;Contribuições FGTS;16/03/2019;SIM;236800.19
94.000.676/0001-29;Pessoa jurídica;Principal;SERRA DOURADA TRANSPORTES LTDA;MS;1ª REGIÃO;PGFN;1ª REGIÃO;FGMS2015000677;Em cobrança;INSCRITA;Contribuições LC110 (FGTS);14/05/2015;NAO;740696.00
90.000.618/0001-44;Pessoa jurídica;Principal;SOL NASCENTE TRANSPORTES S.A.;PI;1ª REGIÃO;PGFN;1ª REGIÃO;FGPI2018000678;Em cobrança;INSCRITA;Contribuições FGTS;21/04/2018;NAO;502885.62
94.000.678/0001-18;Pessoa jurídica;Principal;VALE FORTE TRANSPORTES LTDA;RR;1ª REGIÃO;PGFN;1ª REGIÃO;CSRR2022000679;Em cobrança;INSCRITA;Contribuições FGTS;26/08/2022;NAO;918447.19
94.000.679/0001-62;Pessoa jurídica;Principal;VILA NOVA TRANSPORTES LTDA;MG;6ª REGIÃO;PGFN;6ª REGIÃO;FGMG2008000680;Em cobrança;INSCRITA;Contribuições FGTS;11/01/2008;NAO;404431.05
94.000.680/0001-97;Pessoa jurídica;Principal;ALVORADA ALIMENTOS S.A.;DF;Não se Aplica;CAIXA;1ª REGIÃO;FGDF2008000681;Em cobrança;AJUIZADA;Contribuições LC110 (FGTS);29/06/2008;SIM;715801.94
94.000.681/0001-31;Pessoa jurídica;Principal;BOA VISTA ALIMENTOS LTDA;AP;1ª REGIÃO;PGFN;1ª REGIÃO;CSAP2015000682;Em cobrança;INSCRITA;Contribuições FGTS;23/07/2015;NAO;548982.67
94.000.682/0001-86;Pessoa jurídica;Corresponsável;CAMINHO VERDE ALIMENTOS LTDA;BA;1ª REGIÃO;PGFN;1ª REGIÃO;FGBA2010000683;Em cobrança;INSCRITA;Contribuições FGTS;18/12/2010;NAO;110549.64
94.000.683/0001-20;Pessoa jurídica;Principal;CAMPOS DO SUL ALIMENTOS S.A.;AM;1ª REGIÃO;PGFN;1ª REGIÃO;FGAM2018000684;Em cobrança;INSCRITA;Contribuições FGTS;06/12/2018;NAO;121001.45
94.000.684/0001-75;Pessoa jurídica;Principal;CERRADO ALIMENTOS LTDA;TO;1ª REGIÃO;PGFN;1ª REGIÃO;CSTO2014000685;Em cobrança;INSCRITA;Contribuições LC110 (FGTS);05/08/2014;NAO;939695.42
94.000.685/0001-10;Pessoa jurídica;Principal;COSTA AZUL ALIMENTOS LTDA;CE;5ª REGIÃO;PGFN;5ª REGIÃO;FGCE2017000686;Em cobrança;AJUIZADA;Contribuições FGTS;23/04/2017;SIM;70632.52
94.000.686/0001-64;Pessoa jurídica;Principal;CRUZEIRO ALIMENTOS S.A.;PA;1ª REGIÃO;PGFN;1ª REGIÃO;FGPA2010000687;Em cobrança;INSCRITA;Contribuições FGTS;24/04/2010;NAO;110753.38
94.000.687/0001-09;Pessoa jurídica;Principal;ESTRELA DO NORTE ALIMENTOS LTDA;SP;3ª REGIÃO;PGFN;3ª REGIÃO;CSSP2020000688;Em cobrança;INSCRITA;Contribuições FGTS;07/04/2020;NAO;211646.20
94.000.688/0001-53;Pessoa jurídica;Principal;HORIZONTE ALIMENTOS LTDA;PE;Não se Aplica;CAIXA;5ª REGIÃO;FGPE2020000689;Em cobrança;INSCRITA;Contribuições LC110 (FGTS);22/10/2020;NAO;87545.40
94.000.689/0001-06;Pessoa jurídica;Principal;INTEGRA ALIMENTOS S.A.;MT;1ª REGIÃO;PGFN;1ª REGIÃO;FGMT2017000690;Em cobrança;INSCRITA;Contribuições FGTS;02/09/2017;NAO;928078.03
94.000.690/0001-22;Pessoa jurídica;Principal;JARDINS ALIMENTOS LTDA;PR;4ª REGIÃO;PGFN;4ª REGIÃO;CSPR2025000691;Em cobrança;AJUIZADA;Contribuições FGTS;11/09/2025;SIM;456126.65
94.000.691/0001-77;Pessoa jurídica;Principal;MONTE ALTO ALIMENTOS LTDA;GO;1ª REGIÃO;PGFN;1ª REGIÃO;FGGO2014000692;Em cobrança;INSCRITA;Contribuições FGTS;27/10/2014;NAO;481782.56
94.000.692/0001-11;Pessoa jurídica;Principal;NOVA ERA ALIMENTOS S.A.;RO;1ª REGIÃO;PGFN;1ª REGIÃO;FGRO2021000693;Em cobrança;INSCRITA;Contribuições LC110 (FGTS);06/06/2021;NAO;146646.44
94.000.693/0001-66;Pessoa jurídica;Principal;PIONEIRA ALIMENTOS LTDA;SC;4ª REGIÃO;PGFN;4ª REGIÃO;CSSC2018000694;Em cobrança;INSCRITA;Contribuições FGTS;09/09/2018;NAO;45053.31
94.000.694/0001-00;Pessoa jurídica;Principal;PLANALTO ALIMENTOS LTDA;MA;1ª REGIÃO;PGFN;1ª REGIÃO;FGMA2011000695;Em cobrança;INSCRITA;Contribuições FGTS;10/09/2011;NAO;234890.40
94.000.695/0001-55;Pessoa jurídica;Principal;RIO CLARO ALIMENTOS S.A.;AC;1ª REGIÃO;PGFN;1ª REGIÃO;FGAC2013000696;Em cobrança;AJUIZADA;Contribuições FGTS;16/09/2013;SIM;327398.81
94.000.696/0001-08;Pessoa jurídica;Principal;SERRA DOURADA ALIMENTOS LTDA;MS;Não se Aplica;CAIXA;1ª REGIÃO;CSMS2024000697;Benefício Fiscal;AJUIZ PARCELADA;Contribuições LC110 (FGTS);02/06/2024;SIM;333937.73
94.000.697/0001-44;Pessoa jurídica;Principal;SOL NASCENTE ALIMENTOS LTDA;PI;1ª REGIÃO;PGFN;1ª REGIÃO;FGPI2025000698;Em cobrança;ENC PROTESTO;Contribuições FGTS;19/08/2025;NAO;496001.89
94.000.698/0001-99;Pessoa jurídica;Principal;VALE FORTE ALIMENTOS S.A.;RR;1ª REGIÃO;PGFN;1ª REGIÃO;FGRR2015000699;Em cobrança;INSCRITA;Contribuições FGTS;20/12/2015;NAO;818804.49
94.000.699/0001-33;Pessoa jurídica;Principal;VILA NOVA ALIMENTOS LTDA;MG;6ª REGIÃO;PGFN;6ª REGIÃO;CSMG2025000700;Em cobrança;INSCRITA;Contribuições FGTS;09/04/2025;NAO;829327.23
90.000.622/0001-02;Pessoa jurídica;Principal;ALVORADA COMERCIO E LOGISTICA LTDA;DF;1ª REGIÃO;PGFN;1ª REGIÃO;FGDF2008000701;Em cobrança;AJUIZADA;Contribuições LC110 (FGTS);02/04/2008;SIM;570381.54
94.000.701/0001-74;Pessoa jurídica;Principal;BOA VISTA COMERCIO E LOGISTICA S.A.;AP;1ª REGIÃO;PGFN;1ª REGIÃO;FGAP2020000702;Em cobrança;INSCRITA;Contribuições FGTS;10/04/2020;NAO;333529.41
94.000.702/0001-19;Pessoa jurídica;Principal;CAMINHO VERDE COMERCIO E LOGISTICA LTDA;BA;1ª REGIÃO;PGFN;1ª REGIÃO;CSBA2014000703;Em cobrança;INSCRITA;Contribuições FGTS;05/03/2014;NAO;107163.33
94.000.703/0001-63;Pessoa jurídica;Principal;CAMPOS DO SUL COMERCIO E LOGISTICA LTDA;AM;1ª REGIÃO;PGFN;1ª REGIÃO;FGAM2022000704;Em cobrança;INSCRITA;Contribuições FGTS;13/01/2022;NAO;733501.38
94.000.704/0001-08;Pessoa jurídica;Principal;CERRADO COMERCIO E LOGISTICA S.A.;TO;Não se Aplica;CAIXA;1ª REGIÃO;FGTO2013000705;Em cobrança;INSCRITA;Contribuições LC110 (FGTS);30/12/2013;NAO;265950.96
94.000.705/0001-52;Pessoa jurídica;Principal;COSTA AZUL COMERCIO E LOGISTICA LTDA;CE;5ª REGIÃO;PGFN;5ª REGIÃO;CSCE2023000706;Em cobrança;AJUIZADA;Contribuições FGTS;24/03/2023;SIM;945090.61
94.000.706/0001-05;Pessoa jurídica;Principal;CRUZEIRO COMERCIO E LOGISTICA LTDA;PA;1ª REGIÃO;PGFN;1ª REGIÃO;FGPA2009000707;Em cobrança;INSCRITA;Contribuições FGTS;12/07/2009;NAO;126650.81
94.000.707/0001-41;Pessoa jurídica;Principal;ESTRELA DO NORTE COMERCIO E LOGISTICA S.A.;SP;3ª REGIÃO;PGFN;3ª REGIÃO;FGSP2015000708;Em cobrança;INSCRITA;Contribuições FGTS;27/02/2015;NAO;563447.84
94.000.708/0001-96;Pessoa jurídica;Principal;HORIZONTE COMERCIO E LOGISTICA LTDA;PE;5ª REGIÃO;PGFN;5ª REGIÃO;CSPE2021000709;Em cobrança;INSCRITA;Contribuições LC110 (FGTS);21/03/2021;NAO;13227.11
94.000.709/0001-30;Pessoa jurídica;Principal;INTEGRA COMERCIO E LOGISTICA LTDA;MT;1ª REGIÃO;PGFN;1ª REGIÃO;FGMT2023000710;Em cobrança;INSCRITA;Contribuições FGTS;20/04/2023;NAO;747910.73
94.000.710/0001-65;Pessoa jurídica;Principal;JARDINS COMERCIO E LOGISTICA S.A.;PR;4ª REGIÃO;PGFN;4ª REGIÃO;FGPR2008000711;Em cobrança;AJUIZADA;Contribuições FGTS;18/09/2008;SIM;444304.73
94.000.711/0001-00;Pessoa jurídica;Principal;MONTE ALTO COMERCIO E LOGISTICA LTDA;GO;1ª REGIÃO;PGFN;1ª REGIÃO;CSGO2014000712;Em cobrança;INSCRITA;Contribuições FGTS;08/06/2014;NAO;618762.26
94.000.712/0001-54;Pessoa jurídica;Principal;NOVA ERA COMERCIO E LOGISTICA LTDA;RO;Não se Aplica;CAIXA;1ª REGIÃO;FGRO2014000713;Em cobrança;INSCRITA;Contribuições LC110 (FGTS);24/08/2014;NAO;491105.67
94.000.713/0001-07;Pessoa jurídica;Corresponsável;PIONEIRA COMERCIO E LOGISTICA S.A.;SC;4ª REGIÃO;PGFN;4ª REGIÃO;FGSC2014000714;Em cobrança;INSCRITA;Contribuições FGTS;30/05/2014;NAO;815141.25
94.000.714/0001-43;Pessoa jurídica;Principal;PLANALTO COMERCIO E LOGISTICA LTDA;MA;1ª REGIÃO;PGFN;1ª REGIÃO;CSMA2022000715;Em cobrança;ENC PROTESTO;Contribuições FGTS;29/01/2022;NAO;187590.44
94.000.715/0001-98;Pessoa jurídica;Principal;RIO CLARO COMERCIO E LOGISTICA LTDA;AC;1ª REGIÃO;PGFN;1ª REGIÃO;FGAC2021000716;Em cobrança;AJUIZADA;Contribuições FGTS;03/11/2021;SIM;457569.80
94.000.716/0001-32;Pessoa jurídica;Principal;SERRA DOURADA COMERCIO E LOGISTICA S.A.;MS;1ª REGIÃO;PGFN;1ª REGIÃO;FGMS2019000717;Em cobrança;INSCRITA;Contribuições LC110 (FGTS);04/08/2019;NAO;478112.80
94.000.717/0001-87;Pessoa jurídica;Principal;SOL NASCENTE COMERCIO E LOGISTICA LTDA;PI;1ª REGIÃO;PGFN;1ª REGIÃO;CSPI2010000718;Em cobrança;INSCRITA;Contribuições FGTS;19/06/2010;NAO;589000.05
94.000.718/0001-21;Pessoa jurídica;Principal;VALE FORTE COMERCIO E LOGISTICA LTDA;RR;1ª REGIÃO;PGFN;1ª REGIÃO;FGRR2014000719;Em cobrança;INSCRITA;Contribuições FGTS;02/02/2014;NAO;123834.04
94.000.719/0001-76;Pessoa jurídica;Principal;VILA NOVA COMERCIO E LOGISTICA S.A.;MG;6ª REGIÃO;PGFN;6ª REGIÃO;FGMG2021000720;Em cobrança;INSCRITA;Contribuições FGTS;04/08/2021;NAO;812720.01
94.000.720/0001-09;Pessoa jurídica;Principal;ALVORADA CONSTRUCOES LTDA;DF;Não se Aplica;CAIXA;1ª REGIÃO;CSDF2013000721;Em cobrança;AJUIZADA;Contribuições LC110 (FGTS);16/09/2013;SIM;623580.42
94.000.721/0001-45;Pessoa jurídica;Principal;BOA VISTA CONSTRUCOES LTDA;AP;1ª REGIÃO;PGFN;1ª REGIÃO;FGAP2019000722;Em cobrança;INSCRITA;Contribuições FGTS;07/11/2019;NAO;776395.92
90.000.650/0001-20;Pessoa jurídica;Principal;CAMINHO VERDE CONSTRUCOES S.A.;BA;1ª REGIÃO;PGFN;1ª REGIÃO;FGBA2026000723;Em cobrança;INSCRITA;Contribuições FGTS;23/01/2026;NAO;50264.77
94.000.723/0001-34;Pessoa jurídica;Principal;CAMPOS DO SUL CONSTRUCOES LTDA;AM;1ª REGIÃO;PGFN;1ª REGIÃO;CSAM2022000724;Em cobrança;INSCRITA;Contribuições FGTS;24/03/2022;NAO;343715.94
94.000.724/0001-89;Pessoa jurídica;Principal;CERRADO CONSTRUCOES LTDA;TO;1ª REGIÃO;PGFN;1ª REGIÃO;FGTO2010000725;Em cobrança;INSCRITA;Contribuições LC110 (FGTS);25/12/2010;NAO;629930.91
94.000.725/0001-23;Pessoa jurídica;Principal;COSTA AZUL CONSTRUCOES S.A.;CE;5ª REGIÃO;PGFN;5ª REGIÃO;FGCE2016000726;Benefício Fiscal;AJUIZADA;Contribuições FGTS;31/05/2016;SIM;130537.43
94.000.726/0001-78;Pessoa jurídica;Principal;CRUZEIRO CONSTRUCOES LTDA;PA;1ª REGIÃO;PGFN;1ª REGIÃO;CSPA2008000727;Em cobrança;INSCRITA;Contribuições FGTS;18/09/2008;NAO;42416.94
94.000.727/0001-12;Pessoa jurídica;Principal;ESTRELA DO NORTE CONSTRUCOES LTDA;SP;3ª REGIÃO;PGFN;3ª REGIÃO;FGSP2021000728;Em cobrança;INSCRITA;Contribuições FGTS;02/04/2021;NAO;520877.80
94.000.728/0001-67;Pessoa jurídica;Principal;HORIZONTE CONSTRUCOES S.A.;PE;Não se Aplica;CAIXA;5ª REGIÃO;FGPE2022000729;Em cobrança;INSCRITA;Contribuições LC110 (FGTS);09/01/2022;NAO;293321.10
94.000.729/0001-01;Pessoa jurídica;Principal;INTEGRA CONSTRUCOES LTDA;MT;1ª REGIÃO;PGFN;1ª REGIÃO;CSMT2017000730;Em cobrança;INSCRITA;Contribuições FGTS;19/12/2017;NAO;364776.19
94.000.730/0001-36;Pessoa jurídica;Principal;JARDINS CONSTRUCOES LTDA;PR;4ª REGIÃO;PGFN;4ª REGIÃO;FGPR2011000731;Em cobrança;AJUIZADA;Contribuições FGTS;07/12/2011;SIM;812141.11
94.000.731/0001-80;Pessoa jurídica;Principal;MONTE ALTO CONSTRUCOES S.A.;GO;1ª REGIÃO;PGFN;1ª REGIÃO;FGGO2021000732;Em cobrança;ENC PROTESTO;Contribuições FGTS;13/10/2021;NAO;596490.85
94.000.732/0001-25;Pessoa jurídica;Principal;NOVA ERA CONSTRUCOES LTDA;RO;1ª REGIÃO;PGFN;1ª REGIÃO;CSRO2020000733;Em cobrança;INSCRITA;Contribuições LC110 (FGTS);25/02/2020;NAO;603645.76
94.000.733/0001-70;Pessoa jurídica;Principal;PIONEIRA CONSTRUCOES LTDA;SC;4ª REGIÃO;PGFN;4ª REGIÃO;FGSC2013000734;Em cobrança;INSCRITA;Contribuições FGTS;03/05/2013;NAO;203684.53
94.000.734/0001-14;Pessoa jurídica;Principal;PLANALTO CONSTRUCOES S.A.;MA;1ª REGIÃO;PGFN;1ª REGIÃO;FGMA2010000735;Em cobrança;INSCRITA;Contribuições FGTS;24/05/2010;NAO;325974.73
94.000.735/0001-69;Pessoa jurídica;Principal;RIO CLARO CONSTRUCOES LTDA;AC;1ª REGIÃO;PGFN;1ª REGIÃO;CSAC2008000736;Em cobrança;AJUIZADA;Contribuições FGTS;28/09/2008;SIM;708187.78
94.000.736/0001-03;Pessoa jurídica;Principal;SERRA DOURADA CONSTRUCOES LTDA;MS;Não se Aplica;CAIXA;1ª REGIÃO;FGMS2024000737;Em cobrança;INSCRITA;Contribuições LC110 (FGTS);21/03/2024;NAO;155150.31
94.000.737/0001-58;Pessoa jurídica;Principal;SOL NASCENTE CONSTRUCOES S.A.;PI;1ª REGIÃO;PGFN;1ª REGIÃO;FGPI2015000738;Em cobrança;INSCRITA;Contribuições FGTS;13/06/2015;NAO;415617.45
94.000.738/0001-00;Pessoa jurídica;Principal;VALE FORTE CONSTRUCOES LTDA;RR;1ª REGIÃO;PGFN;1ª REGIÃO;CSRR2012000739;Em cobrança;INSCRITA;Contribuições FGTS;02/06/2012;NAO;930122.07
94.000.739/0001-47;Pessoa jurídica;Principal;VILA NOVA CONSTRUCOES LTDA;MG;6ª REGIÃO;PGFN;6ª REGIÃO;FGMG2014000740;Em cobrança;INSCRITA;Contribuições FGTS;24/01/2014;NAO;767815.33
94.000.740/0001-71;Pessoa jurídica;Principal;ALVORADA ENERGIA S.A.;DF;1ª REGIÃO;PGFN;1ª REGIÃO;FGDF2020000741;Em cobrança;AJUIZADA;Contribuições LC110 (FGTS);15/10/2020;SIM;164153.06
94.000.741/0001-16;Pessoa jurídica;Principal;BOA VISTA ENERGIA LTDA;AP;1ª REGIÃO;PGFN;1ª REGIÃO;CSAP2018000742;Em cobrança;INSCRITA;Contribuições FGTS;08/06/2018;NAO;831759.05
94.000.742/0001-60;Pessoa jurídica;Principal;CAMINHO VERDE ENERGIA LTDA;BA;1ª REGIÃO;PGFN;1ª REGIÃO;FGBA2008000743;Em cobrança;INSCRITA;Contribuições FGTS;16/02/2008;NAO;389043.67
94.000.743/0001-05;Pessoa jurídica;Principal;CAMPOS DO SUL ENERGIA S.A.;AM;1ª REGIÃO;PGFN;1ª REGIÃO;FGAM2011000744;Em cobrança;INSCRITA;Contribuições FGTS;24/12/2011;NAO;834285.44
90.000.676/0001-78;Pessoa jurídica;Corresponsável;CERRADO ENERGIA LTDA;TO;Não se Aplica;CAIXA;1ª REGIÃO;CSTO2021000745;Em cobrança;INSCRITA;Contribuições LC110 (FGTS);30/06/2021;NAO;48626.72
94.000.745/0001-02;Pessoa jurídica;Principal;COSTA AZUL ENERGIA LTDA;CE;5ª REGIÃO;PGFN;5ª REGIÃO;FGCE2025000746;Em cobrança;AJUIZADA;Contribuições FGTS;13/04/2025;SIM;748653.28
94.000.746/0001-49;Pessoa jurídica;Principal;CRUZEIRO ENERGIA S.A.;PA;1ª REGIÃO;PGFN;1ª REGIÃO;FGPA2015000747;Em cobrança;INSCRITA;Contribuições FGTS;06/11/2015;NAO;78904.95
94.000.747/0001-93;Pessoa jurídica;Principal;ESTRELA DO NORTE ENERGIA LTDA;SP;3ª REGIÃO;PGFN;3ª REGIÃO;CSSP2014000748;Em cobrança;INSCRITA;Contribuições FGTS;03/04/2014;NAO;121160.66
94.000.748/0001-38;Pessoa jurídica;Principal;HORIZONTE ENERGIA LTDA;PE;5ª REGIÃO;PGFN;5ª REGIÃO;FGPE2015000749;Em cobrança;ENC PROTESTO;Contribuições LC110 (FGTS);17/04/2015;NAO;665139.32
94.000.749/0001-82;Pessoa jurídica;Principal;INTEGRA ENERGIA S.A.;MT;1ª REGIÃO;PGFN;1ª REGIÃO;FGMT2016000750;Em cobrança;INSCRITA;Contribuições FGTS;30/06/2016;NAO;814719.06
94.000.750/0001-07;Pessoa jurídica;Principal;JARDINS ENERGIA LTDA;PR;4ª REGIÃO;PGFN;4ª REGIÃO;CSPR2023000751;Em cobrança;AJUIZADA;Contribuições FGTS;13/05/2023;SIM;893634.42
94.000.751/0001-51;Pessoa jurídica;Principal;MONTE ALTO ENERGIA LTDA;GO;1ª REGIÃO;PGFN;1ª REGIÃO;FGGO2014000752;Em cobrança;INSCRITA;Contribuições FGTS;14/01/2014;NAO;337474.00
94.000.752/0001-04;Pessoa jurídica;Principal;NOVA ERA ENERGIA S.A.;RO;Não se Aplica;CAIXA;1ª REGIÃO;FGRO2018000753;Em cobrança;INSCRITA;Contribuições LC110 (FGTS);20/11/2018;NAO;7154.49
94.000.753/0001-40;Pessoa jurídica;Principal;PIONEIRA ENERGIA LTDA;SC;4ª REGIÃO;PGFN;4ª REGIÃO;CSSC2026000754;Em cobrança;INSCRITA;Contribuições FGTS;21/04/2026;NAO;702249.81
94.000.754/0001-95;Pessoa jurídica;Principal;PLANALTO ENERGIA LTDA;MA;1ª REGIÃO;PGFN;1ª REGIÃO;FGMA2008000755;Benefício Fiscal;AJUIZ PARCELADA;Contribuições FGTS;20/11/2008;SIM;160091.09
94.000.755/0001-30;Pessoa jurídica;Principal;RIO CLARO ENERGIA S.A.;AC;1ª REGIÃO;PGFN;1ª REGIÃO;FGAC2018000756;Em cobrança;AJUIZADA;Contribuições FGTS;09/09/2018;SIM;65283.09
94.000.756/0001-84;Pessoa jurídica;Principal;SERRA DOURADA ENERGIA LTDA;MS;1ª REGIÃO;PGFN;1ª REGIÃO;CSMS2022000757;Em cobrança;INSCRITA;Contribuições LC110 (FGTS);14/01/2022;NAO;359691.15
94.000.757/0001-29;Pessoa jurídica;Principal;SOL NASCENTE ENERGIA LTDA;PI;1ª REGIÃO;PGFN;1ª REGIÃO;FGPI2011000758;Em cobrança;INSCRITA;Contribuições FGTS;28/11/2011;NAO;162897.36
94.000.758/0001-73;Pessoa jurídica;Principal;VALE FORTE ENERGIA S.A.;RR;1ª REGIÃO;PGFN;1ª REGIÃO;FGRR2023000759;Em cobrança;INSCRITA;Contribuições FGTS;28/04/2023;NAO;9591.37
94.000.759/0001-18;Pessoa jurídica;Principal;VILA NOVA ENERGIA LTDA;MG;6ª REGIÃO;PGFN;6ª REGIÃO;CSMG2023000760;Em cobrança;INSCRITA;Contribuições FGTS;31/08/2023;NAO;118708.78
94.000.760/0001-42;Pessoa jurídica;Principal;ALVORADA EQUIPAMENTOS LTDA;DF;Não se Aplica;CAIXA;1ª REGIÃO;FGDF2012000761;Em cobrança;AJUIZADA;Contribuições LC110 (FGTS);26/07/2012;SIM;317342.57
94.000.761/0001-97;Pessoa jurídica;Principal;BOA VISTA EQUIPAMENTOS S.A.;AP;1ª REGIÃO;PGFN;1ª REGIÃO;FGAP2015000762;Em cobrança;INSCRITA;Contribuições FGTS;20/03/2015;NAO;617390.15
94.000.762/0001-31;Pessoa jurídica;Principal;CAMINHO VERDE EQUIPAMENTOS LTDA;BA;1ª REGIÃO;PGFN;1ª REGIÃO;CSBA2019000763;Em cobrança;INSCRITA;Contribuições FGTS;07/05/2019;NAO;612795.26
94.000.763/0001-86;Pessoa jurídica;Principal;CAMPOS DO SUL EQUIPAMENTOS LTDA;AM;1ª REGIÃO;PGFN;1ª REGIÃO;FGAM2019000764;Em cobrança;INSCRITA;Contribuições FGTS;28/11/2019;NAO;889458.11
94.000.764/0001-20;Pessoa jurídica;Principal;CERRADO EQUIPAMENTOS S.A.;TO;1ª REGIÃO;PGFN;1ª REGIÃO;FGTO2025000765;Em cobrança;INSCRITA;Contribuições LC110 (FGTS);08/09/2025;NAO;158154.73
94.000.765/0001-75;Pessoa jurídica;Principal;COSTA AZUL EQUIPAMENTOS LTDA;CE;5ª REGIÃO;PGFN;5ª REGIÃO;CSCE2025000766;Em cobrança;AJUIZADA;Contribuições FGTS;05/03/2025;SIM;631235.92
90.000.695/0001-02;Pessoa jurídica;Principal;CRUZEIRO EQUIPAMENTOS LTDA;PA;1ª REGIÃO;PGFN;1ª REGIÃO;FGPA2019000767;Em cobrança;INSCRITA;Contribuições FGTS;26/03/2019;NAO;122202.01
94.000.767/0001-64;Pessoa jurídica;Principal;ESTRELA DO NORTE EQUIPAMENTOS S.A.;SP;3ª REGIÃO;PGFN;3ª REGIÃO;FGSP2016000768;Em cobrança;INSCRITA;Contribuições FGTS;22/04/2016;NAO;226581.58
94.000.768/0001-09;Pessoa jurídica;Principal;HORIZONTE EQUIPAMENTOS LTDA;PE;Não se Aplica;CAIXA;5ª REGIÃO;CSPE2014000769;Em cobrança;INSCRITA;Contribuições LC110 (FGTS);12/02/2014;NAO;628614.16
94.000.769/0001-53;Pessoa jurídica;Principal;INTEGRA EQUIPAMENTOS LTDA;MT;1ª REGIÃO;PGFN;1ª REGIÃO;FGMT2021000770;Em cobrança;INSCRITA;Contribuições FGTS;07/08/2021;NAO;472408.70
94.000.770/0001-88;Pessoa jurídica;Principal;JARDINS EQUIPAMENTOS S.A.;PR;4ª REGIÃO;PGFN;4ª REGIÃO;FGPR2010000771;Em cobrança;AJUIZADA;Contribuições FGTS;18/12/2010;SIM;372505.04
94.000.771/0001-22;Pessoa jurídica;Principal;MONTE ALTO EQUIPAMENTOS LTDA;GO;1ª REGIÃO;PGFN;1ª REGIÃO;CSGO2021000772;Em cobrança;INSCRITA;Contribuições FGTS;26/08/2021;NAO;398214.90
94.000.772/0001-77;Pessoa jurídica;Principal;NOVA ERA EQUIPAMENTOS LTDA;RO;1ª REGIÃO;PGFN;1ª REGIÃO;FGRO2019000773;Em cobrança;INSCRITA;Contribuições LC110 (FGTS);11/12/2019;NAO;838245.10
94.000.773/0001-11;Pessoa jurídica;Principal;PIONEIRA EQUIPAMENTOS S.A.;SC;4ª REGIÃO;PGFN;4ª REGIÃO;FGSC2015000774;Em cobrança;INSCRITA;Contribuições FGTS;02/07/2015;NAO;555020.19
94.000.774/0001-66;Pessoa jurídica;Principal;PLANALTO EQUIPAMENTOS LTDA;MA;1ª REGIÃO;PGFN;1ª REGIÃO;CSMA2016000775;Em cobrança;INSCRITA;Contribuições FGTS;20/08/2016;NAO;293556.34
94.000.775/0001-00;Pessoa jurídica;Corresponsável;RIO CLARO EQUIPAMENTOS LTDA;AC;1ª REGIÃO;PGFN;1ª REGIÃO;FGAC2023000776;Em cobrança;AJUIZADA;Contribuições FGTS;21/02/2023;SIM;391555.03
94.000.776/0001-55;Pessoa jurídica;Principal;SERRA DOURADA EQUIPAMENTOS S.A.;MS;Não se Aplica;CAIXA;1ª REGIÃO;FGMS2019000777;Em cobrança;INSCRITA;Contribuições LC110 (FGTS);24/04/2019;NAO;12566.03
94.000.777/0001-08;Pessoa jurídica;Principal;SOL NASCENTE EQUIPAMENTOS LTDA;PI;1ª REGIÃO;PGFN;1ª REGIÃO;CSPI2011000778;Em cobrança;INSCRITA;Contribuições FGTS;31/12/2011;NAO;417225.55
94.000.778/0001-44;Pessoa jurídica;Principal;VALE FORTE EQUIPAMENTOS LTDA;RR;1ª REGIÃO;PGFN;1ª REGIÃO;FGRR2018000779;Em cobrança;INSCRITA;Contribuições FGTS;27/08/2018;NAO;779690.18
94.000.779/0001-99;Pessoa jurídica;Principal;VILA NOVA EQUIPAMENTOS S.A.;MG;6ª REGIÃO;PGFN;6ª REGIÃO;FGMG2016000780;Em cobrança;INSCRITA;Contribuições FGTS;02/12/2016;NAO;144070.66
94.000.780/0001-13;Pessoa jurídica;Principal;ALVORADA INDUSTRIA FLORESTAL LTDA;DF;1ª REGIÃO;PGFN;1ª REGIÃO;CSDF2013000781;Em cobrança;AJUIZADA;Contribuições LC110 (FGTS);07/05/2013;SIM;255155.59
94.000.781/0001-68;Pessoa jurídica;Principal;BOA VISTA INDUSTRIA FLORESTAL LTDA;AP;1ª REGIÃO;PGFN;1ª REGIÃO;FGAP2025000782;Em cobrança;INSCRITA;Contribuições FGTS;29/03/2025;NAO;132863.51
94.000.782/0001-02;Pessoa jurídica;Principal;CAMINHO VERDE INDUSTRIA FLORESTAL S.A.;BA;1ª REGIÃO;PGFN;1ª REGIÃO;FGBA2021000783;Em cobrança;ENC PROTESTO;Contribuições FGTS;02/03/2021;NAO;120906.23
94.000.783/0001-57;Pessoa jurídica;Principal;CAMPOS DO SUL INDUSTRIA FLORESTAL LTDA;AM;1ª REGIÃO;PGFN;1ª REGIÃO;CSAM2016000784;Benefício Fiscal;AJUIZ PARCELADA;Contribuições FGTS;16/08/2016;SIM;560197.01
94.000.784/0001-00;Pessoa jurídica;Principal;CERRADO INDUSTRIA FLORESTAL LTDA;TO;Não se Aplica;CAIXA;1ª REGIÃO;FGTO2013000785;Em cobrança;INSCRITA;Contribuições LC110 (FGTS);24/11/2013;NAO;821327.89
94.000.785/0001-46;Pessoa jurídica;Principal;COSTA AZUL INDUSTRIA FLORESTAL S.A.;CE;5ª REGIÃO;PGFN;5ª REGIÃO;FGCE2015000786;Em cobrança;AJUIZADA;Contribuições FGTS;20/11/2015;SIM;357830.88
94.000.786/0001-90;Pessoa jurídica;Principal;CRUZEIRO INDUSTRIA FLORESTAL LTDA;PA;1ª REGIÃO;PGFN;1ª REGIÃO;CSPA2024000787;Em cobrança;INSCRITA;Contribuições FGTS;31/10/2024;NAO;890412.00
94.000.787/0001-35;Pessoa jurídica;Principal;ESTRELA DO NORTE INDUSTRIA FLORESTAL LTDA;SP;3ª REGIÃO;PGFN;3ª REGIÃO;FGSP2021000788;Em cobrança;INSCRITA;Contribuições FGTS;29/06/2021;NAO;263265.02
90.000.707/0001-90;Pessoa jurídica;Principal;HORIZONTE INDUSTRIA FLORESTAL S.A.;PE;5ª REGIÃO;PGFN;5ª REGIÃO;FGPE2016000789;Em cobrança;INSCRITA;Contribuições LC110 (FGTS);17/07/2016;NAO;49167.17
94.000.789/0001-24;Pessoa jurídica;Principal;INTEGRA INDUSTRIA FLORESTAL LTDA;MT;1ª REGIÃO;PGFN;1ª REGIÃO;CSMT2010000790;Em cobrança;INSCRITA;Contribuições FGTS;09/01/2010;NAO;61441.47
94.000.790/0001-59;Pessoa jurídica;Principal;JARDINS INDUSTRIA FLORESTAL LTDA;PR;4ª REGIÃO;PGFN;4ª REGIÃO;FGPR2025000791;Em cobrança;AJUIZADA;Contribuições FGTS;31/10/2025;SIM;745774.75
94.000.791/0001-01;Pessoa jurídica;Principal;MONTE ALTO INDUSTRIA FLORESTAL S.A.;GO;1ª REGIÃO;PGFN;1ª REGIÃO;FGGO2017000792;Em cobrança;INSCRITA;Contribuições FGTS;29/12/2017;NAO;479664.97
94.000.792/0001-48;Pessoa jurídica;Principal;NOVA ERA INDUSTRIA FLORESTAL LTDA;RO;Não se Aplica;CAIXA;1ª REGIÃO;CSRO2016000793;Em cobrança;INSCRITA;Contribuições LC110 (FGTS);17/05/2016;NAO;199171.82
94.000.793/0001-92;Pessoa jurídica;Principal;PIONEIRA INDUSTRIA FLORESTAL LTDA;SC;4ª REGIÃO;PGFN;4ª REGIÃO;FGSC2011000794;Em cobrança;INSCRITA;Contribuições FGTS;02/04/2011;NAO;490519.31
94.000.794/0001-37;Pessoa jurídica;Principal;PLANALTO INDUSTRIA FLORESTAL S.A.;MA;1ª REGIÃO;PGFN;1ª REGIÃO;FGMA2020000795;Em cobrança;INSCRITA;Contribuições FGTS;04/09/2020;NAO;384932.71
94.000.795/0001-81;Pessoa jurídica;Principal;RIO CLARO INDUSTRIA FLORESTAL LTDA;AC;1ª REGIÃO;PGFN;1ª REGIÃO;CSAC2014000796;Em cobrança;AJUIZADA;Contribuições FGTS;20/12/2014;SIM;9994.38
94.000.796/0001-26;Pessoa jurídica;Principal;SERRA DOURADA INDUSTRIA FLORESTAL LTDA;MS;1ª REGIÃO;PGFN;1ª REGIÃO;FGMS2011000797;Em cobrança;INSCRITA;Contribuições LC110 (FGTS);30/01/2011;NAO;6507.83
94.000.797/0001-70;Pessoa jurídica;Principal;SOL NASCENTE INDUSTRIA FLORESTAL S.A.;PI;1ª REGIÃO;PGFN;1ª REGIÃO;FGPI2020000798;Em cobrança;INSCRITA;Contribuições FGTS;11/03/2020;NAO;170226.30
94.000.798/0001-15;Pessoa jurídica;Principal;VALE FORTE INDUSTRIA FLORESTAL LTDA;RR;1ª REGIÃO;PGFN;1ª REGIÃO;CSRR2016000799;Em cobrança;INSCRITA;Contribuições FGTS;16/10/2016;NAO;164565.64
94.000.799/0001-60;Pessoa jurídica;Principal;VILA NOVA INDUSTRIA FLORESTAL LTDA;MG;6ª REGIÃO;PGFN;6ª REGIÃO;FGMG2019000800;Em cobrança;ENC PROTESTO;Contribuições FGTS;29/10/2019;NAO;231940.36
94.000.800/0001-56;Pessoa jurídica;Principal;ALVORADA MINERACAO S.A.;DF;Não se Aplica;CAIXA;1ª REGIÃO;FGDF2009000801;Em cobrança;AJUIZADA;Contribuições LC110 (FGTS);14/10/2009;SIM;589121.57
94.000.801/0001-09;Pessoa jurídica;Principal;BOA VISTA MINERACAO LTDA;AP;1ª REGIÃO;PGFN;1ª REGIÃO;CSAP2013000802;Em cobrança;INSCRITA;Contribuições FGTS;06/08/2013;NAO;886374.25
94.000.802/0001-45;Pessoa jurídica;Principal;CAMINHO VERDE MINERACAO LTDA;BA;1ª REGIÃO;PGFN;1ª REGIÃO;FGBA2011000803;Em cobrança;INSCRITA;Contribuições FGTS;23/11/2011;NAO;576824.86
94.000.803/0001-90;Pessoa jurídica;Principal;CAMPOS DO SUL MINERACAO S.A.;AM;1ª REGIÃO;PGFN;1ª REGIÃO;FGAM2011000804;Em cobrança;INSCRITA;Contribuições FGTS;11/04/2011;NAO;190146.31
94.000.804/0001-34;Pessoa jurídica;Principal;CERRADO MINERACAO LTDA;TO;1ª REGIÃO;PGFN;1ª REGIÃO;CSTO2010000805;Em cobrança;INSCRITA;Contribuições LC110 (FGTS);08/09/2010;NAO;18211.96
94.000.805/0001-89;Pessoa jurídica;Principal;COSTA AZUL MINERACAO LTDA;CE;5ª REGIÃO;PGFN;5ª REGIÃO;FGCE2012000806;Em cobrança;AJUIZADA;Contribuições FGTS;01/06/2012;SIM;905471.23
94.000.806/0001-23;Pessoa jurídica;Corresponsável;CRUZEIRO MINERACAO S.A.;PA;1ª REGIÃO;PGFN;1ª REGIÃO;FGPA2016000807;Em cobrança;INSCRITA;Contribuições FGTS;18/02/2016;NAO;885922.59
94.000.807/0001-78;Pessoa jurídica;Principal;ESTRELA DO NORTE MINERACAO LTDA;SP;3ª REGIÃO;PGFN;3ª REGIÃO;CSSP2019000808;Em cobrança;INSCRITA;Contribuições FGTS;22/07/2019;NAO;768062.98
94.000.808/0001-12;Pessoa jurídica;Principal;HORIZONTE MINERACAO LTDA;PE;Não se Aplica;CAIXA;5ª REGIÃO;FGPE2021000809;Em cobrança;INSCRITA;Contribuições LC110 (FGTS);22/06/2021;NAO;294812.01
94.000.809/0001-67;Pessoa jurídica;Principal;INTEGRA MINERACAO S.A.;MT;1ª REGIÃO;PGFN;1ª REGIÃO;FGMT2016000810;Em cobrança;INSCRITA;Contribuições FGTS;24/12/2016;NAO;126002.35
94.000.810/0001-91;Pessoa jurídica;Principal;JARDINS MINERACAO LTDA;PR;4ª REGIÃO;PGFN;4ª REGIÃO;CSPR2024000811;Em cobrança;AJUIZADA;Contribuições FGTS;10/07/2024;SIM;673330.66
90.000.748/0001-87;Pessoa jurídica;Principal;MONTE ALTO MINERACAO LTDA;GO;1ª REGIÃO;PGFN;1ª REGIÃO;FGGO2018000812;Em cobrança;INSCRITA;Contribuições FGTS;25/03/2018;NAO;846283.93
94.000.812/0001-80;Pessoa jurídica;Principal;NOVA ERA MINERACAO S.A.;RO;1ª REGIÃO;PGFN;1ª REGIÃO;FGRO2011000813;Benefício Fiscal;AJUIZ PARCELADA;Contribuições LC110 (FGTS);15/07/2011;SIM;139479.73
94.000.813/0001-25;Pessoa jurídica;Principal;PIONEIRA MINERACAO LTDA;SC;4ª REGIÃO;PGFN;4ª REGIÃO;CSSC2012000814;Em cobrança;INSCRITA;Contribuições FGTS;28/08/2012;NAO;65444.88
94.000.814/0001-70;Pessoa jurídica;Principal;PLANALTO MINERACAO LTDA;MA;1ª REGIÃO;PGFN;1ª REGIÃO;FGMA2013000815;Em cobrança;INSCRITA;Contribuições FGTS;31/08/2013;NAO;492588.67
94.000.815/0001-14;Pessoa jurídica;Principal;RIO CLARO MINERACAO S.A.;AC;1ª REGIÃO;PGFN;1ª REGIÃO;FGAC2016000816;Em cobrança;AJUIZADA;Contribuições FGTS;02/01/2016;SIM;643365.34
94.000.816/0001-69;Pessoa jurídica;Principal;SERRA DOURADA MINERACAO LTDA;MS;Não se Aplica;CAIXA;1ª REGIÃO;CSMS2017000817;Em cobrança;ENC PROTESTO;Contribuições LC110 (FGTS);25/11/2017;NAO;188098.44
94.000.817/0001-03;Pessoa jurídica;Principal;SOL NASCENTE MINERACAO LTDA;PI;1ª REGIÃO;PGFN;1ª REGIÃO;FGPI2009000818;Em cobrança;INSCRITA;Contribuições FGTS;20/01/2009;NAO;582517.78
94.000.818/0001-58;Pessoa jurídica;Principal;VALE FORTE MINERACAO S.A.;RR;1ª REGIÃO;PGFN;1ª REGIÃO;FGRR2018000819;Em cobrança;INSCRITA;Contribuições FGTS;20/03/2018;NAO;683971.39
94.000.819/0001-00;Pessoa jurídica;Principal;VILA NOVA MINERACAO LTDA;MG;6ª REGIÃO;PGFN;6ª REGIÃO;CSMG2015000820;Em cobrança;INSCRITA;Contribuições FGTS;22/07/2015;NAO;842130.23
94.000.820/0001-27;Pessoa jurídica;Principal;ALVORADA OBRAS E SERVICOS LTDA;DF;1ª REGIÃO;PGFN;1ª REGIÃO;FGDF2016000821;Em cobrança;AJUIZADA;Contribuições LC110 (FGTS);18/07/2016;SIM;649036.43
94.000.821/0001-71;Pessoa jurídica;Principal;BOA VISTA OBRAS E SERVICOS S.A.;AP;1ª REGIÃO;PGFN;1ª REGIÃO;FGAP2020000822;Em cobrança;INSCRITA;Contribuições FGTS;31/03/2020;NAO;932665.60
94.000.822/0001-16;Pessoa jurídica;Principal;CAMINHO VERDE OBRAS E SERVICOS LTDA;BA;1ª REGIÃO;PGFN;1ª REGIÃO;CSBA2009000823;Em cobrança;INSCRITA;Contribuições FGTS;10/09/2009;NAO;248515.69
94.000.823/0001-60;Pessoa jurídica;Principal;CAMPOS DO SUL OBRAS E SERVICOS LTDA;AM;1ª REGIÃO;PGFN;1ª REGIÃO;FGAM2024000824;Em cobrança;INSCRITA;Contribuições FGTS;02/06/2024;NAO;350707.04
94.000.824/0001-05;Pessoa jurídica;Principal;CERRADO OBRAS E SERVICOS S.A.;TO;Não se Aplica;CAIXA;1ª REGIÃO;FGTO2021000825;Em cobrança;INSCRITA;Contribuições LC110 (FGTS);24/05/2021;NAO;919166.01
94.000.825/0001-50;Pessoa jurídica;Principal;COSTA AZUL OBRAS E SERVICOS LTDA;CE;5ª REGIÃO;PGFN;5ª REGIÃO;CSCE2023000826;Em cobrança;AJUIZADA;Contribuições FGTS;27/01/2023;SIM;408026.69
94.000.826/0001-02;Pessoa jurídica;Principal;CRUZEIRO OBRAS E SERVICOS LTDA;PA;1ª REGIÃO;PGFN;1ª REGIÃO;FGPA2021000827;Em cobrança;INSCRITA;Contribuições FGTS;01/07/2021;NAO;530156.73
94.000.827/0001-49;Pessoa jurídica;Principal;ESTRELA DO NORTE OBRAS E SERVICOS S.A.;SP;3ª REGIÃO;PGFN;3ª REGIÃO;FGSP2025000828;Em cobrança;INSCRITA;Contribuições FGTS;27/05/2025;NAO;296302.55
94.000.828/0001-93;Pessoa jurídica;Principal;HORIZONTE OBRAS E SERVICOS LTDA;PE;5ª REGIÃO;PGFN;5ª REGIÃO;CSPE2022000829;Em cobrança;INSCRITA;Contribuições LC110 (FGTS);30/08/2022;NAO;208991.91
94.000.829/0001-38;Pessoa jurídica;Principal;INTEGRA OBRAS E SERVICOS LTDA;MT;1ª REGIÃO;PGFN;1ª REGIÃO;FGMT2022000830;Em cobrança;INSCRITA;Contribuições FGTS;24/11/2022;NAO;461385.90
94.000.830/0001-62;Pessoa jurídica;Principal;JARDINS OBRAS E SERVICOS S.A.;PR;4ª REGIÃO;PGFN;4ª REGIÃO;FGPR2020000831;Em cobrança;AJUIZADA;Contribuições FGTS;17/10/2020;SIM;409473.57
94.000.831/0001-07;Pessoa jurídica;Principal;MONTE ALTO OBRAS E SERVICOS LTDA;GO;1ª REGIÃO;PGFN;1ª REGIÃO;CSGO2017000832;Em cobrança;INSCRITA;Contribuições FGTS;05/07/2017;NAO;5459.20
94.000.832/0001-51;Pessoa jurídica;Principal;NOVA ERA OBRAS E SERVICOS LTDA;RO;Não se Aplica;CAIXA;1ª REGIÃO;FGRO2023000833;Em cobrança;INSCRITA;Contribuições LC110 (FGTS);13/06/2023;NAO;126639.09
90.000.769/0001-00;Pessoa jurídica;Principal;PIONEIRA OBRAS E SERVICOS S.A.;SC;4ª REGIÃO;PGFN;4ª REGIÃO;FGSC2023000834;Em cobrança;ENC PROTESTO;Contribuições FGTS;17/06/2023;NAO;716111.54
94.000.834/0001-40;Pessoa jurídica;Principal;PLANALTO OBRAS E SERVICOS LTDA;MA;1ª REGIÃO;PGFN;1ª REGIÃO;CSMA2008000835;Em cobrança;INSCRITA;Contribuições FGTS;31/01/2008;NAO;104544.17
94.000.835/0001-95;Pessoa jurídica;Principal;RIO CLARO OBRAS E SERVICOS LTDA;AC;1ª REGIÃO;PGFN;1ª REGIÃO;FGAC2016000836;Em cobrança;AJUIZADA;Contribuições FGTS;29/05/2016;SIM;166796.83
94.000.836/0001-30;Pessoa jurídica;Principal;SERRA DOURADA OBRAS E SERVICOS S.A.;MS;1ª REGIÃO;PGFN;1ª REGIÃO;FGMS2008000837;Em cobrança;INSCRITA;Contribuições LC110 (FGTS);17/02/2008;NAO;672949.88
94.000.837/0001-84;Pessoa jurídica;Corresponsável;SOL NASCENTE OBRAS E SERVICOS LTDA;PI;1ª REGIÃO;PGFN;1ª REGIÃO;CSPI2011000838;Em cobrança;INSCRITA;Contribuições FGTS;25/09/2011;NAO;259076.79
94.000.838/0001-29;Pessoa jurídica;Principal;VALE FORTE OBRAS E SERVICOS LTDA;RR;1ª REGIÃO;PGFN;1ª REGIÃO;FGRR2011000839;Em cobrança;INSCRITA;Contribuições FGTS;14/08/2011;NAO;282409.73
94.000.839/0001-73;Pessoa jurídica;Principal;VILA NOVA OBRAS E SERVICOS S.A.;MG;6ª REGIÃO;PGFN;6ª REGIÃO;FGMG2014000840;Em cobrança;INSCRITA;Contribuições FGTS;14/06/2014;NAO;829488.73
94.000.840/0001-06;Pessoa jurídica;Principal;ALVORADA PRODUTOS AGRICOLAS LTDA;DF;Não se Aplica;CAIXA;1ª REGIÃO;CSDF2008000841;Em cobrança;AJUIZADA;Contribuições LC110 (FGTS);31/12/2008;SIM;94940.59
94.000.841/0001-42;Pessoa jurídica;Principal;BOA VISTA PRODUTOS AGRICOLAS LTDA;AP;1ª REGIÃO;PGFN;1ª REGIÃO;FGAP2013000842;Benefício Fiscal;AJUIZ PARCELADA;Contribuições FGTS;21/04/2013;SIM;417565.46
94.000.842/0001-97;Pessoa jurídica;Principal;CAMINHO VERDE PRODUTOS AGRICOLAS S.A.;BA;1ª REGIÃO;PGFN;1ª REGIÃO;FGBA2013000843;Em cobrança;INSCRITA;Contribuições FGTS;09/08/2013;NAO;280148.41
94.000.843/0001-31;Pessoa jurídica;Principal;CAMPOS DO SUL PRODUTOS AGRICOLAS LTDA;AM;1ª REGIÃO;PGFN;1ª REGIÃO;CSAM2011000844;Em cobrança;INSCRITA;Contribuições FGTS;12/03/2011;NAO;885722.09
94.000.844/0001-86;Pessoa jurídica;Principal;CERRADO PRODUTOS AGRICOLAS LTDA;TO;1ª REGIÃO;PGFN;1ª REGIÃO;FGTO2012000845;Em cobrança;INSCRITA;Contribuições LC110 (FGTS);03/04/2012;NAO;497117.35
94.000.845/0001-20;Pessoa jurídica;Principal;COSTA AZUL PRODUTOS AGRICOLAS S.A.;CE;5ª REGIÃO;PGFN;5ª REGIÃO;FGCE2014000846;Em cobrança;AJUIZADA;Contribuições FGTS;25/10/2014;SIM;472412.14
94.000.846/0001-75;Pessoa jurídica;Principal;CRUZEIRO PRODUTOS AGRICOLAS LTDA;PA;1ª REGIÃO;PGFN;1ª REGIÃO;CSPA2011000847;Em cobrança;INSCRITA;Contribuições FGTS;22/08/2011;NAO;184308.45
94.000.847/0001-10;Pessoa jurídica;Principal;ESTRELA DO NORTE PRODUTOS AGRICOLAS LTDA;SP;3ª REGIÃO;PGFN;3ª REGIÃO;FGSP2021000848;Em cobrança;INSCRITA;Contribuições FGTS;12/12/2021;NAO;936642.81
94.000.848/0001-64;Pessoa jurídica;Principal;HORIZONTE PRODUTOS AGRICOLAS S.A.;PE;Não se Aplica;CAIXA;5ª REGIÃO;FGPE2017000849;Em cobrança;INSCRITA;Contribuições LC110 (FGTS);11/09/2017;NAO;215651.44
94.000.849/0001-09;Pessoa jurídica;Principal;INTEGRA PRODUTOS AGRICOLAS LTDA;MT;1ª REGIÃO;PGFN;1ª REGIÃO;CSMT2012000850;Em cobrança;INSCRITA;Contribuições FGTS;28/05/2012;NAO;553626.68
94.000.850/0001-33;Pessoa jurídica;Principal;JARDINS PRODUTOS AGRICOLAS LTDA;PR;4ª REGIÃO;PGFN;4ª REGIÃO;FGPR2011000851;Em cobrança;AJUIZADA;Contribuições FGTS;16/12/2011;SIM;120450.66
94.000.851/0001-88;Pessoa jurídica;Principal;MONTE ALTO PRODUTOS AGRICOLAS S.A.;GO;1ª REGIÃO;PGFN;1ª REGIÃO;FGGO2008000852;Em cobrança;INSCRITA;Contribuições FGTS;30/11/2008;NAO;44284.74
94.000.852/0001-22;Pessoa jurídica;Principal;NOVA ERA PRODUTOS AGRICOLAS LTDA;RO;1ª REGIÃO;PGFN;1ª REGIÃO;CSRO2011000853;Em cobrança;INSCRITA;Contribuições LC110 (FGTS);28/09/2011;NAO;498163.95
94.000.853/0001-77;Pessoa jurídica;Principal;PIONEIRA PRODUTOS AGRICOLAS LTDA;SC;4ª REGIÃO;PGFN;4ª REGIÃO;FGSC2019000854;Em cobrança;INSCRITA;Contribuições FGTS;12/09/2019;NAO;321503.10
94.000.854/0001-11;Pessoa jurídica;Principal;PLANALTO PRODUTOS AGRICOLAS S.A.;MA;1ª REGIÃO;PGFN;1ª REGIÃO;FGMA2009000855;Em cobrança;INSCRITA;Contribuições FGTS;17/12/2009;NAO;551800.25
90.000.817/0001-52;Pessoa jurídica;Principal;RIO CLARO PRODUTOS AGRICOLAS LTDA;AC;1ª REGIÃO;PGFN;1ª REGIÃO;CSAC2012000856;Em cobrança;AJUIZADA;Contribuições FGTS;03/04/2012;SIM;615733.20
94.000.856/0001-00;Pessoa jurídica;Principal;SERRA DOURADA PRODUTOS AGRICOLAS LTDA;MS;Não se Aplica;CAIXA;1ª REGIÃO;FGMS2020000857;Em cobrança;INSCRITA;Contribuições LC110 (FGTS);16/03/2020;NAO;845869.84
94.000.857/0001-55;Pessoa jurídica;Principal;SOL NASCENTE PRODUTOS AGRICOLAS S.A.;PI;1ª REGIÃO;PGFN;1ª REGIÃO;FGPI2016000858;Em cobrança;INSCRITA;Contribuições FGTS;25/10/2016;NAO;81462.85
94.000.858/0001-08;Pessoa jurídica;Principal;VALE FORTE PRODUTOS AGRICOLAS LTDA;RR;1ª REGIÃO;PGFN;1ª REGIÃO;CSRR2013000859;Em cobrança;INSCRITA;Contribuições FGTS;12/07/2013;NAO;737758.08
94.000.859/0001-44;Pessoa jurídica;Principal;VILA NOVA PRODUTOS AGRICOLAS LTDA;MG;6ª REGIÃO;PGFN;6ª REGIÃO;FGMG2018000860;Em cobrança;INSCRITA;Contribuições FGTS;17/10/2018;NAO;525022.99
94.000.860/0001-79;Pessoa jurídica;Principal;ALVORADA SERVICOS AMBIENTAIS S.A.;DF;1ª REGIÃO;PGFN;1ª REGIÃO;FGDF2018000861;Em cobrança;AJUIZADA;Contribuições LC110 (FGTS);27/11/2018;SIM;113581.35
94.000.861/0001-13;Pessoa jurídica;Principal;BOA VISTA SERVICOS AMBIENTAIS LTDA;AP;1ª REGIÃO;PGFN;1ª REGIÃO;CSAP2025000862;Em cobrança;INSCRITA;Contribuições FGTS;07/06/2025;NAO;533632.45
94.000.862/0001-68;Pessoa jurídica;Principal;CAMINHO VERDE SERVICOS AMBIENTAIS LTDA;BA;1ª REGIÃO;PGFN;1ª REGIÃO;FGBA2016000863;Em cobrança;INSCRITA;Contribuições FGTS;03/08/2016;NAO;101021.26
94.000.863/0001-02;Pessoa jurídica;Principal;CAMPOS DO SUL SERVICOS AMBIENTAIS S.A.;AM;1ª REGIÃO;PGFN;1ª REGIÃO;FGAM2012000864;Em cobrança;INSCRITA;Contribuições FGTS;11/03/2012;NAO;15520.65
94.000.864/0001-57;Pessoa jurídica;Principal;CERRADO SERVICOS AMBIENTAIS LTDA;TO;Não se Aplica;CAIXA;1ª REGIÃO;CSTO2016000865;Em cobrança;INSCRITA;Contribuições LC110 (FGTS);23/06/2016;NAO;518320.76
94.000.865/0001-00;Pessoa jurídica;Principal;COSTA AZUL SERVICOS AMBIENTAIS LTDA;CE;5ª REGIÃO;PGFN;5ª REGIÃO;FGCE2013000866;Em cobrança;AJUIZADA;Contribuições FGTS;09/11/2013;SIM;207405.46
94.000.866/0001-46;Pessoa jurídica;Principal;CRUZEIRO SERVICOS AMBIENTAIS S.A.;PA;1ª REGIÃO;PGFN;1ª REGIÃO;FGPA2015000867;Em cobrança;INSCRITA;Contribuições FGTS;05/07/2015;NAO;603813.13
94.000.867/0001-90;Pessoa jurídica;Principal;ESTRELA DO NORTE SERVICOS AMBIENTAIS LTDA;SP;3ª REGIÃO;PGFN;3ª REGIÃO;CSSP2019000868;Em cobrança;ENC PROTESTO;Contribuições FGTS;27/08/2019;NAO;588791.20
94.000.868/0001-35;Pessoa jurídica;Corresponsável;HORIZONTE SERVICOS AMBIENTAIS LTDA;PE;5ª REGIÃO;PGFN;5ª REGIÃO;FGPE2013000869;Em cobrança;INSCRITA;Contribuições LC110 (FGTS);09/07/2013;NAO;310292.61
94.000.869/0001-80;Pessoa jurídica;Principal;INTEGRA SERVICOS AMBIENTAIS S.A.;MT;1ª REGIÃO;PGFN;1ª REGIÃO;FGMT2020000870;Em cobrança;INSCRITA;Contribuições FGTS;14/08/2020;NAO;78488.95
94.000.870/0001-04;Pessoa jurídica;Principal;JARDINS SERVICOS AMBIENTAIS LTDA;PR;4ª REGIÃO;PGFN;4ª REGIÃO;CSPR2012000871;Benefício Fiscal;AJUIZADA;Contribuições FGTS;19/09/2012;SIM;635722.61
94.000.871/0001-59;Pessoa jurídica;Principal;MONTE ALTO SERVICOS AMBIENTAIS LTDA;GO;1ª REGIÃO;PGFN;1ª REGIÃO;FGGO2025000872;Em cobrança;INSCRITA;Contribuições FGTS;12/09/2025;NAO;628699.22
94.000.872/0001-01;Pessoa jurídica;Principal;NOVA ERA SERVICOS AMBIENTAIS S.A.;RO;Não se Aplica;CAIXA;1ª REGIÃO;FGRO2023000873;Em cobrança;INSCRITA;Contribuições LC110 (FGTS);07/01/2023;NAO;749465.21
94.000.873/0001-48;Pessoa jurídica;Principal;PIONEIRA SERVICOS AMBIENTAIS LTDA;SC;4ª REGIÃO;PGFN;4ª REGIÃO;CSSC2015000874;Em cobrança;INSCRITA;Contribuições FGTS;26/08/2015;NAO;172434.18
94.000.874/0001-92;Pessoa jurídica;Principal;PLANALTO SERVICOS AMBIENTAIS LTDA;MA;1ª REGIÃO;PGFN;1ª REGIÃO;FGMA2026000875;Em cobrança;INSCRITA;Contribuições FGTS;26/02/2026;NAO;357902.95
94.000.875/0001-37;Pessoa jurídica;Principal;RIO CLARO SERVICOS AMBIENTAIS S.A.;AC;1ª REGIÃO;PGFN;1ª REGIÃO;FGAC2011000876;Em cobrança;AJUIZADA;Contribuições FGTS;08/12/2011;SIM;107494.28
94.000.876/0001-81;Pessoa jurídica;Principal;SERRA DOURADA SERVICOS AMBIENTAIS LTDA;MS;1ª REGIÃO;PGFN;1ª REGIÃO;CSMS2022000877;Em cobrança;INSCRITA;Contribuições LC110 (FGTS);16/07/2022;NAO;794761.57
90.000.828/0001-32;Pessoa jurídica;Principal;SOL NASCENTE SERVICOS AMBIENTAIS LTDA;PI;1ª REGIÃO;PGFN;1ª REGIÃO;FGPI2016000878;Em cobrança;INSCRITA;Contribuições FGTS;02/12/2016;NAO;501401.77
94.000.878/0001-70;Pessoa jurídica;Principal;VALE FORTE SERVICOS AMBIENTAIS S.A.;RR;1ª REGIÃO;PGFN;1ª REGIÃO;FGRR2011000879;Em cobrança;INSCRITA;Contribuições FGTS;31/12/2011;NAO;458379.79
94.000.879/0001-15;Pessoa jurídica;Principal;VILA NOVA SERVICOS AMBIENTAIS LTDA;MG;6ª REGIÃO;PGFN;6ª REGIÃO;CSMG2011000880;Em cobrança;INSCRITA;Contribuições FGTS;11/11/2011;NAO;127630.75
94.000.880/0001-40;Pessoa jurídica;Principal;ALVORADA TECNOLOGIA LTDA;DF;Não se Aplica;CAIXA;1ª REGIÃO;FGDF2023000881;Em cobrança;AJUIZADA;Contribuições LC110 (FGTS);13/03/2023;SIM;400359.68
94.000.881/0001-94;Pessoa jurídica;Principal;BOA VISTA TECNOLOGIA S.A.;AP;1ª REGIÃO;PGFN;1ª REGIÃO;FGAP2018000882;Em cobrança;INSCRITA;Contribuições FGTS;30/08/2018;NAO;635661.24
94.000.882/0001-39;Pessoa jurídica;Principal;CAMINHO VERDE TECNOLOGIA LTDA;BA;1ª REGIÃO;PGFN;1ª REGIÃO;CSBA2015000883;Em cobrança;INSCRITA;Contribuições FGTS;07/02/2015;NAO;16968.72
94.000.883/0001-83;Pessoa jurídica;Principal;CAMPOS DO SUL TECNOLOGIA LTDA;AM;1ª REGIÃO;PGFN;1ª REGIÃO;FGAM2014000884;Em cobrança;INSCRITA;Contribuições FGTS;25/03/2014;NAO;148572.04
94.000.884/0001-28;Pessoa jurídica;Principal;CERRADO TECNOLOGIA S.A.;TO;1ª REGIÃO;PGFN;1ª REGIÃO;FGTO2014000885;Em cobrança;ENC PROTESTO;Contribuições LC110 (FGTS);05/12/2014;NAO;72352.20
94.000.885/0001-72;Pessoa jurídica;Principal;COSTA AZUL TECNOLOGIA LTDA;CE;5ª REGIÃO;PGFN;5ª REGIÃO;CSCE2008000886;Em cobrança;AJUIZADA;Contribuições FGTS;09/08/2008;SIM;759074.83
94.000.886/0001-17;Pessoa jurídica;Principal;CRUZEIRO TECNOLOGIA LTDA;PA;1ª REGIÃO;PGFN;1ª REGIÃO;FGPA2010000887;Em cobrança;INSCRITA;Contribuições FGTS;31/10/2010;NAO;128052.03
94.000.887/0001-61;Pessoa jurídica;Principal;ESTRELA DO NORTE TECNOLOGIA S.A.;SP;3ª REGIÃO;PGFN;3ª REGIÃO;FGSP2010000888;Em cobrança;INSCRITA;Contribuições FGTS;02/12/2010;NAO;496579.14
94.000.888/0001-06;Pessoa jurídica;Principal;HORIZONTE TECNOLOGIA LTDA;PE;Não se Aplica;CAIXA;5ª REGIÃO;CSPE2010000889;Em cobrança;INSCRITA;Contribuições LC110 (FGTS);03/01/2010;NAO;484765.48
94.000.889/0001-50;Pessoa jurídica;Principal;INTEGRA TECNOLOGIA LTDA;MT;1ª REGIÃO;PGFN;1ª REGIÃO;FGMT2018000890;Em cobrança;INSCRITA;Contribuições FGTS;21/09/2018;NAO;409565.82
94.000.890/0001-85;Pessoa jurídica;Principal;JARDINS TECNOLOGIA S.A.;PR;4ª REGIÃO;PGFN;4ª REGIÃO;FGPR2011000891;Em cobrança;AJUIZADA;Contribuições FGTS;03/08/2011;SIM;934465.05
94.000.891/0001-20;Pessoa jurídica;Principal;MONTE ALTO TECNOLOGIA LTDA;GO;1ª REGIÃO;PGFN;1ª REGIÃO;CSGO2022000892;Em cobrança;INSCRITA;Contribuições FGTS;30/10/2022;NAO;659983.59
94.000.892/0001-74;Pessoa jurídica;Principal;NOVA ERA TECNOLOGIA LTDA;RO;1ª REGIÃO;PGFN;1ª REGIÃO;FGRO2018000893;Em cobrança;INSCRITA;Contribuições LC110 (FGTS);26/05/2018;NAO;255438.01
94.000.893/0001-19;Pessoa jurídica;Principal;PIONEIRA TECNOLOGIA S.A.;SC;4ª REGIÃO;PGFN;4ª REGIÃO;FGSC2024000894;Em cobrança;INSCRITA;Contribuições FGTS;25/07/2024;NAO;603071.16
94.000.894/0001-63;Pessoa jurídica;Principal;PLANALTO TECNOLOGIA LTDA;MA;1ª REGIÃO;PGFN;1ª REGIÃO;CSMA2012000895;Em cobrança;INSCRITA;Contribuições FGTS;25/08/2012;NAO;620241.68
94.000.895/0001-08;Pessoa jurídica;Principal;RIO CLARO TECNOLOGIA LTDA;AC;1ª REGIÃO;PGFN;1ª REGIÃO;FGAC2011000896;Em cobrança;AJUIZADA;Contribuições FGTS;03/05/2011;SIM;18194.78
94.000.896/0001-52;Pessoa jurídica;Principal;SERRA DOURADA TECNOLOGIA S.A.;MS;Não se Aplica;CAIXA;1ª REGIÃO;FGMS2010000897;Em cobrança;INSCRITA;Contribuições LC110 (FGTS);06/05/2010;NAO;429508.15
94.000.897/0001-05;Pessoa jurídica;Principal;SOL NASCENTE TECNOLOGIA LTDA;PI;1ª REGIÃO;PGFN;1ª REGIÃO;CSPI2026000898;Em cobrança;INSCRITA;Contribuições FGTS;21/01/2026;NAO;793228.44
94.000.898/0001-41;Pessoa jurídica;Principal;VALE FORTE TECNOLOGIA LTDA;RR;1ª REGIÃO;PGFN;1ª REGIÃO;FGRR2017000899;Em cobrança;INSCRITA;Contribuições FGTS;16/10/2017;NAO;161219.38
94.000.899/0001-96;Pessoa jurídica;Corresponsável;VILA NOVA TECNOLOGIA S.A.;MG;6ª REGIÃO;PGFN;6ª REGIÃO;FGMG2008000900;Benefício Fiscal;AJUIZ PARCELADA;Contribuições FGTS;30/03/2008;SIM;54691.68
90.000.849/0001-58;Pessoa jurídica;Principal;ALVORADA TRANSPORTES LTDA;DF;1ª REGIÃO;PGFN;1ª REGIÃO;CSDF2014000901;Em cobrança;AJUIZADA;Contribuições LC110 (FGTS);27/03/2014;SIM;474511.38
94.000.901/0001-27;Pessoa jurídica;Principal;BOA VISTA TRANSPORTES LTDA;AP;1ª REGIÃO;PGFN;1ª REGIÃO;FGAP2013000902;Em cobrança;ENC PROTESTO;Contribuições FGTS;18/11/2013;NAO;164297.32
94.000.902/0001-71;Pessoa jurídica;Principal;CAMINHO VERDE TRANSPORTES S.A.;BA;1ª REGIÃO;PGFN;1ª REGIÃO;FGBA2015000903;Em cobrança;INSCRITA;Contribuições FGTS;10/03/2015;NAO;537003.57
94.000.903/0001-16;Pessoa jurídica;Principal;CAMPOS DO SUL TRANSPORTES LTDA;AM;1ª REGIÃO;PGFN;1ª REGIÃO;CSAM2020000904;Em cobrança;INSCRITA;Contribuições FGTS;17/04/2020;NAO;455998.90
94.000.904/0001-60;Pessoa jurídica;Principal;CERRADO TRANSPORTES LTDA;TO;Não se Aplica;CAIXA;1ª REGIÃO;FGTO2016000905;Em cobrança;INSCRITA;Contribuições LC110 (FGTS);20/10/2016;NAO;33336.79
94.000.905/0001-05;Pessoa jurídica;Principal;COSTA AZUL TRANSPORTES S.A.;CE;5ª REGIÃO;PGFN;5ª REGIÃO;FGCE2024000906;Em cobrança;AJUIZADA;Contribuições FGTS;31/10/2024;SIM;408065.28
94.000.906/0001-50;Pessoa jurídica;Principal;CRUZEIRO TRANSPORTES LTDA;PA;1ª REGIÃO;PGFN;1ª REGIÃO;CSPA2014000907;Em cobrança;INSCRITA;Contribuições FGTS;03/08/2014;NAO;2291.30
94.000.907/0001-02;Pessoa jurídica;Principal;ESTRELA DO NORTE TRANSPORTES LTDA;SP;3ª REGIÃO;PGFN;3ª REGIÃO;FGSP2022000908;Em cobrança;INSCRITA;Contribuições FGTS;18/09/2022;NAO;493647.13
94.000.908/0001-49;Pessoa jurídica;Principal;HORIZONTE TRANSPORTES S.A.;PE;5ª REGIÃO;PGFN;5ª REGIÃO;FGPE2017000909;Em cobrança;INSCRITA;Contribuições LC110 (FGTS);15/01/2017;NAO;736543.00
94.000.909/0001-93;Pessoa jurídica;Principal;INTEGRA TRANSPORTES LTDA;MT;1ª REGIÃO;PGFN;1ª REGIÃO;CSMT2008000910;Em cobrança;INSCRITA;Contribuições FGTS;21/10/2008;NAO;487237.75
94.000.910/0001-18;Pessoa jurídica;Principal;JARDINS TRANSPORTES LTDA;PR;4ª REGIÃO;PGFN;4ª REGIÃO;FGPR2016000911;Em cobrança;AJUIZADA;Contribuições FGTS;12/04/2016;SIM;915054.40
94.000.911/0001-62;Pessoa jurídica;Principal;MONTE ALTO TRANSPORTES S.A.;GO;1ª REGIÃO;PGFN;1ª REGIÃO;FGGO2023000912;Em cobrança;INSCRITA;Contribuições FGTS;04/04/2023;NAO;940367.97
94.000.912/0001-07;Pessoa jurídica;Principal;NOVA ERA TRANSPORTES LTDA;RO;Não se Aplica;CAIXA;1ª REGIÃO;CSRO2011000913;Em cobrança;INSCRITA;Contribuições LC110 (FGTS);15/12/2011;NAO;476033.48
94.000.913/0001-51;Pessoa jurídica;Principal;PIONEIRA TRANSPORTES LTDA;SC;4ª REGIÃO;PGFN;4ª REGIÃO;FGSC2025000914;Em cobrança;INSCRITA;Contribuições FGTS;01/03/2025;NAO;480812.61
94.000.914/0001-04;Pessoa jurídica;Principal;PLANALTO TRANSPORTES S.A.;MA;1ª REGIÃO;PGFN;1ª REGIÃO;FGMA2022000915;Em cobrança;INSCRITA;Contribuições FGTS;30/10/2022;NAO;478331.95
94.000.915/0001-40;Pessoa jurídica;Principal;RIO CLARO TRANSPORTES LTDA;AC;1ª REGIÃO;PGFN;1ª REGIÃO;CSAC2011000916;Em cobrança;AJUIZADA;Contribuições FGTS;19/10/2011;SIM;822023.14
94.000.916/0001-95;Pessoa jurídica;Principal;SERRA DOURADA TRANSPORTES LTDA;MS;1ª REGIÃO;PGFN;1ª REGIÃO;FGMS2025000917;Em cobrança;INSCRITA;Contribuições LC110 (FGTS);15/01/2025;NAO;84841.18
94.000.917/0001-30;Pessoa jurídica;Principal;SOL NASCENTE TRANSPORTES S.A.;PI;1ª REGIÃO;PGFN;1ª REGIÃO;FGPI2010000918;Em cobrança;INSCRITA;Contribuições FGTS;29/04/2010;NAO;265189.12
94.000.918/0001-84;Pessoa jurídica;Principal;VALE FORTE TRANSPORTES LTDA;RR;1ª REGIÃO;PGFN;1ª REGIÃO;CSRR2019000919;Em cobrança;ENC PROTESTO;Contribuições FGTS;15/08/2019;NAO;536382.11
94.000.919/0001-29;Pessoa jurídica;Principal;VILA NOVA TRANSPORTES LTDA;MG;6ª REGIÃO;PGFN;6ª REGIÃO;FGMG2017000920;Em cobrança;INSCRITA;Contribuições FGTS;22/06/2017;NAO;402268.05
94.000.920/0001-53;Pessoa jurídica;Principal;ALVORADA ALIMENTOS S.A.;DF;Não se Aplica;CAIXA;1ª REGIÃO;FGDF2011000921;Em cobrança;AJUIZADA;Contribuições LC110 (FGTS);13/02/2011;SIM;578772.61
94.000.921/0001-06;Pessoa jurídica;Principal;BOA VISTA ALIMENTOS LTDA;AP;1ª REGIÃO;PGFN;1ª REGIÃO;CSAP2022000922;Em cobrança;INSCRITA;Contribuições FGTS;02/09/2022;NAO;629011.14
90.000.883/0001-22;Pessoa jurídica;Principal;CAMINHO VERDE ALIMENTOS LTDA;BA;1ª REGIÃO;PGFN;1ª REGIÃO;FGBA2016000923;Em cobrança;INSCRITA;Contribuições FGTS;21/08/2016;NAO;334693.41
94.000.923/0001-97;Pessoa jurídica;Principal;CAMPOS DO SUL ALIMENTOS S.A.;AM;1ª REGIÃO;PGFN;1ª REGIÃO;FGAM2014000924;Em cobrança;INSCRITA;Contribuições FGTS;02/05/2014;NAO;902449.72
94.000.924/0001-31;Pessoa jurídica;Principal;CERRADO ALIMENTOS LTDA;TO;1ª REGIÃO;PGFN;1ª REGIÃO;CSTO2025000925;Em cobrança;INSCRITA;Contribuições LC110 (FGTS);07/11/2025;NAO;457411.25
94.000.925/0001-86;Pessoa jurídica;Principal;COSTA AZUL ALIMENTOS LTDA;CE;5ª REGIÃO;PGFN;5ª REGIÃO;FGCE2021000926;Em cobrança;AJUIZADA;Contribuições FGTS;07/09/2021;SIM;173494.76
94.000.926/0001-20;Pessoa jurídica;Principal;CRUZEIRO ALIMENTOS S.A.;PA;1ª REGIÃO;PGFN;1ª REGIÃO;FGPA2022000927;Em cobrança;INSCRITA;Contribuições FGTS;25/01/2022;NAO;736355.27
94.000.927/0001-75;Pessoa jurídica;Principal;ESTRELA DO NORTE ALIMENTOS LTDA;SP;3ª REGIÃO;PGFN;3ª REGIÃO;CSSP2008000928;Em cobrança;INSCRITA;Contribuições FGTS;12/07/2008;NAO;6989.17
94.000.928/0001-10;Pessoa jurídica;Principal;HORIZONTE ALIMENTOS LTDA;PE;Não se Aplica;CAIXA;5ª REGIÃO;FGPE2012000929;Benefício Fiscal;AJUIZ PARCELADA;Contribuições LC110 (FGTS);27/08/2012;SIM;662480.31
94.000.929/0001-64;Pessoa jurídica;Principal;INTEGRA ALIMENTOS S.A.;MT;1ª REGIÃO;PGFN;1ª REGIÃO;FGMT2013000930;Em cobrança;INSCRITA;Contribuições FGTS;26/06/2013;NAO;344990.38
94.000.930/0001-99;Pessoa jurídica;Corresponsável;JARDINS ALIMENTOS LTDA;PR;4ª REGIÃO;PGFN;4ª REGIÃO;CSPR2021000931;Em cobrança;AJUIZADA;Contribuições FGTS;01/09/2021;SIM;899788.07
94.000.931/0001-33;Pessoa jurídica;Principal;MONTE ALTO ALIMENTOS LTDA;GO;1ª REGIÃO;PGFN;1ª REGIÃO;FGGO2011000932;Em cobrança;INSCRITA;Contribuições FGTS;08/01/2011;NAO;249748.03
94.000.932/0001-88;Pessoa jurídica;Principal;NOVA ERA ALIMENTOS S.A.;RO;1ª REGIÃO;PGFN;1ª REGIÃO;FGRO2020000933;Em cobrança;INSCRITA;Contribuições LC110 (FGTS);07/10/2020;NAO;98064.94
94.000.933/0001-22;Pessoa jurídica;Principal;PIONEIRA ALIMENTOS LTDA;SC;4ª REGIÃO;PGFN;4ª REGIÃO;CSSC2026000934;Em cobrança;INSCRITA;Contribuições FGTS;06/06/2026;NAO;554529.00
94.000.934/0001-77;Pessoa jurídica;Principal;PLANALTO ALIMENTOS LTDA;MA;1ª REGIÃO;PGFN;1ª REGIÃO;FGMA2019000935;Em cobrança;INSCRITA;Contribuições FGTS;30/05/2019;NAO;714332.42
94.000.935/0001-11;Pessoa jurídica;Principal;RIO CLARO ALIMENTOS S.A.;AC;1ª REGIÃO;PGFN;1ª REGIÃO;FGAC2025000936;Em cobrança;AJUIZADA;Contribuições FGTS;08/05/2025;SIM;839129.71
94.000.936/0001-66;Pessoa jurídica;Principal;SERRA DOURADA ALIMENTOS LTDA;MS;Não se Aplica;CAIXA;1ª REGIÃO;CSMS2022000937;Em cobrança;INSCRITA;Contribuições LC110 (FGTS);25/03/2022;NAO;707693.76
94.000.937/0001-00;Pessoa jurídica;Principal;SOL NASCENTE ALIMENTOS LTDA;PI;1ª REGIÃO;PGFN;1ª REGIÃO;FGPI2009000938;Em cobrança;INSCRITA;Contribuições FGTS;19/04/2009;NAO;479853.06
94.000.938/0001-55;Pessoa jurídica;Principal;VALE FORTE ALIMENTOS S.A.;RR;1ª REGIÃO;PGFN;1ª REGIÃO;FGRR2009000939;Em cobrança;INSCRITA;Contribuições FGTS;29/11/2009;NAO;445947.98
94.000.939/0001-08;Pessoa jurídica;Principal;VILA NOVA ALIMENTOS LTDA;MG;6ª REGIÃO;PGFN;6ª REGIÃO;CSMG2013000940;Em cobrança;INSCRITA;Contribuições FGTS;05/06/2013;NAO;464664.77
94.000.940/0001-24;Pessoa jurídica;Principal;ALVORADA COMERCIO E LOGISTICA LTDA;DF;1ª REGIÃO;PGFN;1ª REGIÃO;FGDF2012000941;Em cobrança;AJUIZADA;Contribuições LC110 (FGTS);15/01/2012;SIM;264029.77
94.000.941/0001-79;Pessoa jurídica;Principal;BOA VISTA COMERCIO E LOGISTICA S.A.;AP;1ª REGIÃO;PGFN;1ª REGIÃO;FGAP2021000942;Em cobrança;INSCRITA;Contribuições FGTS;29/11/2021;NAO;52431.54
94.000.942/0001-13;Pessoa jurídica;Principal;CAMINHO VERDE COMERCIO E LOGISTICA LTDA;BA;1ª REGIÃO;PGFN;1ª REGIÃO;CSBA2012000943;Em cobrança;INSCRITA;Contribuições FGTS;24/02/2012;NAO;442271.47
94.000.943/0001-68;Pessoa jurídica;Principal;CAMPOS DO SUL COMERCIO E LOGISTICA LTDA;AM;1ª REGIÃO;PGFN;1ª REGIÃO;FGAM2024000944;Em cobrança;INSCRITA;Contribuições FGTS;16/04/2024;NAO;637830.79
90.000.922/0001-91;Pessoa jurídica;Principal;CERRADO COMERCIO E LOGISTICA S.A.;TO;Não se Aplica;CAIXA;1ª REGIÃO;FGTO2021000945;Em cobrança;INSCRITA;Contribuições LC110 (FGTS);17/08/2021;NAO;413920.63
94.000.945/0001-57;Pessoa jurídica;Principal;COSTA AZUL COMERCIO E LOGISTICA LTDA;CE;5ª REGIÃO;PGFN;5ª REGIÃO;CSCE2015000946;Em cobrança;AJUIZADA;Contribuições FGTS;23/05/2015;SIM;928459.47
94.000.946/0001-00;Pessoa jurídica;Principal;CRUZEIRO COMERCIO E LOGISTICA LTDA;PA;1ª REGIÃO;PGFN;1ª REGIÃO;FGPA2016000947;Em cobrança;INSCRITA;Contribuições FGTS;13/06/2016;NAO;897034.25
94.000.947/0001-46;Pessoa jurídica;Principal;ESTRELA DO NORTE COMERCIO E LOGISTICA S.A.;SP;3ª REGIÃO;PGFN;3ª REGIÃO;FGSP2023000948;Em cobrança;INSCRITA;Contribuições FGTS;12/07/2023;NAO;69606.56
94.000.948/0001-90;Pessoa jurídica;Principal;HORIZONTE COMERCIO E LOGISTICA LTDA;PE;5ª REGIÃO;PGFN;5ª REGIÃO;CSPE2008000949;Em cobrança;INSCRITA;Contribuições LC110 (FGTS);26/08/2008;NAO;536558.37
94.000.949/0001-35;Pessoa jurídica;Principal;INTEGRA COMERCIO E LOGISTICA LTDA;MT;1ª REGIÃO;PGFN;1ª REGIÃO;FGMT2015000950;Em cobrança;INSCRITA;Contribuições FGTS;04/11/2015;NAO;896091.84
94.000.950/0001-60;Pessoa jurídica;Principal;JARDINS COMERCIO E LOGISTICA S.A.;PR;4ª REGIÃO;PGFN;4ª REGIÃO;FGPR2011000951;Em cobrança;AJUIZADA;Contribuições FGTS;12/04/2011;SIM;724089.08
94.000.951/0001-04;Pessoa jurídica;Principal;MONTE ALTO COMERCIO E LOGISTICA LTDA;GO;1ª REGIÃO;PGFN;1ª REGIÃO;CSGO2015000952;Em cobrança;INSCRITA;Contribuições FGTS;05/02/2015;NAO;29510.62
94.000.952/0001-59;Pessoa jurídica;Principal;NOVA ERA COMERCIO E LOGISTICA LTDA;RO;Não se Aplica;CAIXA;1ª REGIÃO;FGRO2011000953;Em cobrança;ENC PROTESTO;Contribuições LC110 (FGTS);30/06/2011;NAO;208748.40
94.000.953/0001-01;Pessoa jurídica;Principal;PIONEIRA COMERCIO E LOGISTICA S.A.;SC;4ª REGIÃO;PGFN;4ª REGIÃO;FGSC2008000954;Em cobrança;INSCRITA;Contribuições FGTS;30/08/2008;NAO;213911.83
94.000.954/0001-48;Pessoa jurídica;Principal;PLANALTO COMERCIO E LOGISTICA LTDA;MA;1ª REGIÃO;PGFN;1ª REGIÃO;CSMA2015000955;Em cobrança;INSCRITA;Contribuições FGTS;07/10/2015;NAO;289796.42
94.000.955/0001-92;Pessoa jurídica;Principal;RIO CLARO COMERCIO E LOGISTICA LTDA;AC;1ª REGIÃO;PGFN;1ª REGIÃO;FGAC2011000956;Em cobrança;AJUIZADA;Contribuições FGTS;02/10/2011;SIM;741374.28
94.000.956/0001-37;Pessoa jurídica;Principal;SERRA DOURADA COMERCIO E LOGISTICA S.A.;MS;1ª REGIÃO;PGFN;1ª REGIÃO;FGMS2013000957;Em cobrança;INSCRITA;Contribuições LC110 (FGTS);13/08/2013;NAO;779787.94
94.000.957/0001-81;Pessoa jurídica;Principal;SOL NASCENTE COMERCIO E LOGISTICA LTDA;PI;1ª REGIÃO;PGFN;1ª REGIÃO;CSPI2022000958;Benefício Fiscal;AJUIZ PARCELADA;Contribuições FGTS;22/10/2022;SIM;885633.49
94.000.958/0001-26;Pessoa jurídica;Principal;VALE FORTE COMERCIO E LOGISTICA LTDA;RR;1ª REGIÃO;PGFN;1ª REGIÃO;FGRR2025000959;Em cobrança;INSCRITA;Contribuições FGTS;29/07/2025;NAO;405770.01
94.000.959/0001-70;Pessoa jurídica;Principal;VILA NOVA COMERCIO E LOGISTICA S.A.;MG;6ª REGIÃO;PGFN;6ª REGIÃO;FGMG2020000960;Em cobrança;INSCRITA;Contribuições FGTS;22/06/2020;NAO;212848.88
94.000.960/0001-03;Pessoa jurídica;Principal;ALVORADA CONSTRUCOES LTDA;DF;Não se Aplica;CAIXA;1ª REGIÃO;CSDF2017000961;Em cobrança;AJUIZADA;Contribuições LC110 (FGTS);20/02/2017;SIM;357453.78
94.000.961/0001-40;Pessoa jurídica;Corresponsável;BOA VISTA CONSTRUCOES LTDA;AP;1ª REGIÃO;PGFN;1ª REGIÃO;FGAP2008000962;Em cobrança;INSCRITA;Contribuições FGTS;27/02/2008;NAO;770538.70
94.000.962/0001-94;Pessoa jurídica;Principal;CAMINHO VERDE CONSTRUCOES S.A.;BA;1ª REGIÃO;PGFN;1ª REGIÃO;FGBA2020000963;Em cobrança;INSCRITA;Contribuições FGTS;03/01/2020;NAO;431231.83
94.000.963/0001-39;Pessoa jurídica;Principal;CAMPOS DO SUL CONSTRUCOES LTDA;AM;1ª REGIÃO;PGFN;1ª REGIÃO;CSAM2024000964;Em cobrança;INSCRITA;Contribuições FGTS;18/06/2024;NAO;247397.51
94.000.964/0001-83;Pessoa jurídica;Principal;CERRADO CONSTRUCOES LTDA;TO;1ª REGIÃO;PGFN;1ª REGIÃO;FGTO2011000965;Em cobrança;INSCRITA;Contribuições LC110 (FGTS);31/03/2011;NAO;250349.52
94.000.965/0001-28;Pessoa jurídica;Principal;COSTA AZUL CONSTRUCOES S.A.;CE;5ª REGIÃO;PGFN;5ª REGIÃO;FGCE2023000966;Em cobrança;AJUIZADA;Contribuições FGTS;27/10/2023;SIM;574898.59
90.000.933/0001-71;Pessoa jurídica;Principal;CRUZEIRO CONSTRUCOES LTDA;PA;1ª REGIÃO;PGFN;1ª REGIÃO;CSPA2011000967;Em cobrança;INSCRITA;Contribuições FGTS;21/11/2011;NAO;233726.52
94.000.967/0001-17;Pessoa jurídica;Principal;ESTRELA DO NORTE CONSTRUCOES LTDA;SP;3ª REGIÃO;PGFN;3ª REGIÃO;FGSP2017000968;Em cobrança;INSCRITA;Contribuições FGTS;13/02/2017;NAO;643771.10
94.000.968/0001-61;Pessoa jurídica;Principal;HORIZONTE CONSTRUCOES S.A.;PE;Não se Aplica;CAIXA;5ª REGIÃO;FGPE2020000969;Em cobrança;INSCRITA;Contribuições LC110 (FGTS);27/04/2020;NAO;72612.05
94.000.969/0001-06;Pessoa jurídica;Principal;INTEGRA CONSTRUCOES LTDA;MT;1ª REGIÃO;PGFN;1ª REGIÃO;CSMT2016000970;Em cobrança;ENC PROTESTO;Contribuições FGTS;05/02/2016;NAO;930379.31
94.000.970/0001-30;Pessoa jurídica;Principal;JARDINS CONSTRUCOES LTDA;PR;4ª REGIÃO;PGFN;4ª REGIÃO;FGPR2010000971;Em cobrança;AJUIZADA;Contribuições FGTS;09/10/2010;SIM;309695.01
94.000.971/0001-85;Pessoa jurídica;Principal;MONTE ALTO CONSTRUCOES S.A.;GO;1ª REGIÃO;PGFN;1ª REGIÃO;FGGO2014000972;Em cobrança;INSCRITA;Contribuições FGTS;25/01/2014;NAO;577968.84
94.000.972/0001-20;Pessoa jurídica;Principal;NOVA ERA CONSTRUCOES LTDA;RO;1ª REGIÃO;PGFN;1ª REGIÃO;CSRO2009000973;Em cobrança;INSCRITA;Contribuições LC110 (FGTS);06/12/2009;NAO;505977.47
94.000.973/0001-74;Pessoa jurídica;Principal;PIONEIRA CONSTRUCOES LTDA;SC;4ª REGIÃO;PGFN;4ª REGIÃO;FGSC2018000974;Em cobrança;INSCRITA;Contribuições FGTS;02/05/2018;NAO;6682.12
94.000.974/0001-19;Pessoa jurídica;Principal;PLANALTO CONSTRUCOES S.A.;MA;1ª REGIÃO;PGFN;1ª REGIÃO;FGMA2010000975;Em cobrança;INSCRITA;Contribuições FGTS;20/05/2010;NAO;64907.73
94.000.975/0001-63;Pessoa jurídica;Principal;RIO CLARO CONSTRUCOES LTDA;AC;1ª REGIÃO;PGFN;1ª REGIÃO;CSAC2024000976;Em cobrança;AJUIZADA;Contribuições FGTS;26/09/2024;SIM;519433.03
94.000.976/0001-08;Pessoa jurídica;Principal;SERRA DOURADA CONSTRUCOES LTDA;MS;Não se Aplica;CAIXA;1ª REGIÃO;FGMS2020000977;Em cobrança;INSCRITA;Contribuições LC110 (FGTS);07/07/2020;NAO;422706.44
94.000.977/0001-52;Pessoa jurídica;Principal;SOL NASCENTE CONSTRUCOES S.A.;PI;1ª REGIÃO;PGFN;1ª REGIÃO;FGPI2014000978;Em cobrança;INSCRITA;Contribuições FGTS;05/06/2014;NAO;206167.97
94.000.978/0001-05;Pessoa jurídica;Principal;VALE FORTE CONSTRUCOES LTDA;RR;1ª REGIÃO;PGFN;1ª REGIÃO;CSRR2018000979;Em cobrança;INSCRITA;Contribuições FGTS;17/11/2018;NAO;903007.02
94.000.979/0001-41;Pessoa jurídica;Principal;VILA NOVA CONSTRUCOES LTDA;MG;6ª REGIÃO;PGFN;6ª REGIÃO;FGMG2020000980;Em cobrança;INSCRITA;Contribuições FGTS;19/06/2020;NAO;882478.28
94.000.980/0001-76;Pessoa jurídica;Principal;ALVORADA ENERGIA S.A.;DF;1ª REGIÃO;PGFN;1ª REGIÃO;FGDF2010000981;Em cobrança;AJUIZADA;Contribuições LC110 (FGTS);06/12/2010;SIM;716118.78
94.000.981/0001-10;Pessoa jurídica;Principal;BOA VISTA ENERGIA LTDA;AP;1ª REGIÃO;PGFN;1ª REGIÃO;CSAP2020000982;Em cobrança;INSCRITA;Contribuições FGTS;09/10/2020;NAO;196716.32
94.000.982/0001-65;Pessoa jurídica;Principal;CAMINHO VERDE ENERGIA LTDA;BA;1ª REGIÃO;PGFN;1ª REGIÃO;FGBA2020000983;Em cobrança;INSCRITA;Contribuições FGTS;09/11/2020;NAO;825659.01
94.000.983/0001-00;Pessoa jurídica;Principal;CAMPOS DO SUL ENERGIA S.A.;AM;1ª REGIÃO;PGFN;1ª REGIÃO;FGAM2010000984;Em cobrança;INSCRITA;Contribuições FGTS;05/02/2010;NAO;262205.05
94.000.984/0001-54;Pessoa jurídica;Principal;CERRADO ENERGIA LTDA;TO;Não se Aplica;CAIXA;1ª REGIÃO;CSTO2022000985;Em cobrança;INSCRITA;Contribuições LC110 (FGTS);16/03/2022;NAO;592487.54
94.000.985/0001-07;Pessoa jurídica;Principal;COSTA AZUL ENERGIA LTDA;CE;5ª REGIÃO;PGFN;5ª REGIÃO;FGCE2016000986;Em cobrança;AJUIZADA;Contribuições FGTS;26/10/2016;SIM;775318.45
94.000.986/0001-43;Pessoa jurídica;Principal;CRUZEIRO ENERGIA S.A.;PA;1ª REGIÃO;PGFN;1ª REGIÃO;FGPA2019000987;Benefício Fiscal;ENC PROTESTO;Contribuições FGTS;05/03/2019;NAO;489064.86
94.000.987/0001-98;Pessoa jurídica;Principal;ESTRELA DO NORTE ENERGIA LTDA;SP;3ª REGIÃO;PGFN;3ª REGIÃO;CSSP2019000988;Em cobrança;INSCRITA;Contribuições FGTS;25/08/2019;NAO;852897.64
90.000.979/0001-90;Pessoa jurídica;Principal;HORIZONTE ENERGIA LTDA;PE;5ª REGIÃO;PGFN;5ª REGIÃO;FGPE2014000989;Em cobrança;INSCRITA;Contribuições LC110 (FGTS);23/02/2014;NAO;570542.44
94.000.989/0001-87;Pessoa jurídica;Principal;INTEGRA ENERGIA S.A.;MT;1ª REGIÃO;PGFN;1ª REGIÃO;FGMT2020000990;Em cobrança;INSCRITA;Contribuições FGTS;29/01/2020;NAO;818655.05
94.000.990/0001-01;Pessoa jurídica;Principal;JARDINS ENERGIA LTDA;PR;4ª REGIÃO;PGFN;4ª REGIÃO;CSPR2008000991;Em cobrança;AJUIZADA;Contribuições FGTS;09/07/2008;SIM;772081.34
94.000.991/0001-56;Pessoa jurídica;Principal;MONTE ALTO ENERGIA LTDA;GO;1ª REGIÃO;PGFN;1ª REGIÃO;FGGO2013000992;Em cobrança;INSCRITA;Contribuições FGTS;08/01/2013;NAO;154406.48
94.000.992/0001-09;Pessoa jurídica;Corresponsável;NOVA ERA ENERGIA S.A.;RO;Não se Aplica;CAIXA;1ª REGIÃO;FGRO2022000993;Em cobrança;INSCRITA;Contribuições LC110 (FGTS);27/02/2022;NAO;791582.63
94.000.993/0001-45;Pessoa jurídica;Principal;PIONEIRA ENERGIA LTDA;SC;4ª REGIÃO;PGFN;4ª REGIÃO;CSSC2009000994;Em cobrança;INSCRITA;Contribuições FGTS;25/09/2009;NAO;416158.30
94.000.994/0001-90;Pessoa jurídica;Principal;PLANALTO ENERGIA LTDA;MA;1ª REGIÃO;PGFN;1ª REGIÃO;FGMA2010000995;Em cobrança;INSCRITA;Contribuições FGTS;17/04/2010;NAO;403700.83
94.000.995/0001-34;Pessoa jurídica;Principal;RIO CLARO ENERGIA S.A.;AC;1ª REGIÃO;PGFN;1ª REGIÃO;FGAC2012000996;Em cobrança;AJUIZADA;Contribuições FGTS;07/09/2012;SIM;308264.86
94.000.996/0001-89;Pessoa jurídica;Principal;SERRA DOURADA ENERGIA LTDA;MS;1ª REGIÃO;PGFN;1ª REGIÃO;CSMS2023000997;Em cobrança;INSCRITA;Contribuições LC110 (FGTS);26/11/2023;NAO;338698.87
94.000.997/0001-23;Pessoa jurídica;Principal;SOL NASCENTE ENERGIA LTDA;PI;1ª REGIÃO;PGFN;1ª REGIÃO;FGPI2013000998;Em cobrança;INSCRITA;Contribuições FGTS;24/03/2013;NAO;738308.19
94.000.998/0001-78;Pessoa jurídica;Principal;VALE FORTE ENERGIA S.A.;RR;1ª REGIÃO;PGFN;1ª REGIÃO;FGRR2020000999;Em cobrança;INSCRITA;Contribuições FGTS;30/09/2020;NAO;298140.68
94.000.999/0001-12;Pessoa jurídica;Principal;VILA NOVA ENERGIA LTDA;MG;6ª REGIÃO;PGFN;6ª REGIÃO;CSMG2013001000;Em cobrança;INSCRITA;Contribuições FGTS;17/06/2013;NAO;872539.99
