ID_REGISTRO_NORMALIZADO;CULTURA_NORMALIZADA;REGIAO_ADAPTACAO_NORMALIZADA;CHAVE_ZONEAMENTO;Safra;Cultura;Obtentor_Mantenedor;Cultivar;UF;Grupo;Regiao_de_Adaptacao
SISZARC-000001;MILHO 1A SAFRA;MACRORREGIAO 1;2026-2027|AC|MILHO 1A SAFRA|0|MACRORREGIAO 1;2026-2027;Milho 1ª Safra;AGRO CERRADO PESQUISA E SEMENTES LTDA;MX1000PRO4;AC;0;Macrorregião 1
SISZARC-000002;ARROZ IRRIGADO;;2026-2027|CE|ARROZ IRRIGADO|1|;2026-2027;Arroz Irrigado;SEMENTES HORIZONTE LTDA;AI1037VIP3;CE;1;
SISZARC-000003;MILHO ZEA MAYS L 1 SAFRA;;2026-2027|MT|MILHO ZEA MAYS L 1 SAFRA|2|;2026-2027;MILHO - Zea mays L. - (1° Safra);GENÉTICA CAMPO FORTE LTDA;ZM1074PWU;MT;2;
SISZARC-000004;ARROZ SEQUEIRO ORYZA SATIVA L;;2026-2027|PR|ARROZ SEQUEIRO ORYZA SATIVA L|0|;2026-2027;ARROZ SEQUEIRO - Oryza sativa L.;BRASIL CULTIVARES E BIOTECNOLOGIA LTDA;AS1111RR2;PR;0;
SISZARC-000005;MILHO 2A SAFRA;;2026-2027|RS|MILHO 2A SAFRA|1|;2026-2027;Milho 2ª Safra;TECNOAGRO PESQUISA E DESENVOLVIMENTO LTDA;MS1148CL;RS;1;
SISZARC-000006;FEIJAO 1A SAFRA;;2026-2027|SE|FEIJAO 1A SAFRA|2|;2026-2027;Feijão 1ª Safra;INSTITUTO NACIONAL DE CULTIVARES MOCK;F11185TG;SE;2;
SISZARC-000007;MILHO ZEA MAYS L 2 SAFRA;;2026-2027|AM|MILHO ZEA MAYS L 2 SAFRA|0|;2026-2027;MILHO - Zea mays L. - (2° Safra);CENTRO DE PESQUISA AGRÍCOLA SIMULADO;ZS1222MAX;AM;0;
SISZARC-000008;FEIJAO 2A SAFRA;;2026-2027|GO|FEIJAO 2A SAFRA|1|;2026-2027;Feijão 2ª Safra;VALE VERDE SEMENTES E BIOTECNOLOGIA LTDA;F21259PLUS;GO;1;
SISZARC-000009;MILHO 2A SAFRA CONSORCIADO COM BRAQUIARIA;;2026-2027|PA|MILHO 2A SAFRA CONSORCIADO COM BRAQUIARIA|2|;2026-2027;Milho 2ª Safra consorciado com Braquiária;NOVA SAFRA MELHORAMENTO VEGETAL S.A.;MB1296PRO4;PA;2;
SISZARC-000010;TRIGO;;2026-2027|RJ|TRIGO|0|;2026-2027;Trigo;COOPERATIVA EXPERIMENTAL DE SEMENTES;TR1333VIP3;RJ;0;
SISZARC-000011;MILHO PRODUTIVIDADE 3000 KG HA;;2026-2027|SC|MILHO PRODUTIVIDADE 3000 KG HA|1|;2026-2027;Milho Produtividade 3000 Kg-Ha;AGRO CERRADO PESQUISA E SEMENTES LTDA;M31370PWU;SC;1;
SISZARC-000012;GIRASSOL;;2026-2027|AL|GIRASSOL|2|;2026-2027;Girassol;SEMENTES HORIZONTE LTDA;GI1407RR2;AL;2;
SISZARC-000013;MILHO PRODUTIVIDADE 4000 KG HA;MACRORREGIAO 3;2026-2027|DF|MILHO PRODUTIVIDADE 4000 KG HA|0|MACRORREGIAO 3;2026-2027;Milho Produtividade 4000 Kg-Ha;GENÉTICA CAMPO FORTE LTDA;M41444CL;DF;0;Macrorregião 3
SISZARC-000014;GIRASSOL HELIANTHUS ANNUUS L;;2026-2027|MS|GIRASSOL HELIANTHUS ANNUUS L|1|;2026-2027;GIRASSOL - Helianthus annuus L.;BRASIL CULTIVARES E BIOTECNOLOGIA LTDA;GH1481TG;MS;1;
SISZARC-000015;MILHO PRODUTIVIDADE 5000 KG HA;;2026-2027|PE|MILHO PRODUTIVIDADE 5000 KG HA|2|;2026-2027;Milho Produtividade 5000 Kg-Ha;TECNOAGRO PESQUISA E DESENVOLVIMENTO LTDA;M51518MAX;PE;2;
SISZARC-000016;AMENDOIM;;2026-2027|RO|AMENDOIM|0|;2026-2027;Amendoim;INSTITUTO NACIONAL DE CULTIVARES MOCK;AM1555PLUS;RO;0;
SISZARC-000017;MILHO PRODUTIVIDADE 6000 KG HA;;2026-2027|TO|MILHO PRODUTIVIDADE 6000 KG HA|1|;2026-2027;Milho Produtividade 6000 Kg-Ha;CENTRO DE PESQUISA AGRÍCOLA SIMULADO;M61592PRO4;TO;1;
SISZARC-000018;ALGODAO HERBACEO;;2026-2027|BA|ALGODAO HERBACEO|2|;2026-2027;Algodão Herbáceo;VALE VERDE SEMENTES E BIOTECNOLOGIA LTDA;AL1629VIP3;BA;2;
SISZARC-000019;MILHO PRODUTIVIDADE 7000 KG HA;;2026-2027|MA|MILHO PRODUTIVIDADE 7000 KG HA|0|;2026-2027;Milho Produtividade 7000 Kg-Ha;NOVA SAFRA MELHORAMENTO VEGETAL S.A.;M71666PWU;MA;0;
SISZARC-000020;SORGO;;2026-2027|PB|SORGO|1|;2026-2027;Sorgo;COOPERATIVA EXPERIMENTAL DE SEMENTES;SO1703RR2;PB;1;
SISZARC-000021;SOJA;;2026-2027|RN|SOJA|2|;2026-2027;Soja;AGRO CERRADO PESQUISA E SEMENTES LTDA;SJ1740CL;RN;2;
SISZARC-000022;MILHO 1A SAFRA;;2026-2027|SP|MILHO 1A SAFRA|0|;2026-2027;Milho 1ª Safra;SEMENTES HORIZONTE LTDA;MX1777TG;SP;0;
SISZARC-000023;ARROZ IRRIGADO;;2026-2027|AP|ARROZ IRRIGADO|1|;2026-2027;Arroz Irrigado;GENÉTICA CAMPO FORTE LTDA;AI1814MAX;AP;1;
SISZARC-000024;MILHO ZEA MAYS L 1 SAFRA;;2026-2027|ES|MILHO ZEA MAYS L 1 SAFRA|2|;2026-2027;MILHO - Zea mays L. - (1° Safra);BRASIL CULTIVARES E BIOTECNOLOGIA LTDA;ZM1851PLUS;ES;2;
SISZARC-000025;ARROZ SEQUEIRO ORYZA SATIVA L;MACRORREGIAO 5;2026-2027|MG|ARROZ SEQUEIRO ORYZA SATIVA L|0|MACRORREGIAO 5;2026-2027;ARROZ SEQUEIRO - Oryza sativa L.;TECNOAGRO PESQUISA E DESENVOLVIMENTO LTDA;AS1888PRO4;MG;0;Macrorregião 5
SISZARC-000026;MILHO 2A SAFRA;;2026-2027|PI|MILHO 2A SAFRA|1|;2026-2027;Milho 2ª Safra;INSTITUTO NACIONAL DE CULTIVARES MOCK;MS1925VIP3;PI;1;
SISZARC-000027;FEIJAO 1A SAFRA;;2026-2027|RR|FEIJAO 1A SAFRA|2|;2026-2027;Feijão 1ª Safra;CENTRO DE PESQUISA AGRÍCOLA SIMULADO;F11962PWU;RR;2;
SISZARC-000028;MILHO ZEA MAYS L 2 SAFRA;;2026-2027|AC|MILHO ZEA MAYS L 2 SAFRA|0|;2026-2027;MILHO - Zea mays L. - (2° Safra);VALE VERDE SEMENTES E BIOTECNOLOGIA LTDA;ZS1999RR2;AC;0;
SISZARC-000029;FEIJAO 2A SAFRA;;2026-2027|CE|FEIJAO 2A SAFRA|1|;2026-2027;Feijão 2ª Safra;NOVA SAFRA MELHORAMENTO VEGETAL S.A.;F22036CL;CE;1;
SISZARC-000030;MILHO 2A SAFRA CONSORCIADO COM BRAQUIARIA;;2026-2027|MT|MILHO 2A SAFRA CONSORCIADO COM BRAQUIARIA|2|;2026-2027;Milho 2ª Safra consorciado com Braquiária;COOPERATIVA EXPERIMENTAL DE SEMENTES;MB2073TG;MT;2;
SISZARC-000031;TRIGO;;2026-2027|PR|TRIGO|0|;2026-2027;Trigo;AGRO CERRADO PESQUISA E SEMENTES LTDA;TR2110MAX;PR;0;
SISZARC-000032;MILHO PRODUTIVIDADE 3000 KG HA;;2026-2027|RS|MILHO PRODUTIVIDADE 3000 KG HA|1|;2026-2027;Milho Produtividade 3000 Kg-Ha;SEMENTES HORIZONTE LTDA;M32147PLUS;RS;1;
SISZARC-000033;GIRASSOL;;2026-2027|SE|GIRASSOL|2|;2026-2027;Girassol;GENÉTICA CAMPO FORTE LTDA;GI2184PRO4;SE;2;
SISZARC-000034;MILHO PRODUTIVIDADE 4000 KG HA;;2026-2027|AM|MILHO PRODUTIVIDADE 4000 KG HA|0|;2026-2027;Milho Produtividade 4000 Kg-Ha;BRASIL CULTIVARES E BIOTECNOLOGIA LTDA;M42221VIP3;AM;0;
SISZARC-000035;GIRASSOL HELIANTHUS ANNUUS L;;2026-2027|GO|GIRASSOL HELIANTHUS ANNUUS L|1|;2026-2027;GIRASSOL - Helianthus annuus L.;TECNOAGRO PESQUISA E DESENVOLVIMENTO LTDA;GH2258PWU;GO;1;
SISZARC-000036;MILHO PRODUTIVIDADE 5000 KG HA;;2026-2027|PA|MILHO PRODUTIVIDADE 5000 KG HA|2|;2026-2027;Milho Produtividade 5000 Kg-Ha;INSTITUTO NACIONAL DE CULTIVARES MOCK;M52295RR2;PA;2;
SISZARC-000037;AMENDOIM;MACRORREGIAO 2;2026-2027|RJ|AMENDOIM|0|MACRORREGIAO 2;2026-2027;Amendoim;CENTRO DE PESQUISA AGRÍCOLA SIMULADO;AM2332CL;RJ;0;Macrorregião 2
SISZARC-000038;MILHO PRODUTIVIDADE 6000 KG HA;;2026-2027|SC|MILHO PRODUTIVIDADE 6000 KG HA|1|;2026-2027;Milho Produtividade 6000 Kg-Ha;VALE VERDE SEMENTES E BIOTECNOLOGIA LTDA;M62369TG;SC;1;
SISZARC-000039;ALGODAO HERBACEO;;2026-2027|AL|ALGODAO HERBACEO|2|;2026-2027;Algodão Herbáceo;NOVA SAFRA MELHORAMENTO VEGETAL S.A.;AL2406MAX;AL;2;
SISZARC-000040;MILHO PRODUTIVIDADE 7000 KG HA;;2026-2027|DF|MILHO PRODUTIVIDADE 7000 KG HA|0|;2026-2027;Milho Produtividade 7000 Kg-Ha;COOPERATIVA EXPERIMENTAL DE SEMENTES;M72443PLUS;DF;0;
SISZARC-000041;SORGO;;2026-2027|MS|SORGO|1|;2026-2027;Sorgo;AGRO CERRADO PESQUISA E SEMENTES LTDA;SO2480PRO4;MS;1;
SISZARC-000042;SOJA;;2026-2027|PE|SOJA|2|;2026-2027;Soja;SEMENTES HORIZONTE LTDA;SJ2517VIP3;PE;2;
SISZARC-000043;MILHO 1A SAFRA;;2026-2027|RO|MILHO 1A SAFRA|0|;2026-2027;Milho 1ª Safra;GENÉTICA CAMPO FORTE LTDA;MX2554PWU;RO;0;
SISZARC-000044;ARROZ IRRIGADO;;2026-2027|TO|ARROZ IRRIGADO|1|;2026-2027;Arroz Irrigado;BRASIL CULTIVARES E BIOTECNOLOGIA LTDA;AI2591RR2;TO;1;
SISZARC-000045;MILHO ZEA MAYS L 1 SAFRA;;2026-2027|BA|MILHO ZEA MAYS L 1 SAFRA|2|;2026-2027;MILHO - Zea mays L. - (1° Safra);TECNOAGRO PESQUISA E DESENVOLVIMENTO LTDA;ZM2628CL;BA;2;
SISZARC-000046;ARROZ SEQUEIRO ORYZA SATIVA L;;2026-2027|MA|ARROZ SEQUEIRO ORYZA SATIVA L|0|;2026-2027;ARROZ SEQUEIRO - Oryza sativa L.;INSTITUTO NACIONAL DE CULTIVARES MOCK;AS2665TG;MA;0;
SISZARC-000047;MILHO 2A SAFRA;;2026-2027|PB|MILHO 2A SAFRA|1|;2026-2027;Milho 2ª Safra;CENTRO DE PESQUISA AGRÍCOLA SIMULADO;MS2702MAX;PB;1;
SISZARC-000048;FEIJAO 1A SAFRA;;2026-2027|RN|FEIJAO 1A SAFRA|2|;2026-2027;Feijão 1ª Safra;VALE VERDE SEMENTES E BIOTECNOLOGIA LTDA;F12739PLUS;RN;2;
SISZARC-000049;MILHO ZEA MAYS L 2 SAFRA;MACRORREGIAO 4;2026-2027|SP|MILHO ZEA MAYS L 2 SAFRA|0|MACRORREGIAO 4;2026-2027;MILHO - Zea mays L. - (2° Safra);NOVA SAFRA MELHORAMENTO VEGETAL S.A.;ZS2776PRO4;SP;0;Macrorregião 4
SISZARC-000050;FEIJAO 2A SAFRA;;2026-2027|AP|FEIJAO 2A SAFRA|1|;2026-2027;Feijão 2ª Safra;COOPERATIVA EXPERIMENTAL DE SEMENTES;F22813VIP3;AP;1;
SISZARC-000051;MILHO 2A SAFRA CONSORCIADO COM BRAQUIARIA;;2026-2027|ES|MILHO 2A SAFRA CONSORCIADO COM BRAQUIARIA|2|;2026-2027;Milho 2ª Safra consorciado com Braquiária;AGRO CERRADO PESQUISA E SEMENTES LTDA;MB2850PWU;ES;2;
SISZARC-000052;TRIGO;;2026-2027|MG|TRIGO|0|;2026-2027;Trigo;SEMENTES HORIZONTE LTDA;TR2887RR2;MG;0;
SISZARC-000053;MILHO PRODUTIVIDADE 3000 KG HA;;2026-2027|PI|MILHO PRODUTIVIDADE 3000 KG HA|1|;2026-2027;Milho Produtividade 3000 Kg-Ha;GENÉTICA CAMPO FORTE LTDA;M32924CL;PI;1;
SISZARC-000054;GIRASSOL;;2026-2027|RR|GIRASSOL|2|;2026-2027;Girassol;BRASIL CULTIVARES E BIOTECNOLOGIA LTDA;GI2961TG;RR;2;
SISZARC-000055;MILHO PRODUTIVIDADE 4000 KG HA;;2026-2027|AC|MILHO PRODUTIVIDADE 4000 KG HA|0|;2026-2027;Milho Produtividade 4000 Kg-Ha;TECNOAGRO PESQUISA E DESENVOLVIMENTO LTDA;M42998MAX;AC;0;
SISZARC-000056;GIRASSOL HELIANTHUS ANNUUS L;;2026-2027|CE|GIRASSOL HELIANTHUS ANNUUS L|1|;2026-2027;GIRASSOL - Helianthus annuus L.;INSTITUTO NACIONAL DE CULTIVARES MOCK;GH3035PLUS;CE;1;
SISZARC-000057;MILHO PRODUTIVIDADE 5000 KG HA;;2026-2027|MT|MILHO PRODUTIVIDADE 5000 KG HA|2|;2026-2027;Milho Produtividade 5000 Kg-Ha;CENTRO DE PESQUISA AGRÍCOLA SIMULADO;M53072PRO4;MT;2;
SISZARC-000058;AMENDOIM;;2026-2027|PR|AMENDOIM|0|;2026-2027;Amendoim;VALE VERDE SEMENTES E BIOTECNOLOGIA LTDA;AM3109VIP3;PR;0;
SISZARC-000059;MILHO PRODUTIVIDADE 6000 KG HA;;2026-2027|RS|MILHO PRODUTIVIDADE 6000 KG HA|1|;2026-2027;Milho Produtividade 6000 Kg-Ha;NOVA SAFRA MELHORAMENTO VEGETAL S.A.;M63146PWU;RS;1;
SISZARC-000060;ALGODAO HERBACEO;;2026-2027|SE|ALGODAO HERBACEO|2|;2026-2027;Algodão Herbáceo;COOPERATIVA EXPERIMENTAL DE SEMENTES;AL3183RR2;SE;2;
SISZARC-000061;MILHO PRODUTIVIDADE 7000 KG HA;MACRORREGIAO 1;2026-2027|AM|MILHO PRODUTIVIDADE 7000 KG HA|0|MACRORREGIAO 1;2026-2027;Milho Produtividade 7000 Kg-Ha;AGRO CERRADO PESQUISA E SEMENTES LTDA;M73220CL;AM;0;Macrorregião 1
SISZARC-000062;SORGO;;2026-2027|GO|SORGO|1|;2026-2027;Sorgo;SEMENTES HORIZONTE LTDA;SO3257TG;GO;1;
SISZARC-000063;SOJA;;2026-2027|PA|SOJA|2|;2026-2027;Soja;GENÉTICA CAMPO FORTE LTDA;SJ3294MAX;PA;2;
SISZARC-000064;MILHO 1A SAFRA;;2026-2027|RJ|MILHO 1A SAFRA|0|;2026-2027;Milho 1ª Safra;BRASIL CULTIVARES E BIOTECNOLOGIA LTDA;MX3331PLUS;RJ;0;
SISZARC-000065;ARROZ IRRIGADO;;2026-2027|SC|ARROZ IRRIGADO|1|;2026-2027;Arroz Irrigado;TECNOAGRO PESQUISA E DESENVOLVIMENTO LTDA;AI3368PRO4;SC;1;
SISZARC-000066;MILHO ZEA MAYS L 1 SAFRA;;2026-2027|AL|MILHO ZEA MAYS L 1 SAFRA|2|;2026-2027;MILHO - Zea mays L. - (1° Safra);INSTITUTO NACIONAL DE CULTIVARES MOCK;ZM3405VIP3;AL;2;
SISZARC-000067;ARROZ SEQUEIRO ORYZA SATIVA L;;2026-2027|DF|ARROZ SEQUEIRO ORYZA SATIVA L|0|;2026-2027;ARROZ SEQUEIRO - Oryza sativa L.;CENTRO DE PESQUISA AGRÍCOLA SIMULADO;AS3442PWU;DF;0;
SISZARC-000068;MILHO 2A SAFRA;;2026-2027|MS|MILHO 2A SAFRA|1|;2026-2027;Milho 2ª Safra;VALE VERDE SEMENTES E BIOTECNOLOGIA LTDA;MS3479RR2;MS;1;
SISZARC-000069;FEIJAO 1A SAFRA;;2026-2027|PE|FEIJAO 1A SAFRA|2|;2026-2027;Feijão 1ª Safra;NOVA SAFRA MELHORAMENTO VEGETAL S.A.;F13516CL;PE;2;
SISZARC-000070;MILHO ZEA MAYS L 2 SAFRA;;2026-2027|RO|MILHO ZEA MAYS L 2 SAFRA|0|;2026-2027;MILHO - Zea mays L. - (2° Safra);COOPERATIVA EXPERIMENTAL DE SEMENTES;ZS3553TG;RO;0;
SISZARC-000071;FEIJAO 2A SAFRA;;2026-2027|TO|FEIJAO 2A SAFRA|1|;2026-2027;Feijão 2ª Safra;AGRO CERRADO PESQUISA E SEMENTES LTDA;F23590MAX;TO;1;
SISZARC-000072;MILHO 2A SAFRA CONSORCIADO COM BRAQUIARIA;;2026-2027|BA|MILHO 2A SAFRA CONSORCIADO COM BRAQUIARIA|2|;2026-2027;Milho 2ª Safra consorciado com Braquiária;SEMENTES HORIZONTE LTDA;MB3627PLUS;BA;2;
SISZARC-000073;TRIGO;MACRORREGIAO 3;2026-2027|MA|TRIGO|0|MACRORREGIAO 3;2026-2027;Trigo;GENÉTICA CAMPO FORTE LTDA;TR3664PRO4;MA;0;Macrorregião 3
SISZARC-000074;MILHO PRODUTIVIDADE 3000 KG HA;;2026-2027|PB|MILHO PRODUTIVIDADE 3000 KG HA|1|;2026-2027;Milho Produtividade 3000 Kg-Ha;BRASIL CULTIVARES E BIOTECNOLOGIA LTDA;M33701VIP3;PB;1;
SISZARC-000075;GIRASSOL;;2026-2027|RN|GIRASSOL|2|;2026-2027;Girassol;TECNOAGRO PESQUISA E DESENVOLVIMENTO LTDA;GI3738PWU;RN;2;
SISZARC-000076;MILHO PRODUTIVIDADE 4000 KG HA;;2026-2027|SP|MILHO PRODUTIVIDADE 4000 KG HA|0|;2026-2027;Milho Produtividade 4000 Kg-Ha;INSTITUTO NACIONAL DE CULTIVARES MOCK;M43775RR2;SP;0;
SISZARC-000077;GIRASSOL HELIANTHUS ANNUUS L;;2026-2027|AP|GIRASSOL HELIANTHUS ANNUUS L|1|;2026-2027;GIRASSOL - Helianthus annuus L.;CENTRO DE PESQUISA AGRÍCOLA SIMULADO;GH3812CL;AP;1;
SISZARC-000078;MILHO PRODUTIVIDADE 5000 KG HA;;2026-2027|ES|MILHO PRODUTIVIDADE 5000 KG HA|2|;2026-2027;Milho Produtividade 5000 Kg-Ha;VALE VERDE SEMENTES E BIOTECNOLOGIA LTDA;M53849TG;ES;2;
SISZARC-000079;AMENDOIM;;2026-2027|MG|AMENDOIM|0|;2026-2027;Amendoim;NOVA SAFRA MELHORAMENTO VEGETAL S.A.;AM3886MAX;MG;0;
SISZARC-000080;MILHO PRODUTIVIDADE 6000 KG HA;;2026-2027|PI|MILHO PRODUTIVIDADE 6000 KG HA|1|;2026-2027;Milho Produtividade 6000 Kg-Ha;COOPERATIVA EXPERIMENTAL DE SEMENTES;M63923PLUS;PI;1;
SISZARC-000081;ALGODAO HERBACEO;;2026-2027|RR|ALGODAO HERBACEO|2|;2026-2027;Algodão Herbáceo;AGRO CERRADO PESQUISA E SEMENTES LTDA;AL3960PRO4;RR;2;
SISZARC-000082;MILHO PRODUTIVIDADE 7000 KG HA;;2026-2027|AC|MILHO PRODUTIVIDADE 7000 KG HA|0|;2026-2027;Milho Produtividade 7000 Kg-Ha;SEMENTES HORIZONTE LTDA;M73997VIP3;AC;0;
SISZARC-000083;SORGO;;2026-2027|CE|SORGO|1|;2026-2027;Sorgo;GENÉTICA CAMPO FORTE LTDA;SO4034PWU;CE;1;
SISZARC-000084;SOJA;;2026-2027|MT|SOJA|2|;2026-2027;Soja;BRASIL CULTIVARES E BIOTECNOLOGIA LTDA;SJ4071RR2;MT;2;
SISZARC-000085;MILHO 1A SAFRA;MACRORREGIAO 5;2026-2027|PR|MILHO 1A SAFRA|0|MACRORREGIAO 5;2026-2027;Milho 1ª Safra;TECNOAGRO PESQUISA E DESENVOLVIMENTO LTDA;MX4108CL;PR;0;Macrorregião 5
SISZARC-000086;ARROZ IRRIGADO;;2026-2027|RS|ARROZ IRRIGADO|1|;2026-2027;Arroz Irrigado;INSTITUTO NACIONAL DE CULTIVARES MOCK;AI4145TG;RS;1;
SISZARC-000087;MILHO ZEA MAYS L 1 SAFRA;;2026-2027|SE|MILHO ZEA MAYS L 1 SAFRA|2|;2026-2027;MILHO - Zea mays L. - (1° Safra);CENTRO DE PESQUISA AGRÍCOLA SIMULADO;ZM4182MAX;SE;2;
SISZARC-000088;ARROZ SEQUEIRO ORYZA SATIVA L;;2026-2027|AM|ARROZ SEQUEIRO ORYZA SATIVA L|0|;2026-2027;ARROZ SEQUEIRO - Oryza sativa L.;VALE VERDE SEMENTES E BIOTECNOLOGIA LTDA;AS4219PLUS;AM;0;
SISZARC-000089;MILHO 2A SAFRA;;2026-2027|GO|MILHO 2A SAFRA|1|;2026-2027;Milho 2ª Safra;NOVA SAFRA MELHORAMENTO VEGETAL S.A.;MS4256PRO4;GO;1;
SISZARC-000090;FEIJAO 1A SAFRA;;2026-2027|PA|FEIJAO 1A SAFRA|2|;2026-2027;Feijão 1ª Safra;COOPERATIVA EXPERIMENTAL DE SEMENTES;F14293VIP3;PA;2;
SISZARC-000091;MILHO ZEA MAYS L 2 SAFRA;;2026-2027|RJ|MILHO ZEA MAYS L 2 SAFRA|0|;2026-2027;MILHO - Zea mays L. - (2° Safra);AGRO CERRADO PESQUISA E SEMENTES LTDA;ZS4330PWU;RJ;0;
SISZARC-000092;FEIJAO 2A SAFRA;;2026-2027|SC|FEIJAO 2A SAFRA|1|;2026-2027;Feijão 2ª Safra;SEMENTES HORIZONTE LTDA;F24367RR2;SC;1;
SISZARC-000093;MILHO 2A SAFRA CONSORCIADO COM BRAQUIARIA;;2026-2027|AL|MILHO 2A SAFRA CONSORCIADO COM BRAQUIARIA|2|;2026-2027;Milho 2ª Safra consorciado com Braquiária;GENÉTICA CAMPO FORTE LTDA;MB4404CL;AL;2;
SISZARC-000094;TRIGO;;2026-2027|DF|TRIGO|0|;2026-2027;Trigo;BRASIL CULTIVARES E BIOTECNOLOGIA LTDA;TR4441TG;DF;0;
SISZARC-000095;MILHO PRODUTIVIDADE 3000 KG HA;;2026-2027|MS|MILHO PRODUTIVIDADE 3000 KG HA|1|;2026-2027;Milho Produtividade 3000 Kg-Ha;TECNOAGRO PESQUISA E DESENVOLVIMENTO LTDA;M34478MAX;MS;1;
SISZARC-000096;GIRASSOL;;2026-2027|PE|GIRASSOL|2|;2026-2027;Girassol;INSTITUTO NACIONAL DE CULTIVARES MOCK;GI4515PLUS;PE;2;
SISZARC-000097;MILHO PRODUTIVIDADE 4000 KG HA;MACRORREGIAO 2;2026-2027|RO|MILHO PRODUTIVIDADE 4000 KG HA|0|MACRORREGIAO 2;2026-2027;Milho Produtividade 4000 Kg-Ha;CENTRO DE PESQUISA AGRÍCOLA SIMULADO;M44552PRO4;RO;0;Macrorregião 2
SISZARC-000098;GIRASSOL HELIANTHUS ANNUUS L;;2026-2027|TO|GIRASSOL HELIANTHUS ANNUUS L|1|;2026-2027;GIRASSOL - Helianthus annuus L.;VALE VERDE SEMENTES E BIOTECNOLOGIA LTDA;GH4589VIP3;TO;1;
SISZARC-000099;MILHO PRODUTIVIDADE 5000 KG HA;;2026-2027|BA|MILHO PRODUTIVIDADE 5000 KG HA|2|;2026-2027;Milho Produtividade 5000 Kg-Ha;NOVA SAFRA MELHORAMENTO VEGETAL S.A.;M54626PWU;BA;2;
SISZARC-000100;AMENDOIM;;2026-2027|MA|AMENDOIM|0|;2026-2027;Amendoim;COOPERATIVA EXPERIMENTAL DE SEMENTES;AM4663RR2;MA;0;
SISZARC-000101;MILHO PRODUTIVIDADE 6000 KG HA;;2026-2027|PB|MILHO PRODUTIVIDADE 6000 KG HA|1|;2026-2027;Milho Produtividade 6000 Kg-Ha;AGRO CERRADO PESQUISA E SEMENTES LTDA;M64700CL;PB;1;
SISZARC-000102;ALGODAO HERBACEO;;2026-2027|RN|ALGODAO HERBACEO|2|;2026-2027;Algodão Herbáceo;SEMENTES HORIZONTE LTDA;AL4737TG;RN;2;
SISZARC-000103;MILHO PRODUTIVIDADE 7000 KG HA;;2026-2027|SP|MILHO PRODUTIVIDADE 7000 KG HA|0|;2026-2027;Milho Produtividade 7000 Kg-Ha;GENÉTICA CAMPO FORTE LTDA;M74774MAX;SP;0;
SISZARC-000104;SORGO;;2026-2027|AP|SORGO|1|;2026-2027;Sorgo;BRASIL CULTIVARES E BIOTECNOLOGIA LTDA;SO4811PLUS;AP;1;
SISZARC-000105;SOJA;;2026-2027|ES|SOJA|2|;2026-2027;Soja;TECNOAGRO PESQUISA E DESENVOLVIMENTO LTDA;SJ4848PRO4;ES;2;
SISZARC-000106;MILHO 1A SAFRA;;2026-2027|MG|MILHO 1A SAFRA|0|;2026-2027;Milho 1ª Safra;INSTITUTO NACIONAL DE CULTIVARES MOCK;MX4885VIP3;MG;0;
SISZARC-000107;ARROZ IRRIGADO;;2026-2027|PI|ARROZ IRRIGADO|1|;2026-2027;Arroz Irrigado;CENTRO DE PESQUISA AGRÍCOLA SIMULADO;AI4922PWU;PI;1;
SISZARC-000108;MILHO ZEA MAYS L 1 SAFRA;;2026-2027|RR|MILHO ZEA MAYS L 1 SAFRA|2|;2026-2027;MILHO - Zea mays L. - (1° Safra);VALE VERDE SEMENTES E BIOTECNOLOGIA LTDA;ZM4959RR2;RR;2;
SISZARC-000109;ARROZ SEQUEIRO ORYZA SATIVA L;MACRORREGIAO 4;2026-2027|AC|ARROZ SEQUEIRO ORYZA SATIVA L|0|MACRORREGIAO 4;2026-2027;ARROZ SEQUEIRO - Oryza sativa L.;NOVA SAFRA MELHORAMENTO VEGETAL S.A.;AS4996CL;AC;0;Macrorregião 4
SISZARC-000110;MILHO 2A SAFRA;;2026-2027|CE|MILHO 2A SAFRA|1|;2026-2027;Milho 2ª Safra;COOPERATIVA EXPERIMENTAL DE SEMENTES;MS5033TG;CE;1;
SISZARC-000111;FEIJAO 1A SAFRA;;2026-2027|MT|FEIJAO 1A SAFRA|2|;2026-2027;Feijão 1ª Safra;AGRO CERRADO PESQUISA E SEMENTES LTDA;F15070MAX;MT;2;
SISZARC-000112;MILHO ZEA MAYS L 2 SAFRA;;2026-2027|PR|MILHO ZEA MAYS L 2 SAFRA|0|;2026-2027;MILHO - Zea mays L. - (2° Safra);SEMENTES HORIZONTE LTDA;ZS5107PLUS;PR;0;
SISZARC-000113;FEIJAO 2A SAFRA;;2026-2027|RS|FEIJAO 2A SAFRA|1|;2026-2027;Feijão 2ª Safra;GENÉTICA CAMPO FORTE LTDA;F25144PRO4;RS;1;
SISZARC-000114;MILHO 2A SAFRA CONSORCIADO COM BRAQUIARIA;;2026-2027|SE|MILHO 2A SAFRA CONSORCIADO COM BRAQUIARIA|2|;2026-2027;Milho 2ª Safra consorciado com Braquiária;BRASIL CULTIVARES E BIOTECNOLOGIA LTDA;MB5181VIP3;SE;2;
SISZARC-000115;TRIGO;;2026-2027|AM|TRIGO|0|;2026-2027;Trigo;TECNOAGRO PESQUISA E DESENVOLVIMENTO LTDA;TR5218PWU;AM;0;
SISZARC-000116;MILHO PRODUTIVIDADE 3000 KG HA;;2026-2027|GO|MILHO PRODUTIVIDADE 3000 KG HA|1|;2026-2027;Milho Produtividade 3000 Kg-Ha;INSTITUTO NACIONAL DE CULTIVARES MOCK;M35255RR2;GO;1;
SISZARC-000117;GIRASSOL;;2026-2027|PA|GIRASSOL|2|;2026-2027;Girassol;CENTRO DE PESQUISA AGRÍCOLA SIMULADO;GI5292CL;PA;2;
SISZARC-000118;MILHO PRODUTIVIDADE 4000 KG HA;;2026-2027|RJ|MILHO PRODUTIVIDADE 4000 KG HA|0|;2026-2027;Milho Produtividade 4000 Kg-Ha;VALE VERDE SEMENTES E BIOTECNOLOGIA LTDA;M45329TG;RJ;0;
SISZARC-000119;GIRASSOL HELIANTHUS ANNUUS L;;2026-2027|SC|GIRASSOL HELIANTHUS ANNUUS L|1|;2026-2027;GIRASSOL - Helianthus annuus L.;NOVA SAFRA MELHORAMENTO VEGETAL S.A.;GH5366MAX;SC;1;
SISZARC-000120;MILHO PRODUTIVIDADE 5000 KG HA;;2026-2027|AL|MILHO PRODUTIVIDADE 5000 KG HA|2|;2026-2027;Milho Produtividade 5000 Kg-Ha;COOPERATIVA EXPERIMENTAL DE SEMENTES;M55403PLUS;AL;2;
SISZARC-000121;AMENDOIM;MACRORREGIAO 1;2026-2027|DF|AMENDOIM|0|MACRORREGIAO 1;2026-2027;Amendoim;AGRO CERRADO PESQUISA E SEMENTES LTDA;AM5440PRO4;DF;0;Macrorregião 1
SISZARC-000122;MILHO PRODUTIVIDADE 6000 KG HA;;2026-2027|MS|MILHO PRODUTIVIDADE 6000 KG HA|1|;2026-2027;Milho Produtividade 6000 Kg-Ha;SEMENTES HORIZONTE LTDA;M65477VIP3;MS;1;
SISZARC-000123;ALGODAO HERBACEO;;2026-2027|PE|ALGODAO HERBACEO|2|;2026-2027;Algodão Herbáceo;GENÉTICA CAMPO FORTE LTDA;AL5514PWU;PE;2;
SISZARC-000124;MILHO PRODUTIVIDADE 7000 KG HA;;2026-2027|RO|MILHO PRODUTIVIDADE 7000 KG HA|0|;2026-2027;Milho Produtividade 7000 Kg-Ha;BRASIL CULTIVARES E BIOTECNOLOGIA LTDA;M75551RR2;RO;0;
SISZARC-000125;SORGO;;2026-2027|TO|SORGO|1|;2026-2027;Sorgo;TECNOAGRO PESQUISA E DESENVOLVIMENTO LTDA;SO5588CL;TO;1;
SISZARC-000126;SOJA;;2026-2027|BA|SOJA|2|;2026-2027;Soja;INSTITUTO NACIONAL DE CULTIVARES MOCK;SJ5625TG;BA;2;
SISZARC-000127;MILHO 1A SAFRA;;2026-2027|MA|MILHO 1A SAFRA|0|;2026-2027;Milho 1ª Safra;CENTRO DE PESQUISA AGRÍCOLA SIMULADO;MX5662MAX;MA;0;
SISZARC-000128;ARROZ IRRIGADO;;2026-2027|PB|ARROZ IRRIGADO|1|;2026-2027;Arroz Irrigado;VALE VERDE SEMENTES E BIOTECNOLOGIA LTDA;AI5699PLUS;PB;1;
SISZARC-000129;MILHO ZEA MAYS L 1 SAFRA;;2026-2027|RN|MILHO ZEA MAYS L 1 SAFRA|2|;2026-2027;MILHO - Zea mays L. - (1° Safra);NOVA SAFRA MELHORAMENTO VEGETAL S.A.;ZM5736PRO4;RN;2;
SISZARC-000130;ARROZ SEQUEIRO ORYZA SATIVA L;;2026-2027|SP|ARROZ SEQUEIRO ORYZA SATIVA L|0|;2026-2027;ARROZ SEQUEIRO - Oryza sativa L.;COOPERATIVA EXPERIMENTAL DE SEMENTES;AS5773VIP3;SP;0;
SISZARC-000131;MILHO 2A SAFRA;;2026-2027|AP|MILHO 2A SAFRA|1|;2026-2027;Milho 2ª Safra;AGRO CERRADO PESQUISA E SEMENTES LTDA;MS5810PWU;AP;1;
SISZARC-000132;FEIJAO 1A SAFRA;;2026-2027|ES|FEIJAO 1A SAFRA|2|;2026-2027;Feijão 1ª Safra;SEMENTES HORIZONTE LTDA;F15847RR2;ES;2;
SISZARC-000133;MILHO ZEA MAYS L 2 SAFRA;MACRORREGIAO 3;2026-2027|MG|MILHO ZEA MAYS L 2 SAFRA|0|MACRORREGIAO 3;2026-2027;MILHO - Zea mays L. - (2° Safra);GENÉTICA CAMPO FORTE LTDA;ZS5884CL;MG;0;Macrorregião 3
SISZARC-000134;FEIJAO 2A SAFRA;;2026-2027|PI|FEIJAO 2A SAFRA|1|;2026-2027;Feijão 2ª Safra;BRASIL CULTIVARES E BIOTECNOLOGIA LTDA;F25921TG;PI;1;
SISZARC-000135;MILHO 2A SAFRA CONSORCIADO COM BRAQUIARIA;;2026-2027|RR|MILHO 2A SAFRA CONSORCIADO COM BRAQUIARIA|2|;2026-2027;Milho 2ª Safra consorciado com Braquiária;TECNOAGRO PESQUISA E DESENVOLVIMENTO LTDA;MB5958MAX;RR;2;
SISZARC-000136;TRIGO;;2026-2027|AC|TRIGO|0|;2026-2027;Trigo;INSTITUTO NACIONAL DE CULTIVARES MOCK;TR5995PLUS;AC;0;
SISZARC-000137;MILHO PRODUTIVIDADE 3000 KG HA;;2026-2027|CE|MILHO PRODUTIVIDADE 3000 KG HA|1|;2026-2027;Milho Produtividade 3000 Kg-Ha;CENTRO DE PESQUISA AGRÍCOLA SIMULADO;M36032PRO4;CE;1;
SISZARC-000138;GIRASSOL;;2026-2027|MT|GIRASSOL|2|;2026-2027;Girassol;VALE VERDE SEMENTES E BIOTECNOLOGIA LTDA;GI6069VIP3;MT;2;
SISZARC-000139;MILHO PRODUTIVIDADE 4000 KG HA;;2026-2027|PR|MILHO PRODUTIVIDADE 4000 KG HA|0|;2026-2027;Milho Produtividade 4000 Kg-Ha;NOVA SAFRA MELHORAMENTO VEGETAL S.A.;M46106PWU;PR;0;
SISZARC-000140;GIRASSOL HELIANTHUS ANNUUS L;;2026-2027|RS|GIRASSOL HELIANTHUS ANNUUS L|1|;2026-2027;GIRASSOL - Helianthus annuus L.;COOPERATIVA EXPERIMENTAL DE SEMENTES;GH6143RR2;RS;1;
SISZARC-000141;MILHO PRODUTIVIDADE 5000 KG HA;;2026-2027|SE|MILHO PRODUTIVIDADE 5000 KG HA|2|;2026-2027;Milho Produtividade 5000 Kg-Ha;AGRO CERRADO PESQUISA E SEMENTES LTDA;M56180CL;SE;2;
SISZARC-000142;AMENDOIM;;2026-2027|AM|AMENDOIM|0|;2026-2027;Amendoim;SEMENTES HORIZONTE LTDA;AM6217TG;AM;0;
SISZARC-000143;MILHO PRODUTIVIDADE 6000 KG HA;;2026-2027|GO|MILHO PRODUTIVIDADE 6000 KG HA|1|;2026-2027;Milho Produtividade 6000 Kg-Ha;GENÉTICA CAMPO FORTE LTDA;M66254MAX;GO;1;
SISZARC-000144;ALGODAO HERBACEO;;2026-2027|PA|ALGODAO HERBACEO|2|;2026-2027;Algodão Herbáceo;BRASIL CULTIVARES E BIOTECNOLOGIA LTDA;AL6291PLUS;PA;2;
SISZARC-000145;MILHO PRODUTIVIDADE 7000 KG HA;MACRORREGIAO 5;2026-2027|RJ|MILHO PRODUTIVIDADE 7000 KG HA|0|MACRORREGIAO 5;2026-2027;Milho Produtividade 7000 Kg-Ha;TECNOAGRO PESQUISA E DESENVOLVIMENTO LTDA;M76328PRO4;RJ;0;Macrorregião 5
SISZARC-000146;SORGO;;2026-2027|SC|SORGO|1|;2026-2027;Sorgo;INSTITUTO NACIONAL DE CULTIVARES MOCK;SO6365VIP3;SC;1;
SISZARC-000147;SOJA;;2026-2027|AL|SOJA|2|;2026-2027;Soja;CENTRO DE PESQUISA AGRÍCOLA SIMULADO;SJ6402PWU;AL;2;
SISZARC-000148;MILHO 1A SAFRA;;2026-2027|DF|MILHO 1A SAFRA|0|;2026-2027;Milho 1ª Safra;VALE VERDE SEMENTES E BIOTECNOLOGIA LTDA;MX6439RR2;DF;0;
SISZARC-000149;ARROZ IRRIGADO;;2026-2027|MS|ARROZ IRRIGADO|1|;2026-2027;Arroz Irrigado;NOVA SAFRA MELHORAMENTO VEGETAL S.A.;AI6476CL;MS;1;
SISZARC-000150;MILHO ZEA MAYS L 1 SAFRA;;2026-2027|PE|MILHO ZEA MAYS L 1 SAFRA|2|;2026-2027;MILHO - Zea mays L. - (1° Safra);COOPERATIVA EXPERIMENTAL DE SEMENTES;ZM6513TG;PE;2;
SISZARC-000151;ARROZ SEQUEIRO ORYZA SATIVA L;;2026-2027|RO|ARROZ SEQUEIRO ORYZA SATIVA L|0|;2026-2027;ARROZ SEQUEIRO - Oryza sativa L.;AGRO CERRADO PESQUISA E SEMENTES LTDA;AS6550MAX;RO;0;
SISZARC-000152;MILHO 2A SAFRA;;2026-2027|TO|MILHO 2A SAFRA|1|;2026-2027;Milho 2ª Safra;SEMENTES HORIZONTE LTDA;MS6587PLUS;TO;1;
SISZARC-000153;FEIJAO 1A SAFRA;;2026-2027|BA|FEIJAO 1A SAFRA|2|;2026-2027;Feijão 1ª Safra;GENÉTICA CAMPO FORTE LTDA;F16624PRO4;BA;2;
SISZARC-000154;MILHO ZEA MAYS L 2 SAFRA;;2026-2027|MA|MILHO ZEA MAYS L 2 SAFRA|0|;2026-2027;MILHO - Zea mays L. - (2° Safra);BRASIL CULTIVARES E BIOTECNOLOGIA LTDA;ZS6661VIP3;MA;0;
SISZARC-000155;FEIJAO 2A SAFRA;;2026-2027|PB|FEIJAO 2A SAFRA|1|;2026-2027;Feijão 2ª Safra;TECNOAGRO PESQUISA E DESENVOLVIMENTO LTDA;F26698PWU;PB;1;
SISZARC-000156;MILHO 2A SAFRA CONSORCIADO COM BRAQUIARIA;;2026-2027|RN|MILHO 2A SAFRA CONSORCIADO COM BRAQUIARIA|2|;2026-2027;Milho 2ª Safra consorciado com Braquiária;INSTITUTO NACIONAL DE CULTIVARES MOCK;MB6735RR2;RN;2;
SISZARC-000157;TRIGO;MACRORREGIAO 2;2026-2027|SP|TRIGO|0|MACRORREGIAO 2;2026-2027;Trigo;CENTRO DE PESQUISA AGRÍCOLA SIMULADO;TR6772CL;SP;0;Macrorregião 2
SISZARC-000158;MILHO PRODUTIVIDADE 3000 KG HA;;2026-2027|AP|MILHO PRODUTIVIDADE 3000 KG HA|1|;2026-2027;Milho Produtividade 3000 Kg-Ha;VALE VERDE SEMENTES E BIOTECNOLOGIA LTDA;M36809TG;AP;1;
SISZARC-000159;GIRASSOL;;2026-2027|ES|GIRASSOL|2|;2026-2027;Girassol;NOVA SAFRA MELHORAMENTO VEGETAL S.A.;GI6846MAX;ES;2;
SISZARC-000160;MILHO PRODUTIVIDADE 4000 KG HA;;2026-2027|MG|MILHO PRODUTIVIDADE 4000 KG HA|0|;2026-2027;Milho Produtividade 4000 Kg-Ha;COOPERATIVA EXPERIMENTAL DE SEMENTES;M46883PLUS;MG;0;
SISZARC-000161;GIRASSOL HELIANTHUS ANNUUS L;;2026-2027|PI|GIRASSOL HELIANTHUS ANNUUS L|1|;2026-2027;GIRASSOL - Helianthus annuus L.;AGRO CERRADO PESQUISA E SEMENTES LTDA;GH6920PRO4;PI;1;
SISZARC-000162;MILHO PRODUTIVIDADE 5000 KG HA;;2026-2027|RR|MILHO PRODUTIVIDADE 5000 KG HA|2|;2026-2027;Milho Produtividade 5000 Kg-Ha;SEMENTES HORIZONTE LTDA;M56957VIP3;RR;2;
SISZARC-000163;AMENDOIM;;2026-2027|AC|AMENDOIM|0|;2026-2027;Amendoim;GENÉTICA CAMPO FORTE LTDA;AM6994PWU;AC;0;
SISZARC-000164;MILHO PRODUTIVIDADE 6000 KG HA;;2026-2027|CE|MILHO PRODUTIVIDADE 6000 KG HA|1|;2026-2027;Milho Produtividade 6000 Kg-Ha;BRASIL CULTIVARES E BIOTECNOLOGIA LTDA;M67031RR2;CE;1;
SISZARC-000165;ALGODAO HERBACEO;;2026-2027|MT|ALGODAO HERBACEO|2|;2026-2027;Algodão Herbáceo;TECNOAGRO PESQUISA E DESENVOLVIMENTO LTDA;AL7068CL;MT;2;
SISZARC-000166;MILHO PRODUTIVIDADE 7000 KG HA;;2026-2027|PR|MILHO PRODUTIVIDADE 7000 KG HA|0|;2026-2027;Milho Produtividade 7000 Kg-Ha;INSTITUTO NACIONAL DE CULTIVARES MOCK;M77105TG;PR;0;
SISZARC-000167;SORGO;;2026-2027|RS|SORGO|1|;2026-2027;Sorgo;CENTRO DE PESQUISA AGRÍCOLA SIMULADO;SO7142MAX;RS;1;
SISZARC-000168;SOJA;;2026-2027|SE|SOJA|2|;2026-2027;Soja;VALE VERDE SEMENTES E BIOTECNOLOGIA LTDA;SJ7179PLUS;SE;2;
SISZARC-000169;MILHO 1A SAFRA;MACRORREGIAO 4;2026-2027|AM|MILHO 1A SAFRA|0|MACRORREGIAO 4;2026-2027;Milho 1ª Safra;NOVA SAFRA MELHORAMENTO VEGETAL S.A.;MX7216PRO4;AM;0;Macrorregião 4
SISZARC-000170;ARROZ IRRIGADO;;2026-2027|GO|ARROZ IRRIGADO|1|;2026-2027;Arroz Irrigado;COOPERATIVA EXPERIMENTAL DE SEMENTES;AI7253VIP3;GO;1;
SISZARC-000171;MILHO ZEA MAYS L 1 SAFRA;;2026-2027|PA|MILHO ZEA MAYS L 1 SAFRA|2|;2026-2027;MILHO - Zea mays L. - (1° Safra);AGRO CERRADO PESQUISA E SEMENTES LTDA;ZM7290PWU;PA;2;
SISZARC-000172;ARROZ SEQUEIRO ORYZA SATIVA L;;2026-2027|RJ|ARROZ SEQUEIRO ORYZA SATIVA L|0|;2026-2027;ARROZ SEQUEIRO - Oryza sativa L.;SEMENTES HORIZONTE LTDA;AS7327RR2;RJ;0;
SISZARC-000173;MILHO 2A SAFRA;;2026-2027|SC|MILHO 2A SAFRA|1|;2026-2027;Milho 2ª Safra;GENÉTICA CAMPO FORTE LTDA;MS7364CL;SC;1;
SISZARC-000174;FEIJAO 1A SAFRA;;2026-2027|AL|FEIJAO 1A SAFRA|2|;2026-2027;Feijão 1ª Safra;BRASIL CULTIVARES E BIOTECNOLOGIA LTDA;F17401TG;AL;2;
SISZARC-000175;MILHO ZEA MAYS L 2 SAFRA;;2026-2027|DF|MILHO ZEA MAYS L 2 SAFRA|0|;2026-2027;MILHO - Zea mays L. - (2° Safra);TECNOAGRO PESQUISA E DESENVOLVIMENTO LTDA;ZS7438MAX;DF;0;
SISZARC-000176;FEIJAO 2A SAFRA;;2026-2027|MS|FEIJAO 2A SAFRA|1|;2026-2027;Feijão 2ª Safra;INSTITUTO NACIONAL DE CULTIVARES MOCK;F27475PLUS;MS;1;
SISZARC-000177;MILHO 2A SAFRA CONSORCIADO COM BRAQUIARIA;;2026-2027|PE|MILHO 2A SAFRA CONSORCIADO COM BRAQUIARIA|2|;2026-2027;Milho 2ª Safra consorciado com Braquiária;CENTRO DE PESQUISA AGRÍCOLA SIMULADO;MB7512PRO4;PE;2;
SISZARC-000178;TRIGO;;2026-2027|RO|TRIGO|0|;2026-2027;Trigo;VALE VERDE SEMENTES E BIOTECNOLOGIA LTDA;TR7549VIP3;RO;0;
SISZARC-000179;MILHO PRODUTIVIDADE 3000 KG HA;;2026-2027|TO|MILHO PRODUTIVIDADE 3000 KG HA|1|;2026-2027;Milho Produtividade 3000 Kg-Ha;NOVA SAFRA MELHORAMENTO VEGETAL S.A.;M37586PWU;TO;1;
SISZARC-000180;GIRASSOL;;2026-2027|BA|GIRASSOL|2|;2026-2027;Girassol;COOPERATIVA EXPERIMENTAL DE SEMENTES;GI7623RR2;BA;2;
SISZARC-000181;MILHO PRODUTIVIDADE 4000 KG HA;MACRORREGIAO 1;2026-2027|MA|MILHO PRODUTIVIDADE 4000 KG HA|0|MACRORREGIAO 1;2026-2027;Milho Produtividade 4000 Kg-Ha;AGRO CERRADO PESQUISA E SEMENTES LTDA;M47660CL;MA;0;Macrorregião 1
SISZARC-000182;GIRASSOL HELIANTHUS ANNUUS L;;2026-2027|PB|GIRASSOL HELIANTHUS ANNUUS L|1|;2026-2027;GIRASSOL - Helianthus annuus L.;SEMENTES HORIZONTE LTDA;GH7697TG;PB;1;
SISZARC-000183;MILHO PRODUTIVIDADE 5000 KG HA;;2026-2027|RN|MILHO PRODUTIVIDADE 5000 KG HA|2|;2026-2027;Milho Produtividade 5000 Kg-Ha;GENÉTICA CAMPO FORTE LTDA;M57734MAX;RN;2;
SISZARC-000184;AMENDOIM;;2026-2027|SP|AMENDOIM|0|;2026-2027;Amendoim;BRASIL CULTIVARES E BIOTECNOLOGIA LTDA;AM7771PLUS;SP;0;
SISZARC-000185;MILHO PRODUTIVIDADE 6000 KG HA;;2026-2027|AP|MILHO PRODUTIVIDADE 6000 KG HA|1|;2026-2027;Milho Produtividade 6000 Kg-Ha;TECNOAGRO PESQUISA E DESENVOLVIMENTO LTDA;M67808PRO4;AP;1;
SISZARC-000186;ALGODAO HERBACEO;;2026-2027|ES|ALGODAO HERBACEO|2|;2026-2027;Algodão Herbáceo;INSTITUTO NACIONAL DE CULTIVARES MOCK;AL7845VIP3;ES;2;
SISZARC-000187;MILHO PRODUTIVIDADE 7000 KG HA;;2026-2027|MG|MILHO PRODUTIVIDADE 7000 KG HA|0|;2026-2027;Milho Produtividade 7000 Kg-Ha;CENTRO DE PESQUISA AGRÍCOLA SIMULADO;M77882PWU;MG;0;
SISZARC-000188;SORGO;;2026-2027|PI|SORGO|1|;2026-2027;Sorgo;VALE VERDE SEMENTES E BIOTECNOLOGIA LTDA;SO7919RR2;PI;1;
SISZARC-000189;SOJA;;2026-2027|RR|SOJA|2|;2026-2027;Soja;NOVA SAFRA MELHORAMENTO VEGETAL S.A.;SJ7956CL;RR;2;
SISZARC-000190;MILHO 1A SAFRA;;2026-2027|AC|MILHO 1A SAFRA|0|;2026-2027;Milho 1ª Safra;COOPERATIVA EXPERIMENTAL DE SEMENTES;MX7993TG;AC;0;
SISZARC-000191;ARROZ IRRIGADO;;2026-2027|CE|ARROZ IRRIGADO|1|;2026-2027;Arroz Irrigado;AGRO CERRADO PESQUISA E SEMENTES LTDA;AI8030MAX;CE;1;
SISZARC-000192;MILHO ZEA MAYS L 1 SAFRA;;2026-2027|MT|MILHO ZEA MAYS L 1 SAFRA|2|;2026-2027;MILHO - Zea mays L. - (1° Safra);SEMENTES HORIZONTE LTDA;ZM8067PLUS;MT;2;
SISZARC-000193;ARROZ SEQUEIRO ORYZA SATIVA L;MACRORREGIAO 3;2026-2027|PR|ARROZ SEQUEIRO ORYZA SATIVA L|0|MACRORREGIAO 3;2026-2027;ARROZ SEQUEIRO - Oryza sativa L.;GENÉTICA CAMPO FORTE LTDA;AS8104PRO4;PR;0;Macrorregião 3
SISZARC-000194;MILHO 2A SAFRA;;2026-2027|RS|MILHO 2A SAFRA|1|;2026-2027;Milho 2ª Safra;BRASIL CULTIVARES E BIOTECNOLOGIA LTDA;MS8141VIP3;RS;1;
SISZARC-000195;FEIJAO 1A SAFRA;;2026-2027|SE|FEIJAO 1A SAFRA|2|;2026-2027;Feijão 1ª Safra;TECNOAGRO PESQUISA E DESENVOLVIMENTO LTDA;F18178PWU;SE;2;
SISZARC-000196;MILHO ZEA MAYS L 2 SAFRA;;2026-2027|AM|MILHO ZEA MAYS L 2 SAFRA|0|;2026-2027;MILHO - Zea mays L. - (2° Safra);INSTITUTO NACIONAL DE CULTIVARES MOCK;ZS8215RR2;AM;0;
SISZARC-000197;FEIJAO 2A SAFRA;;2026-2027|GO|FEIJAO 2A SAFRA|1|;2026-2027;Feijão 2ª Safra;CENTRO DE PESQUISA AGRÍCOLA SIMULADO;F28252CL;GO;1;
SISZARC-000198;MILHO 2A SAFRA CONSORCIADO COM BRAQUIARIA;;2026-2027|PA|MILHO 2A SAFRA CONSORCIADO COM BRAQUIARIA|2|;2026-2027;Milho 2ª Safra consorciado com Braquiária;VALE VERDE SEMENTES E BIOTECNOLOGIA LTDA;MB8289TG;PA;2;
SISZARC-000199;TRIGO;;2026-2027|RJ|TRIGO|0|;2026-2027;Trigo;NOVA SAFRA MELHORAMENTO VEGETAL S.A.;TR8326MAX;RJ;0;
SISZARC-000200;MILHO PRODUTIVIDADE 3000 KG HA;;2026-2027|SC|MILHO PRODUTIVIDADE 3000 KG HA|1|;2026-2027;Milho Produtividade 3000 Kg-Ha;COOPERATIVA EXPERIMENTAL DE SEMENTES;M38363PLUS;SC;1;
SISZARC-000201;GIRASSOL;;2026-2027|AL|GIRASSOL|2|;2026-2027;Girassol;AGRO CERRADO PESQUISA E SEMENTES LTDA;GI8400PRO4;AL;2;
SISZARC-000202;MILHO PRODUTIVIDADE 4000 KG HA;;2026-2027|DF|MILHO PRODUTIVIDADE 4000 KG HA|0|;2026-2027;Milho Produtividade 4000 Kg-Ha;SEMENTES HORIZONTE LTDA;M48437VIP3;DF;0;
SISZARC-000203;GIRASSOL HELIANTHUS ANNUUS L;;2026-2027|MS|GIRASSOL HELIANTHUS ANNUUS L|1|;2026-2027;GIRASSOL - Helianthus annuus L.;GENÉTICA CAMPO FORTE LTDA;GH8474PWU;MS;1;
SISZARC-000204;MILHO PRODUTIVIDADE 5000 KG HA;;2026-2027|PE|MILHO PRODUTIVIDADE 5000 KG HA|2|;2026-2027;Milho Produtividade 5000 Kg-Ha;BRASIL CULTIVARES E BIOTECNOLOGIA LTDA;M58511RR2;PE;2;
SISZARC-000205;AMENDOIM;MACRORREGIAO 5;2026-2027|RO|AMENDOIM|0|MACRORREGIAO 5;2026-2027;Amendoim;TECNOAGRO PESQUISA E DESENVOLVIMENTO LTDA;AM8548CL;RO;0;Macrorregião 5
SISZARC-000206;MILHO PRODUTIVIDADE 6000 KG HA;;2026-2027|TO|MILHO PRODUTIVIDADE 6000 KG HA|1|;2026-2027;Milho Produtividade 6000 Kg-Ha;INSTITUTO NACIONAL DE CULTIVARES MOCK;M68585TG;TO;1;
SISZARC-000207;ALGODAO HERBACEO;;2026-2027|BA|ALGODAO HERBACEO|2|;2026-2027;Algodão Herbáceo;CENTRO DE PESQUISA AGRÍCOLA SIMULADO;AL8622MAX;BA;2;
SISZARC-000208;MILHO PRODUTIVIDADE 7000 KG HA;;2026-2027|MA|MILHO PRODUTIVIDADE 7000 KG HA|0|;2026-2027;Milho Produtividade 7000 Kg-Ha;VALE VERDE SEMENTES E BIOTECNOLOGIA LTDA;M78659PLUS;MA;0;
SISZARC-000209;SORGO;;2026-2027|PB|SORGO|1|;2026-2027;Sorgo;NOVA SAFRA MELHORAMENTO VEGETAL S.A.;SO8696PRO4;PB;1;
SISZARC-000210;SOJA;;2026-2027|RN|SOJA|2|;2026-2027;Soja;COOPERATIVA EXPERIMENTAL DE SEMENTES;SJ8733VIP3;RN;2;
SISZARC-000211;MILHO 1A SAFRA;;2026-2027|SP|MILHO 1A SAFRA|0|;2026-2027;Milho 1ª Safra;AGRO CERRADO PESQUISA E SEMENTES LTDA;MX8770PWU;SP;0;
SISZARC-000212;ARROZ IRRIGADO;;2026-2027|AP|ARROZ IRRIGADO|1|;2026-2027;Arroz Irrigado;SEMENTES HORIZONTE LTDA;AI8807RR2;AP;1;
SISZARC-000213;MILHO ZEA MAYS L 1 SAFRA;;2026-2027|ES|MILHO ZEA MAYS L 1 SAFRA|2|;2026-2027;MILHO - Zea mays L. - (1° Safra);GENÉTICA CAMPO FORTE LTDA;ZM8844CL;ES;2;
SISZARC-000214;ARROZ SEQUEIRO ORYZA SATIVA L;;2026-2027|MG|ARROZ SEQUEIRO ORYZA SATIVA L|0|;2026-2027;ARROZ SEQUEIRO - Oryza sativa L.;BRASIL CULTIVARES E BIOTECNOLOGIA LTDA;AS8881TG;MG;0;
SISZARC-000215;MILHO 2A SAFRA;;2026-2027|PI|MILHO 2A SAFRA|1|;2026-2027;Milho 2ª Safra;TECNOAGRO PESQUISA E DESENVOLVIMENTO LTDA;MS8918MAX;PI;1;
SISZARC-000216;FEIJAO 1A SAFRA;;2026-2027|RR|FEIJAO 1A SAFRA|2|;2026-2027;Feijão 1ª Safra;INSTITUTO NACIONAL DE CULTIVARES MOCK;F18955PLUS;RR;2;
SISZARC-000217;MILHO ZEA MAYS L 2 SAFRA;MACRORREGIAO 2;2026-2027|AC|MILHO ZEA MAYS L 2 SAFRA|0|MACRORREGIAO 2;2026-2027;MILHO - Zea mays L. - (2° Safra);CENTRO DE PESQUISA AGRÍCOLA SIMULADO;ZS8992PRO4;AC;0;Macrorregião 2
SISZARC-000218;FEIJAO 2A SAFRA;;2026-2027|CE|FEIJAO 2A SAFRA|1|;2026-2027;Feijão 2ª Safra;VALE VERDE SEMENTES E BIOTECNOLOGIA LTDA;F29029VIP3;CE;1;
SISZARC-000219;MILHO 2A SAFRA CONSORCIADO COM BRAQUIARIA;;2026-2027|MT|MILHO 2A SAFRA CONSORCIADO COM BRAQUIARIA|2|;2026-2027;Milho 2ª Safra consorciado com Braquiária;NOVA SAFRA MELHORAMENTO VEGETAL S.A.;MB9066PWU;MT;2;
SISZARC-000220;TRIGO;;2026-2027|PR|TRIGO|0|;2026-2027;Trigo;COOPERATIVA EXPERIMENTAL DE SEMENTES;TR9103RR2;PR;0;
SISZARC-000221;MILHO PRODUTIVIDADE 3000 KG HA;;2026-2027|RS|MILHO PRODUTIVIDADE 3000 KG HA|1|;2026-2027;Milho Produtividade 3000 Kg-Ha;AGRO CERRADO PESQUISA E SEMENTES LTDA;M39140CL;RS;1;
SISZARC-000222;GIRASSOL;;2026-2027|SE|GIRASSOL|2|;2026-2027;Girassol;SEMENTES HORIZONTE LTDA;GI9177TG;SE;2;
SISZARC-000223;MILHO PRODUTIVIDADE 4000 KG HA;;2026-2027|AM|MILHO PRODUTIVIDADE 4000 KG HA|0|;2026-2027;Milho Produtividade 4000 Kg-Ha;GENÉTICA CAMPO FORTE LTDA;M49214MAX;AM;0;
SISZARC-000224;GIRASSOL HELIANTHUS ANNUUS L;;2026-2027|GO|GIRASSOL HELIANTHUS ANNUUS L|1|;2026-2027;GIRASSOL - Helianthus annuus L.;BRASIL CULTIVARES E BIOTECNOLOGIA LTDA;GH9251PLUS;GO;1;
SISZARC-000225;MILHO PRODUTIVIDADE 5000 KG HA;;2026-2027|PA|MILHO PRODUTIVIDADE 5000 KG HA|2|;2026-2027;Milho Produtividade 5000 Kg-Ha;TECNOAGRO PESQUISA E DESENVOLVIMENTO LTDA;M59288PRO4;PA;2;
SISZARC-000226;AMENDOIM;;2026-2027|RJ|AMENDOIM|0|;2026-2027;Amendoim;INSTITUTO NACIONAL DE CULTIVARES MOCK;AM9325VIP3;RJ;0;
SISZARC-000227;MILHO PRODUTIVIDADE 6000 KG HA;;2026-2027|SC|MILHO PRODUTIVIDADE 6000 KG HA|1|;2026-2027;Milho Produtividade 6000 Kg-Ha;CENTRO DE PESQUISA AGRÍCOLA SIMULADO;M69362PWU;SC;1;
SISZARC-000228;ALGODAO HERBACEO;;2026-2027|AL|ALGODAO HERBACEO|2|;2026-2027;Algodão Herbáceo;VALE VERDE SEMENTES E BIOTECNOLOGIA LTDA;AL9399RR2;AL;2;
SISZARC-000229;MILHO PRODUTIVIDADE 7000 KG HA;MACRORREGIAO 4;2026-2027|DF|MILHO PRODUTIVIDADE 7000 KG HA|0|MACRORREGIAO 4;2026-2027;Milho Produtividade 7000 Kg-Ha;NOVA SAFRA MELHORAMENTO VEGETAL S.A.;M79436CL;DF;0;Macrorregião 4
SISZARC-000230;SORGO;;2026-2027|MS|SORGO|1|;2026-2027;Sorgo;COOPERATIVA EXPERIMENTAL DE SEMENTES;SO9473TG;MS;1;
SISZARC-000231;SOJA;;2026-2027|PE|SOJA|2|;2026-2027;Soja;AGRO CERRADO PESQUISA E SEMENTES LTDA;SJ9510MAX;PE;2;
SISZARC-000232;MILHO 1A SAFRA;;2026-2027|RO|MILHO 1A SAFRA|0|;2026-2027;Milho 1ª Safra;SEMENTES HORIZONTE LTDA;MX9547PLUS;RO;0;
SISZARC-000233;ARROZ IRRIGADO;;2026-2027|TO|ARROZ IRRIGADO|1|;2026-2027;Arroz Irrigado;GENÉTICA CAMPO FORTE LTDA;AI9584PRO4;TO;1;
SISZARC-000234;MILHO ZEA MAYS L 1 SAFRA;;2026-2027|BA|MILHO ZEA MAYS L 1 SAFRA|2|;2026-2027;MILHO - Zea mays L. - (1° Safra);BRASIL CULTIVARES E BIOTECNOLOGIA LTDA;ZM9621VIP3;BA;2;
SISZARC-000235;ARROZ SEQUEIRO ORYZA SATIVA L;;2026-2027|MA|ARROZ SEQUEIRO ORYZA SATIVA L|0|;2026-2027;ARROZ SEQUEIRO - Oryza sativa L.;TECNOAGRO PESQUISA E DESENVOLVIMENTO LTDA;AS9658PWU;MA;0;
SISZARC-000236;MILHO 2A SAFRA;;2026-2027|PB|MILHO 2A SAFRA|1|;2026-2027;Milho 2ª Safra;INSTITUTO NACIONAL DE CULTIVARES MOCK;MS9695RR2;PB;1;
SISZARC-000237;FEIJAO 1A SAFRA;;2026-2027|RN|FEIJAO 1A SAFRA|2|;2026-2027;Feijão 1ª Safra;CENTRO DE PESQUISA AGRÍCOLA SIMULADO;F19732CL;RN;2;
SISZARC-000238;MILHO ZEA MAYS L 2 SAFRA;;2026-2027|SP|MILHO ZEA MAYS L 2 SAFRA|0|;2026-2027;MILHO - Zea mays L. - (2° Safra);VALE VERDE SEMENTES E BIOTECNOLOGIA LTDA;ZS9769TG;SP;0;
SISZARC-000239;FEIJAO 2A SAFRA;;2026-2027|AP|FEIJAO 2A SAFRA|1|;2026-2027;Feijão 2ª Safra;NOVA SAFRA MELHORAMENTO VEGETAL S.A.;F29806MAX;AP;1;
SISZARC-000240;MILHO 2A SAFRA CONSORCIADO COM BRAQUIARIA;;2026-2027|ES|MILHO 2A SAFRA CONSORCIADO COM BRAQUIARIA|2|;2026-2027;Milho 2ª Safra consorciado com Braquiária;COOPERATIVA EXPERIMENTAL DE SEMENTES;MB9843PLUS;ES;2;
SISZARC-000241;TRIGO;MACRORREGIAO 1;2026-2027|MG|TRIGO|0|MACRORREGIAO 1;2026-2027;Trigo;AGRO CERRADO PESQUISA E SEMENTES LTDA;TR9880PRO4;MG;0;Macrorregião 1
SISZARC-000242;MILHO PRODUTIVIDADE 3000 KG HA;;2026-2027|PI|MILHO PRODUTIVIDADE 3000 KG HA|1|;2026-2027;Milho Produtividade 3000 Kg-Ha;SEMENTES HORIZONTE LTDA;M39917VIP3;PI;1;
SISZARC-000243;GIRASSOL;;2026-2027|RR|GIRASSOL|2|;2026-2027;Girassol;GENÉTICA CAMPO FORTE LTDA;GI9954PWU;RR;2;
SISZARC-000244;MILHO PRODUTIVIDADE 4000 KG HA;;2026-2027|AC|MILHO PRODUTIVIDADE 4000 KG HA|0|;2026-2027;Milho Produtividade 4000 Kg-Ha;BRASIL CULTIVARES E BIOTECNOLOGIA LTDA;M49991RR2;AC;0;
SISZARC-000245;GIRASSOL HELIANTHUS ANNUUS L;;2026-2027|CE|GIRASSOL HELIANTHUS ANNUUS L|1|;2026-2027;GIRASSOL - Helianthus annuus L.;TECNOAGRO PESQUISA E DESENVOLVIMENTO LTDA;GH1028CL;CE;1;
SISZARC-000246;MILHO PRODUTIVIDADE 5000 KG HA;;2026-2027|MT|MILHO PRODUTIVIDADE 5000 KG HA|2|;2026-2027;Milho Produtividade 5000 Kg-Ha;INSTITUTO NACIONAL DE CULTIVARES MOCK;M51065TG;MT;2;
SISZARC-000247;AMENDOIM;;2026-2027|PR|AMENDOIM|0|;2026-2027;Amendoim;CENTRO DE PESQUISA AGRÍCOLA SIMULADO;AM1102MAX;PR;0;
SISZARC-000248;MILHO PRODUTIVIDADE 6000 KG HA;;2026-2027|RS|MILHO PRODUTIVIDADE 6000 KG HA|1|;2026-2027;Milho Produtividade 6000 Kg-Ha;VALE VERDE SEMENTES E BIOTECNOLOGIA LTDA;M61139PLUS;RS;1;
SISZARC-000249;ALGODAO HERBACEO;;2026-2027|SE|ALGODAO HERBACEO|2|;2026-2027;Algodão Herbáceo;NOVA SAFRA MELHORAMENTO VEGETAL S.A.;AL1176PRO4;SE;2;
SISZARC-000250;MILHO PRODUTIVIDADE 7000 KG HA;;2026-2027|AM|MILHO PRODUTIVIDADE 7000 KG HA|0|;2026-2027;Milho Produtividade 7000 Kg-Ha;COOPERATIVA EXPERIMENTAL DE SEMENTES;M71213VIP3;AM;0;
SISZARC-000251;SORGO;;2026-2027|GO|SORGO|1|;2026-2027;Sorgo;AGRO CERRADO PESQUISA E SEMENTES LTDA;SO1250PWU;GO;1;
SISZARC-000252;SOJA;;2026-2027|PA|SOJA|2|;2026-2027;Soja;SEMENTES HORIZONTE LTDA;SJ1287RR2;PA;2;
SISZARC-000253;MILHO 1A SAFRA;MACRORREGIAO 3;2026-2027|RJ|MILHO 1A SAFRA|0|MACRORREGIAO 3;2026-2027;Milho 1ª Safra;GENÉTICA CAMPO FORTE LTDA;MX1324CL;RJ;0;Macrorregião 3
SISZARC-000254;ARROZ IRRIGADO;;2026-2027|SC|ARROZ IRRIGADO|1|;2026-2027;Arroz Irrigado;BRASIL CULTIVARES E BIOTECNOLOGIA LTDA;AI1361TG;SC;1;
SISZARC-000255;MILHO ZEA MAYS L 1 SAFRA;;2026-2027|AL|MILHO ZEA MAYS L 1 SAFRA|2|;2026-2027;MILHO - Zea mays L. - (1° Safra);TECNOAGRO PESQUISA E DESENVOLVIMENTO LTDA;ZM1398MAX;AL;2;
SISZARC-000256;ARROZ SEQUEIRO ORYZA SATIVA L;;2026-2027|DF|ARROZ SEQUEIRO ORYZA SATIVA L|0|;2026-2027;ARROZ SEQUEIRO - Oryza sativa L.;INSTITUTO NACIONAL DE CULTIVARES MOCK;AS1435PLUS;DF;0;
SISZARC-000257;MILHO 2A SAFRA;;2026-2027|MS|MILHO 2A SAFRA|1|;2026-2027;Milho 2ª Safra;CENTRO DE PESQUISA AGRÍCOLA SIMULADO;MS1472PRO4;MS;1;
SISZARC-000258;FEIJAO 1A SAFRA;;2026-2027|PE|FEIJAO 1A SAFRA|2|;2026-2027;Feijão 1ª Safra;VALE VERDE SEMENTES E BIOTECNOLOGIA LTDA;F11509VIP3;PE;2;
SISZARC-000259;MILHO ZEA MAYS L 2 SAFRA;;2026-2027|RO|MILHO ZEA MAYS L 2 SAFRA|0|;2026-2027;MILHO - Zea mays L. - (2° Safra);NOVA SAFRA MELHORAMENTO VEGETAL S.A.;ZS1546PWU;RO;0;
SISZARC-000260;FEIJAO 2A SAFRA;;2026-2027|TO|FEIJAO 2A SAFRA|1|;2026-2027;Feijão 2ª Safra;COOPERATIVA EXPERIMENTAL DE SEMENTES;F21583RR2;TO;1;
SISZARC-000261;MILHO 2A SAFRA CONSORCIADO COM BRAQUIARIA;;2026-2027|BA|MILHO 2A SAFRA CONSORCIADO COM BRAQUIARIA|2|;2026-2027;Milho 2ª Safra consorciado com Braquiária;AGRO CERRADO PESQUISA E SEMENTES LTDA;MB1620CL;BA;2;
SISZARC-000262;TRIGO;;2026-2027|MA|TRIGO|0|;2026-2027;Trigo;SEMENTES HORIZONTE LTDA;TR1657TG;MA;0;
SISZARC-000263;MILHO PRODUTIVIDADE 3000 KG HA;;2026-2027|PB|MILHO PRODUTIVIDADE 3000 KG HA|1|;2026-2027;Milho Produtividade 3000 Kg-Ha;GENÉTICA CAMPO FORTE LTDA;M31694MAX;PB;1;
SISZARC-000264;GIRASSOL;;2026-2027|RN|GIRASSOL|2|;2026-2027;Girassol;BRASIL CULTIVARES E BIOTECNOLOGIA LTDA;GI1731PLUS;RN;2;
SISZARC-000265;MILHO PRODUTIVIDADE 4000 KG HA;MACRORREGIAO 5;2026-2027|SP|MILHO PRODUTIVIDADE 4000 KG HA|0|MACRORREGIAO 5;2026-2027;Milho Produtividade 4000 Kg-Ha;TECNOAGRO PESQUISA E DESENVOLVIMENTO LTDA;M41768PRO4;SP;0;Macrorregião 5
SISZARC-000266;GIRASSOL HELIANTHUS ANNUUS L;;2026-2027|AP|GIRASSOL HELIANTHUS ANNUUS L|1|;2026-2027;GIRASSOL - Helianthus annuus L.;INSTITUTO NACIONAL DE CULTIVARES MOCK;GH1805VIP3;AP;1;
SISZARC-000267;MILHO PRODUTIVIDADE 5000 KG HA;;2026-2027|ES|MILHO PRODUTIVIDADE 5000 KG HA|2|;2026-2027;Milho Produtividade 5000 Kg-Ha;CENTRO DE PESQUISA AGRÍCOLA SIMULADO;M51842PWU;ES;2;
SISZARC-000268;AMENDOIM;;2026-2027|MG|AMENDOIM|0|;2026-2027;Amendoim;VALE VERDE SEMENTES E BIOTECNOLOGIA LTDA;AM1879RR2;MG;0;
SISZARC-000269;MILHO PRODUTIVIDADE 6000 KG HA;;2026-2027|PI|MILHO PRODUTIVIDADE 6000 KG HA|1|;2026-2027;Milho Produtividade 6000 Kg-Ha;NOVA SAFRA MELHORAMENTO VEGETAL S.A.;M61916CL;PI;1;
SISZARC-000270;ALGODAO HERBACEO;;2026-2027|RR|ALGODAO HERBACEO|2|;2026-2027;Algodão Herbáceo;COOPERATIVA EXPERIMENTAL DE SEMENTES;AL1953TG;RR;2;
SISZARC-000271;MILHO PRODUTIVIDADE 7000 KG HA;;2026-2027|AC|MILHO PRODUTIVIDADE 7000 KG HA|0|;2026-2027;Milho Produtividade 7000 Kg-Ha;AGRO CERRADO PESQUISA E SEMENTES LTDA;M71990MAX;AC;0;
SISZARC-000272;SORGO;;2026-2027|CE|SORGO|1|;2026-2027;Sorgo;SEMENTES HORIZONTE LTDA;SO2027PLUS;CE;1;
SISZARC-000273;SOJA;;2026-2027|MT|SOJA|2|;2026-2027;Soja;GENÉTICA CAMPO FORTE LTDA;SJ2064PRO4;MT;2;
SISZARC-000274;MILHO 1A SAFRA;;2026-2027|PR|MILHO 1A SAFRA|0|;2026-2027;Milho 1ª Safra;BRASIL CULTIVARES E BIOTECNOLOGIA LTDA;MX2101VIP3;PR;0;
SISZARC-000275;ARROZ IRRIGADO;;2026-2027|RS|ARROZ IRRIGADO|1|;2026-2027;Arroz Irrigado;TECNOAGRO PESQUISA E DESENVOLVIMENTO LTDA;AI2138PWU;RS;1;
SISZARC-000276;MILHO ZEA MAYS L 1 SAFRA;;2026-2027|SE|MILHO ZEA MAYS L 1 SAFRA|2|;2026-2027;MILHO - Zea mays L. - (1° Safra);INSTITUTO NACIONAL DE CULTIVARES MOCK;ZM2175RR2;SE;2;
SISZARC-000277;ARROZ SEQUEIRO ORYZA SATIVA L;MACRORREGIAO 2;2026-2027|AM|ARROZ SEQUEIRO ORYZA SATIVA L|0|MACRORREGIAO 2;2026-2027;ARROZ SEQUEIRO - Oryza sativa L.;CENTRO DE PESQUISA AGRÍCOLA SIMULADO;AS2212CL;AM;0;Macrorregião 2
SISZARC-000278;MILHO 2A SAFRA;;2026-2027|GO|MILHO 2A SAFRA|1|;2026-2027;Milho 2ª Safra;VALE VERDE SEMENTES E BIOTECNOLOGIA LTDA;MS2249TG;GO;1;
SISZARC-000279;FEIJAO 1A SAFRA;;2026-2027|PA|FEIJAO 1A SAFRA|2|;2026-2027;Feijão 1ª Safra;NOVA SAFRA MELHORAMENTO VEGETAL S.A.;F12286MAX;PA;2;
SISZARC-000280;MILHO ZEA MAYS L 2 SAFRA;;2026-2027|RJ|MILHO ZEA MAYS L 2 SAFRA|0|;2026-2027;MILHO - Zea mays L. - (2° Safra);COOPERATIVA EXPERIMENTAL DE SEMENTES;ZS2323PLUS;RJ;0;
SISZARC-000281;FEIJAO 2A SAFRA;;2026-2027|SC|FEIJAO 2A SAFRA|1|;2026-2027;Feijão 2ª Safra;AGRO CERRADO PESQUISA E SEMENTES LTDA;F22360PRO4;SC;1;
SISZARC-000282;MILHO 2A SAFRA CONSORCIADO COM BRAQUIARIA;;2026-2027|AL|MILHO 2A SAFRA CONSORCIADO COM BRAQUIARIA|2|;2026-2027;Milho 2ª Safra consorciado com Braquiária;SEMENTES HORIZONTE LTDA;MB2397VIP3;AL;2;
SISZARC-000283;TRIGO;;2026-2027|DF|TRIGO|0|;2026-2027;Trigo;GENÉTICA CAMPO FORTE LTDA;TR2434PWU;DF;0;
SISZARC-000284;MILHO PRODUTIVIDADE 3000 KG HA;;2026-2027|MS|MILHO PRODUTIVIDADE 3000 KG HA|1|;2026-2027;Milho Produtividade 3000 Kg-Ha;BRASIL CULTIVARES E BIOTECNOLOGIA LTDA;M32471RR2;MS;1;
SISZARC-000285;GIRASSOL;;2026-2027|PE|GIRASSOL|2|;2026-2027;Girassol;TECNOAGRO PESQUISA E DESENVOLVIMENTO LTDA;GI2508CL;PE;2;
SISZARC-000286;MILHO PRODUTIVIDADE 4000 KG HA;;2026-2027|RO|MILHO PRODUTIVIDADE 4000 KG HA|0|;2026-2027;Milho Produtividade 4000 Kg-Ha;INSTITUTO NACIONAL DE CULTIVARES MOCK;M42545TG;RO;0;
SISZARC-000287;GIRASSOL HELIANTHUS ANNUUS L;;2026-2027|TO|GIRASSOL HELIANTHUS ANNUUS L|1|;2026-2027;GIRASSOL - Helianthus annuus L.;CENTRO DE PESQUISA AGRÍCOLA SIMULADO;GH2582MAX;TO;1;
SISZARC-000288;MILHO PRODUTIVIDADE 5000 KG HA;;2026-2027|BA|MILHO PRODUTIVIDADE 5000 KG HA|2|;2026-2027;Milho Produtividade 5000 Kg-Ha;VALE VERDE SEMENTES E BIOTECNOLOGIA LTDA;M52619PLUS;BA;2;
SISZARC-000289;AMENDOIM;MACRORREGIAO 4;2026-2027|MA|AMENDOIM|0|MACRORREGIAO 4;2026-2027;Amendoim;NOVA SAFRA MELHORAMENTO VEGETAL S.A.;AM2656PRO4;MA;0;Macrorregião 4
SISZARC-000290;MILHO PRODUTIVIDADE 6000 KG HA;;2026-2027|PB|MILHO PRODUTIVIDADE 6000 KG HA|1|;2026-2027;Milho Produtividade 6000 Kg-Ha;COOPERATIVA EXPERIMENTAL DE SEMENTES;M62693VIP3;PB;1;
SISZARC-000291;ALGODAO HERBACEO;;2026-2027|RN|ALGODAO HERBACEO|2|;2026-2027;Algodão Herbáceo;AGRO CERRADO PESQUISA E SEMENTES LTDA;AL2730PWU;RN;2;
SISZARC-000292;MILHO PRODUTIVIDADE 7000 KG HA;;2026-2027|SP|MILHO PRODUTIVIDADE 7000 KG HA|0|;2026-2027;Milho Produtividade 7000 Kg-Ha;SEMENTES HORIZONTE LTDA;M72767RR2;SP;0;
SISZARC-000293;SORGO;;2026-2027|AP|SORGO|1|;2026-2027;Sorgo;GENÉTICA CAMPO FORTE LTDA;SO2804CL;AP;1;
SISZARC-000294;SOJA;;2026-2027|ES|SOJA|2|;2026-2027;Soja;BRASIL CULTIVARES E BIOTECNOLOGIA LTDA;SJ2841TG;ES;2;
SISZARC-000295;MILHO 1A SAFRA;;2026-2027|MG|MILHO 1A SAFRA|0|;2026-2027;Milho 1ª Safra;TECNOAGRO PESQUISA E DESENVOLVIMENTO LTDA;MX2878MAX;MG;0;
SISZARC-000296;ARROZ IRRIGADO;;2026-2027|PI|ARROZ IRRIGADO|1|;2026-2027;Arroz Irrigado;INSTITUTO NACIONAL DE CULTIVARES MOCK;AI2915PLUS;PI;1;
SISZARC-000297;MILHO ZEA MAYS L 1 SAFRA;;2026-2027|RR|MILHO ZEA MAYS L 1 SAFRA|2|;2026-2027;MILHO - Zea mays L. - (1° Safra);CENTRO DE PESQUISA AGRÍCOLA SIMULADO;ZM2952PRO4;RR;2;
SISZARC-000298;ARROZ SEQUEIRO ORYZA SATIVA L;;2026-2027|AC|ARROZ SEQUEIRO ORYZA SATIVA L|0|;2026-2027;ARROZ SEQUEIRO - Oryza sativa L.;VALE VERDE SEMENTES E BIOTECNOLOGIA LTDA;AS2989VIP3;AC;0;
SISZARC-000299;MILHO 2A SAFRA;;2026-2027|CE|MILHO 2A SAFRA|1|;2026-2027;Milho 2ª Safra;NOVA SAFRA MELHORAMENTO VEGETAL S.A.;MS3026PWU;CE;1;
SISZARC-000300;FEIJAO 1A SAFRA;;2026-2027|MT|FEIJAO 1A SAFRA|2|;2026-2027;Feijão 1ª Safra;COOPERATIVA EXPERIMENTAL DE SEMENTES;F13063RR2;MT;2;
SISZARC-000301;MILHO ZEA MAYS L 2 SAFRA;MACRORREGIAO 1;2026-2027|PR|MILHO ZEA MAYS L 2 SAFRA|0|MACRORREGIAO 1;2026-2027;MILHO - Zea mays L. - (2° Safra);AGRO CERRADO PESQUISA E SEMENTES LTDA;ZS3100CL;PR;0;Macrorregião 1
SISZARC-000302;FEIJAO 2A SAFRA;;2026-2027|RS|FEIJAO 2A SAFRA|1|;2026-2027;Feijão 2ª Safra;SEMENTES HORIZONTE LTDA;F23137TG;RS;1;
SISZARC-000303;MILHO 2A SAFRA CONSORCIADO COM BRAQUIARIA;;2026-2027|SE|MILHO 2A SAFRA CONSORCIADO COM BRAQUIARIA|2|;2026-2027;Milho 2ª Safra consorciado com Braquiária;GENÉTICA CAMPO FORTE LTDA;MB3174MAX;SE;2;
SISZARC-000304;TRIGO;;2026-2027|AM|TRIGO|0|;2026-2027;Trigo;BRASIL CULTIVARES E BIOTECNOLOGIA LTDA;TR3211PLUS;AM;0;
SISZARC-000305;MILHO PRODUTIVIDADE 3000 KG HA;;2026-2027|GO|MILHO PRODUTIVIDADE 3000 KG HA|1|;2026-2027;Milho Produtividade 3000 Kg-Ha;TECNOAGRO PESQUISA E DESENVOLVIMENTO LTDA;M33248PRO4;GO;1;
SISZARC-000306;GIRASSOL;;2026-2027|PA|GIRASSOL|2|;2026-2027;Girassol;INSTITUTO NACIONAL DE CULTIVARES MOCK;GI3285VIP3;PA;2;
SISZARC-000307;MILHO PRODUTIVIDADE 4000 KG HA;;2026-2027|RJ|MILHO PRODUTIVIDADE 4000 KG HA|0|;2026-2027;Milho Produtividade 4000 Kg-Ha;CENTRO DE PESQUISA AGRÍCOLA SIMULADO;M43322PWU;RJ;0;
SISZARC-000308;GIRASSOL HELIANTHUS ANNUUS L;;2026-2027|SC|GIRASSOL HELIANTHUS ANNUUS L|1|;2026-2027;GIRASSOL - Helianthus annuus L.;VALE VERDE SEMENTES E BIOTECNOLOGIA LTDA;GH3359RR2;SC;1;
SISZARC-000309;MILHO PRODUTIVIDADE 5000 KG HA;;2026-2027|AL|MILHO PRODUTIVIDADE 5000 KG HA|2|;2026-2027;Milho Produtividade 5000 Kg-Ha;NOVA SAFRA MELHORAMENTO VEGETAL S.A.;M53396CL;AL;2;
SISZARC-000310;AMENDOIM;;2026-2027|DF|AMENDOIM|0|;2026-2027;Amendoim;COOPERATIVA EXPERIMENTAL DE SEMENTES;AM3433TG;DF;0;
SISZARC-000311;MILHO PRODUTIVIDADE 6000 KG HA;;2026-2027|MS|MILHO PRODUTIVIDADE 6000 KG HA|1|;2026-2027;Milho Produtividade 6000 Kg-Ha;AGRO CERRADO PESQUISA E SEMENTES LTDA;M63470MAX;MS;1;
SISZARC-000312;ALGODAO HERBACEO;;2026-2027|PE|ALGODAO HERBACEO|2|;2026-2027;Algodão Herbáceo;SEMENTES HORIZONTE LTDA;AL3507PLUS;PE;2;
SISZARC-000313;MILHO PRODUTIVIDADE 7000 KG HA;MACRORREGIAO 3;2026-2027|RO|MILHO PRODUTIVIDADE 7000 KG HA|0|MACRORREGIAO 3;2026-2027;Milho Produtividade 7000 Kg-Ha;GENÉTICA CAMPO FORTE LTDA;M73544PRO4;RO;0;Macrorregião 3
SISZARC-000314;SORGO;;2026-2027|TO|SORGO|1|;2026-2027;Sorgo;BRASIL CULTIVARES E BIOTECNOLOGIA LTDA;SO3581VIP3;TO;1;
SISZARC-000315;SOJA;;2026-2027|BA|SOJA|2|;2026-2027;Soja;TECNOAGRO PESQUISA E DESENVOLVIMENTO LTDA;SJ3618PWU;BA;2;
SISZARC-000316;MILHO 1A SAFRA;;2026-2027|MA|MILHO 1A SAFRA|0|;2026-2027;Milho 1ª Safra;INSTITUTO NACIONAL DE CULTIVARES MOCK;MX3655RR2;MA;0;
SISZARC-000317;ARROZ IRRIGADO;;2026-2027|PB|ARROZ IRRIGADO|1|;2026-2027;Arroz Irrigado;CENTRO DE PESQUISA AGRÍCOLA SIMULADO;AI3692CL;PB;1;
SISZARC-000318;MILHO ZEA MAYS L 1 SAFRA;;2026-2027|RN|MILHO ZEA MAYS L 1 SAFRA|2|;2026-2027;MILHO - Zea mays L. - (1° Safra);VALE VERDE SEMENTES E BIOTECNOLOGIA LTDA;ZM3729TG;RN;2;
SISZARC-000319;ARROZ SEQUEIRO ORYZA SATIVA L;;2026-2027|SP|ARROZ SEQUEIRO ORYZA SATIVA L|0|;2026-2027;ARROZ SEQUEIRO - Oryza sativa L.;NOVA SAFRA MELHORAMENTO VEGETAL S.A.;AS3766MAX;SP;0;
SISZARC-000320;MILHO 2A SAFRA;;2026-2027|AP|MILHO 2A SAFRA|1|;2026-2027;Milho 2ª Safra;COOPERATIVA EXPERIMENTAL DE SEMENTES;MS3803PLUS;AP;1;
SISZARC-000321;FEIJAO 1A SAFRA;;2026-2027|ES|FEIJAO 1A SAFRA|2|;2026-2027;Feijão 1ª Safra;AGRO CERRADO PESQUISA E SEMENTES LTDA;F13840PRO4;ES;2;
SISZARC-000322;MILHO ZEA MAYS L 2 SAFRA;;2026-2027|MG|MILHO ZEA MAYS L 2 SAFRA|0|;2026-2027;MILHO - Zea mays L. - (2° Safra);SEMENTES HORIZONTE LTDA;ZS3877VIP3;MG;0;
SISZARC-000323;FEIJAO 2A SAFRA;;2026-2027|PI|FEIJAO 2A SAFRA|1|;2026-2027;Feijão 2ª Safra;GENÉTICA CAMPO FORTE LTDA;F23914PWU;PI;1;
SISZARC-000324;MILHO 2A SAFRA CONSORCIADO COM BRAQUIARIA;;2026-2027|RR|MILHO 2A SAFRA CONSORCIADO COM BRAQUIARIA|2|;2026-2027;Milho 2ª Safra consorciado com Braquiária;BRASIL CULTIVARES E BIOTECNOLOGIA LTDA;MB3951RR2;RR;2;
SISZARC-000325;TRIGO;MACRORREGIAO 5;2026-2027|AC|TRIGO|0|MACRORREGIAO 5;2026-2027;Trigo;TECNOAGRO PESQUISA E DESENVOLVIMENTO LTDA;TR3988CL;AC;0;Macrorregião 5
SISZARC-000326;MILHO PRODUTIVIDADE 3000 KG HA;;2026-2027|CE|MILHO PRODUTIVIDADE 3000 KG HA|1|;2026-2027;Milho Produtividade 3000 Kg-Ha;INSTITUTO NACIONAL DE CULTIVARES MOCK;M34025TG;CE;1;
SISZARC-000327;GIRASSOL;;2026-2027|MT|GIRASSOL|2|;2026-2027;Girassol;CENTRO DE PESQUISA AGRÍCOLA SIMULADO;GI4062MAX;MT;2;
SISZARC-000328;MILHO PRODUTIVIDADE 4000 KG HA;;2026-2027|PR|MILHO PRODUTIVIDADE 4000 KG HA|0|;2026-2027;Milho Produtividade 4000 Kg-Ha;VALE VERDE SEMENTES E BIOTECNOLOGIA LTDA;M44099PLUS;PR;0;
SISZARC-000329;GIRASSOL HELIANTHUS ANNUUS L;;2026-2027|RS|GIRASSOL HELIANTHUS ANNUUS L|1|;2026-2027;GIRASSOL - Helianthus annuus L.;NOVA SAFRA MELHORAMENTO VEGETAL S.A.;GH4136PRO4;RS;1;
SISZARC-000330;MILHO PRODUTIVIDADE 5000 KG HA;;2026-2027|SE|MILHO PRODUTIVIDADE 5000 KG HA|2|;2026-2027;Milho Produtividade 5000 Kg-Ha;COOPERATIVA EXPERIMENTAL DE SEMENTES;M54173VIP3;SE;2;
SISZARC-000331;AMENDOIM;;2026-2027|AM|AMENDOIM|0|;2026-2027;Amendoim;AGRO CERRADO PESQUISA E SEMENTES LTDA;AM4210PWU;AM;0;
SISZARC-000332;MILHO PRODUTIVIDADE 6000 KG HA;;2026-2027|GO|MILHO PRODUTIVIDADE 6000 KG HA|1|;2026-2027;Milho Produtividade 6000 Kg-Ha;SEMENTES HORIZONTE LTDA;M64247RR2;GO;1;
SISZARC-000333;ALGODAO HERBACEO;;2026-2027|PA|ALGODAO HERBACEO|2|;2026-2027;Algodão Herbáceo;GENÉTICA CAMPO FORTE LTDA;AL4284CL;PA;2;
SISZARC-000334;MILHO PRODUTIVIDADE 7000 KG HA;;2026-2027|RJ|MILHO PRODUTIVIDADE 7000 KG HA|0|;2026-2027;Milho Produtividade 7000 Kg-Ha;BRASIL CULTIVARES E BIOTECNOLOGIA LTDA;M74321TG;RJ;0;
SISZARC-000335;SORGO;;2026-2027|SC|SORGO|1|;2026-2027;Sorgo;TECNOAGRO PESQUISA E DESENVOLVIMENTO LTDA;SO4358MAX;SC;1;
SISZARC-000336;SOJA;;2026-2027|AL|SOJA|2|;2026-2027;Soja;INSTITUTO NACIONAL DE CULTIVARES MOCK;SJ4395PLUS;AL;2;
SISZARC-000337;MILHO 1A SAFRA;MACRORREGIAO 2;2026-2027|DF|MILHO 1A SAFRA|0|MACRORREGIAO 2;2026-2027;Milho 1ª Safra;CENTRO DE PESQUISA AGRÍCOLA SIMULADO;MX4432PRO4;DF;0;Macrorregião 2
SISZARC-000338;ARROZ IRRIGADO;;2026-2027|MS|ARROZ IRRIGADO|1|;2026-2027;Arroz Irrigado;VALE VERDE SEMENTES E BIOTECNOLOGIA LTDA;AI4469VIP3;MS;1;
SISZARC-000339;MILHO ZEA MAYS L 1 SAFRA;;2026-2027|PE|MILHO ZEA MAYS L 1 SAFRA|2|;2026-2027;MILHO - Zea mays L. - (1° Safra);NOVA SAFRA MELHORAMENTO VEGETAL S.A.;ZM4506PWU;PE;2;
SISZARC-000340;ARROZ SEQUEIRO ORYZA SATIVA L;;2026-2027|RO|ARROZ SEQUEIRO ORYZA SATIVA L|0|;2026-2027;ARROZ SEQUEIRO - Oryza sativa L.;COOPERATIVA EXPERIMENTAL DE SEMENTES;AS4543RR2;RO;0;
SISZARC-000341;MILHO 2A SAFRA;;2026-2027|TO|MILHO 2A SAFRA|1|;2026-2027;Milho 2ª Safra;AGRO CERRADO PESQUISA E SEMENTES LTDA;MS4580CL;TO;1;
SISZARC-000342;FEIJAO 1A SAFRA;;2026-2027|BA|FEIJAO 1A SAFRA|2|;2026-2027;Feijão 1ª Safra;SEMENTES HORIZONTE LTDA;F14617TG;BA;2;
SISZARC-000343;MILHO ZEA MAYS L 2 SAFRA;;2026-2027|MA|MILHO ZEA MAYS L 2 SAFRA|0|;2026-2027;MILHO - Zea mays L. - (2° Safra);GENÉTICA CAMPO FORTE LTDA;ZS4654MAX;MA;0;
SISZARC-000344;FEIJAO 2A SAFRA;;2026-2027|PB|FEIJAO 2A SAFRA|1|;2026-2027;Feijão 2ª Safra;BRASIL CULTIVARES E BIOTECNOLOGIA LTDA;F24691PLUS;PB;1;
SISZARC-000345;MILHO 2A SAFRA CONSORCIADO COM BRAQUIARIA;;2026-2027|RN|MILHO 2A SAFRA CONSORCIADO COM BRAQUIARIA|2|;2026-2027;Milho 2ª Safra consorciado com Braquiária;TECNOAGRO PESQUISA E DESENVOLVIMENTO LTDA;MB4728PRO4;RN;2;
SISZARC-000346;TRIGO;;2026-2027|SP|TRIGO|0|;2026-2027;Trigo;INSTITUTO NACIONAL DE CULTIVARES MOCK;TR4765VIP3;SP;0;
SISZARC-000347;MILHO PRODUTIVIDADE 3000 KG HA;;2026-2027|AP|MILHO PRODUTIVIDADE 3000 KG HA|1|;2026-2027;Milho Produtividade 3000 Kg-Ha;CENTRO DE PESQUISA AGRÍCOLA SIMULADO;M34802PWU;AP;1;
SISZARC-000348;GIRASSOL;;2026-2027|ES|GIRASSOL|2|;2026-2027;Girassol;VALE VERDE SEMENTES E BIOTECNOLOGIA LTDA;GI4839RR2;ES;2;
SISZARC-000349;MILHO PRODUTIVIDADE 4000 KG HA;MACRORREGIAO 4;2026-2027|MG|MILHO PRODUTIVIDADE 4000 KG HA|0|MACRORREGIAO 4;2026-2027;Milho Produtividade 4000 Kg-Ha;NOVA SAFRA MELHORAMENTO VEGETAL S.A.;M44876CL;MG;0;Macrorregião 4
SISZARC-000350;GIRASSOL HELIANTHUS ANNUUS L;;2026-2027|PI|GIRASSOL HELIANTHUS ANNUUS L|1|;2026-2027;GIRASSOL - Helianthus annuus L.;COOPERATIVA EXPERIMENTAL DE SEMENTES;GH4913TG;PI;1;
SISZARC-000351;MILHO PRODUTIVIDADE 5000 KG HA;;2026-2027|RR|MILHO PRODUTIVIDADE 5000 KG HA|2|;2026-2027;Milho Produtividade 5000 Kg-Ha;AGRO CERRADO PESQUISA E SEMENTES LTDA;M54950MAX;RR;2;
SISZARC-000352;AMENDOIM;;2026-2027|AC|AMENDOIM|0|;2026-2027;Amendoim;SEMENTES HORIZONTE LTDA;AM4987PLUS;AC;0;
SISZARC-000353;MILHO PRODUTIVIDADE 6000 KG HA;;2026-2027|CE|MILHO PRODUTIVIDADE 6000 KG HA|1|;2026-2027;Milho Produtividade 6000 Kg-Ha;GENÉTICA CAMPO FORTE LTDA;M65024PRO4;CE;1;
SISZARC-000354;ALGODAO HERBACEO;;2026-2027|MT|ALGODAO HERBACEO|2|;2026-2027;Algodão Herbáceo;BRASIL CULTIVARES E BIOTECNOLOGIA LTDA;AL5061VIP3;MT;2;
SISZARC-000355;MILHO PRODUTIVIDADE 7000 KG HA;;2026-2027|PR|MILHO PRODUTIVIDADE 7000 KG HA|0|;2026-2027;Milho Produtividade 7000 Kg-Ha;TECNOAGRO PESQUISA E DESENVOLVIMENTO LTDA;M75098PWU;PR;0;
SISZARC-000356;SORGO;;2026-2027|RS|SORGO|1|;2026-2027;Sorgo;INSTITUTO NACIONAL DE CULTIVARES MOCK;SO5135RR2;RS;1;
SISZARC-000357;SOJA;;2026-2027|SE|SOJA|2|;2026-2027;Soja;CENTRO DE PESQUISA AGRÍCOLA SIMULADO;SJ5172CL;SE;2;
SISZARC-000358;MILHO 1A SAFRA;;2026-2027|AM|MILHO 1A SAFRA|0|;2026-2027;Milho 1ª Safra;VALE VERDE SEMENTES E BIOTECNOLOGIA LTDA;MX5209TG;AM;0;
SISZARC-000359;ARROZ IRRIGADO;;2026-2027|GO|ARROZ IRRIGADO|1|;2026-2027;Arroz Irrigado;NOVA SAFRA MELHORAMENTO VEGETAL S.A.;AI5246MAX;GO;1;
SISZARC-000360;MILHO ZEA MAYS L 1 SAFRA;;2026-2027|PA|MILHO ZEA MAYS L 1 SAFRA|2|;2026-2027;MILHO - Zea mays L. - (1° Safra);COOPERATIVA EXPERIMENTAL DE SEMENTES;ZM5283PLUS;PA;2;
SISZARC-000361;ARROZ SEQUEIRO ORYZA SATIVA L;MACRORREGIAO 1;2026-2027|RJ|ARROZ SEQUEIRO ORYZA SATIVA L|0|MACRORREGIAO 1;2026-2027;ARROZ SEQUEIRO - Oryza sativa L.;AGRO CERRADO PESQUISA E SEMENTES LTDA;AS5320PRO4;RJ;0;Macrorregião 1
SISZARC-000362;MILHO 2A SAFRA;;2026-2027|SC|MILHO 2A SAFRA|1|;2026-2027;Milho 2ª Safra;SEMENTES HORIZONTE LTDA;MS5357VIP3;SC;1;
SISZARC-000363;FEIJAO 1A SAFRA;;2026-2027|AL|FEIJAO 1A SAFRA|2|;2026-2027;Feijão 1ª Safra;GENÉTICA CAMPO FORTE LTDA;F15394PWU;AL;2;
SISZARC-000364;MILHO ZEA MAYS L 2 SAFRA;;2026-2027|DF|MILHO ZEA MAYS L 2 SAFRA|0|;2026-2027;MILHO - Zea mays L. - (2° Safra);BRASIL CULTIVARES E BIOTECNOLOGIA LTDA;ZS5431RR2;DF;0;
SISZARC-000365;FEIJAO 2A SAFRA;;2026-2027|MS|FEIJAO 2A SAFRA|1|;2026-2027;Feijão 2ª Safra;TECNOAGRO PESQUISA E DESENVOLVIMENTO LTDA;F25468CL;MS;1;
SISZARC-000366;MILHO 2A SAFRA CONSORCIADO COM BRAQUIARIA;;2026-2027|PE|MILHO 2A SAFRA CONSORCIADO COM BRAQUIARIA|2|;2026-2027;Milho 2ª Safra consorciado com Braquiária;INSTITUTO NACIONAL DE CULTIVARES MOCK;MB5505TG;PE;2;
SISZARC-000367;TRIGO;;2026-2027|RO|TRIGO|0|;2026-2027;Trigo;CENTRO DE PESQUISA AGRÍCOLA SIMULADO;TR5542MAX;RO;0;
SISZARC-000368;MILHO PRODUTIVIDADE 3000 KG HA;;2026-2027|TO|MILHO PRODUTIVIDADE 3000 KG HA|1|;2026-2027;Milho Produtividade 3000 Kg-Ha;VALE VERDE SEMENTES E BIOTECNOLOGIA LTDA;M35579PLUS;TO;1;
SISZARC-000369;GIRASSOL;;2026-2027|BA|GIRASSOL|2|;2026-2027;Girassol;NOVA SAFRA MELHORAMENTO VEGETAL S.A.;GI5616PRO4;BA;2;
SISZARC-000370;MILHO PRODUTIVIDADE 4000 KG HA;;2026-2027|MA|MILHO PRODUTIVIDADE 4000 KG HA|0|;2026-2027;Milho Produtividade 4000 Kg-Ha;COOPERATIVA EXPERIMENTAL DE SEMENTES;M45653VIP3;MA;0;
SISZARC-000371;GIRASSOL HELIANTHUS ANNUUS L;;2026-2027|PB|GIRASSOL HELIANTHUS ANNUUS L|1|;2026-2027;GIRASSOL - Helianthus annuus L.;AGRO CERRADO PESQUISA E SEMENTES LTDA;GH5690PWU;PB;1;
SISZARC-000372;MILHO PRODUTIVIDADE 5000 KG HA;;2026-2027|RN|MILHO PRODUTIVIDADE 5000 KG HA|2|;2026-2027;Milho Produtividade 5000 Kg-Ha;SEMENTES HORIZONTE LTDA;M55727RR2;RN;2;
SISZARC-000373;AMENDOIM;MACRORREGIAO 3;2026-2027|SP|AMENDOIM|0|MACRORREGIAO 3;2026-2027;Amendoim;GENÉTICA CAMPO FORTE LTDA;AM5764CL;SP;0;Macrorregião 3
SISZARC-000374;MILHO PRODUTIVIDADE 6000 KG HA;;2026-2027|AP|MILHO PRODUTIVIDADE 6000 KG HA|1|;2026-2027;Milho Produtividade 6000 Kg-Ha;BRASIL CULTIVARES E BIOTECNOLOGIA LTDA;M65801TG;AP;1;
SISZARC-000375;ALGODAO HERBACEO;;2026-2027|ES|ALGODAO HERBACEO|2|;2026-2027;Algodão Herbáceo;TECNOAGRO PESQUISA E DESENVOLVIMENTO LTDA;AL5838MAX;ES;2;
SISZARC-000376;MILHO PRODUTIVIDADE 7000 KG HA;;2026-2027|MG|MILHO PRODUTIVIDADE 7000 KG HA|0|;2026-2027;Milho Produtividade 7000 Kg-Ha;INSTITUTO NACIONAL DE CULTIVARES MOCK;M75875PLUS;MG;0;
SISZARC-000377;SORGO;;2026-2027|PI|SORGO|1|;2026-2027;Sorgo;CENTRO DE PESQUISA AGRÍCOLA SIMULADO;SO5912PRO4;PI;1;
SISZARC-000378;SOJA;;2026-2027|RR|SOJA|2|;2026-2027;Soja;VALE VERDE SEMENTES E BIOTECNOLOGIA LTDA;SJ5949VIP3;RR;2;
SISZARC-000379;MILHO 1A SAFRA;;2026-2027|AC|MILHO 1A SAFRA|0|;2026-2027;Milho 1ª Safra;NOVA SAFRA MELHORAMENTO VEGETAL S.A.;MX5986PWU;AC;0;
SISZARC-000380;ARROZ IRRIGADO;;2026-2027|CE|ARROZ IRRIGADO|1|;2026-2027;Arroz Irrigado;COOPERATIVA EXPERIMENTAL DE SEMENTES;AI6023RR2;CE;1;
SISZARC-000381;MILHO ZEA MAYS L 1 SAFRA;;2026-2027|MT|MILHO ZEA MAYS L 1 SAFRA|2|;2026-2027;MILHO - Zea mays L. - (1° Safra);AGRO CERRADO PESQUISA E SEMENTES LTDA;ZM6060CL;MT;2;
SISZARC-000382;ARROZ SEQUEIRO ORYZA SATIVA L;;2026-2027|PR|ARROZ SEQUEIRO ORYZA SATIVA L|0|;2026-2027;ARROZ SEQUEIRO - Oryza sativa L.;SEMENTES HORIZONTE LTDA;AS6097TG;PR;0;
SISZARC-000383;MILHO 2A SAFRA;;2026-2027|RS|MILHO 2A SAFRA|1|;2026-2027;Milho 2ª Safra;GENÉTICA CAMPO FORTE LTDA;MS6134MAX;RS;1;
SISZARC-000384;FEIJAO 1A SAFRA;;2026-2027|SE|FEIJAO 1A SAFRA|2|;2026-2027;Feijão 1ª Safra;BRASIL CULTIVARES E BIOTECNOLOGIA LTDA;F16171PLUS;SE;2;
SISZARC-000385;MILHO ZEA MAYS L 2 SAFRA;MACRORREGIAO 5;2026-2027|AM|MILHO ZEA MAYS L 2 SAFRA|0|MACRORREGIAO 5;2026-2027;MILHO - Zea mays L. - (2° Safra);TECNOAGRO PESQUISA E DESENVOLVIMENTO LTDA;ZS6208PRO4;AM;0;Macrorregião 5
SISZARC-000386;FEIJAO 2A SAFRA;;2026-2027|GO|FEIJAO 2A SAFRA|1|;2026-2027;Feijão 2ª Safra;INSTITUTO NACIONAL DE CULTIVARES MOCK;F26245VIP3;GO;1;
SISZARC-000387;MILHO 2A SAFRA CONSORCIADO COM BRAQUIARIA;;2026-2027|PA|MILHO 2A SAFRA CONSORCIADO COM BRAQUIARIA|2|;2026-2027;Milho 2ª Safra consorciado com Braquiária;CENTRO DE PESQUISA AGRÍCOLA SIMULADO;MB6282PWU;PA;2;
SISZARC-000388;TRIGO;;2026-2027|RJ|TRIGO|0|;2026-2027;Trigo;VALE VERDE SEMENTES E BIOTECNOLOGIA LTDA;TR6319RR2;RJ;0;
SISZARC-000389;MILHO PRODUTIVIDADE 3000 KG HA;;2026-2027|SC|MILHO PRODUTIVIDADE 3000 KG HA|1|;2026-2027;Milho Produtividade 3000 Kg-Ha;NOVA SAFRA MELHORAMENTO VEGETAL S.A.;M36356CL;SC;1;
SISZARC-000390;GIRASSOL;;2026-2027|AL|GIRASSOL|2|;2026-2027;Girassol;COOPERATIVA EXPERIMENTAL DE SEMENTES;GI6393TG;AL;2;
SISZARC-000391;MILHO PRODUTIVIDADE 4000 KG HA;;2026-2027|DF|MILHO PRODUTIVIDADE 4000 KG HA|0|;2026-2027;Milho Produtividade 4000 Kg-Ha;AGRO CERRADO PESQUISA E SEMENTES LTDA;M46430MAX;DF;0;
SISZARC-000392;GIRASSOL HELIANTHUS ANNUUS L;;2026-2027|MS|GIRASSOL HELIANTHUS ANNUUS L|1|;2026-2027;GIRASSOL - Helianthus annuus L.;SEMENTES HORIZONTE LTDA;GH6467PLUS;MS;1;
SISZARC-000393;MILHO PRODUTIVIDADE 5000 KG HA;;2026-2027|PE|MILHO PRODUTIVIDADE 5000 KG HA|2|;2026-2027;Milho Produtividade 5000 Kg-Ha;GENÉTICA CAMPO FORTE LTDA;M56504PRO4;PE;2;
SISZARC-000394;AMENDOIM;;2026-2027|RO|AMENDOIM|0|;2026-2027;Amendoim;BRASIL CULTIVARES E BIOTECNOLOGIA LTDA;AM6541VIP3;RO;0;
SISZARC-000395;MILHO PRODUTIVIDADE 6000 KG HA;;2026-2027|TO|MILHO PRODUTIVIDADE 6000 KG HA|1|;2026-2027;Milho Produtividade 6000 Kg-Ha;TECNOAGRO PESQUISA E DESENVOLVIMENTO LTDA;M66578PWU;TO;1;
SISZARC-000396;ALGODAO HERBACEO;;2026-2027|BA|ALGODAO HERBACEO|2|;2026-2027;Algodão Herbáceo;INSTITUTO NACIONAL DE CULTIVARES MOCK;AL6615RR2;BA;2;
SISZARC-000397;MILHO PRODUTIVIDADE 7000 KG HA;MACRORREGIAO 2;2026-2027|MA|MILHO PRODUTIVIDADE 7000 KG HA|0|MACRORREGIAO 2;2026-2027;Milho Produtividade 7000 Kg-Ha;CENTRO DE PESQUISA AGRÍCOLA SIMULADO;M76652CL;MA;0;Macrorregião 2
SISZARC-000398;SORGO;;2026-2027|PB|SORGO|1|;2026-2027;Sorgo;VALE VERDE SEMENTES E BIOTECNOLOGIA LTDA;SO6689TG;PB;1;
SISZARC-000399;SOJA;;2026-2027|RN|SOJA|2|;2026-2027;Soja;NOVA SAFRA MELHORAMENTO VEGETAL S.A.;SJ6726MAX;RN;2;
SISZARC-000400;MILHO 1A SAFRA;;2026-2027|SP|MILHO 1A SAFRA|0|;2026-2027;Milho 1ª Safra;COOPERATIVA EXPERIMENTAL DE SEMENTES;MX6763PLUS;SP;0;
SISZARC-000401;ARROZ IRRIGADO;;2026-2027|AP|ARROZ IRRIGADO|1|;2026-2027;Arroz Irrigado;AGRO CERRADO PESQUISA E SEMENTES LTDA;AI6800PRO4;AP;1;
SISZARC-000402;MILHO ZEA MAYS L 1 SAFRA;;2026-2027|ES|MILHO ZEA MAYS L 1 SAFRA|2|;2026-2027;MILHO - Zea mays L. - (1° Safra);SEMENTES HORIZONTE LTDA;ZM6837VIP3;ES;2;
SISZARC-000403;ARROZ SEQUEIRO ORYZA SATIVA L;;2026-2027|MG|ARROZ SEQUEIRO ORYZA SATIVA L|0|;2026-2027;ARROZ SEQUEIRO - Oryza sativa L.;GENÉTICA CAMPO FORTE LTDA;AS6874PWU;MG;0;
SISZARC-000404;MILHO 2A SAFRA;;2026-2027|PI|MILHO 2A SAFRA|1|;2026-2027;Milho 2ª Safra;BRASIL CULTIVARES E BIOTECNOLOGIA LTDA;MS6911RR2;PI;1;
SISZARC-000405;FEIJAO 1A SAFRA;;2026-2027|RR|FEIJAO 1A SAFRA|2|;2026-2027;Feijão 1ª Safra;TECNOAGRO PESQUISA E DESENVOLVIMENTO LTDA;F16948CL;RR;2;
SISZARC-000406;MILHO ZEA MAYS L 2 SAFRA;;2026-2027|AC|MILHO ZEA MAYS L 2 SAFRA|0|;2026-2027;MILHO - Zea mays L. - (2° Safra);INSTITUTO NACIONAL DE CULTIVARES MOCK;ZS6985TG;AC;0;
SISZARC-000407;FEIJAO 2A SAFRA;;2026-2027|CE|FEIJAO 2A SAFRA|1|;2026-2027;Feijão 2ª Safra;CENTRO DE PESQUISA AGRÍCOLA SIMULADO;F27022MAX;CE;1;
SISZARC-000408;MILHO 2A SAFRA CONSORCIADO COM BRAQUIARIA;;2026-2027|MT|MILHO 2A SAFRA CONSORCIADO COM BRAQUIARIA|2|;2026-2027;Milho 2ª Safra consorciado com Braquiária;VALE VERDE SEMENTES E BIOTECNOLOGIA LTDA;MB7059PLUS;MT;2;
SISZARC-000409;TRIGO;MACRORREGIAO 4;2026-2027|PR|TRIGO|0|MACRORREGIAO 4;2026-2027;Trigo;NOVA SAFRA MELHORAMENTO VEGETAL S.A.;TR7096PRO4;PR;0;Macrorregião 4
SISZARC-000410;MILHO PRODUTIVIDADE 3000 KG HA;;2026-2027|RS|MILHO PRODUTIVIDADE 3000 KG HA|1|;2026-2027;Milho Produtividade 3000 Kg-Ha;COOPERATIVA EXPERIMENTAL DE SEMENTES;M37133VIP3;RS;1;
SISZARC-000411;GIRASSOL;;2026-2027|SE|GIRASSOL|2|;2026-2027;Girassol;AGRO CERRADO PESQUISA E SEMENTES LTDA;GI7170PWU;SE;2;
SISZARC-000412;MILHO PRODUTIVIDADE 4000 KG HA;;2026-2027|AM|MILHO PRODUTIVIDADE 4000 KG HA|0|;2026-2027;Milho Produtividade 4000 Kg-Ha;SEMENTES HORIZONTE LTDA;M47207RR2;AM;0;
SISZARC-000413;GIRASSOL HELIANTHUS ANNUUS L;;2026-2027|GO|GIRASSOL HELIANTHUS ANNUUS L|1|;2026-2027;GIRASSOL - Helianthus annuus L.;GENÉTICA CAMPO FORTE LTDA;GH7244CL;GO;1;
SISZARC-000414;MILHO PRODUTIVIDADE 5000 KG HA;;2026-2027|PA|MILHO PRODUTIVIDADE 5000 KG HA|2|;2026-2027;Milho Produtividade 5000 Kg-Ha;BRASIL CULTIVARES E BIOTECNOLOGIA LTDA;M57281TG;PA;2;
SISZARC-000415;AMENDOIM;;2026-2027|RJ|AMENDOIM|0|;2026-2027;Amendoim;TECNOAGRO PESQUISA E DESENVOLVIMENTO LTDA;AM7318MAX;RJ;0;
SISZARC-000416;MILHO PRODUTIVIDADE 6000 KG HA;;2026-2027|SC|MILHO PRODUTIVIDADE 6000 KG HA|1|;2026-2027;Milho Produtividade 6000 Kg-Ha;INSTITUTO NACIONAL DE CULTIVARES MOCK;M67355PLUS;SC;1;
SISZARC-000417;ALGODAO HERBACEO;;2026-2027|AL|ALGODAO HERBACEO|2|;2026-2027;Algodão Herbáceo;CENTRO DE PESQUISA AGRÍCOLA SIMULADO;AL7392PRO4;AL;2;
SISZARC-000418;MILHO PRODUTIVIDADE 7000 KG HA;;2026-2027|DF|MILHO PRODUTIVIDADE 7000 KG HA|0|;2026-2027;Milho Produtividade 7000 Kg-Ha;VALE VERDE SEMENTES E BIOTECNOLOGIA LTDA;M77429VIP3;DF;0;
SISZARC-000419;SORGO;;2026-2027|MS|SORGO|1|;2026-2027;Sorgo;NOVA SAFRA MELHORAMENTO VEGETAL S.A.;SO7466PWU;MS;1;
SISZARC-000420;SOJA;;2026-2027|PE|SOJA|2|;2026-2027;Soja;COOPERATIVA EXPERIMENTAL DE SEMENTES;SJ7503RR2;PE;2;
SISZARC-000421;MILHO 1A SAFRA;MACRORREGIAO 1;2026-2027|RO|MILHO 1A SAFRA|0|MACRORREGIAO 1;2026-2027;Milho 1ª Safra;AGRO CERRADO PESQUISA E SEMENTES LTDA;MX7540CL;RO;0;Macrorregião 1
SISZARC-000422;ARROZ IRRIGADO;;2026-2027|TO|ARROZ IRRIGADO|1|;2026-2027;Arroz Irrigado;SEMENTES HORIZONTE LTDA;AI7577TG;TO;1;
SISZARC-000423;MILHO ZEA MAYS L 1 SAFRA;;2026-2027|BA|MILHO ZEA MAYS L 1 SAFRA|2|;2026-2027;MILHO - Zea mays L. - (1° Safra);GENÉTICA CAMPO FORTE LTDA;ZM7614MAX;BA;2;
SISZARC-000424;ARROZ SEQUEIRO ORYZA SATIVA L;;2026-2027|MA|ARROZ SEQUEIRO ORYZA SATIVA L|0|;2026-2027;ARROZ SEQUEIRO - Oryza sativa L.;BRASIL CULTIVARES E BIOTECNOLOGIA LTDA;AS7651PLUS;MA;0;
SISZARC-000425;MILHO 2A SAFRA;;2026-2027|PB|MILHO 2A SAFRA|1|;2026-2027;Milho 2ª Safra;TECNOAGRO PESQUISA E DESENVOLVIMENTO LTDA;MS7688PRO4;PB;1;
SISZARC-000426;FEIJAO 1A SAFRA;;2026-2027|RN|FEIJAO 1A SAFRA|2|;2026-2027;Feijão 1ª Safra;INSTITUTO NACIONAL DE CULTIVARES MOCK;F17725VIP3;RN;2;
SISZARC-000427;MILHO ZEA MAYS L 2 SAFRA;;2026-2027|SP|MILHO ZEA MAYS L 2 SAFRA|0|;2026-2027;MILHO - Zea mays L. - (2° Safra);CENTRO DE PESQUISA AGRÍCOLA SIMULADO;ZS7762PWU;SP;0;
SISZARC-000428;FEIJAO 2A SAFRA;;2026-2027|AP|FEIJAO 2A SAFRA|1|;2026-2027;Feijão 2ª Safra;VALE VERDE SEMENTES E BIOTECNOLOGIA LTDA;F27799RR2;AP;1;
SISZARC-000429;MILHO 2A SAFRA CONSORCIADO COM BRAQUIARIA;;2026-2027|ES|MILHO 2A SAFRA CONSORCIADO COM BRAQUIARIA|2|;2026-2027;Milho 2ª Safra consorciado com Braquiária;NOVA SAFRA MELHORAMENTO VEGETAL S.A.;MB7836CL;ES;2;
SISZARC-000430;TRIGO;;2026-2027|MG|TRIGO|0|;2026-2027;Trigo;COOPERATIVA EXPERIMENTAL DE SEMENTES;TR7873TG;MG;0;
SISZARC-000431;MILHO PRODUTIVIDADE 3000 KG HA;;2026-2027|PI|MILHO PRODUTIVIDADE 3000 KG HA|1|;2026-2027;Milho Produtividade 3000 Kg-Ha;AGRO CERRADO PESQUISA E SEMENTES LTDA;M37910MAX;PI;1;
SISZARC-000432;GIRASSOL;;2026-2027|RR|GIRASSOL|2|;2026-2027;Girassol;SEMENTES HORIZONTE LTDA;GI7947PLUS;RR;2;
SISZARC-000433;MILHO PRODUTIVIDADE 4000 KG HA;MACRORREGIAO 3;2026-2027|AC|MILHO PRODUTIVIDADE 4000 KG HA|0|MACRORREGIAO 3;2026-2027;Milho Produtividade 4000 Kg-Ha;GENÉTICA CAMPO FORTE LTDA;M47984PRO4;AC;0;Macrorregião 3
SISZARC-000434;GIRASSOL HELIANTHUS ANNUUS L;;2026-2027|CE|GIRASSOL HELIANTHUS ANNUUS L|1|;2026-2027;GIRASSOL - Helianthus annuus L.;BRASIL CULTIVARES E BIOTECNOLOGIA LTDA;GH8021VIP3;CE;1;
SISZARC-000435;MILHO PRODUTIVIDADE 5000 KG HA;;2026-2027|MT|MILHO PRODUTIVIDADE 5000 KG HA|2|;2026-2027;Milho Produtividade 5000 Kg-Ha;TECNOAGRO PESQUISA E DESENVOLVIMENTO LTDA;M58058PWU;MT;2;
SISZARC-000436;AMENDOIM;;2026-2027|PR|AMENDOIM|0|;2026-2027;Amendoim;INSTITUTO NACIONAL DE CULTIVARES MOCK;AM8095RR2;PR;0;
SISZARC-000437;MILHO PRODUTIVIDADE 6000 KG HA;;2026-2027|RS|MILHO PRODUTIVIDADE 6000 KG HA|1|;2026-2027;Milho Produtividade 6000 Kg-Ha;CENTRO DE PESQUISA AGRÍCOLA SIMULADO;M68132CL;RS;1;
SISZARC-000438;ALGODAO HERBACEO;;2026-2027|SE|ALGODAO HERBACEO|2|;2026-2027;Algodão Herbáceo;VALE VERDE SEMENTES E BIOTECNOLOGIA LTDA;AL8169TG;SE;2;
SISZARC-000439;MILHO PRODUTIVIDADE 7000 KG HA;;2026-2027|AM|MILHO PRODUTIVIDADE 7000 KG HA|0|;2026-2027;Milho Produtividade 7000 Kg-Ha;NOVA SAFRA MELHORAMENTO VEGETAL S.A.;M78206MAX;AM;0;
SISZARC-000440;SORGO;;2026-2027|GO|SORGO|1|;2026-2027;Sorgo;COOPERATIVA EXPERIMENTAL DE SEMENTES;SO8243PLUS;GO;1;
SISZARC-000441;SOJA;;2026-2027|PA|SOJA|2|;2026-2027;Soja;AGRO CERRADO PESQUISA E SEMENTES LTDA;SJ8280PRO4;PA;2;
SISZARC-000442;MILHO 1A SAFRA;;2026-2027|RJ|MILHO 1A SAFRA|0|;2026-2027;Milho 1ª Safra;SEMENTES HORIZONTE LTDA;MX8317VIP3;RJ;0;
SISZARC-000443;ARROZ IRRIGADO;;2026-2027|SC|ARROZ IRRIGADO|1|;2026-2027;Arroz Irrigado;GENÉTICA CAMPO FORTE LTDA;AI8354PWU;SC;1;
SISZARC-000444;MILHO ZEA MAYS L 1 SAFRA;;2026-2027|AL|MILHO ZEA MAYS L 1 SAFRA|2|;2026-2027;MILHO - Zea mays L. - (1° Safra);BRASIL CULTIVARES E BIOTECNOLOGIA LTDA;ZM8391RR2;AL;2;
SISZARC-000445;ARROZ SEQUEIRO ORYZA SATIVA L;MACRORREGIAO 5;2026-2027|DF|ARROZ SEQUEIRO ORYZA SATIVA L|0|MACRORREGIAO 5;2026-2027;ARROZ SEQUEIRO - Oryza sativa L.;TECNOAGRO PESQUISA E DESENVOLVIMENTO LTDA;AS8428CL;DF;0;Macrorregião 5
SISZARC-000446;MILHO 2A SAFRA;;2026-2027|MS|MILHO 2A SAFRA|1|;2026-2027;Milho 2ª Safra;INSTITUTO NACIONAL DE CULTIVARES MOCK;MS8465TG;MS;1;
SISZARC-000447;FEIJAO 1A SAFRA;;2026-2027|PE|FEIJAO 1A SAFRA|2|;2026-2027;Feijão 1ª Safra;CENTRO DE PESQUISA AGRÍCOLA SIMULADO;F18502MAX;PE;2;
SISZARC-000448;MILHO ZEA MAYS L 2 SAFRA;;2026-2027|RO|MILHO ZEA MAYS L 2 SAFRA|0|;2026-2027;MILHO - Zea mays L. - (2° Safra);VALE VERDE SEMENTES E BIOTECNOLOGIA LTDA;ZS8539PLUS;RO;0;
SISZARC-000449;FEIJAO 2A SAFRA;;2026-2027|TO|FEIJAO 2A SAFRA|1|;2026-2027;Feijão 2ª Safra;NOVA SAFRA MELHORAMENTO VEGETAL S.A.;F28576PRO4;TO;1;
SISZARC-000450;MILHO 2A SAFRA CONSORCIADO COM BRAQUIARIA;;2026-2027|BA|MILHO 2A SAFRA CONSORCIADO COM BRAQUIARIA|2|;2026-2027;Milho 2ª Safra consorciado com Braquiária;COOPERATIVA EXPERIMENTAL DE SEMENTES;MB8613VIP3;BA;2;
SISZARC-000451;TRIGO;;2026-2027|MA|TRIGO|0|;2026-2027;Trigo;AGRO CERRADO PESQUISA E SEMENTES LTDA;TR8650PWU;MA;0;
SISZARC-000452;MILHO PRODUTIVIDADE 3000 KG HA;;2026-2027|PB|MILHO PRODUTIVIDADE 3000 KG HA|1|;2026-2027;Milho Produtividade 3000 Kg-Ha;SEMENTES HORIZONTE LTDA;M38687RR2;PB;1;
SISZARC-000453;GIRASSOL;;2026-2027|RN|GIRASSOL|2|;2026-2027;Girassol;GENÉTICA CAMPO FORTE LTDA;GI8724CL;RN;2;
SISZARC-000454;MILHO PRODUTIVIDADE 4000 KG HA;;2026-2027|SP|MILHO PRODUTIVIDADE 4000 KG HA|0|;2026-2027;Milho Produtividade 4000 Kg-Ha;BRASIL CULTIVARES E BIOTECNOLOGIA LTDA;M48761TG;SP;0;
SISZARC-000455;GIRASSOL HELIANTHUS ANNUUS L;;2026-2027|AP|GIRASSOL HELIANTHUS ANNUUS L|1|;2026-2027;GIRASSOL - Helianthus annuus L.;TECNOAGRO PESQUISA E DESENVOLVIMENTO LTDA;GH8798MAX;AP;1;
SISZARC-000456;MILHO PRODUTIVIDADE 5000 KG HA;;2026-2027|ES|MILHO PRODUTIVIDADE 5000 KG HA|2|;2026-2027;Milho Produtividade 5000 Kg-Ha;INSTITUTO NACIONAL DE CULTIVARES MOCK;M58835PLUS;ES;2;
SISZARC-000457;AMENDOIM;MACRORREGIAO 2;2026-2027|MG|AMENDOIM|0|MACRORREGIAO 2;2026-2027;Amendoim;CENTRO DE PESQUISA AGRÍCOLA SIMULADO;AM8872PRO4;MG;0;Macrorregião 2
SISZARC-000458;MILHO PRODUTIVIDADE 6000 KG HA;;2026-2027|PI|MILHO PRODUTIVIDADE 6000 KG HA|1|;2026-2027;Milho Produtividade 6000 Kg-Ha;VALE VERDE SEMENTES E BIOTECNOLOGIA LTDA;M68909VIP3;PI;1;
SISZARC-000459;ALGODAO HERBACEO;;2026-2027|RR|ALGODAO HERBACEO|2|;2026-2027;Algodão Herbáceo;NOVA SAFRA MELHORAMENTO VEGETAL S.A.;AL8946PWU;RR;2;
SISZARC-000460;MILHO PRODUTIVIDADE 7000 KG HA;;2026-2027|AC|MILHO PRODUTIVIDADE 7000 KG HA|0|;2026-2027;Milho Produtividade 7000 Kg-Ha;COOPERATIVA EXPERIMENTAL DE SEMENTES;M78983RR2;AC;0;
SISZARC-000461;SORGO;;2026-2027|CE|SORGO|1|;2026-2027;Sorgo;AGRO CERRADO PESQUISA E SEMENTES LTDA;SO9020CL;CE;1;
SISZARC-000462;SOJA;;2026-2027|MT|SOJA|2|;2026-2027;Soja;SEMENTES HORIZONTE LTDA;SJ9057TG;MT;2;
SISZARC-000463;MILHO 1A SAFRA;;2026-2027|PR|MILHO 1A SAFRA|0|;2026-2027;Milho 1ª Safra;GENÉTICA CAMPO FORTE LTDA;MX9094MAX;PR;0;
SISZARC-000464;ARROZ IRRIGADO;;2026-2027|RS|ARROZ IRRIGADO|1|;2026-2027;Arroz Irrigado;BRASIL CULTIVARES E BIOTECNOLOGIA LTDA;AI9131PLUS;RS;1;
SISZARC-000465;MILHO ZEA MAYS L 1 SAFRA;;2026-2027|SE|MILHO ZEA MAYS L 1 SAFRA|2|;2026-2027;MILHO - Zea mays L. - (1° Safra);TECNOAGRO PESQUISA E DESENVOLVIMENTO LTDA;ZM9168PRO4;SE;2;
SISZARC-000466;ARROZ SEQUEIRO ORYZA SATIVA L;;2026-2027|AM|ARROZ SEQUEIRO ORYZA SATIVA L|0|;2026-2027;ARROZ SEQUEIRO - Oryza sativa L.;INSTITUTO NACIONAL DE CULTIVARES MOCK;AS9205VIP3;AM;0;
SISZARC-000467;MILHO 2A SAFRA;;2026-2027|GO|MILHO 2A SAFRA|1|;2026-2027;Milho 2ª Safra;CENTRO DE PESQUISA AGRÍCOLA SIMULADO;MS9242PWU;GO;1;
SISZARC-000468;FEIJAO 1A SAFRA;;2026-2027|PA|FEIJAO 1A SAFRA|2|;2026-2027;Feijão 1ª Safra;VALE VERDE SEMENTES E BIOTECNOLOGIA LTDA;F19279RR2;PA;2;
SISZARC-000469;MILHO ZEA MAYS L 2 SAFRA;MACRORREGIAO 4;2026-2027|RJ|MILHO ZEA MAYS L 2 SAFRA|0|MACRORREGIAO 4;2026-2027;MILHO - Zea mays L. - (2° Safra);NOVA SAFRA MELHORAMENTO VEGETAL S.A.;ZS9316CL;RJ;0;Macrorregião 4
SISZARC-000470;FEIJAO 2A SAFRA;;2026-2027|SC|FEIJAO 2A SAFRA|1|;2026-2027;Feijão 2ª Safra;COOPERATIVA EXPERIMENTAL DE SEMENTES;F29353TG;SC;1;
SISZARC-000471;MILHO 2A SAFRA CONSORCIADO COM BRAQUIARIA;;2026-2027|AL|MILHO 2A SAFRA CONSORCIADO COM BRAQUIARIA|2|;2026-2027;Milho 2ª Safra consorciado com Braquiária;AGRO CERRADO PESQUISA E SEMENTES LTDA;MB9390MAX;AL;2;
SISZARC-000472;TRIGO;;2026-2027|DF|TRIGO|0|;2026-2027;Trigo;SEMENTES HORIZONTE LTDA;TR9427PLUS;DF;0;
SISZARC-000473;MILHO PRODUTIVIDADE 3000 KG HA;;2026-2027|MS|MILHO PRODUTIVIDADE 3000 KG HA|1|;2026-2027;Milho Produtividade 3000 Kg-Ha;GENÉTICA CAMPO FORTE LTDA;M39464PRO4;MS;1;
SISZARC-000474;GIRASSOL;;2026-2027|PE|GIRASSOL|2|;2026-2027;Girassol;BRASIL CULTIVARES E BIOTECNOLOGIA LTDA;GI9501VIP3;PE;2;
SISZARC-000475;MILHO PRODUTIVIDADE 4000 KG HA;;2026-2027|RO|MILHO PRODUTIVIDADE 4000 KG HA|0|;2026-2027;Milho Produtividade 4000 Kg-Ha;TECNOAGRO PESQUISA E DESENVOLVIMENTO LTDA;M49538PWU;RO;0;
SISZARC-000476;GIRASSOL HELIANTHUS ANNUUS L;;2026-2027|TO|GIRASSOL HELIANTHUS ANNUUS L|1|;2026-2027;GIRASSOL - Helianthus annuus L.;INSTITUTO NACIONAL DE CULTIVARES MOCK;GH9575RR2;TO;1;
SISZARC-000477;MILHO PRODUTIVIDADE 5000 KG HA;;2026-2027|BA|MILHO PRODUTIVIDADE 5000 KG HA|2|;2026-2027;Milho Produtividade 5000 Kg-Ha;CENTRO DE PESQUISA AGRÍCOLA SIMULADO;M59612CL;BA;2;
SISZARC-000478;AMENDOIM;;2026-2027|MA|AMENDOIM|0|;2026-2027;Amendoim;VALE VERDE SEMENTES E BIOTECNOLOGIA LTDA;AM9649TG;MA;0;
SISZARC-000479;MILHO PRODUTIVIDADE 6000 KG HA;;2026-2027|PB|MILHO PRODUTIVIDADE 6000 KG HA|1|;2026-2027;Milho Produtividade 6000 Kg-Ha;NOVA SAFRA MELHORAMENTO VEGETAL S.A.;M69686MAX;PB;1;
SISZARC-000480;ALGODAO HERBACEO;;2026-2027|RN|ALGODAO HERBACEO|2|;2026-2027;Algodão Herbáceo;COOPERATIVA EXPERIMENTAL DE SEMENTES;AL9723PLUS;RN;2;
SISZARC-000481;MILHO PRODUTIVIDADE 7000 KG HA;MACRORREGIAO 1;2026-2027|SP|MILHO PRODUTIVIDADE 7000 KG HA|0|MACRORREGIAO 1;2026-2027;Milho Produtividade 7000 Kg-Ha;AGRO CERRADO PESQUISA E SEMENTES LTDA;M79760PRO4;SP;0;Macrorregião 1
SISZARC-000482;SORGO;;2026-2027|AP|SORGO|1|;2026-2027;Sorgo;SEMENTES HORIZONTE LTDA;SO9797VIP3;AP;1;
SISZARC-000483;SOJA;;2026-2027|ES|SOJA|2|;2026-2027;Soja;GENÉTICA CAMPO FORTE LTDA;SJ9834PWU;ES;2;
SISZARC-000484;MILHO 1A SAFRA;;2026-2027|MG|MILHO 1A SAFRA|0|;2026-2027;Milho 1ª Safra;BRASIL CULTIVARES E BIOTECNOLOGIA LTDA;MX9871RR2;MG;0;
SISZARC-000485;ARROZ IRRIGADO;;2026-2027|PI|ARROZ IRRIGADO|1|;2026-2027;Arroz Irrigado;TECNOAGRO PESQUISA E DESENVOLVIMENTO LTDA;AI9908CL;PI;1;
SISZARC-000486;MILHO ZEA MAYS L 1 SAFRA;;2026-2027|RR|MILHO ZEA MAYS L 1 SAFRA|2|;2026-2027;MILHO - Zea mays L. - (1° Safra);INSTITUTO NACIONAL DE CULTIVARES MOCK;ZM9945TG;RR;2;
SISZARC-000487;ARROZ SEQUEIRO ORYZA SATIVA L;;2026-2027|AC|ARROZ SEQUEIRO ORYZA SATIVA L|0|;2026-2027;ARROZ SEQUEIRO - Oryza sativa L.;CENTRO DE PESQUISA AGRÍCOLA SIMULADO;AS9982MAX;AC;0;
SISZARC-000488;MILHO 2A SAFRA;;2026-2027|CE|MILHO 2A SAFRA|1|;2026-2027;Milho 2ª Safra;VALE VERDE SEMENTES E BIOTECNOLOGIA LTDA;MS1019PLUS;CE;1;
SISZARC-000489;FEIJAO 1A SAFRA;;2026-2027|MT|FEIJAO 1A SAFRA|2|;2026-2027;Feijão 1ª Safra;NOVA SAFRA MELHORAMENTO VEGETAL S.A.;F11056PRO4;MT;2;
SISZARC-000490;MILHO ZEA MAYS L 2 SAFRA;;2026-2027|PR|MILHO ZEA MAYS L 2 SAFRA|0|;2026-2027;MILHO - Zea mays L. - (2° Safra);COOPERATIVA EXPERIMENTAL DE SEMENTES;ZS1093VIP3;PR;0;
SISZARC-000491;FEIJAO 2A SAFRA;;2026-2027|RS|FEIJAO 2A SAFRA|1|;2026-2027;Feijão 2ª Safra;AGRO CERRADO PESQUISA E SEMENTES LTDA;F21130PWU;RS;1;
SISZARC-000492;MILHO 2A SAFRA CONSORCIADO COM BRAQUIARIA;;2026-2027|SE|MILHO 2A SAFRA CONSORCIADO COM BRAQUIARIA|2|;2026-2027;Milho 2ª Safra consorciado com Braquiária;SEMENTES HORIZONTE LTDA;MB1167RR2;SE;2;
SISZARC-000493;TRIGO;MACRORREGIAO 3;2026-2027|AM|TRIGO|0|MACRORREGIAO 3;2026-2027;Trigo;GENÉTICA CAMPO FORTE LTDA;TR1204CL;AM;0;Macrorregião 3
SISZARC-000494;MILHO PRODUTIVIDADE 3000 KG HA;;2026-2027|GO|MILHO PRODUTIVIDADE 3000 KG HA|1|;2026-2027;Milho Produtividade 3000 Kg-Ha;BRASIL CULTIVARES E BIOTECNOLOGIA LTDA;M31241TG;GO;1;
SISZARC-000495;GIRASSOL;;2026-2027|PA|GIRASSOL|2|;2026-2027;Girassol;TECNOAGRO PESQUISA E DESENVOLVIMENTO LTDA;GI1278MAX;PA;2;
SISZARC-000496;MILHO PRODUTIVIDADE 4000 KG HA;;2026-2027|RJ|MILHO PRODUTIVIDADE 4000 KG HA|0|;2026-2027;Milho Produtividade 4000 Kg-Ha;INSTITUTO NACIONAL DE CULTIVARES MOCK;M41315PLUS;RJ;0;
SISZARC-000497;GIRASSOL HELIANTHUS ANNUUS L;;2026-2027|SC|GIRASSOL HELIANTHUS ANNUUS L|1|;2026-2027;GIRASSOL - Helianthus annuus L.;CENTRO DE PESQUISA AGRÍCOLA SIMULADO;GH1352PRO4;SC;1;
SISZARC-000498;MILHO PRODUTIVIDADE 5000 KG HA;;2026-2027|AL|MILHO PRODUTIVIDADE 5000 KG HA|2|;2026-2027;Milho Produtividade 5000 Kg-Ha;VALE VERDE SEMENTES E BIOTECNOLOGIA LTDA;M51389VIP3;AL;2;
SISZARC-000499;AMENDOIM;;2026-2027|DF|AMENDOIM|0|;2026-2027;Amendoim;NOVA SAFRA MELHORAMENTO VEGETAL S.A.;AM1426PWU;DF;0;
SISZARC-000500;MILHO PRODUTIVIDADE 6000 KG HA;;2026-2027|MS|MILHO PRODUTIVIDADE 6000 KG HA|1|;2026-2027;Milho Produtividade 6000 Kg-Ha;COOPERATIVA EXPERIMENTAL DE SEMENTES;M61463RR2;MS;1;
SISZARC-000501;ALGODAO HERBACEO;;2026-2027|PE|ALGODAO HERBACEO|2|;2026-2027;Algodão Herbáceo;AGRO CERRADO PESQUISA E SEMENTES LTDA;AL1500CL;PE;2;
SISZARC-000502;MILHO PRODUTIVIDADE 7000 KG HA;;2026-2027|RO|MILHO PRODUTIVIDADE 7000 KG HA|0|;2026-2027;Milho Produtividade 7000 Kg-Ha;SEMENTES HORIZONTE LTDA;M71537TG;RO;0;
SISZARC-000503;SORGO;;2026-2027|TO|SORGO|1|;2026-2027;Sorgo;GENÉTICA CAMPO FORTE LTDA;SO1574MAX;TO;1;
SISZARC-000504;SOJA;;2026-2027|BA|SOJA|2|;2026-2027;Soja;BRASIL CULTIVARES E BIOTECNOLOGIA LTDA;SJ1611PLUS;BA;2;
SISZARC-000505;MILHO 1A SAFRA;MACRORREGIAO 5;2026-2027|MA|MILHO 1A SAFRA|0|MACRORREGIAO 5;2026-2027;Milho 1ª Safra;TECNOAGRO PESQUISA E DESENVOLVIMENTO LTDA;MX1648PRO4;MA;0;Macrorregião 5
SISZARC-000506;ARROZ IRRIGADO;;2026-2027|PB|ARROZ IRRIGADO|1|;2026-2027;Arroz Irrigado;INSTITUTO NACIONAL DE CULTIVARES MOCK;AI1685VIP3;PB;1;
SISZARC-000507;MILHO ZEA MAYS L 1 SAFRA;;2026-2027|RN|MILHO ZEA MAYS L 1 SAFRA|2|;2026-2027;MILHO - Zea mays L. - (1° Safra);CENTRO DE PESQUISA AGRÍCOLA SIMULADO;ZM1722PWU;RN;2;
SISZARC-000508;ARROZ SEQUEIRO ORYZA SATIVA L;;2026-2027|SP|ARROZ SEQUEIRO ORYZA SATIVA L|0|;2026-2027;ARROZ SEQUEIRO - Oryza sativa L.;VALE VERDE SEMENTES E BIOTECNOLOGIA LTDA;AS1759RR2;SP;0;
SISZARC-000509;MILHO 2A SAFRA;;2026-2027|AP|MILHO 2A SAFRA|1|;2026-2027;Milho 2ª Safra;NOVA SAFRA MELHORAMENTO VEGETAL S.A.;MS1796CL;AP;1;
SISZARC-000510;FEIJAO 1A SAFRA;;2026-2027|ES|FEIJAO 1A SAFRA|2|;2026-2027;Feijão 1ª Safra;COOPERATIVA EXPERIMENTAL DE SEMENTES;F11833TG;ES;2;
SISZARC-000511;MILHO ZEA MAYS L 2 SAFRA;;2026-2027|MG|MILHO ZEA MAYS L 2 SAFRA|0|;2026-2027;MILHO - Zea mays L. - (2° Safra);AGRO CERRADO PESQUISA E SEMENTES LTDA;ZS1870MAX;MG;0;
SISZARC-000512;FEIJAO 2A SAFRA;;2026-2027|PI|FEIJAO 2A SAFRA|1|;2026-2027;Feijão 2ª Safra;SEMENTES HORIZONTE LTDA;F21907PLUS;PI;1;
SISZARC-000513;MILHO 2A SAFRA CONSORCIADO COM BRAQUIARIA;;2026-2027|RR|MILHO 2A SAFRA CONSORCIADO COM BRAQUIARIA|2|;2026-2027;Milho 2ª Safra consorciado com Braquiária;GENÉTICA CAMPO FORTE LTDA;MB1944PRO4;RR;2;
SISZARC-000514;TRIGO;;2026-2027|AC|TRIGO|0|;2026-2027;Trigo;BRASIL CULTIVARES E BIOTECNOLOGIA LTDA;TR1981VIP3;AC;0;
SISZARC-000515;MILHO PRODUTIVIDADE 3000 KG HA;;2026-2027|CE|MILHO PRODUTIVIDADE 3000 KG HA|1|;2026-2027;Milho Produtividade 3000 Kg-Ha;TECNOAGRO PESQUISA E DESENVOLVIMENTO LTDA;M32018PWU;CE;1;
SISZARC-000516;GIRASSOL;;2026-2027|MT|GIRASSOL|2|;2026-2027;Girassol;INSTITUTO NACIONAL DE CULTIVARES MOCK;GI2055RR2;MT;2;
SISZARC-000517;MILHO PRODUTIVIDADE 4000 KG HA;MACRORREGIAO 2;2026-2027|PR|MILHO PRODUTIVIDADE 4000 KG HA|0|MACRORREGIAO 2;2026-2027;Milho Produtividade 4000 Kg-Ha;CENTRO DE PESQUISA AGRÍCOLA SIMULADO;M42092CL;PR;0;Macrorregião 2
SISZARC-000518;GIRASSOL HELIANTHUS ANNUUS L;;2026-2027|RS|GIRASSOL HELIANTHUS ANNUUS L|1|;2026-2027;GIRASSOL - Helianthus annuus L.;VALE VERDE SEMENTES E BIOTECNOLOGIA LTDA;GH2129TG;RS;1;
SISZARC-000519;MILHO PRODUTIVIDADE 5000 KG HA;;2026-2027|SE|MILHO PRODUTIVIDADE 5000 KG HA|2|;2026-2027;Milho Produtividade 5000 Kg-Ha;NOVA SAFRA MELHORAMENTO VEGETAL S.A.;M52166MAX;SE;2;
SISZARC-000520;AMENDOIM;;2026-2027|AM|AMENDOIM|0|;2026-2027;Amendoim;COOPERATIVA EXPERIMENTAL DE SEMENTES;AM2203PLUS;AM;0;
SISZARC-000521;MILHO PRODUTIVIDADE 6000 KG HA;;2026-2027|GO|MILHO PRODUTIVIDADE 6000 KG HA|1|;2026-2027;Milho Produtividade 6000 Kg-Ha;AGRO CERRADO PESQUISA E SEMENTES LTDA;M62240PRO4;GO;1;
SISZARC-000522;ALGODAO HERBACEO;;2026-2027|PA|ALGODAO HERBACEO|2|;2026-2027;Algodão Herbáceo;SEMENTES HORIZONTE LTDA;AL2277VIP3;PA;2;
SISZARC-000523;MILHO PRODUTIVIDADE 7000 KG HA;;2026-2027|RJ|MILHO PRODUTIVIDADE 7000 KG HA|0|;2026-2027;Milho Produtividade 7000 Kg-Ha;GENÉTICA CAMPO FORTE LTDA;M72314PWU;RJ;0;
SISZARC-000524;SORGO;;2026-2027|SC|SORGO|1|;2026-2027;Sorgo;BRASIL CULTIVARES E BIOTECNOLOGIA LTDA;SO2351RR2;SC;1;
SISZARC-000525;SOJA;;2026-2027|AL|SOJA|2|;2026-2027;Soja;TECNOAGRO PESQUISA E DESENVOLVIMENTO LTDA;SJ2388CL;AL;2;
SISZARC-000526;MILHO 1A SAFRA;;2026-2027|DF|MILHO 1A SAFRA|0|;2026-2027;Milho 1ª Safra;INSTITUTO NACIONAL DE CULTIVARES MOCK;MX2425TG;DF;0;
SISZARC-000527;ARROZ IRRIGADO;;2026-2027|MS|ARROZ IRRIGADO|1|;2026-2027;Arroz Irrigado;CENTRO DE PESQUISA AGRÍCOLA SIMULADO;AI2462MAX;MS;1;
SISZARC-000528;MILHO ZEA MAYS L 1 SAFRA;;2026-2027|PE|MILHO ZEA MAYS L 1 SAFRA|2|;2026-2027;MILHO - Zea mays L. - (1° Safra);VALE VERDE SEMENTES E BIOTECNOLOGIA LTDA;ZM2499PLUS;PE;2;
SISZARC-000529;ARROZ SEQUEIRO ORYZA SATIVA L;MACRORREGIAO 4;2026-2027|RO|ARROZ SEQUEIRO ORYZA SATIVA L|0|MACRORREGIAO 4;2026-2027;ARROZ SEQUEIRO - Oryza sativa L.;NOVA SAFRA MELHORAMENTO VEGETAL S.A.;AS2536PRO4;RO;0;Macrorregião 4
SISZARC-000530;MILHO 2A SAFRA;;2026-2027|TO|MILHO 2A SAFRA|1|;2026-2027;Milho 2ª Safra;COOPERATIVA EXPERIMENTAL DE SEMENTES;MS2573VIP3;TO;1;
SISZARC-000531;FEIJAO 1A SAFRA;;2026-2027|BA|FEIJAO 1A SAFRA|2|;2026-2027;Feijão 1ª Safra;AGRO CERRADO PESQUISA E SEMENTES LTDA;F12610PWU;BA;2;
SISZARC-000532;MILHO ZEA MAYS L 2 SAFRA;;2026-2027|MA|MILHO ZEA MAYS L 2 SAFRA|0|;2026-2027;MILHO - Zea mays L. - (2° Safra);SEMENTES HORIZONTE LTDA;ZS2647RR2;MA;0;
SISZARC-000533;FEIJAO 2A SAFRA;;2026-2027|PB|FEIJAO 2A SAFRA|1|;2026-2027;Feijão 2ª Safra;GENÉTICA CAMPO FORTE LTDA;F22684CL;PB;1;
SISZARC-000534;MILHO 2A SAFRA CONSORCIADO COM BRAQUIARIA;;2026-2027|RN|MILHO 2A SAFRA CONSORCIADO COM BRAQUIARIA|2|;2026-2027;Milho 2ª Safra consorciado com Braquiária;BRASIL CULTIVARES E BIOTECNOLOGIA LTDA;MB2721TG;RN;2;
SISZARC-000535;TRIGO;;2026-2027|SP|TRIGO|0|;2026-2027;Trigo;TECNOAGRO PESQUISA E DESENVOLVIMENTO LTDA;TR2758MAX;SP;0;
SISZARC-000536;MILHO PRODUTIVIDADE 3000 KG HA;;2026-2027|AP|MILHO PRODUTIVIDADE 3000 KG HA|1|;2026-2027;Milho Produtividade 3000 Kg-Ha;INSTITUTO NACIONAL DE CULTIVARES MOCK;M32795PLUS;AP;1;
SISZARC-000537;GIRASSOL;;2026-2027|ES|GIRASSOL|2|;2026-2027;Girassol;CENTRO DE PESQUISA AGRÍCOLA SIMULADO;GI2832PRO4;ES;2;
SISZARC-000538;MILHO PRODUTIVIDADE 4000 KG HA;;2026-2027|MG|MILHO PRODUTIVIDADE 4000 KG HA|0|;2026-2027;Milho Produtividade 4000 Kg-Ha;VALE VERDE SEMENTES E BIOTECNOLOGIA LTDA;M42869VIP3;MG;0;
SISZARC-000539;GIRASSOL HELIANTHUS ANNUUS L;;2026-2027|PI|GIRASSOL HELIANTHUS ANNUUS L|1|;2026-2027;GIRASSOL - Helianthus annuus L.;NOVA SAFRA MELHORAMENTO VEGETAL S.A.;GH2906PWU;PI;1;
SISZARC-000540;MILHO PRODUTIVIDADE 5000 KG HA;;2026-2027|RR|MILHO PRODUTIVIDADE 5000 KG HA|2|;2026-2027;Milho Produtividade 5000 Kg-Ha;COOPERATIVA EXPERIMENTAL DE SEMENTES;M52943RR2;RR;2;
SISZARC-000541;AMENDOIM;MACRORREGIAO 1;2026-2027|AC|AMENDOIM|0|MACRORREGIAO 1;2026-2027;Amendoim;AGRO CERRADO PESQUISA E SEMENTES LTDA;AM2980CL;AC;0;Macrorregião 1
SISZARC-000542;MILHO PRODUTIVIDADE 6000 KG HA;;2026-2027|CE|MILHO PRODUTIVIDADE 6000 KG HA|1|;2026-2027;Milho Produtividade 6000 Kg-Ha;SEMENTES HORIZONTE LTDA;M63017TG;CE;1;
SISZARC-000543;ALGODAO HERBACEO;;2026-2027|MT|ALGODAO HERBACEO|2|;2026-2027;Algodão Herbáceo;GENÉTICA CAMPO FORTE LTDA;AL3054MAX;MT;2;
SISZARC-000544;MILHO PRODUTIVIDADE 7000 KG HA;;2026-2027|PR|MILHO PRODUTIVIDADE 7000 KG HA|0|;2026-2027;Milho Produtividade 7000 Kg-Ha;BRASIL CULTIVARES E BIOTECNOLOGIA LTDA;M73091PLUS;PR;0;
SISZARC-000545;SORGO;;2026-2027|RS|SORGO|1|;2026-2027;Sorgo;TECNOAGRO PESQUISA E DESENVOLVIMENTO LTDA;SO3128PRO4;RS;1;
SISZARC-000546;SOJA;;2026-2027|SE|SOJA|2|;2026-2027;Soja;INSTITUTO NACIONAL DE CULTIVARES MOCK;SJ3165VIP3;SE;2;
SISZARC-000547;MILHO 1A SAFRA;;2026-2027|AM|MILHO 1A SAFRA|0|;2026-2027;Milho 1ª Safra;CENTRO DE PESQUISA AGRÍCOLA SIMULADO;MX3202PWU;AM;0;
SISZARC-000548;ARROZ IRRIGADO;;2026-2027|GO|ARROZ IRRIGADO|1|;2026-2027;Arroz Irrigado;VALE VERDE SEMENTES E BIOTECNOLOGIA LTDA;AI3239RR2;GO;1;
SISZARC-000549;MILHO ZEA MAYS L 1 SAFRA;;2026-2027|PA|MILHO ZEA MAYS L 1 SAFRA|2|;2026-2027;MILHO - Zea mays L. - (1° Safra);NOVA SAFRA MELHORAMENTO VEGETAL S.A.;ZM3276CL;PA;2;
SISZARC-000550;ARROZ SEQUEIRO ORYZA SATIVA L;;2026-2027|RJ|ARROZ SEQUEIRO ORYZA SATIVA L|0|;2026-2027;ARROZ SEQUEIRO - Oryza sativa L.;COOPERATIVA EXPERIMENTAL DE SEMENTES;AS3313TG;RJ;0;
SISZARC-000551;MILHO 2A SAFRA;;2026-2027|SC|MILHO 2A SAFRA|1|;2026-2027;Milho 2ª Safra;AGRO CERRADO PESQUISA E SEMENTES LTDA;MS3350MAX;SC;1;
SISZARC-000552;FEIJAO 1A SAFRA;;2026-2027|AL|FEIJAO 1A SAFRA|2|;2026-2027;Feijão 1ª Safra;SEMENTES HORIZONTE LTDA;F13387PLUS;AL;2;
SISZARC-000553;MILHO ZEA MAYS L 2 SAFRA;MACRORREGIAO 3;2026-2027|DF|MILHO ZEA MAYS L 2 SAFRA|0|MACRORREGIAO 3;2026-2027;MILHO - Zea mays L. - (2° Safra);GENÉTICA CAMPO FORTE LTDA;ZS3424PRO4;DF;0;Macrorregião 3
SISZARC-000554;FEIJAO 2A SAFRA;;2026-2027|MS|FEIJAO 2A SAFRA|1|;2026-2027;Feijão 2ª Safra;BRASIL CULTIVARES E BIOTECNOLOGIA LTDA;F23461VIP3;MS;1;
SISZARC-000555;MILHO 2A SAFRA CONSORCIADO COM BRAQUIARIA;;2026-2027|PE|MILHO 2A SAFRA CONSORCIADO COM BRAQUIARIA|2|;2026-2027;Milho 2ª Safra consorciado com Braquiária;TECNOAGRO PESQUISA E DESENVOLVIMENTO LTDA;MB3498PWU;PE;2;
SISZARC-000556;TRIGO;;2026-2027|RO|TRIGO|0|;2026-2027;Trigo;INSTITUTO NACIONAL DE CULTIVARES MOCK;TR3535RR2;RO;0;
SISZARC-000557;MILHO PRODUTIVIDADE 3000 KG HA;;2026-2027|TO|MILHO PRODUTIVIDADE 3000 KG HA|1|;2026-2027;Milho Produtividade 3000 Kg-Ha;CENTRO DE PESQUISA AGRÍCOLA SIMULADO;M33572CL;TO;1;
SISZARC-000558;GIRASSOL;;2026-2027|BA|GIRASSOL|2|;2026-2027;Girassol;VALE VERDE SEMENTES E BIOTECNOLOGIA LTDA;GI3609TG;BA;2;
SISZARC-000559;MILHO PRODUTIVIDADE 4000 KG HA;;2026-2027|MA|MILHO PRODUTIVIDADE 4000 KG HA|0|;2026-2027;Milho Produtividade 4000 Kg-Ha;NOVA SAFRA MELHORAMENTO VEGETAL S.A.;M43646MAX;MA;0;
SISZARC-000560;GIRASSOL HELIANTHUS ANNUUS L;;2026-2027|PB|GIRASSOL HELIANTHUS ANNUUS L|1|;2026-2027;GIRASSOL - Helianthus annuus L.;COOPERATIVA EXPERIMENTAL DE SEMENTES;GH3683PLUS;PB;1;
SISZARC-000561;MILHO PRODUTIVIDADE 5000 KG HA;;2026-2027|RN|MILHO PRODUTIVIDADE 5000 KG HA|2|;2026-2027;Milho Produtividade 5000 Kg-Ha;AGRO CERRADO PESQUISA E SEMENTES LTDA;M53720PRO4;RN;2;
SISZARC-000562;AMENDOIM;;2026-2027|SP|AMENDOIM|0|;2026-2027;Amendoim;SEMENTES HORIZONTE LTDA;AM3757VIP3;SP;0;
SISZARC-000563;MILHO PRODUTIVIDADE 6000 KG HA;;2026-2027|AP|MILHO PRODUTIVIDADE 6000 KG HA|1|;2026-2027;Milho Produtividade 6000 Kg-Ha;GENÉTICA CAMPO FORTE LTDA;M63794PWU;AP;1;
SISZARC-000564;ALGODAO HERBACEO;;2026-2027|ES|ALGODAO HERBACEO|2|;2026-2027;Algodão Herbáceo;BRASIL CULTIVARES E BIOTECNOLOGIA LTDA;AL3831RR2;ES;2;
SISZARC-000565;MILHO PRODUTIVIDADE 7000 KG HA;MACRORREGIAO 5;2026-2027|MG|MILHO PRODUTIVIDADE 7000 KG HA|0|MACRORREGIAO 5;2026-2027;Milho Produtividade 7000 Kg-Ha;TECNOAGRO PESQUISA E DESENVOLVIMENTO LTDA;M73868CL;MG;0;Macrorregião 5
SISZARC-000566;SORGO;;2026-2027|PI|SORGO|1|;2026-2027;Sorgo;INSTITUTO NACIONAL DE CULTIVARES MOCK;SO3905TG;PI;1;
SISZARC-000567;SOJA;;2026-2027|RR|SOJA|2|;2026-2027;Soja;CENTRO DE PESQUISA AGRÍCOLA SIMULADO;SJ3942MAX;RR;2;
SISZARC-000568;MILHO 1A SAFRA;;2026-2027|AC|MILHO 1A SAFRA|0|;2026-2027;Milho 1ª Safra;VALE VERDE SEMENTES E BIOTECNOLOGIA LTDA;MX3979PLUS;AC;0;
SISZARC-000569;ARROZ IRRIGADO;;2026-2027|CE|ARROZ IRRIGADO|1|;2026-2027;Arroz Irrigado;NOVA SAFRA MELHORAMENTO VEGETAL S.A.;AI4016PRO4;CE;1;
SISZARC-000570;MILHO ZEA MAYS L 1 SAFRA;;2026-2027|MT|MILHO ZEA MAYS L 1 SAFRA|2|;2026-2027;MILHO - Zea mays L. - (1° Safra);COOPERATIVA EXPERIMENTAL DE SEMENTES;ZM4053VIP3;MT;2;
SISZARC-000571;ARROZ SEQUEIRO ORYZA SATIVA L;;2026-2027|PR|ARROZ SEQUEIRO ORYZA SATIVA L|0|;2026-2027;ARROZ SEQUEIRO - Oryza sativa L.;AGRO CERRADO PESQUISA E SEMENTES LTDA;AS4090PWU;PR;0;
SISZARC-000572;MILHO 2A SAFRA;;2026-2027|RS|MILHO 2A SAFRA|1|;2026-2027;Milho 2ª Safra;SEMENTES HORIZONTE LTDA;MS4127RR2;RS;1;
SISZARC-000573;FEIJAO 1A SAFRA;;2026-2027|SE|FEIJAO 1A SAFRA|2|;2026-2027;Feijão 1ª Safra;GENÉTICA CAMPO FORTE LTDA;F14164CL;SE;2;
SISZARC-000574;MILHO ZEA MAYS L 2 SAFRA;;2026-2027|AM|MILHO ZEA MAYS L 2 SAFRA|0|;2026-2027;MILHO - Zea mays L. - (2° Safra);BRASIL CULTIVARES E BIOTECNOLOGIA LTDA;ZS4201TG;AM;0;
SISZARC-000575;FEIJAO 2A SAFRA;;2026-2027|GO|FEIJAO 2A SAFRA|1|;2026-2027;Feijão 2ª Safra;TECNOAGRO PESQUISA E DESENVOLVIMENTO LTDA;F24238MAX;GO;1;
SISZARC-000576;MILHO 2A SAFRA CONSORCIADO COM BRAQUIARIA;;2026-2027|PA|MILHO 2A SAFRA CONSORCIADO COM BRAQUIARIA|2|;2026-2027;Milho 2ª Safra consorciado com Braquiária;INSTITUTO NACIONAL DE CULTIVARES MOCK;MB4275PLUS;PA;2;
SISZARC-000577;TRIGO;MACRORREGIAO 2;2026-2027|RJ|TRIGO|0|MACRORREGIAO 2;2026-2027;Trigo;CENTRO DE PESQUISA AGRÍCOLA SIMULADO;TR4312PRO4;RJ;0;Macrorregião 2
SISZARC-000578;MILHO PRODUTIVIDADE 3000 KG HA;;2026-2027|SC|MILHO PRODUTIVIDADE 3000 KG HA|1|;2026-2027;Milho Produtividade 3000 Kg-Ha;VALE VERDE SEMENTES E BIOTECNOLOGIA LTDA;M34349VIP3;SC;1;
SISZARC-000579;GIRASSOL;;2026-2027|AL|GIRASSOL|2|;2026-2027;Girassol;NOVA SAFRA MELHORAMENTO VEGETAL S.A.;GI4386PWU;AL;2;
SISZARC-000580;MILHO PRODUTIVIDADE 4000 KG HA;;2026-2027|DF|MILHO PRODUTIVIDADE 4000 KG HA|0|;2026-2027;Milho Produtividade 4000 Kg-Ha;COOPERATIVA EXPERIMENTAL DE SEMENTES;M44423RR2;DF;0;
SISZARC-000581;GIRASSOL HELIANTHUS ANNUUS L;;2026-2027|MS|GIRASSOL HELIANTHUS ANNUUS L|1|;2026-2027;GIRASSOL - Helianthus annuus L.;AGRO CERRADO PESQUISA E SEMENTES LTDA;GH4460CL;MS;1;
SISZARC-000582;MILHO PRODUTIVIDADE 5000 KG HA;;2026-2027|PE|MILHO PRODUTIVIDADE 5000 KG HA|2|;2026-2027;Milho Produtividade 5000 Kg-Ha;SEMENTES HORIZONTE LTDA;M54497TG;PE;2;
SISZARC-000583;AMENDOIM;;2026-2027|RO|AMENDOIM|0|;2026-2027;Amendoim;GENÉTICA CAMPO FORTE LTDA;AM4534MAX;RO;0;
SISZARC-000584;MILHO PRODUTIVIDADE 6000 KG HA;;2026-2027|TO|MILHO PRODUTIVIDADE 6000 KG HA|1|;2026-2027;Milho Produtividade 6000 Kg-Ha;BRASIL CULTIVARES E BIOTECNOLOGIA LTDA;M64571PLUS;TO;1;
SISZARC-000585;ALGODAO HERBACEO;;2026-2027|BA|ALGODAO HERBACEO|2|;2026-2027;Algodão Herbáceo;TECNOAGRO PESQUISA E DESENVOLVIMENTO LTDA;AL4608PRO4;BA;2;
SISZARC-000586;MILHO PRODUTIVIDADE 7000 KG HA;;2026-2027|MA|MILHO PRODUTIVIDADE 7000 KG HA|0|;2026-2027;Milho Produtividade 7000 Kg-Ha;INSTITUTO NACIONAL DE CULTIVARES MOCK;M74645VIP3;MA;0;
SISZARC-000587;SORGO;;2026-2027|PB|SORGO|1|;2026-2027;Sorgo;CENTRO DE PESQUISA AGRÍCOLA SIMULADO;SO4682PWU;PB;1;
SISZARC-000588;SOJA;;2026-2027|RN|SOJA|2|;2026-2027;Soja;VALE VERDE SEMENTES E BIOTECNOLOGIA LTDA;SJ4719RR2;RN;2;
SISZARC-000589;MILHO 1A SAFRA;MACRORREGIAO 4;2026-2027|SP|MILHO 1A SAFRA|0|MACRORREGIAO 4;2026-2027;Milho 1ª Safra;NOVA SAFRA MELHORAMENTO VEGETAL S.A.;MX4756CL;SP;0;Macrorregião 4
SISZARC-000590;ARROZ IRRIGADO;;2026-2027|AP|ARROZ IRRIGADO|1|;2026-2027;Arroz Irrigado;COOPERATIVA EXPERIMENTAL DE SEMENTES;AI4793TG;AP;1;
SISZARC-000591;MILHO ZEA MAYS L 1 SAFRA;;2026-2027|ES|MILHO ZEA MAYS L 1 SAFRA|2|;2026-2027;MILHO - Zea mays L. - (1° Safra);AGRO CERRADO PESQUISA E SEMENTES LTDA;ZM4830MAX;ES;2;
SISZARC-000592;ARROZ SEQUEIRO ORYZA SATIVA L;;2026-2027|MG|ARROZ SEQUEIRO ORYZA SATIVA L|0|;2026-2027;ARROZ SEQUEIRO - Oryza sativa L.;SEMENTES HORIZONTE LTDA;AS4867PLUS;MG;0;
SISZARC-000593;MILHO 2A SAFRA;;2026-2027|PI|MILHO 2A SAFRA|1|;2026-2027;Milho 2ª Safra;GENÉTICA CAMPO FORTE LTDA;MS4904PRO4;PI;1;
SISZARC-000594;FEIJAO 1A SAFRA;;2026-2027|RR|FEIJAO 1A SAFRA|2|;2026-2027;Feijão 1ª Safra;BRASIL CULTIVARES E BIOTECNOLOGIA LTDA;F14941VIP3;RR;2;
SISZARC-000595;MILHO ZEA MAYS L 2 SAFRA;;2026-2027|AC|MILHO ZEA MAYS L 2 SAFRA|0|;2026-2027;MILHO - Zea mays L. - (2° Safra);TECNOAGRO PESQUISA E DESENVOLVIMENTO LTDA;ZS4978PWU;AC;0;
SISZARC-000596;FEIJAO 2A SAFRA;;2026-2027|CE|FEIJAO 2A SAFRA|1|;2026-2027;Feijão 2ª Safra;INSTITUTO NACIONAL DE CULTIVARES MOCK;F25015RR2;CE;1;
SISZARC-000597;MILHO 2A SAFRA CONSORCIADO COM BRAQUIARIA;;2026-2027|MT|MILHO 2A SAFRA CONSORCIADO COM BRAQUIARIA|2|;2026-2027;Milho 2ª Safra consorciado com Braquiária;CENTRO DE PESQUISA AGRÍCOLA SIMULADO;MB5052CL;MT;2;
SISZARC-000598;TRIGO;;2026-2027|PR|TRIGO|0|;2026-2027;Trigo;VALE VERDE SEMENTES E BIOTECNOLOGIA LTDA;TR5089TG;PR;0;
SISZARC-000599;MILHO PRODUTIVIDADE 3000 KG HA;;2026-2027|RS|MILHO PRODUTIVIDADE 3000 KG HA|1|;2026-2027;Milho Produtividade 3000 Kg-Ha;NOVA SAFRA MELHORAMENTO VEGETAL S.A.;M35126MAX;RS;1;
SISZARC-000600;GIRASSOL;;2026-2027|SE|GIRASSOL|2|;2026-2027;Girassol;COOPERATIVA EXPERIMENTAL DE SEMENTES;GI5163PLUS;SE;2;
SISZARC-000601;MILHO PRODUTIVIDADE 4000 KG HA;MACRORREGIAO 1;2026-2027|AM|MILHO PRODUTIVIDADE 4000 KG HA|0|MACRORREGIAO 1;2026-2027;Milho Produtividade 4000 Kg-Ha;AGRO CERRADO PESQUISA E SEMENTES LTDA;M45200PRO4;AM;0;Macrorregião 1
SISZARC-000602;GIRASSOL HELIANTHUS ANNUUS L;;2026-2027|GO|GIRASSOL HELIANTHUS ANNUUS L|1|;2026-2027;GIRASSOL - Helianthus annuus L.;SEMENTES HORIZONTE LTDA;GH5237VIP3;GO;1;
SISZARC-000603;MILHO PRODUTIVIDADE 5000 KG HA;;2026-2027|PA|MILHO PRODUTIVIDADE 5000 KG HA|2|;2026-2027;Milho Produtividade 5000 Kg-Ha;GENÉTICA CAMPO FORTE LTDA;M55274PWU;PA;2;
SISZARC-000604;AMENDOIM;;2026-2027|RJ|AMENDOIM|0|;2026-2027;Amendoim;BRASIL CULTIVARES E BIOTECNOLOGIA LTDA;AM5311RR2;RJ;0;
SISZARC-000605;MILHO PRODUTIVIDADE 6000 KG HA;;2026-2027|SC|MILHO PRODUTIVIDADE 6000 KG HA|1|;2026-2027;Milho Produtividade 6000 Kg-Ha;TECNOAGRO PESQUISA E DESENVOLVIMENTO LTDA;M65348CL;SC;1;
SISZARC-000606;ALGODAO HERBACEO;;2026-2027|AL|ALGODAO HERBACEO|2|;2026-2027;Algodão Herbáceo;INSTITUTO NACIONAL DE CULTIVARES MOCK;AL5385TG;AL;2;
SISZARC-000607;MILHO PRODUTIVIDADE 7000 KG HA;;2026-2027|DF|MILHO PRODUTIVIDADE 7000 KG HA|0|;2026-2027;Milho Produtividade 7000 Kg-Ha;CENTRO DE PESQUISA AGRÍCOLA SIMULADO;M75422MAX;DF;0;
SISZARC-000608;SORGO;;2026-2027|MS|SORGO|1|;2026-2027;Sorgo;VALE VERDE SEMENTES E BIOTECNOLOGIA LTDA;SO5459PLUS;MS;1;
SISZARC-000609;SOJA;;2026-2027|PE|SOJA|2|;2026-2027;Soja;NOVA SAFRA MELHORAMENTO VEGETAL S.A.;SJ5496PRO4;PE;2;
SISZARC-000610;MILHO 1A SAFRA;;2026-2027|RO|MILHO 1A SAFRA|0|;2026-2027;Milho 1ª Safra;COOPERATIVA EXPERIMENTAL DE SEMENTES;MX5533VIP3;RO;0;
SISZARC-000611;ARROZ IRRIGADO;;2026-2027|TO|ARROZ IRRIGADO|1|;2026-2027;Arroz Irrigado;AGRO CERRADO PESQUISA E SEMENTES LTDA;AI5570PWU;TO;1;
SISZARC-000612;MILHO ZEA MAYS L 1 SAFRA;;2026-2027|BA|MILHO ZEA MAYS L 1 SAFRA|2|;2026-2027;MILHO - Zea mays L. - (1° Safra);SEMENTES HORIZONTE LTDA;ZM5607RR2;BA;2;
SISZARC-000613;ARROZ SEQUEIRO ORYZA SATIVA L;MACRORREGIAO 3;2026-2027|MA|ARROZ SEQUEIRO ORYZA SATIVA L|0|MACRORREGIAO 3;2026-2027;ARROZ SEQUEIRO - Oryza sativa L.;GENÉTICA CAMPO FORTE LTDA;AS5644CL;MA;0;Macrorregião 3
SISZARC-000614;MILHO 2A SAFRA;;2026-2027|PB|MILHO 2A SAFRA|1|;2026-2027;Milho 2ª Safra;BRASIL CULTIVARES E BIOTECNOLOGIA LTDA;MS5681TG;PB;1;
SISZARC-000615;FEIJAO 1A SAFRA;;2026-2027|RN|FEIJAO 1A SAFRA|2|;2026-2027;Feijão 1ª Safra;TECNOAGRO PESQUISA E DESENVOLVIMENTO LTDA;F15718MAX;RN;2;
SISZARC-000616;MILHO ZEA MAYS L 2 SAFRA;;2026-2027|SP|MILHO ZEA MAYS L 2 SAFRA|0|;2026-2027;MILHO - Zea mays L. - (2° Safra);INSTITUTO NACIONAL DE CULTIVARES MOCK;ZS5755PLUS;SP;0;
SISZARC-000617;FEIJAO 2A SAFRA;;2026-2027|AP|FEIJAO 2A SAFRA|1|;2026-2027;Feijão 2ª Safra;CENTRO DE PESQUISA AGRÍCOLA SIMULADO;F25792PRO4;AP;1;
SISZARC-000618;MILHO 2A SAFRA CONSORCIADO COM BRAQUIARIA;;2026-2027|ES|MILHO 2A SAFRA CONSORCIADO COM BRAQUIARIA|2|;2026-2027;Milho 2ª Safra consorciado com Braquiária;VALE VERDE SEMENTES E BIOTECNOLOGIA LTDA;MB5829VIP3;ES;2;
SISZARC-000619;TRIGO;;2026-2027|MG|TRIGO|0|;2026-2027;Trigo;NOVA SAFRA MELHORAMENTO VEGETAL S.A.;TR5866PWU;MG;0;
SISZARC-000620;MILHO PRODUTIVIDADE 3000 KG HA;;2026-2027|PI|MILHO PRODUTIVIDADE 3000 KG HA|1|;2026-2027;Milho Produtividade 3000 Kg-Ha;COOPERATIVA EXPERIMENTAL DE SEMENTES;M35903RR2;PI;1;
SISZARC-000621;GIRASSOL;;2026-2027|RR|GIRASSOL|2|;2026-2027;Girassol;AGRO CERRADO PESQUISA E SEMENTES LTDA;GI5940CL;RR;2;
SISZARC-000622;MILHO PRODUTIVIDADE 4000 KG HA;;2026-2027|AC|MILHO PRODUTIVIDADE 4000 KG HA|0|;2026-2027;Milho Produtividade 4000 Kg-Ha;SEMENTES HORIZONTE LTDA;M45977TG;AC;0;
SISZARC-000623;GIRASSOL HELIANTHUS ANNUUS L;;2026-2027|CE|GIRASSOL HELIANTHUS ANNUUS L|1|;2026-2027;GIRASSOL - Helianthus annuus L.;GENÉTICA CAMPO FORTE LTDA;GH6014MAX;CE;1;
SISZARC-000624;MILHO PRODUTIVIDADE 5000 KG HA;;2026-2027|MT|MILHO PRODUTIVIDADE 5000 KG HA|2|;2026-2027;Milho Produtividade 5000 Kg-Ha;BRASIL CULTIVARES E BIOTECNOLOGIA LTDA;M56051PLUS;MT;2;
SISZARC-000625;AMENDOIM;MACRORREGIAO 5;2026-2027|PR|AMENDOIM|0|MACRORREGIAO 5;2026-2027;Amendoim;TECNOAGRO PESQUISA E DESENVOLVIMENTO LTDA;AM6088PRO4;PR;0;Macrorregião 5
SISZARC-000626;MILHO PRODUTIVIDADE 6000 KG HA;;2026-2027|RS|MILHO PRODUTIVIDADE 6000 KG HA|1|;2026-2027;Milho Produtividade 6000 Kg-Ha;INSTITUTO NACIONAL DE CULTIVARES MOCK;M66125VIP3;RS;1;
SISZARC-000627;ALGODAO HERBACEO;;2026-2027|SE|ALGODAO HERBACEO|2|;2026-2027;Algodão Herbáceo;CENTRO DE PESQUISA AGRÍCOLA SIMULADO;AL6162PWU;SE;2;
SISZARC-000628;MILHO PRODUTIVIDADE 7000 KG HA;;2026-2027|AM|MILHO PRODUTIVIDADE 7000 KG HA|0|;2026-2027;Milho Produtividade 7000 Kg-Ha;VALE VERDE SEMENTES E BIOTECNOLOGIA LTDA;M76199RR2;AM;0;
SISZARC-000629;SORGO;;2026-2027|GO|SORGO|1|;2026-2027;Sorgo;NOVA SAFRA MELHORAMENTO VEGETAL S.A.;SO6236CL;GO;1;
SISZARC-000630;SOJA;;2026-2027|PA|SOJA|2|;2026-2027;Soja;COOPERATIVA EXPERIMENTAL DE SEMENTES;SJ6273TG;PA;2;
SISZARC-000631;MILHO 1A SAFRA;;2026-2027|RJ|MILHO 1A SAFRA|0|;2026-2027;Milho 1ª Safra;AGRO CERRADO PESQUISA E SEMENTES LTDA;MX6310MAX;RJ;0;
SISZARC-000632;ARROZ IRRIGADO;;2026-2027|SC|ARROZ IRRIGADO|1|;2026-2027;Arroz Irrigado;SEMENTES HORIZONTE LTDA;AI6347PLUS;SC;1;
SISZARC-000633;MILHO ZEA MAYS L 1 SAFRA;;2026-2027|AL|MILHO ZEA MAYS L 1 SAFRA|2|;2026-2027;MILHO - Zea mays L. - (1° Safra);GENÉTICA CAMPO FORTE LTDA;ZM6384PRO4;AL;2;
SISZARC-000634;ARROZ SEQUEIRO ORYZA SATIVA L;;2026-2027|DF|ARROZ SEQUEIRO ORYZA SATIVA L|0|;2026-2027;ARROZ SEQUEIRO - Oryza sativa L.;BRASIL CULTIVARES E BIOTECNOLOGIA LTDA;AS6421VIP3;DF;0;
SISZARC-000635;MILHO 2A SAFRA;;2026-2027|MS|MILHO 2A SAFRA|1|;2026-2027;Milho 2ª Safra;TECNOAGRO PESQUISA E DESENVOLVIMENTO LTDA;MS6458PWU;MS;1;
SISZARC-000636;FEIJAO 1A SAFRA;;2026-2027|PE|FEIJAO 1A SAFRA|2|;2026-2027;Feijão 1ª Safra;INSTITUTO NACIONAL DE CULTIVARES MOCK;F16495RR2;PE;2;
SISZARC-000637;MILHO ZEA MAYS L 2 SAFRA;MACRORREGIAO 2;2026-2027|RO|MILHO ZEA MAYS L 2 SAFRA|0|MACRORREGIAO 2;2026-2027;MILHO - Zea mays L. - (2° Safra);CENTRO DE PESQUISA AGRÍCOLA SIMULADO;ZS6532CL;RO;0;Macrorregião 2
SISZARC-000638;FEIJAO 2A SAFRA;;2026-2027|TO|FEIJAO 2A SAFRA|1|;2026-2027;Feijão 2ª Safra;VALE VERDE SEMENTES E BIOTECNOLOGIA LTDA;F26569TG;TO;1;
SISZARC-000639;MILHO 2A SAFRA CONSORCIADO COM BRAQUIARIA;;2026-2027|BA|MILHO 2A SAFRA CONSORCIADO COM BRAQUIARIA|2|;2026-2027;Milho 2ª Safra consorciado com Braquiária;NOVA SAFRA MELHORAMENTO VEGETAL S.A.;MB6606MAX;BA;2;
SISZARC-000640;TRIGO;;2026-2027|MA|TRIGO|0|;2026-2027;Trigo;COOPERATIVA EXPERIMENTAL DE SEMENTES;TR6643PLUS;MA;0;
SISZARC-000641;MILHO PRODUTIVIDADE 3000 KG HA;;2026-2027|PB|MILHO PRODUTIVIDADE 3000 KG HA|1|;2026-2027;Milho Produtividade 3000 Kg-Ha;AGRO CERRADO PESQUISA E SEMENTES LTDA;M36680PRO4;PB;1;
SISZARC-000642;GIRASSOL;;2026-2027|RN|GIRASSOL|2|;2026-2027;Girassol;SEMENTES HORIZONTE LTDA;GI6717VIP3;RN;2;
SISZARC-000643;MILHO PRODUTIVIDADE 4000 KG HA;;2026-2027|SP|MILHO PRODUTIVIDADE 4000 KG HA|0|;2026-2027;Milho Produtividade 4000 Kg-Ha;GENÉTICA CAMPO FORTE LTDA;M46754PWU;SP;0;
SISZARC-000644;GIRASSOL HELIANTHUS ANNUUS L;;2026-2027|AP|GIRASSOL HELIANTHUS ANNUUS L|1|;2026-2027;GIRASSOL - Helianthus annuus L.;BRASIL CULTIVARES E BIOTECNOLOGIA LTDA;GH6791RR2;AP;1;
SISZARC-000645;MILHO PRODUTIVIDADE 5000 KG HA;;2026-2027|ES|MILHO PRODUTIVIDADE 5000 KG HA|2|;2026-2027;Milho Produtividade 5000 Kg-Ha;TECNOAGRO PESQUISA E DESENVOLVIMENTO LTDA;M56828CL;ES;2;
SISZARC-000646;AMENDOIM;;2026-2027|MG|AMENDOIM|0|;2026-2027;Amendoim;INSTITUTO NACIONAL DE CULTIVARES MOCK;AM6865TG;MG;0;
SISZARC-000647;MILHO PRODUTIVIDADE 6000 KG HA;;2026-2027|PI|MILHO PRODUTIVIDADE 6000 KG HA|1|;2026-2027;Milho Produtividade 6000 Kg-Ha;CENTRO DE PESQUISA AGRÍCOLA SIMULADO;M66902MAX;PI;1;
SISZARC-000648;ALGODAO HERBACEO;;2026-2027|RR|ALGODAO HERBACEO|2|;2026-2027;Algodão Herbáceo;VALE VERDE SEMENTES E BIOTECNOLOGIA LTDA;AL6939PLUS;RR;2;
SISZARC-000649;MILHO PRODUTIVIDADE 7000 KG HA;MACRORREGIAO 4;2026-2027|AC|MILHO PRODUTIVIDADE 7000 KG HA|0|MACRORREGIAO 4;2026-2027;Milho Produtividade 7000 Kg-Ha;NOVA SAFRA MELHORAMENTO VEGETAL S.A.;M76976PRO4;AC;0;Macrorregião 4
SISZARC-000650;SORGO;;2026-2027|CE|SORGO|1|;2026-2027;Sorgo;COOPERATIVA EXPERIMENTAL DE SEMENTES;SO7013VIP3;CE;1;
SISZARC-000651;SOJA;;2026-2027|MT|SOJA|2|;2026-2027;Soja;AGRO CERRADO PESQUISA E SEMENTES LTDA;SJ7050PWU;MT;2;
SISZARC-000652;MILHO 1A SAFRA;;2026-2027|PR|MILHO 1A SAFRA|0|;2026-2027;Milho 1ª Safra;SEMENTES HORIZONTE LTDA;MX7087RR2;PR;0;
SISZARC-000653;ARROZ IRRIGADO;;2026-2027|RS|ARROZ IRRIGADO|1|;2026-2027;Arroz Irrigado;GENÉTICA CAMPO FORTE LTDA;AI7124CL;RS;1;
SISZARC-000654;MILHO ZEA MAYS L 1 SAFRA;;2026-2027|SE|MILHO ZEA MAYS L 1 SAFRA|2|;2026-2027;MILHO - Zea mays L. - (1° Safra);BRASIL CULTIVARES E BIOTECNOLOGIA LTDA;ZM7161TG;SE;2;
SISZARC-000655;ARROZ SEQUEIRO ORYZA SATIVA L;;2026-2027|AM|ARROZ SEQUEIRO ORYZA SATIVA L|0|;2026-2027;ARROZ SEQUEIRO - Oryza sativa L.;TECNOAGRO PESQUISA E DESENVOLVIMENTO LTDA;AS7198MAX;AM;0;
SISZARC-000656;MILHO 2A SAFRA;;2026-2027|GO|MILHO 2A SAFRA|1|;2026-2027;Milho 2ª Safra;INSTITUTO NACIONAL DE CULTIVARES MOCK;MS7235PLUS;GO;1;
SISZARC-000657;FEIJAO 1A SAFRA;;2026-2027|PA|FEIJAO 1A SAFRA|2|;2026-2027;Feijão 1ª Safra;CENTRO DE PESQUISA AGRÍCOLA SIMULADO;F17272PRO4;PA;2;
SISZARC-000658;MILHO ZEA MAYS L 2 SAFRA;;2026-2027|RJ|MILHO ZEA MAYS L 2 SAFRA|0|;2026-2027;MILHO - Zea mays L. - (2° Safra);VALE VERDE SEMENTES E BIOTECNOLOGIA LTDA;ZS7309VIP3;RJ;0;
SISZARC-000659;FEIJAO 2A SAFRA;;2026-2027|SC|FEIJAO 2A SAFRA|1|;2026-2027;Feijão 2ª Safra;NOVA SAFRA MELHORAMENTO VEGETAL S.A.;F27346PWU;SC;1;
SISZARC-000660;MILHO 2A SAFRA CONSORCIADO COM BRAQUIARIA;;2026-2027|AL|MILHO 2A SAFRA CONSORCIADO COM BRAQUIARIA|2|;2026-2027;Milho 2ª Safra consorciado com Braquiária;COOPERATIVA EXPERIMENTAL DE SEMENTES;MB7383RR2;AL;2;
SISZARC-000661;TRIGO;MACRORREGIAO 1;2026-2027|DF|TRIGO|0|MACRORREGIAO 1;2026-2027;Trigo;AGRO CERRADO PESQUISA E SEMENTES LTDA;TR7420CL;DF;0;Macrorregião 1
SISZARC-000662;MILHO PRODUTIVIDADE 3000 KG HA;;2026-2027|MS|MILHO PRODUTIVIDADE 3000 KG HA|1|;2026-2027;Milho Produtividade 3000 Kg-Ha;SEMENTES HORIZONTE LTDA;M37457TG;MS;1;
SISZARC-000663;GIRASSOL;;2026-2027|PE|GIRASSOL|2|;2026-2027;Girassol;GENÉTICA CAMPO FORTE LTDA;GI7494MAX;PE;2;
SISZARC-000664;MILHO PRODUTIVIDADE 4000 KG HA;;2026-2027|RO|MILHO PRODUTIVIDADE 4000 KG HA|0|;2026-2027;Milho Produtividade 4000 Kg-Ha;BRASIL CULTIVARES E BIOTECNOLOGIA LTDA;M47531PLUS;RO;0;
SISZARC-000665;GIRASSOL HELIANTHUS ANNUUS L;;2026-2027|TO|GIRASSOL HELIANTHUS ANNUUS L|1|;2026-2027;GIRASSOL - Helianthus annuus L.;TECNOAGRO PESQUISA E DESENVOLVIMENTO LTDA;GH7568PRO4;TO;1;
SISZARC-000666;MILHO PRODUTIVIDADE 5000 KG HA;;2026-2027|BA|MILHO PRODUTIVIDADE 5000 KG HA|2|;2026-2027;Milho Produtividade 5000 Kg-Ha;INSTITUTO NACIONAL DE CULTIVARES MOCK;M57605VIP3;BA;2;
SISZARC-000667;AMENDOIM;;2026-2027|MA|AMENDOIM|0|;2026-2027;Amendoim;CENTRO DE PESQUISA AGRÍCOLA SIMULADO;AM7642PWU;MA;0;
SISZARC-000668;MILHO PRODUTIVIDADE 6000 KG HA;;2026-2027|PB|MILHO PRODUTIVIDADE 6000 KG HA|1|;2026-2027;Milho Produtividade 6000 Kg-Ha;VALE VERDE SEMENTES E BIOTECNOLOGIA LTDA;M67679RR2;PB;1;
SISZARC-000669;ALGODAO HERBACEO;;2026-2027|RN|ALGODAO HERBACEO|2|;2026-2027;Algodão Herbáceo;NOVA SAFRA MELHORAMENTO VEGETAL S.A.;AL7716CL;RN;2;
SISZARC-000670;MILHO PRODUTIVIDADE 7000 KG HA;;2026-2027|SP|MILHO PRODUTIVIDADE 7000 KG HA|0|;2026-2027;Milho Produtividade 7000 Kg-Ha;COOPERATIVA EXPERIMENTAL DE SEMENTES;M77753TG;SP;0;
SISZARC-000671;SORGO;;2026-2027|AP|SORGO|1|;2026-2027;Sorgo;AGRO CERRADO PESQUISA E SEMENTES LTDA;SO7790MAX;AP;1;
SISZARC-000672;SOJA;;2026-2027|ES|SOJA|2|;2026-2027;Soja;SEMENTES HORIZONTE LTDA;SJ7827PLUS;ES;2;
SISZARC-000673;MILHO 1A SAFRA;MACRORREGIAO 3;2026-2027|MG|MILHO 1A SAFRA|0|MACRORREGIAO 3;2026-2027;Milho 1ª Safra;GENÉTICA CAMPO FORTE LTDA;MX7864PRO4;MG;0;Macrorregião 3
SISZARC-000674;ARROZ IRRIGADO;;2026-2027|PI|ARROZ IRRIGADO|1|;2026-2027;Arroz Irrigado;BRASIL CULTIVARES E BIOTECNOLOGIA LTDA;AI7901VIP3;PI;1;
SISZARC-000675;MILHO ZEA MAYS L 1 SAFRA;;2026-2027|RR|MILHO ZEA MAYS L 1 SAFRA|2|;2026-2027;MILHO - Zea mays L. - (1° Safra);TECNOAGRO PESQUISA E DESENVOLVIMENTO LTDA;ZM7938PWU;RR;2;
SISZARC-000676;ARROZ SEQUEIRO ORYZA SATIVA L;;2026-2027|AC|ARROZ SEQUEIRO ORYZA SATIVA L|0|;2026-2027;ARROZ SEQUEIRO - Oryza sativa L.;INSTITUTO NACIONAL DE CULTIVARES MOCK;AS7975RR2;AC;0;
SISZARC-000677;MILHO 2A SAFRA;;2026-2027|CE|MILHO 2A SAFRA|1|;2026-2027;Milho 2ª Safra;CENTRO DE PESQUISA AGRÍCOLA SIMULADO;MS8012CL;CE;1;
SISZARC-000678;FEIJAO 1A SAFRA;;2026-2027|MT|FEIJAO 1A SAFRA|2|;2026-2027;Feijão 1ª Safra;VALE VERDE SEMENTES E BIOTECNOLOGIA LTDA;F18049TG;MT;2;
SISZARC-000679;MILHO ZEA MAYS L 2 SAFRA;;2026-2027|PR|MILHO ZEA MAYS L 2 SAFRA|0|;2026-2027;MILHO - Zea mays L. - (2° Safra);NOVA SAFRA MELHORAMENTO VEGETAL S.A.;ZS8086MAX;PR;0;
SISZARC-000680;FEIJAO 2A SAFRA;;2026-2027|RS|FEIJAO 2A SAFRA|1|;2026-2027;Feijão 2ª Safra;COOPERATIVA EXPERIMENTAL DE SEMENTES;F28123PLUS;RS;1;
SISZARC-000681;MILHO 2A SAFRA CONSORCIADO COM BRAQUIARIA;;2026-2027|SE|MILHO 2A SAFRA CONSORCIADO COM BRAQUIARIA|2|;2026-2027;Milho 2ª Safra consorciado com Braquiária;AGRO CERRADO PESQUISA E SEMENTES LTDA;MB8160PRO4;SE;2;
SISZARC-000682;TRIGO;;2026-2027|AM|TRIGO|0|;2026-2027;Trigo;SEMENTES HORIZONTE LTDA;TR8197VIP3;AM;0;
SISZARC-000683;MILHO PRODUTIVIDADE 3000 KG HA;;2026-2027|GO|MILHO PRODUTIVIDADE 3000 KG HA|1|;2026-2027;Milho Produtividade 3000 Kg-Ha;GENÉTICA CAMPO FORTE LTDA;M38234PWU;GO;1;
SISZARC-000684;GIRASSOL;;2026-2027|PA|GIRASSOL|2|;2026-2027;Girassol;BRASIL CULTIVARES E BIOTECNOLOGIA LTDA;GI8271RR2;PA;2;
SISZARC-000685;MILHO PRODUTIVIDADE 4000 KG HA;MACRORREGIAO 5;2026-2027|RJ|MILHO PRODUTIVIDADE 4000 KG HA|0|MACRORREGIAO 5;2026-2027;Milho Produtividade 4000 Kg-Ha;TECNOAGRO PESQUISA E DESENVOLVIMENTO LTDA;M48308CL;RJ;0;Macrorregião 5
SISZARC-000686;GIRASSOL HELIANTHUS ANNUUS L;;2026-2027|SC|GIRASSOL HELIANTHUS ANNUUS L|1|;2026-2027;GIRASSOL - Helianthus annuus L.;INSTITUTO NACIONAL DE CULTIVARES MOCK;GH8345TG;SC;1;
SISZARC-000687;MILHO PRODUTIVIDADE 5000 KG HA;;2026-2027|AL|MILHO PRODUTIVIDADE 5000 KG HA|2|;2026-2027;Milho Produtividade 5000 Kg-Ha;CENTRO DE PESQUISA AGRÍCOLA SIMULADO;M58382MAX;AL;2;
SISZARC-000688;AMENDOIM;;2026-2027|DF|AMENDOIM|0|;2026-2027;Amendoim;VALE VERDE SEMENTES E BIOTECNOLOGIA LTDA;AM8419PLUS;DF;0;
SISZARC-000689;MILHO PRODUTIVIDADE 6000 KG HA;;2026-2027|MS|MILHO PRODUTIVIDADE 6000 KG HA|1|;2026-2027;Milho Produtividade 6000 Kg-Ha;NOVA SAFRA MELHORAMENTO VEGETAL S.A.;M68456PRO4;MS;1;
SISZARC-000690;ALGODAO HERBACEO;;2026-2027|PE|ALGODAO HERBACEO|2|;2026-2027;Algodão Herbáceo;COOPERATIVA EXPERIMENTAL DE SEMENTES;AL8493VIP3;PE;2;
SISZARC-000691;MILHO PRODUTIVIDADE 7000 KG HA;;2026-2027|RO|MILHO PRODUTIVIDADE 7000 KG HA|0|;2026-2027;Milho Produtividade 7000 Kg-Ha;AGRO CERRADO PESQUISA E SEMENTES LTDA;M78530PWU;RO;0;
SISZARC-000692;SORGO;;2026-2027|TO|SORGO|1|;2026-2027;Sorgo;SEMENTES HORIZONTE LTDA;SO8567RR2;TO;1;
SISZARC-000693;SOJA;;2026-2027|BA|SOJA|2|;2026-2027;Soja;GENÉTICA CAMPO FORTE LTDA;SJ8604CL;BA;2;
SISZARC-000694;MILHO 1A SAFRA;;2026-2027|MA|MILHO 1A SAFRA|0|;2026-2027;Milho 1ª Safra;BRASIL CULTIVARES E BIOTECNOLOGIA LTDA;MX8641TG;MA;0;
SISZARC-000695;ARROZ IRRIGADO;;2026-2027|PB|ARROZ IRRIGADO|1|;2026-2027;Arroz Irrigado;TECNOAGRO PESQUISA E DESENVOLVIMENTO LTDA;AI8678MAX;PB;1;
SISZARC-000696;MILHO ZEA MAYS L 1 SAFRA;;2026-2027|RN|MILHO ZEA MAYS L 1 SAFRA|2|;2026-2027;MILHO - Zea mays L. - (1° Safra);INSTITUTO NACIONAL DE CULTIVARES MOCK;ZM8715PLUS;RN;2;
SISZARC-000697;ARROZ SEQUEIRO ORYZA SATIVA L;MACRORREGIAO 2;2026-2027|SP|ARROZ SEQUEIRO ORYZA SATIVA L|0|MACRORREGIAO 2;2026-2027;ARROZ SEQUEIRO - Oryza sativa L.;CENTRO DE PESQUISA AGRÍCOLA SIMULADO;AS8752PRO4;SP;0;Macrorregião 2
SISZARC-000698;MILHO 2A SAFRA;;2026-2027|AP|MILHO 2A SAFRA|1|;2026-2027;Milho 2ª Safra;VALE VERDE SEMENTES E BIOTECNOLOGIA LTDA;MS8789VIP3;AP;1;
SISZARC-000699;FEIJAO 1A SAFRA;;2026-2027|ES|FEIJAO 1A SAFRA|2|;2026-2027;Feijão 1ª Safra;NOVA SAFRA MELHORAMENTO VEGETAL S.A.;F18826PWU;ES;2;
SISZARC-000700;MILHO ZEA MAYS L 2 SAFRA;;2026-2027|MG|MILHO ZEA MAYS L 2 SAFRA|0|;2026-2027;MILHO - Zea mays L. - (2° Safra);COOPERATIVA EXPERIMENTAL DE SEMENTES;ZS8863RR2;MG;0;
SISZARC-000701;FEIJAO 2A SAFRA;;2026-2027|PI|FEIJAO 2A SAFRA|1|;2026-2027;Feijão 2ª Safra;AGRO CERRADO PESQUISA E SEMENTES LTDA;F28900CL;PI;1;
SISZARC-000702;MILHO 2A SAFRA CONSORCIADO COM BRAQUIARIA;;2026-2027|RR|MILHO 2A SAFRA CONSORCIADO COM BRAQUIARIA|2|;2026-2027;Milho 2ª Safra consorciado com Braquiária;SEMENTES HORIZONTE LTDA;MB8937TG;RR;2;
SISZARC-000703;TRIGO;;2026-2027|AC|TRIGO|0|;2026-2027;Trigo;GENÉTICA CAMPO FORTE LTDA;TR8974MAX;AC;0;
SISZARC-000704;MILHO PRODUTIVIDADE 3000 KG HA;;2026-2027|CE|MILHO PRODUTIVIDADE 3000 KG HA|1|;2026-2027;Milho Produtividade 3000 Kg-Ha;BRASIL CULTIVARES E BIOTECNOLOGIA LTDA;M39011PLUS;CE;1;
SISZARC-000705;GIRASSOL;;2026-2027|MT|GIRASSOL|2|;2026-2027;Girassol;TECNOAGRO PESQUISA E DESENVOLVIMENTO LTDA;GI9048PRO4;MT;2;
SISZARC-000706;MILHO PRODUTIVIDADE 4000 KG HA;;2026-2027|PR|MILHO PRODUTIVIDADE 4000 KG HA|0|;2026-2027;Milho Produtividade 4000 Kg-Ha;INSTITUTO NACIONAL DE CULTIVARES MOCK;M49085VIP3;PR;0;
SISZARC-000707;GIRASSOL HELIANTHUS ANNUUS L;;2026-2027|RS|GIRASSOL HELIANTHUS ANNUUS L|1|;2026-2027;GIRASSOL - Helianthus annuus L.;CENTRO DE PESQUISA AGRÍCOLA SIMULADO;GH9122PWU;RS;1;
SISZARC-000708;MILHO PRODUTIVIDADE 5000 KG HA;;2026-2027|SE|MILHO PRODUTIVIDADE 5000 KG HA|2|;2026-2027;Milho Produtividade 5000 Kg-Ha;VALE VERDE SEMENTES E BIOTECNOLOGIA LTDA;M59159RR2;SE;2;
SISZARC-000709;AMENDOIM;MACRORREGIAO 4;2026-2027|AM|AMENDOIM|0|MACRORREGIAO 4;2026-2027;Amendoim;NOVA SAFRA MELHORAMENTO VEGETAL S.A.;AM9196CL;AM;0;Macrorregião 4
SISZARC-000710;MILHO PRODUTIVIDADE 6000 KG HA;;2026-2027|GO|MILHO PRODUTIVIDADE 6000 KG HA|1|;2026-2027;Milho Produtividade 6000 Kg-Ha;COOPERATIVA EXPERIMENTAL DE SEMENTES;M69233TG;GO;1;
SISZARC-000711;ALGODAO HERBACEO;;2026-2027|PA|ALGODAO HERBACEO|2|;2026-2027;Algodão Herbáceo;AGRO CERRADO PESQUISA E SEMENTES LTDA;AL9270MAX;PA;2;
SISZARC-000712;MILHO PRODUTIVIDADE 7000 KG HA;;2026-2027|RJ|MILHO PRODUTIVIDADE 7000 KG HA|0|;2026-2027;Milho Produtividade 7000 Kg-Ha;SEMENTES HORIZONTE LTDA;M79307PLUS;RJ;0;
SISZARC-000713;SORGO;;2026-2027|SC|SORGO|1|;2026-2027;Sorgo;GENÉTICA CAMPO FORTE LTDA;SO9344PRO4;SC;1;
SISZARC-000714;SOJA;;2026-2027|AL|SOJA|2|;2026-2027;Soja;BRASIL CULTIVARES E BIOTECNOLOGIA LTDA;SJ9381VIP3;AL;2;
SISZARC-000715;MILHO 1A SAFRA;;2026-2027|DF|MILHO 1A SAFRA|0|;2026-2027;Milho 1ª Safra;TECNOAGRO PESQUISA E DESENVOLVIMENTO LTDA;MX9418PWU;DF;0;
SISZARC-000716;ARROZ IRRIGADO;;2026-2027|MS|ARROZ IRRIGADO|1|;2026-2027;Arroz Irrigado;INSTITUTO NACIONAL DE CULTIVARES MOCK;AI9455RR2;MS;1;
SISZARC-000717;MILHO ZEA MAYS L 1 SAFRA;;2026-2027|PE|MILHO ZEA MAYS L 1 SAFRA|2|;2026-2027;MILHO - Zea mays L. - (1° Safra);CENTRO DE PESQUISA AGRÍCOLA SIMULADO;ZM9492CL;PE;2;
SISZARC-000718;ARROZ SEQUEIRO ORYZA SATIVA L;;2026-2027|RO|ARROZ SEQUEIRO ORYZA SATIVA L|0|;2026-2027;ARROZ SEQUEIRO - Oryza sativa L.;VALE VERDE SEMENTES E BIOTECNOLOGIA LTDA;AS9529TG;RO;0;
SISZARC-000719;MILHO 2A SAFRA;;2026-2027|TO|MILHO 2A SAFRA|1|;2026-2027;Milho 2ª Safra;NOVA SAFRA MELHORAMENTO VEGETAL S.A.;MS9566MAX;TO;1;
SISZARC-000720;FEIJAO 1A SAFRA;;2026-2027|BA|FEIJAO 1A SAFRA|2|;2026-2027;Feijão 1ª Safra;COOPERATIVA EXPERIMENTAL DE SEMENTES;F19603PLUS;BA;2;
SISZARC-000721;MILHO ZEA MAYS L 2 SAFRA;MACRORREGIAO 1;2026-2027|MA|MILHO ZEA MAYS L 2 SAFRA|0|MACRORREGIAO 1;2026-2027;MILHO - Zea mays L. - (2° Safra);AGRO CERRADO PESQUISA E SEMENTES LTDA;ZS9640PRO4;MA;0;Macrorregião 1
SISZARC-000722;FEIJAO 2A SAFRA;;2026-2027|PB|FEIJAO 2A SAFRA|1|;2026-2027;Feijão 2ª Safra;SEMENTES HORIZONTE LTDA;F29677VIP3;PB;1;
SISZARC-000723;MILHO 2A SAFRA CONSORCIADO COM BRAQUIARIA;;2026-2027|RN|MILHO 2A SAFRA CONSORCIADO COM BRAQUIARIA|2|;2026-2027;Milho 2ª Safra consorciado com Braquiária;GENÉTICA CAMPO FORTE LTDA;MB9714PWU;RN;2;
SISZARC-000724;TRIGO;;2026-2027|SP|TRIGO|0|;2026-2027;Trigo;BRASIL CULTIVARES E BIOTECNOLOGIA LTDA;TR9751RR2;SP;0;
SISZARC-000725;MILHO PRODUTIVIDADE 3000 KG HA;;2026-2027|AP|MILHO PRODUTIVIDADE 3000 KG HA|1|;2026-2027;Milho Produtividade 3000 Kg-Ha;TECNOAGRO PESQUISA E DESENVOLVIMENTO LTDA;M39788CL;AP;1;
SISZARC-000726;GIRASSOL;;2026-2027|ES|GIRASSOL|2|;2026-2027;Girassol;INSTITUTO NACIONAL DE CULTIVARES MOCK;GI9825TG;ES;2;
SISZARC-000727;MILHO PRODUTIVIDADE 4000 KG HA;;2026-2027|MG|MILHO PRODUTIVIDADE 4000 KG HA|0|;2026-2027;Milho Produtividade 4000 Kg-Ha;CENTRO DE PESQUISA AGRÍCOLA SIMULADO;M49862MAX;MG;0;
SISZARC-000728;GIRASSOL HELIANTHUS ANNUUS L;;2026-2027|PI|GIRASSOL HELIANTHUS ANNUUS L|1|;2026-2027;GIRASSOL - Helianthus annuus L.;VALE VERDE SEMENTES E BIOTECNOLOGIA LTDA;GH9899PLUS;PI;1;
SISZARC-000729;MILHO PRODUTIVIDADE 5000 KG HA;;2026-2027|RR|MILHO PRODUTIVIDADE 5000 KG HA|2|;2026-2027;Milho Produtividade 5000 Kg-Ha;NOVA SAFRA MELHORAMENTO VEGETAL S.A.;M59936PRO4;RR;2;
SISZARC-000730;AMENDOIM;;2026-2027|AC|AMENDOIM|0|;2026-2027;Amendoim;COOPERATIVA EXPERIMENTAL DE SEMENTES;AM9973VIP3;AC;0;
SISZARC-000731;MILHO PRODUTIVIDADE 6000 KG HA;;2026-2027|CE|MILHO PRODUTIVIDADE 6000 KG HA|1|;2026-2027;Milho Produtividade 6000 Kg-Ha;AGRO CERRADO PESQUISA E SEMENTES LTDA;M61010PWU;CE;1;
SISZARC-000732;ALGODAO HERBACEO;;2026-2027|MT|ALGODAO HERBACEO|2|;2026-2027;Algodão Herbáceo;SEMENTES HORIZONTE LTDA;AL1047RR2;MT;2;
SISZARC-000733;MILHO PRODUTIVIDADE 7000 KG HA;MACRORREGIAO 3;2026-2027|PR|MILHO PRODUTIVIDADE 7000 KG HA|0|MACRORREGIAO 3;2026-2027;Milho Produtividade 7000 Kg-Ha;GENÉTICA CAMPO FORTE LTDA;M71084CL;PR;0;Macrorregião 3
SISZARC-000734;SORGO;;2026-2027|RS|SORGO|1|;2026-2027;Sorgo;BRASIL CULTIVARES E BIOTECNOLOGIA LTDA;SO1121TG;RS;1;
SISZARC-000735;SOJA;;2026-2027|SE|SOJA|2|;2026-2027;Soja;TECNOAGRO PESQUISA E DESENVOLVIMENTO LTDA;SJ1158MAX;SE;2;
SISZARC-000736;MILHO 1A SAFRA;;2026-2027|AM|MILHO 1A SAFRA|0|;2026-2027;Milho 1ª Safra;INSTITUTO NACIONAL DE CULTIVARES MOCK;MX1195PLUS;AM;0;
SISZARC-000737;ARROZ IRRIGADO;;2026-2027|GO|ARROZ IRRIGADO|1|;2026-2027;Arroz Irrigado;CENTRO DE PESQUISA AGRÍCOLA SIMULADO;AI1232PRO4;GO;1;
SISZARC-000738;MILHO ZEA MAYS L 1 SAFRA;;2026-2027|PA|MILHO ZEA MAYS L 1 SAFRA|2|;2026-2027;MILHO - Zea mays L. - (1° Safra);VALE VERDE SEMENTES E BIOTECNOLOGIA LTDA;ZM1269VIP3;PA;2;
SISZARC-000739;ARROZ SEQUEIRO ORYZA SATIVA L;;2026-2027|RJ|ARROZ SEQUEIRO ORYZA SATIVA L|0|;2026-2027;ARROZ SEQUEIRO - Oryza sativa L.;NOVA SAFRA MELHORAMENTO VEGETAL S.A.;AS1306PWU;RJ;0;
SISZARC-000740;MILHO 2A SAFRA;;2026-2027|SC|MILHO 2A SAFRA|1|;2026-2027;Milho 2ª Safra;COOPERATIVA EXPERIMENTAL DE SEMENTES;MS1343RR2;SC;1;
SISZARC-000741;FEIJAO 1A SAFRA;;2026-2027|AL|FEIJAO 1A SAFRA|2|;2026-2027;Feijão 1ª Safra;AGRO CERRADO PESQUISA E SEMENTES LTDA;F11380CL;AL;2;
SISZARC-000742;MILHO ZEA MAYS L 2 SAFRA;;2026-2027|DF|MILHO ZEA MAYS L 2 SAFRA|0|;2026-2027;MILHO - Zea mays L. - (2° Safra);SEMENTES HORIZONTE LTDA;ZS1417TG;DF;0;
SISZARC-000743;FEIJAO 2A SAFRA;;2026-2027|MS|FEIJAO 2A SAFRA|1|;2026-2027;Feijão 2ª Safra;GENÉTICA CAMPO FORTE LTDA;F21454MAX;MS;1;
SISZARC-000744;MILHO 2A SAFRA CONSORCIADO COM BRAQUIARIA;;2026-2027|PE|MILHO 2A SAFRA CONSORCIADO COM BRAQUIARIA|2|;2026-2027;Milho 2ª Safra consorciado com Braquiária;BRASIL CULTIVARES E BIOTECNOLOGIA LTDA;MB1491PLUS;PE;2;
SISZARC-000745;TRIGO;MACRORREGIAO 5;2026-2027|RO|TRIGO|0|MACRORREGIAO 5;2026-2027;Trigo;TECNOAGRO PESQUISA E DESENVOLVIMENTO LTDA;TR1528PRO4;RO;0;Macrorregião 5
SISZARC-000746;MILHO PRODUTIVIDADE 3000 KG HA;;2026-2027|TO|MILHO PRODUTIVIDADE 3000 KG HA|1|;2026-2027;Milho Produtividade 3000 Kg-Ha;INSTITUTO NACIONAL DE CULTIVARES MOCK;M31565VIP3;TO;1;
SISZARC-000747;GIRASSOL;;2026-2027|BA|GIRASSOL|2|;2026-2027;Girassol;CENTRO DE PESQUISA AGRÍCOLA SIMULADO;GI1602PWU;BA;2;
SISZARC-000748;MILHO PRODUTIVIDADE 4000 KG HA;;2026-2027|MA|MILHO PRODUTIVIDADE 4000 KG HA|0|;2026-2027;Milho Produtividade 4000 Kg-Ha;VALE VERDE SEMENTES E BIOTECNOLOGIA LTDA;M41639RR2;MA;0;
SISZARC-000749;GIRASSOL HELIANTHUS ANNUUS L;;2026-2027|PB|GIRASSOL HELIANTHUS ANNUUS L|1|;2026-2027;GIRASSOL - Helianthus annuus L.;NOVA SAFRA MELHORAMENTO VEGETAL S.A.;GH1676CL;PB;1;
SISZARC-000750;MILHO PRODUTIVIDADE 5000 KG HA;;2026-2027|RN|MILHO PRODUTIVIDADE 5000 KG HA|2|;2026-2027;Milho Produtividade 5000 Kg-Ha;COOPERATIVA EXPERIMENTAL DE SEMENTES;M51713TG;RN;2;
SISZARC-000751;AMENDOIM;;2026-2027|SP|AMENDOIM|0|;2026-2027;Amendoim;AGRO CERRADO PESQUISA E SEMENTES LTDA;AM1750MAX;SP;0;
SISZARC-000752;MILHO PRODUTIVIDADE 6000 KG HA;;2026-2027|AP|MILHO PRODUTIVIDADE 6000 KG HA|1|;2026-2027;Milho Produtividade 6000 Kg-Ha;SEMENTES HORIZONTE LTDA;M61787PLUS;AP;1;
SISZARC-000753;ALGODAO HERBACEO;;2026-2027|ES|ALGODAO HERBACEO|2|;2026-2027;Algodão Herbáceo;GENÉTICA CAMPO FORTE LTDA;AL1824PRO4;ES;2;
SISZARC-000754;MILHO PRODUTIVIDADE 7000 KG HA;;2026-2027|MG|MILHO PRODUTIVIDADE 7000 KG HA|0|;2026-2027;Milho Produtividade 7000 Kg-Ha;BRASIL CULTIVARES E BIOTECNOLOGIA LTDA;M71861VIP3;MG;0;
SISZARC-000755;SORGO;;2026-2027|PI|SORGO|1|;2026-2027;Sorgo;TECNOAGRO PESQUISA E DESENVOLVIMENTO LTDA;SO1898PWU;PI;1;
SISZARC-000756;SOJA;;2026-2027|RR|SOJA|2|;2026-2027;Soja;INSTITUTO NACIONAL DE CULTIVARES MOCK;SJ1935RR2;RR;2;
SISZARC-000757;MILHO 1A SAFRA;MACRORREGIAO 2;2026-2027|AC|MILHO 1A SAFRA|0|MACRORREGIAO 2;2026-2027;Milho 1ª Safra;CENTRO DE PESQUISA AGRÍCOLA SIMULADO;MX1972CL;AC;0;Macrorregião 2
SISZARC-000758;ARROZ IRRIGADO;;2026-2027|CE|ARROZ IRRIGADO|1|;2026-2027;Arroz Irrigado;VALE VERDE SEMENTES E BIOTECNOLOGIA LTDA;AI2009TG;CE;1;
SISZARC-000759;MILHO ZEA MAYS L 1 SAFRA;;2026-2027|MT|MILHO ZEA MAYS L 1 SAFRA|2|;2026-2027;MILHO - Zea mays L. - (1° Safra);NOVA SAFRA MELHORAMENTO VEGETAL S.A.;ZM2046MAX;MT;2;
SISZARC-000760;ARROZ SEQUEIRO ORYZA SATIVA L;;2026-2027|PR|ARROZ SEQUEIRO ORYZA SATIVA L|0|;2026-2027;ARROZ SEQUEIRO - Oryza sativa L.;COOPERATIVA EXPERIMENTAL DE SEMENTES;AS2083PLUS;PR;0;
SISZARC-000761;MILHO 2A SAFRA;;2026-2027|RS|MILHO 2A SAFRA|1|;2026-2027;Milho 2ª Safra;AGRO CERRADO PESQUISA E SEMENTES LTDA;MS2120PRO4;RS;1;
SISZARC-000762;FEIJAO 1A SAFRA;;2026-2027|SE|FEIJAO 1A SAFRA|2|;2026-2027;Feijão 1ª Safra;SEMENTES HORIZONTE LTDA;F12157VIP3;SE;2;
SISZARC-000763;MILHO ZEA MAYS L 2 SAFRA;;2026-2027|AM|MILHO ZEA MAYS L 2 SAFRA|0|;2026-2027;MILHO - Zea mays L. - (2° Safra);GENÉTICA CAMPO FORTE LTDA;ZS2194PWU;AM;0;
SISZARC-000764;FEIJAO 2A SAFRA;;2026-2027|GO|FEIJAO 2A SAFRA|1|;2026-2027;Feijão 2ª Safra;BRASIL CULTIVARES E BIOTECNOLOGIA LTDA;F22231RR2;GO;1;
SISZARC-000765;MILHO 2A SAFRA CONSORCIADO COM BRAQUIARIA;;2026-2027|PA|MILHO 2A SAFRA CONSORCIADO COM BRAQUIARIA|2|;2026-2027;Milho 2ª Safra consorciado com Braquiária;TECNOAGRO PESQUISA E DESENVOLVIMENTO LTDA;MB2268CL;PA;2;
SISZARC-000766;TRIGO;;2026-2027|RJ|TRIGO|0|;2026-2027;Trigo;INSTITUTO NACIONAL DE CULTIVARES MOCK;TR2305TG;RJ;0;
SISZARC-000767;MILHO PRODUTIVIDADE 3000 KG HA;;2026-2027|SC|MILHO PRODUTIVIDADE 3000 KG HA|1|;2026-2027;Milho Produtividade 3000 Kg-Ha;CENTRO DE PESQUISA AGRÍCOLA SIMULADO;M32342MAX;SC;1;
SISZARC-000768;GIRASSOL;;2026-2027|AL|GIRASSOL|2|;2026-2027;Girassol;VALE VERDE SEMENTES E BIOTECNOLOGIA LTDA;GI2379PLUS;AL;2;
SISZARC-000769;MILHO PRODUTIVIDADE 4000 KG HA;MACRORREGIAO 4;2026-2027|DF|MILHO PRODUTIVIDADE 4000 KG HA|0|MACRORREGIAO 4;2026-2027;Milho Produtividade 4000 Kg-Ha;NOVA SAFRA MELHORAMENTO VEGETAL S.A.;M42416PRO4;DF;0;Macrorregião 4
SISZARC-000770;GIRASSOL HELIANTHUS ANNUUS L;;2026-2027|MS|GIRASSOL HELIANTHUS ANNUUS L|1|;2026-2027;GIRASSOL - Helianthus annuus L.;COOPERATIVA EXPERIMENTAL DE SEMENTES;GH2453VIP3;MS;1;
SISZARC-000771;MILHO PRODUTIVIDADE 5000 KG HA;;2026-2027|PE|MILHO PRODUTIVIDADE 5000 KG HA|2|;2026-2027;Milho Produtividade 5000 Kg-Ha;AGRO CERRADO PESQUISA E SEMENTES LTDA;M52490PWU;PE;2;
SISZARC-000772;AMENDOIM;;2026-2027|RO|AMENDOIM|0|;2026-2027;Amendoim;SEMENTES HORIZONTE LTDA;AM2527RR2;RO;0;
SISZARC-000773;MILHO PRODUTIVIDADE 6000 KG HA;;2026-2027|TO|MILHO PRODUTIVIDADE 6000 KG HA|1|;2026-2027;Milho Produtividade 6000 Kg-Ha;GENÉTICA CAMPO FORTE LTDA;M62564CL;TO;1;
SISZARC-000774;ALGODAO HERBACEO;;2026-2027|BA|ALGODAO HERBACEO|2|;2026-2027;Algodão Herbáceo;BRASIL CULTIVARES E BIOTECNOLOGIA LTDA;AL2601TG;BA;2;
SISZARC-000775;MILHO PRODUTIVIDADE 7000 KG HA;;2026-2027|MA|MILHO PRODUTIVIDADE 7000 KG HA|0|;2026-2027;Milho Produtividade 7000 Kg-Ha;TECNOAGRO PESQUISA E DESENVOLVIMENTO LTDA;M72638MAX;MA;0;
SISZARC-000776;SORGO;;2026-2027|PB|SORGO|1|;2026-2027;Sorgo;INSTITUTO NACIONAL DE CULTIVARES MOCK;SO2675PLUS;PB;1;
SISZARC-000777;SOJA;;2026-2027|RN|SOJA|2|;2026-2027;Soja;CENTRO DE PESQUISA AGRÍCOLA SIMULADO;SJ2712PRO4;RN;2;
SISZARC-000778;MILHO 1A SAFRA;;2026-2027|SP|MILHO 1A SAFRA|0|;2026-2027;Milho 1ª Safra;VALE VERDE SEMENTES E BIOTECNOLOGIA LTDA;MX2749VIP3;SP;0;
SISZARC-000779;ARROZ IRRIGADO;;2026-2027|AP|ARROZ IRRIGADO|1|;2026-2027;Arroz Irrigado;NOVA SAFRA MELHORAMENTO VEGETAL S.A.;AI2786PWU;AP;1;
SISZARC-000780;MILHO ZEA MAYS L 1 SAFRA;;2026-2027|ES|MILHO ZEA MAYS L 1 SAFRA|2|;2026-2027;MILHO - Zea mays L. - (1° Safra);COOPERATIVA EXPERIMENTAL DE SEMENTES;ZM2823RR2;ES;2;
SISZARC-000781;ARROZ SEQUEIRO ORYZA SATIVA L;MACRORREGIAO 1;2026-2027|MG|ARROZ SEQUEIRO ORYZA SATIVA L|0|MACRORREGIAO 1;2026-2027;ARROZ SEQUEIRO - Oryza sativa L.;AGRO CERRADO PESQUISA E SEMENTES LTDA;AS2860CL;MG;0;Macrorregião 1
SISZARC-000782;MILHO 2A SAFRA;;2026-2027|PI|MILHO 2A SAFRA|1|;2026-2027;Milho 2ª Safra;SEMENTES HORIZONTE LTDA;MS2897TG;PI;1;
SISZARC-000783;FEIJAO 1A SAFRA;;2026-2027|RR|FEIJAO 1A SAFRA|2|;2026-2027;Feijão 1ª Safra;GENÉTICA CAMPO FORTE LTDA;F12934MAX;RR;2;
SISZARC-000784;MILHO ZEA MAYS L 2 SAFRA;;2026-2027|AC|MILHO ZEA MAYS L 2 SAFRA|0|;2026-2027;MILHO - Zea mays L. - (2° Safra);BRASIL CULTIVARES E BIOTECNOLOGIA LTDA;ZS2971PLUS;AC;0;
SISZARC-000785;FEIJAO 2A SAFRA;;2026-2027|CE|FEIJAO 2A SAFRA|1|;2026-2027;Feijão 2ª Safra;TECNOAGRO PESQUISA E DESENVOLVIMENTO LTDA;F23008PRO4;CE;1;
SISZARC-000786;MILHO 2A SAFRA CONSORCIADO COM BRAQUIARIA;;2026-2027|MT|MILHO 2A SAFRA CONSORCIADO COM BRAQUIARIA|2|;2026-2027;Milho 2ª Safra consorciado com Braquiária;INSTITUTO NACIONAL DE CULTIVARES MOCK;MB3045VIP3;MT;2;
SISZARC-000787;TRIGO;;2026-2027|PR|TRIGO|0|;2026-2027;Trigo;CENTRO DE PESQUISA AGRÍCOLA SIMULADO;TR3082PWU;PR;0;
SISZARC-000788;MILHO PRODUTIVIDADE 3000 KG HA;;2026-2027|RS|MILHO PRODUTIVIDADE 3000 KG HA|1|;2026-2027;Milho Produtividade 3000 Kg-Ha;VALE VERDE SEMENTES E BIOTECNOLOGIA LTDA;M33119RR2;RS;1;
SISZARC-000789;GIRASSOL;;2026-2027|SE|GIRASSOL|2|;2026-2027;Girassol;NOVA SAFRA MELHORAMENTO VEGETAL S.A.;GI3156CL;SE;2;
SISZARC-000790;MILHO PRODUTIVIDADE 4000 KG HA;;2026-2027|AM|MILHO PRODUTIVIDADE 4000 KG HA|0|;2026-2027;Milho Produtividade 4000 Kg-Ha;COOPERATIVA EXPERIMENTAL DE SEMENTES;M43193TG;AM;0;
SISZARC-000791;GIRASSOL HELIANTHUS ANNUUS L;;2026-2027|GO|GIRASSOL HELIANTHUS ANNUUS L|1|;2026-2027;GIRASSOL - Helianthus annuus L.;AGRO CERRADO PESQUISA E SEMENTES LTDA;GH3230MAX;GO;1;
SISZARC-000792;MILHO PRODUTIVIDADE 5000 KG HA;;2026-2027|PA|MILHO PRODUTIVIDADE 5000 KG HA|2|;2026-2027;Milho Produtividade 5000 Kg-Ha;SEMENTES HORIZONTE LTDA;M53267PLUS;PA;2;
SISZARC-000793;AMENDOIM;MACRORREGIAO 3;2026-2027|RJ|AMENDOIM|0|MACRORREGIAO 3;2026-2027;Amendoim;GENÉTICA CAMPO FORTE LTDA;AM3304PRO4;RJ;0;Macrorregião 3
SISZARC-000794;MILHO PRODUTIVIDADE 6000 KG HA;;2026-2027|SC|MILHO PRODUTIVIDADE 6000 KG HA|1|;2026-2027;Milho Produtividade 6000 Kg-Ha;BRASIL CULTIVARES E BIOTECNOLOGIA LTDA;M63341VIP3;SC;1;
SISZARC-000795;ALGODAO HERBACEO;;2026-2027|AL|ALGODAO HERBACEO|2|;2026-2027;Algodão Herbáceo;TECNOAGRO PESQUISA E DESENVOLVIMENTO LTDA;AL3378PWU;AL;2;
SISZARC-000796;MILHO PRODUTIVIDADE 7000 KG HA;;2026-2027|DF|MILHO PRODUTIVIDADE 7000 KG HA|0|;2026-2027;Milho Produtividade 7000 Kg-Ha;INSTITUTO NACIONAL DE CULTIVARES MOCK;M73415RR2;DF;0;
SISZARC-000797;SORGO;;2026-2027|MS|SORGO|1|;2026-2027;Sorgo;CENTRO DE PESQUISA AGRÍCOLA SIMULADO;SO3452CL;MS;1;
SISZARC-000798;SOJA;;2026-2027|PE|SOJA|2|;2026-2027;Soja;VALE VERDE SEMENTES E BIOTECNOLOGIA LTDA;SJ3489TG;PE;2;
SISZARC-000799;MILHO 1A SAFRA;;2026-2027|RO|MILHO 1A SAFRA|0|;2026-2027;Milho 1ª Safra;NOVA SAFRA MELHORAMENTO VEGETAL S.A.;MX3526MAX;RO;0;
SISZARC-000800;ARROZ IRRIGADO;;2026-2027|TO|ARROZ IRRIGADO|1|;2026-2027;Arroz Irrigado;COOPERATIVA EXPERIMENTAL DE SEMENTES;AI3563PLUS;TO;1;
SISZARC-000801;MILHO ZEA MAYS L 1 SAFRA;;2026-2027|BA|MILHO ZEA MAYS L 1 SAFRA|2|;2026-2027;MILHO - Zea mays L. - (1° Safra);AGRO CERRADO PESQUISA E SEMENTES LTDA;ZM3600PRO4;BA;2;
SISZARC-000802;ARROZ SEQUEIRO ORYZA SATIVA L;;2026-2027|MA|ARROZ SEQUEIRO ORYZA SATIVA L|0|;2026-2027;ARROZ SEQUEIRO - Oryza sativa L.;SEMENTES HORIZONTE LTDA;AS3637VIP3;MA;0;
SISZARC-000803;MILHO 2A SAFRA;;2026-2027|PB|MILHO 2A SAFRA|1|;2026-2027;Milho 2ª Safra;GENÉTICA CAMPO FORTE LTDA;MS3674PWU;PB;1;
SISZARC-000804;FEIJAO 1A SAFRA;;2026-2027|RN|FEIJAO 1A SAFRA|2|;2026-2027;Feijão 1ª Safra;BRASIL CULTIVARES E BIOTECNOLOGIA LTDA;F13711RR2;RN;2;
SISZARC-000805;MILHO ZEA MAYS L 2 SAFRA;MACRORREGIAO 5;2026-2027|SP|MILHO ZEA MAYS L 2 SAFRA|0|MACRORREGIAO 5;2026-2027;MILHO - Zea mays L. - (2° Safra);TECNOAGRO PESQUISA E DESENVOLVIMENTO LTDA;ZS3748CL;SP;0;Macrorregião 5
SISZARC-000806;FEIJAO 2A SAFRA;;2026-2027|AP|FEIJAO 2A SAFRA|1|;2026-2027;Feijão 2ª Safra;INSTITUTO NACIONAL DE CULTIVARES MOCK;F23785TG;AP;1;
SISZARC-000807;MILHO 2A SAFRA CONSORCIADO COM BRAQUIARIA;;2026-2027|ES|MILHO 2A SAFRA CONSORCIADO COM BRAQUIARIA|2|;2026-2027;Milho 2ª Safra consorciado com Braquiária;CENTRO DE PESQUISA AGRÍCOLA SIMULADO;MB3822MAX;ES;2;
SISZARC-000808;TRIGO;;2026-2027|MG|TRIGO|0|;2026-2027;Trigo;VALE VERDE SEMENTES E BIOTECNOLOGIA LTDA;TR3859PLUS;MG;0;
SISZARC-000809;MILHO PRODUTIVIDADE 3000 KG HA;;2026-2027|PI|MILHO PRODUTIVIDADE 3000 KG HA|1|;2026-2027;Milho Produtividade 3000 Kg-Ha;NOVA SAFRA MELHORAMENTO VEGETAL S.A.;M33896PRO4;PI;1;
SISZARC-000810;GIRASSOL;;2026-2027|RR|GIRASSOL|2|;2026-2027;Girassol;COOPERATIVA EXPERIMENTAL DE SEMENTES;GI3933VIP3;RR;2;
SISZARC-000811;MILHO PRODUTIVIDADE 4000 KG HA;;2026-2027|AC|MILHO PRODUTIVIDADE 4000 KG HA|0|;2026-2027;Milho Produtividade 4000 Kg-Ha;AGRO CERRADO PESQUISA E SEMENTES LTDA;M43970PWU;AC;0;
SISZARC-000812;GIRASSOL HELIANTHUS ANNUUS L;;2026-2027|CE|GIRASSOL HELIANTHUS ANNUUS L|1|;2026-2027;GIRASSOL - Helianthus annuus L.;SEMENTES HORIZONTE LTDA;GH4007RR2;CE;1;
SISZARC-000813;MILHO PRODUTIVIDADE 5000 KG HA;;2026-2027|MT|MILHO PRODUTIVIDADE 5000 KG HA|2|;2026-2027;Milho Produtividade 5000 Kg-Ha;GENÉTICA CAMPO FORTE LTDA;M54044CL;MT;2;
SISZARC-000814;AMENDOIM;;2026-2027|PR|AMENDOIM|0|;2026-2027;Amendoim;BRASIL CULTIVARES E BIOTECNOLOGIA LTDA;AM4081TG;PR;0;
SISZARC-000815;MILHO PRODUTIVIDADE 6000 KG HA;;2026-2027|RS|MILHO PRODUTIVIDADE 6000 KG HA|1|;2026-2027;Milho Produtividade 6000 Kg-Ha;TECNOAGRO PESQUISA E DESENVOLVIMENTO LTDA;M64118MAX;RS;1;
SISZARC-000816;ALGODAO HERBACEO;;2026-2027|SE|ALGODAO HERBACEO|2|;2026-2027;Algodão Herbáceo;INSTITUTO NACIONAL DE CULTIVARES MOCK;AL4155PLUS;SE;2;
SISZARC-000817;MILHO PRODUTIVIDADE 7000 KG HA;MACRORREGIAO 2;2026-2027|AM|MILHO PRODUTIVIDADE 7000 KG HA|0|MACRORREGIAO 2;2026-2027;Milho Produtividade 7000 Kg-Ha;CENTRO DE PESQUISA AGRÍCOLA SIMULADO;M74192PRO4;AM;0;Macrorregião 2
SISZARC-000818;SORGO;;2026-2027|GO|SORGO|1|;2026-2027;Sorgo;VALE VERDE SEMENTES E BIOTECNOLOGIA LTDA;SO4229VIP3;GO;1;
SISZARC-000819;SOJA;;2026-2027|PA|SOJA|2|;2026-2027;Soja;NOVA SAFRA MELHORAMENTO VEGETAL S.A.;SJ4266PWU;PA;2;
SISZARC-000820;MILHO 1A SAFRA;;2026-2027|RJ|MILHO 1A SAFRA|0|;2026-2027;Milho 1ª Safra;COOPERATIVA EXPERIMENTAL DE SEMENTES;MX4303RR2;RJ;0;
SISZARC-000821;ARROZ IRRIGADO;;2026-2027|SC|ARROZ IRRIGADO|1|;2026-2027;Arroz Irrigado;AGRO CERRADO PESQUISA E SEMENTES LTDA;AI4340CL;SC;1;
SISZARC-000822;MILHO ZEA MAYS L 1 SAFRA;;2026-2027|AL|MILHO ZEA MAYS L 1 SAFRA|2|;2026-2027;MILHO - Zea mays L. - (1° Safra);SEMENTES HORIZONTE LTDA;ZM4377TG;AL;2;
SISZARC-000823;ARROZ SEQUEIRO ORYZA SATIVA L;;2026-2027|DF|ARROZ SEQUEIRO ORYZA SATIVA L|0|;2026-2027;ARROZ SEQUEIRO - Oryza sativa L.;GENÉTICA CAMPO FORTE LTDA;AS4414MAX;DF;0;
SISZARC-000824;MILHO 2A SAFRA;;2026-2027|MS|MILHO 2A SAFRA|1|;2026-2027;Milho 2ª Safra;BRASIL CULTIVARES E BIOTECNOLOGIA LTDA;MS4451PLUS;MS;1;
SISZARC-000825;FEIJAO 1A SAFRA;;2026-2027|PE|FEIJAO 1A SAFRA|2|;2026-2027;Feijão 1ª Safra;TECNOAGRO PESQUISA E DESENVOLVIMENTO LTDA;F14488PRO4;PE;2;
SISZARC-000826;MILHO ZEA MAYS L 2 SAFRA;;2026-2027|RO|MILHO ZEA MAYS L 2 SAFRA|0|;2026-2027;MILHO - Zea mays L. - (2° Safra);INSTITUTO NACIONAL DE CULTIVARES MOCK;ZS4525VIP3;RO;0;
SISZARC-000827;FEIJAO 2A SAFRA;;2026-2027|TO|FEIJAO 2A SAFRA|1|;2026-2027;Feijão 2ª Safra;CENTRO DE PESQUISA AGRÍCOLA SIMULADO;F24562PWU;TO;1;
SISZARC-000828;MILHO 2A SAFRA CONSORCIADO COM BRAQUIARIA;;2026-2027|BA|MILHO 2A SAFRA CONSORCIADO COM BRAQUIARIA|2|;2026-2027;Milho 2ª Safra consorciado com Braquiária;VALE VERDE SEMENTES E BIOTECNOLOGIA LTDA;MB4599RR2;BA;2;
SISZARC-000829;TRIGO;MACRORREGIAO 4;2026-2027|MA|TRIGO|0|MACRORREGIAO 4;2026-2027;Trigo;NOVA SAFRA MELHORAMENTO VEGETAL S.A.;TR4636CL;MA;0;Macrorregião 4
SISZARC-000830;MILHO PRODUTIVIDADE 3000 KG HA;;2026-2027|PB|MILHO PRODUTIVIDADE 3000 KG HA|1|;2026-2027;Milho Produtividade 3000 Kg-Ha;COOPERATIVA EXPERIMENTAL DE SEMENTES;M34673TG;PB;1;
SISZARC-000831;GIRASSOL;;2026-2027|RN|GIRASSOL|2|;2026-2027;Girassol;AGRO CERRADO PESQUISA E SEMENTES LTDA;GI4710MAX;RN;2;
SISZARC-000832;MILHO PRODUTIVIDADE 4000 KG HA;;2026-2027|SP|MILHO PRODUTIVIDADE 4000 KG HA|0|;2026-2027;Milho Produtividade 4000 Kg-Ha;SEMENTES HORIZONTE LTDA;M44747PLUS;SP;0;
SISZARC-000833;GIRASSOL HELIANTHUS ANNUUS L;;2026-2027|AP|GIRASSOL HELIANTHUS ANNUUS L|1|;2026-2027;GIRASSOL - Helianthus annuus L.;GENÉTICA CAMPO FORTE LTDA;GH4784PRO4;AP;1;
SISZARC-000834;MILHO PRODUTIVIDADE 5000 KG HA;;2026-2027|ES|MILHO PRODUTIVIDADE 5000 KG HA|2|;2026-2027;Milho Produtividade 5000 Kg-Ha;BRASIL CULTIVARES E BIOTECNOLOGIA LTDA;M54821VIP3;ES;2;
SISZARC-000835;AMENDOIM;;2026-2027|MG|AMENDOIM|0|;2026-2027;Amendoim;TECNOAGRO PESQUISA E DESENVOLVIMENTO LTDA;AM4858PWU;MG;0;
SISZARC-000836;MILHO PRODUTIVIDADE 6000 KG HA;;2026-2027|PI|MILHO PRODUTIVIDADE 6000 KG HA|1|;2026-2027;Milho Produtividade 6000 Kg-Ha;INSTITUTO NACIONAL DE CULTIVARES MOCK;M64895RR2;PI;1;
SISZARC-000837;ALGODAO HERBACEO;;2026-2027|RR|ALGODAO HERBACEO|2|;2026-2027;Algodão Herbáceo;CENTRO DE PESQUISA AGRÍCOLA SIMULADO;AL4932CL;RR;2;
SISZARC-000838;MILHO PRODUTIVIDADE 7000 KG HA;;2026-2027|AC|MILHO PRODUTIVIDADE 7000 KG HA|0|;2026-2027;Milho Produtividade 7000 Kg-Ha;VALE VERDE SEMENTES E BIOTECNOLOGIA LTDA;M74969TG;AC;0;
SISZARC-000839;SORGO;;2026-2027|CE|SORGO|1|;2026-2027;Sorgo;NOVA SAFRA MELHORAMENTO VEGETAL S.A.;SO5006MAX;CE;1;
SISZARC-000840;SOJA;;2026-2027|MT|SOJA|2|;2026-2027;Soja;COOPERATIVA EXPERIMENTAL DE SEMENTES;SJ5043PLUS;MT;2;
SISZARC-000841;MILHO 1A SAFRA;MACRORREGIAO 1;2026-2027|PR|MILHO 1A SAFRA|0|MACRORREGIAO 1;2026-2027;Milho 1ª Safra;AGRO CERRADO PESQUISA E SEMENTES LTDA;MX5080PRO4;PR;0;Macrorregião 1
SISZARC-000842;ARROZ IRRIGADO;;2026-2027|RS|ARROZ IRRIGADO|1|;2026-2027;Arroz Irrigado;SEMENTES HORIZONTE LTDA;AI5117VIP3;RS;1;
SISZARC-000843;MILHO ZEA MAYS L 1 SAFRA;;2026-2027|SE|MILHO ZEA MAYS L 1 SAFRA|2|;2026-2027;MILHO - Zea mays L. - (1° Safra);GENÉTICA CAMPO FORTE LTDA;ZM5154PWU;SE;2;
SISZARC-000844;ARROZ SEQUEIRO ORYZA SATIVA L;;2026-2027|AM|ARROZ SEQUEIRO ORYZA SATIVA L|0|;2026-2027;ARROZ SEQUEIRO - Oryza sativa L.;BRASIL CULTIVARES E BIOTECNOLOGIA LTDA;AS5191RR2;AM;0;
SISZARC-000845;MILHO 2A SAFRA;;2026-2027|GO|MILHO 2A SAFRA|1|;2026-2027;Milho 2ª Safra;TECNOAGRO PESQUISA E DESENVOLVIMENTO LTDA;MS5228CL;GO;1;
SISZARC-000846;FEIJAO 1A SAFRA;;2026-2027|PA|FEIJAO 1A SAFRA|2|;2026-2027;Feijão 1ª Safra;INSTITUTO NACIONAL DE CULTIVARES MOCK;F15265TG;PA;2;
SISZARC-000847;MILHO ZEA MAYS L 2 SAFRA;;2026-2027|RJ|MILHO ZEA MAYS L 2 SAFRA|0|;2026-2027;MILHO - Zea mays L. - (2° Safra);CENTRO DE PESQUISA AGRÍCOLA SIMULADO;ZS5302MAX;RJ;0;
SISZARC-000848;FEIJAO 2A SAFRA;;2026-2027|SC|FEIJAO 2A SAFRA|1|;2026-2027;Feijão 2ª Safra;VALE VERDE SEMENTES E BIOTECNOLOGIA LTDA;F25339PLUS;SC;1;
SISZARC-000849;MILHO 2A SAFRA CONSORCIADO COM BRAQUIARIA;;2026-2027|AL|MILHO 2A SAFRA CONSORCIADO COM BRAQUIARIA|2|;2026-2027;Milho 2ª Safra consorciado com Braquiária;NOVA SAFRA MELHORAMENTO VEGETAL S.A.;MB5376PRO4;AL;2;
SISZARC-000850;TRIGO;;2026-2027|DF|TRIGO|0|;2026-2027;Trigo;COOPERATIVA EXPERIMENTAL DE SEMENTES;TR5413VIP3;DF;0;
SISZARC-000851;MILHO PRODUTIVIDADE 3000 KG HA;;2026-2027|MS|MILHO PRODUTIVIDADE 3000 KG HA|1|;2026-2027;Milho Produtividade 3000 Kg-Ha;AGRO CERRADO PESQUISA E SEMENTES LTDA;M35450PWU;MS;1;
SISZARC-000852;GIRASSOL;;2026-2027|PE|GIRASSOL|2|;2026-2027;Girassol;SEMENTES HORIZONTE LTDA;GI5487RR2;PE;2;
SISZARC-000853;MILHO PRODUTIVIDADE 4000 KG HA;MACRORREGIAO 3;2026-2027|RO|MILHO PRODUTIVIDADE 4000 KG HA|0|MACRORREGIAO 3;2026-2027;Milho Produtividade 4000 Kg-Ha;GENÉTICA CAMPO FORTE LTDA;M45524CL;RO;0;Macrorregião 3
SISZARC-000854;GIRASSOL HELIANTHUS ANNUUS L;;2026-2027|TO|GIRASSOL HELIANTHUS ANNUUS L|1|;2026-2027;GIRASSOL - Helianthus annuus L.;BRASIL CULTIVARES E BIOTECNOLOGIA LTDA;GH5561TG;TO;1;
SISZARC-000855;MILHO PRODUTIVIDADE 5000 KG HA;;2026-2027|BA|MILHO PRODUTIVIDADE 5000 KG HA|2|;2026-2027;Milho Produtividade 5000 Kg-Ha;TECNOAGRO PESQUISA E DESENVOLVIMENTO LTDA;M55598MAX;BA;2;
SISZARC-000856;AMENDOIM;;2026-2027|MA|AMENDOIM|0|;2026-2027;Amendoim;INSTITUTO NACIONAL DE CULTIVARES MOCK;AM5635PLUS;MA;0;
SISZARC-000857;MILHO PRODUTIVIDADE 6000 KG HA;;2026-2027|PB|MILHO PRODUTIVIDADE 6000 KG HA|1|;2026-2027;Milho Produtividade 6000 Kg-Ha;CENTRO DE PESQUISA AGRÍCOLA SIMULADO;M65672PRO4;PB;1;
SISZARC-000858;ALGODAO HERBACEO;;2026-2027|RN|ALGODAO HERBACEO|2|;2026-2027;Algodão Herbáceo;VALE VERDE SEMENTES E BIOTECNOLOGIA LTDA;AL5709VIP3;RN;2;
SISZARC-000859;MILHO PRODUTIVIDADE 7000 KG HA;;2026-2027|SP|MILHO PRODUTIVIDADE 7000 KG HA|0|;2026-2027;Milho Produtividade 7000 Kg-Ha;NOVA SAFRA MELHORAMENTO VEGETAL S.A.;M75746PWU;SP;0;
SISZARC-000860;SORGO;;2026-2027|AP|SORGO|1|;2026-2027;Sorgo;COOPERATIVA EXPERIMENTAL DE SEMENTES;SO5783RR2;AP;1;
SISZARC-000861;SOJA;;2026-2027|ES|SOJA|2|;2026-2027;Soja;AGRO CERRADO PESQUISA E SEMENTES LTDA;SJ5820CL;ES;2;
SISZARC-000862;MILHO 1A SAFRA;;2026-2027|MG|MILHO 1A SAFRA|0|;2026-2027;Milho 1ª Safra;SEMENTES HORIZONTE LTDA;MX5857TG;MG;0;
SISZARC-000863;ARROZ IRRIGADO;;2026-2027|PI|ARROZ IRRIGADO|1|;2026-2027;Arroz Irrigado;GENÉTICA CAMPO FORTE LTDA;AI5894MAX;PI;1;
SISZARC-000864;MILHO ZEA MAYS L 1 SAFRA;;2026-2027|RR|MILHO ZEA MAYS L 1 SAFRA|2|;2026-2027;MILHO - Zea mays L. - (1° Safra);BRASIL CULTIVARES E BIOTECNOLOGIA LTDA;ZM5931PLUS;RR;2;
SISZARC-000865;ARROZ SEQUEIRO ORYZA SATIVA L;MACRORREGIAO 5;2026-2027|AC|ARROZ SEQUEIRO ORYZA SATIVA L|0|MACRORREGIAO 5;2026-2027;ARROZ SEQUEIRO - Oryza sativa L.;TECNOAGRO PESQUISA E DESENVOLVIMENTO LTDA;AS5968PRO4;AC;0;Macrorregião 5
SISZARC-000866;MILHO 2A SAFRA;;2026-2027|CE|MILHO 2A SAFRA|1|;2026-2027;Milho 2ª Safra;INSTITUTO NACIONAL DE CULTIVARES MOCK;MS6005VIP3;CE;1;
SISZARC-000867;FEIJAO 1A SAFRA;;2026-2027|MT|FEIJAO 1A SAFRA|2|;2026-2027;Feijão 1ª Safra;CENTRO DE PESQUISA AGRÍCOLA SIMULADO;F16042PWU;MT;2;
SISZARC-000868;MILHO ZEA MAYS L 2 SAFRA;;2026-2027|PR|MILHO ZEA MAYS L 2 SAFRA|0|;2026-2027;MILHO - Zea mays L. - (2° Safra);VALE VERDE SEMENTES E BIOTECNOLOGIA LTDA;ZS6079RR2;PR;0;
SISZARC-000869;FEIJAO 2A SAFRA;;2026-2027|RS|FEIJAO 2A SAFRA|1|;2026-2027;Feijão 2ª Safra;NOVA SAFRA MELHORAMENTO VEGETAL S.A.;F26116CL;RS;1;
SISZARC-000870;MILHO 2A SAFRA CONSORCIADO COM BRAQUIARIA;;2026-2027|SE|MILHO 2A SAFRA CONSORCIADO COM BRAQUIARIA|2|;2026-2027;Milho 2ª Safra consorciado com Braquiária;COOPERATIVA EXPERIMENTAL DE SEMENTES;MB6153TG;SE;2;
SISZARC-000871;TRIGO;;2026-2027|AM|TRIGO|0|;2026-2027;Trigo;AGRO CERRADO PESQUISA E SEMENTES LTDA;TR6190MAX;AM;0;
SISZARC-000872;MILHO PRODUTIVIDADE 3000 KG HA;;2026-2027|GO|MILHO PRODUTIVIDADE 3000 KG HA|1|;2026-2027;Milho Produtividade 3000 Kg-Ha;SEMENTES HORIZONTE LTDA;M36227PLUS;GO;1;
SISZARC-000873;GIRASSOL;;2026-2027|PA|GIRASSOL|2|;2026-2027;Girassol;GENÉTICA CAMPO FORTE LTDA;GI6264PRO4;PA;2;
SISZARC-000874;MILHO PRODUTIVIDADE 4000 KG HA;;2026-2027|RJ|MILHO PRODUTIVIDADE 4000 KG HA|0|;2026-2027;Milho Produtividade 4000 Kg-Ha;BRASIL CULTIVARES E BIOTECNOLOGIA LTDA;M46301VIP3;RJ;0;
SISZARC-000875;GIRASSOL HELIANTHUS ANNUUS L;;2026-2027|SC|GIRASSOL HELIANTHUS ANNUUS L|1|;2026-2027;GIRASSOL - Helianthus annuus L.;TECNOAGRO PESQUISA E DESENVOLVIMENTO LTDA;GH6338PWU;SC;1;
SISZARC-000876;MILHO PRODUTIVIDADE 5000 KG HA;;2026-2027|AL|MILHO PRODUTIVIDADE 5000 KG HA|2|;2026-2027;Milho Produtividade 5000 Kg-Ha;INSTITUTO NACIONAL DE CULTIVARES MOCK;M56375RR2;AL;2;
SISZARC-000877;AMENDOIM;MACRORREGIAO 2;2026-2027|DF|AMENDOIM|0|MACRORREGIAO 2;2026-2027;Amendoim;CENTRO DE PESQUISA AGRÍCOLA SIMULADO;AM6412CL;DF;0;Macrorregião 2
SISZARC-000878;MILHO PRODUTIVIDADE 6000 KG HA;;2026-2027|MS|MILHO PRODUTIVIDADE 6000 KG HA|1|;2026-2027;Milho Produtividade 6000 Kg-Ha;VALE VERDE SEMENTES E BIOTECNOLOGIA LTDA;M66449TG;MS;1;
SISZARC-000879;ALGODAO HERBACEO;;2026-2027|PE|ALGODAO HERBACEO|2|;2026-2027;Algodão Herbáceo;NOVA SAFRA MELHORAMENTO VEGETAL S.A.;AL6486MAX;PE;2;
SISZARC-000880;MILHO PRODUTIVIDADE 7000 KG HA;;2026-2027|RO|MILHO PRODUTIVIDADE 7000 KG HA|0|;2026-2027;Milho Produtividade 7000 Kg-Ha;COOPERATIVA EXPERIMENTAL DE SEMENTES;M76523PLUS;RO;0;
SISZARC-000881;SORGO;;2026-2027|TO|SORGO|1|;2026-2027;Sorgo;AGRO CERRADO PESQUISA E SEMENTES LTDA;SO6560PRO4;TO;1;
SISZARC-000882;SOJA;;2026-2027|BA|SOJA|2|;2026-2027;Soja;SEMENTES HORIZONTE LTDA;SJ6597VIP3;BA;2;
SISZARC-000883;MILHO 1A SAFRA;;2026-2027|MA|MILHO 1A SAFRA|0|;2026-2027;Milho 1ª Safra;GENÉTICA CAMPO FORTE LTDA;MX6634PWU;MA;0;
SISZARC-000884;ARROZ IRRIGADO;;2026-2027|PB|ARROZ IRRIGADO|1|;2026-2027;Arroz Irrigado;BRASIL CULTIVARES E BIOTECNOLOGIA LTDA;AI6671RR2;PB;1;
SISZARC-000885;MILHO ZEA MAYS L 1 SAFRA;;2026-2027|RN|MILHO ZEA MAYS L 1 SAFRA|2|;2026-2027;MILHO - Zea mays L. - (1° Safra);TECNOAGRO PESQUISA E DESENVOLVIMENTO LTDA;ZM6708CL;RN;2;
SISZARC-000886;ARROZ SEQUEIRO ORYZA SATIVA L;;2026-2027|SP|ARROZ SEQUEIRO ORYZA SATIVA L|0|;2026-2027;ARROZ SEQUEIRO - Oryza sativa L.;INSTITUTO NACIONAL DE CULTIVARES MOCK;AS6745TG;SP;0;
SISZARC-000887;MILHO 2A SAFRA;;2026-2027|AP|MILHO 2A SAFRA|1|;2026-2027;Milho 2ª Safra;CENTRO DE PESQUISA AGRÍCOLA SIMULADO;MS6782MAX;AP;1;
SISZARC-000888;FEIJAO 1A SAFRA;;2026-2027|ES|FEIJAO 1A SAFRA|2|;2026-2027;Feijão 1ª Safra;VALE VERDE SEMENTES E BIOTECNOLOGIA LTDA;F16819PLUS;ES;2;
SISZARC-000889;MILHO ZEA MAYS L 2 SAFRA;MACRORREGIAO 4;2026-2027|MG|MILHO ZEA MAYS L 2 SAFRA|0|MACRORREGIAO 4;2026-2027;MILHO - Zea mays L. - (2° Safra);NOVA SAFRA MELHORAMENTO VEGETAL S.A.;ZS6856PRO4;MG;0;Macrorregião 4
SISZARC-000890;FEIJAO 2A SAFRA;;2026-2027|PI|FEIJAO 2A SAFRA|1|;2026-2027;Feijão 2ª Safra;COOPERATIVA EXPERIMENTAL DE SEMENTES;F26893VIP3;PI;1;
SISZARC-000891;MILHO 2A SAFRA CONSORCIADO COM BRAQUIARIA;;2026-2027|RR|MILHO 2A SAFRA CONSORCIADO COM BRAQUIARIA|2|;2026-2027;Milho 2ª Safra consorciado com Braquiária;AGRO CERRADO PESQUISA E SEMENTES LTDA;MB6930PWU;RR;2;
SISZARC-000892;TRIGO;;2026-2027|AC|TRIGO|0|;2026-2027;Trigo;SEMENTES HORIZONTE LTDA;TR6967RR2;AC;0;
SISZARC-000893;MILHO PRODUTIVIDADE 3000 KG HA;;2026-2027|CE|MILHO PRODUTIVIDADE 3000 KG HA|1|;2026-2027;Milho Produtividade 3000 Kg-Ha;GENÉTICA CAMPO FORTE LTDA;M37004CL;CE;1;
SISZARC-000894;GIRASSOL;;2026-2027|MT|GIRASSOL|2|;2026-2027;Girassol;BRASIL CULTIVARES E BIOTECNOLOGIA LTDA;GI7041TG;MT;2;
SISZARC-000895;MILHO PRODUTIVIDADE 4000 KG HA;;2026-2027|PR|MILHO PRODUTIVIDADE 4000 KG HA|0|;2026-2027;Milho Produtividade 4000 Kg-Ha;TECNOAGRO PESQUISA E DESENVOLVIMENTO LTDA;M47078MAX;PR;0;
SISZARC-000896;GIRASSOL HELIANTHUS ANNUUS L;;2026-2027|RS|GIRASSOL HELIANTHUS ANNUUS L|1|;2026-2027;GIRASSOL - Helianthus annuus L.;INSTITUTO NACIONAL DE CULTIVARES MOCK;GH7115PLUS;RS;1;
SISZARC-000897;MILHO PRODUTIVIDADE 5000 KG HA;;2026-2027|SE|MILHO PRODUTIVIDADE 5000 KG HA|2|;2026-2027;Milho Produtividade 5000 Kg-Ha;CENTRO DE PESQUISA AGRÍCOLA SIMULADO;M57152PRO4;SE;2;
SISZARC-000898;AMENDOIM;;2026-2027|AM|AMENDOIM|0|;2026-2027;Amendoim;VALE VERDE SEMENTES E BIOTECNOLOGIA LTDA;AM7189VIP3;AM;0;
SISZARC-000899;MILHO PRODUTIVIDADE 6000 KG HA;;2026-2027|GO|MILHO PRODUTIVIDADE 6000 KG HA|1|;2026-2027;Milho Produtividade 6000 Kg-Ha;NOVA SAFRA MELHORAMENTO VEGETAL S.A.;M67226PWU;GO;1;
SISZARC-000900;ALGODAO HERBACEO;;2026-2027|PA|ALGODAO HERBACEO|2|;2026-2027;Algodão Herbáceo;COOPERATIVA EXPERIMENTAL DE SEMENTES;AL7263RR2;PA;2;
SISZARC-000901;MILHO PRODUTIVIDADE 7000 KG HA;MACRORREGIAO 1;2026-2027|RJ|MILHO PRODUTIVIDADE 7000 KG HA|0|MACRORREGIAO 1;2026-2027;Milho Produtividade 7000 Kg-Ha;AGRO CERRADO PESQUISA E SEMENTES LTDA;M77300CL;RJ;0;Macrorregião 1
SISZARC-000902;SORGO;;2026-2027|SC|SORGO|1|;2026-2027;Sorgo;SEMENTES HORIZONTE LTDA;SO7337TG;SC;1;
SISZARC-000903;SOJA;;2026-2027|AL|SOJA|2|;2026-2027;Soja;GENÉTICA CAMPO FORTE LTDA;SJ7374MAX;AL;2;
SISZARC-000904;MILHO 1A SAFRA;;2026-2027|DF|MILHO 1A SAFRA|0|;2026-2027;Milho 1ª Safra;BRASIL CULTIVARES E BIOTECNOLOGIA LTDA;MX7411PLUS;DF;0;
SISZARC-000905;ARROZ IRRIGADO;;2026-2027|MS|ARROZ IRRIGADO|1|;2026-2027;Arroz Irrigado;TECNOAGRO PESQUISA E DESENVOLVIMENTO LTDA;AI7448PRO4;MS;1;
SISZARC-000906;MILHO ZEA MAYS L 1 SAFRA;;2026-2027|PE|MILHO ZEA MAYS L 1 SAFRA|2|;2026-2027;MILHO - Zea mays L. - (1° Safra);INSTITUTO NACIONAL DE CULTIVARES MOCK;ZM7485VIP3;PE;2;
SISZARC-000907;ARROZ SEQUEIRO ORYZA SATIVA L;;2026-2027|RO|ARROZ SEQUEIRO ORYZA SATIVA L|0|;2026-2027;ARROZ SEQUEIRO - Oryza sativa L.;CENTRO DE PESQUISA AGRÍCOLA SIMULADO;AS7522PWU;RO;0;
SISZARC-000908;MILHO 2A SAFRA;;2026-2027|TO|MILHO 2A SAFRA|1|;2026-2027;Milho 2ª Safra;VALE VERDE SEMENTES E BIOTECNOLOGIA LTDA;MS7559RR2;TO;1;
SISZARC-000909;FEIJAO 1A SAFRA;;2026-2027|BA|FEIJAO 1A SAFRA|2|;2026-2027;Feijão 1ª Safra;NOVA SAFRA MELHORAMENTO VEGETAL S.A.;F17596CL;BA;2;
SISZARC-000910;MILHO ZEA MAYS L 2 SAFRA;;2026-2027|MA|MILHO ZEA MAYS L 2 SAFRA|0|;2026-2027;MILHO - Zea mays L. - (2° Safra);COOPERATIVA EXPERIMENTAL DE SEMENTES;ZS7633TG;MA;0;
SISZARC-000911;FEIJAO 2A SAFRA;;2026-2027|PB|FEIJAO 2A SAFRA|1|;2026-2027;Feijão 2ª Safra;AGRO CERRADO PESQUISA E SEMENTES LTDA;F27670MAX;PB;1;
SISZARC-000912;MILHO 2A SAFRA CONSORCIADO COM BRAQUIARIA;;2026-2027|RN|MILHO 2A SAFRA CONSORCIADO COM BRAQUIARIA|2|;2026-2027;Milho 2ª Safra consorciado com Braquiária;SEMENTES HORIZONTE LTDA;MB7707PLUS;RN;2;
SISZARC-000913;TRIGO;MACRORREGIAO 3;2026-2027|SP|TRIGO|0|MACRORREGIAO 3;2026-2027;Trigo;GENÉTICA CAMPO FORTE LTDA;TR7744PRO4;SP;0;Macrorregião 3
SISZARC-000914;MILHO PRODUTIVIDADE 3000 KG HA;;2026-2027|AP|MILHO PRODUTIVIDADE 3000 KG HA|1|;2026-2027;Milho Produtividade 3000 Kg-Ha;BRASIL CULTIVARES E BIOTECNOLOGIA LTDA;M37781VIP3;AP;1;
SISZARC-000915;GIRASSOL;;2026-2027|ES|GIRASSOL|2|;2026-2027;Girassol;TECNOAGRO PESQUISA E DESENVOLVIMENTO LTDA;GI7818PWU;ES;2;
SISZARC-000916;MILHO PRODUTIVIDADE 4000 KG HA;;2026-2027|MG|MILHO PRODUTIVIDADE 4000 KG HA|0|;2026-2027;Milho Produtividade 4000 Kg-Ha;INSTITUTO NACIONAL DE CULTIVARES MOCK;M47855RR2;MG;0;
SISZARC-000917;GIRASSOL HELIANTHUS ANNUUS L;;2026-2027|PI|GIRASSOL HELIANTHUS ANNUUS L|1|;2026-2027;GIRASSOL - Helianthus annuus L.;CENTRO DE PESQUISA AGRÍCOLA SIMULADO;GH7892CL;PI;1;
SISZARC-000918;MILHO PRODUTIVIDADE 5000 KG HA;;2026-2027|RR|MILHO PRODUTIVIDADE 5000 KG HA|2|;2026-2027;Milho Produtividade 5000 Kg-Ha;VALE VERDE SEMENTES E BIOTECNOLOGIA LTDA;M57929TG;RR;2;
SISZARC-000919;AMENDOIM;;2026-2027|AC|AMENDOIM|0|;2026-2027;Amendoim;NOVA SAFRA MELHORAMENTO VEGETAL S.A.;AM7966MAX;AC;0;
SISZARC-000920;MILHO PRODUTIVIDADE 6000 KG HA;;2026-2027|CE|MILHO PRODUTIVIDADE 6000 KG HA|1|;2026-2027;Milho Produtividade 6000 Kg-Ha;COOPERATIVA EXPERIMENTAL DE SEMENTES;M68003PLUS;CE;1;
SISZARC-000921;ALGODAO HERBACEO;;2026-2027|MT|ALGODAO HERBACEO|2|;2026-2027;Algodão Herbáceo;AGRO CERRADO PESQUISA E SEMENTES LTDA;AL8040PRO4;MT;2;
SISZARC-000922;MILHO PRODUTIVIDADE 7000 KG HA;;2026-2027|PR|MILHO PRODUTIVIDADE 7000 KG HA|0|;2026-2027;Milho Produtividade 7000 Kg-Ha;SEMENTES HORIZONTE LTDA;M78077VIP3;PR;0;
SISZARC-000923;SORGO;;2026-2027|RS|SORGO|1|;2026-2027;Sorgo;GENÉTICA CAMPO FORTE LTDA;SO8114PWU;RS;1;
SISZARC-000924;SOJA;;2026-2027|SE|SOJA|2|;2026-2027;Soja;BRASIL CULTIVARES E BIOTECNOLOGIA LTDA;SJ8151RR2;SE;2;
SISZARC-000925;MILHO 1A SAFRA;MACRORREGIAO 5;2026-2027|AM|MILHO 1A SAFRA|0|MACRORREGIAO 5;2026-2027;Milho 1ª Safra;TECNOAGRO PESQUISA E DESENVOLVIMENTO LTDA;MX8188CL;AM;0;Macrorregião 5
SISZARC-000926;ARROZ IRRIGADO;;2026-2027|GO|ARROZ IRRIGADO|1|;2026-2027;Arroz Irrigado;INSTITUTO NACIONAL DE CULTIVARES MOCK;AI8225TG;GO;1;
SISZARC-000927;MILHO ZEA MAYS L 1 SAFRA;;2026-2027|PA|MILHO ZEA MAYS L 1 SAFRA|2|;2026-2027;MILHO - Zea mays L. - (1° Safra);CENTRO DE PESQUISA AGRÍCOLA SIMULADO;ZM8262MAX;PA;2;
SISZARC-000928;ARROZ SEQUEIRO ORYZA SATIVA L;;2026-2027|RJ|ARROZ SEQUEIRO ORYZA SATIVA L|0|;2026-2027;ARROZ SEQUEIRO - Oryza sativa L.;VALE VERDE SEMENTES E BIOTECNOLOGIA LTDA;AS8299PLUS;RJ;0;
SISZARC-000929;MILHO 2A SAFRA;;2026-2027|SC|MILHO 2A SAFRA|1|;2026-2027;Milho 2ª Safra;NOVA SAFRA MELHORAMENTO VEGETAL S.A.;MS8336PRO4;SC;1;
SISZARC-000930;FEIJAO 1A SAFRA;;2026-2027|AL|FEIJAO 1A SAFRA|2|;2026-2027;Feijão 1ª Safra;COOPERATIVA EXPERIMENTAL DE SEMENTES;F18373VIP3;AL;2;
SISZARC-000931;MILHO ZEA MAYS L 2 SAFRA;;2026-2027|DF|MILHO ZEA MAYS L 2 SAFRA|0|;2026-2027;MILHO - Zea mays L. - (2° Safra);AGRO CERRADO PESQUISA E SEMENTES LTDA;ZS8410PWU;DF;0;
SISZARC-000932;FEIJAO 2A SAFRA;;2026-2027|MS|FEIJAO 2A SAFRA|1|;2026-2027;Feijão 2ª Safra;SEMENTES HORIZONTE LTDA;F28447RR2;MS;1;
SISZARC-000933;MILHO 2A SAFRA CONSORCIADO COM BRAQUIARIA;;2026-2027|PE|MILHO 2A SAFRA CONSORCIADO COM BRAQUIARIA|2|;2026-2027;Milho 2ª Safra consorciado com Braquiária;GENÉTICA CAMPO FORTE LTDA;MB8484CL;PE;2;
SISZARC-000934;TRIGO;;2026-2027|RO|TRIGO|0|;2026-2027;Trigo;BRASIL CULTIVARES E BIOTECNOLOGIA LTDA;TR8521TG;RO;0;
SISZARC-000935;MILHO PRODUTIVIDADE 3000 KG HA;;2026-2027|TO|MILHO PRODUTIVIDADE 3000 KG HA|1|;2026-2027;Milho Produtividade 3000 Kg-Ha;TECNOAGRO PESQUISA E DESENVOLVIMENTO LTDA;M38558MAX;TO;1;
SISZARC-000936;GIRASSOL;;2026-2027|BA|GIRASSOL|2|;2026-2027;Girassol;INSTITUTO NACIONAL DE CULTIVARES MOCK;GI8595PLUS;BA;2;
SISZARC-000937;MILHO PRODUTIVIDADE 4000 KG HA;MACRORREGIAO 2;2026-2027|MA|MILHO PRODUTIVIDADE 4000 KG HA|0|MACRORREGIAO 2;2026-2027;Milho Produtividade 4000 Kg-Ha;CENTRO DE PESQUISA AGRÍCOLA SIMULADO;M48632PRO4;MA;0;Macrorregião 2
SISZARC-000938;GIRASSOL HELIANTHUS ANNUUS L;;2026-2027|PB|GIRASSOL HELIANTHUS ANNUUS L|1|;2026-2027;GIRASSOL - Helianthus annuus L.;VALE VERDE SEMENTES E BIOTECNOLOGIA LTDA;GH8669VIP3;PB;1;
SISZARC-000939;MILHO PRODUTIVIDADE 5000 KG HA;;2026-2027|RN|MILHO PRODUTIVIDADE 5000 KG HA|2|;2026-2027;Milho Produtividade 5000 Kg-Ha;NOVA SAFRA MELHORAMENTO VEGETAL S.A.;M58706PWU;RN;2;
SISZARC-000940;AMENDOIM;;2026-2027|SP|AMENDOIM|0|;2026-2027;Amendoim;COOPERATIVA EXPERIMENTAL DE SEMENTES;AM8743RR2;SP;0;
SISZARC-000941;MILHO PRODUTIVIDADE 6000 KG HA;;2026-2027|AP|MILHO PRODUTIVIDADE 6000 KG HA|1|;2026-2027;Milho Produtividade 6000 Kg-Ha;AGRO CERRADO PESQUISA E SEMENTES LTDA;M68780CL;AP;1;
SISZARC-000942;ALGODAO HERBACEO;;2026-2027|ES|ALGODAO HERBACEO|2|;2026-2027;Algodão Herbáceo;SEMENTES HORIZONTE LTDA;AL8817TG;ES;2;
SISZARC-000943;MILHO PRODUTIVIDADE 7000 KG HA;;2026-2027|MG|MILHO PRODUTIVIDADE 7000 KG HA|0|;2026-2027;Milho Produtividade 7000 Kg-Ha;GENÉTICA CAMPO FORTE LTDA;M78854MAX;MG;0;
SISZARC-000944;SORGO;;2026-2027|PI|SORGO|1|;2026-2027;Sorgo;BRASIL CULTIVARES E BIOTECNOLOGIA LTDA;SO8891PLUS;PI;1;
SISZARC-000945;SOJA;;2026-2027|RR|SOJA|2|;2026-2027;Soja;TECNOAGRO PESQUISA E DESENVOLVIMENTO LTDA;SJ8928PRO4;RR;2;
SISZARC-000946;MILHO 1A SAFRA;;2026-2027|AC|MILHO 1A SAFRA|0|;2026-2027;Milho 1ª Safra;INSTITUTO NACIONAL DE CULTIVARES MOCK;MX8965VIP3;AC;0;
SISZARC-000947;ARROZ IRRIGADO;;2026-2027|CE|ARROZ IRRIGADO|1|;2026-2027;Arroz Irrigado;CENTRO DE PESQUISA AGRÍCOLA SIMULADO;AI9002PWU;CE;1;
SISZARC-000948;MILHO ZEA MAYS L 1 SAFRA;;2026-2027|MT|MILHO ZEA MAYS L 1 SAFRA|2|;2026-2027;MILHO - Zea mays L. - (1° Safra);VALE VERDE SEMENTES E BIOTECNOLOGIA LTDA;ZM9039RR2;MT;2;
SISZARC-000949;ARROZ SEQUEIRO ORYZA SATIVA L;MACRORREGIAO 4;2026-2027|PR|ARROZ SEQUEIRO ORYZA SATIVA L|0|MACRORREGIAO 4;2026-2027;ARROZ SEQUEIRO - Oryza sativa L.;NOVA SAFRA MELHORAMENTO VEGETAL S.A.;AS9076CL;PR;0;Macrorregião 4
SISZARC-000950;MILHO 2A SAFRA;;2026-2027|RS|MILHO 2A SAFRA|1|;2026-2027;Milho 2ª Safra;COOPERATIVA EXPERIMENTAL DE SEMENTES;MS9113TG;RS;1;
SISZARC-000951;FEIJAO 1A SAFRA;;2026-2027|SE|FEIJAO 1A SAFRA|2|;2026-2027;Feijão 1ª Safra;AGRO CERRADO PESQUISA E SEMENTES LTDA;F19150MAX;SE;2;
SISZARC-000952;MILHO ZEA MAYS L 2 SAFRA;;2026-2027|AM|MILHO ZEA MAYS L 2 SAFRA|0|;2026-2027;MILHO - Zea mays L. - (2° Safra);SEMENTES HORIZONTE LTDA;ZS9187PLUS;AM;0;
SISZARC-000953;FEIJAO 2A SAFRA;;2026-2027|GO|FEIJAO 2A SAFRA|1|;2026-2027;Feijão 2ª Safra;GENÉTICA CAMPO FORTE LTDA;F29224PRO4;GO;1;
SISZARC-000954;MILHO 2A SAFRA CONSORCIADO COM BRAQUIARIA;;2026-2027|PA|MILHO 2A SAFRA CONSORCIADO COM BRAQUIARIA|2|;2026-2027;Milho 2ª Safra consorciado com Braquiária;BRASIL CULTIVARES E BIOTECNOLOGIA LTDA;MB9261VIP3;PA;2;
SISZARC-000955;TRIGO;;2026-2027|RJ|TRIGO|0|;2026-2027;Trigo;TECNOAGRO PESQUISA E DESENVOLVIMENTO LTDA;TR9298PWU;RJ;0;
SISZARC-000956;MILHO PRODUTIVIDADE 3000 KG HA;;2026-2027|SC|MILHO PRODUTIVIDADE 3000 KG HA|1|;2026-2027;Milho Produtividade 3000 Kg-Ha;INSTITUTO NACIONAL DE CULTIVARES MOCK;M39335RR2;SC;1;
SISZARC-000957;GIRASSOL;;2026-2027|AL|GIRASSOL|2|;2026-2027;Girassol;CENTRO DE PESQUISA AGRÍCOLA SIMULADO;GI9372CL;AL;2;
SISZARC-000958;MILHO PRODUTIVIDADE 4000 KG HA;;2026-2027|DF|MILHO PRODUTIVIDADE 4000 KG HA|0|;2026-2027;Milho Produtividade 4000 Kg-Ha;VALE VERDE SEMENTES E BIOTECNOLOGIA LTDA;M49409TG;DF;0;
SISZARC-000959;GIRASSOL HELIANTHUS ANNUUS L;;2026-2027|MS|GIRASSOL HELIANTHUS ANNUUS L|1|;2026-2027;GIRASSOL - Helianthus annuus L.;NOVA SAFRA MELHORAMENTO VEGETAL S.A.;GH9446MAX;MS;1;
SISZARC-000960;MILHO PRODUTIVIDADE 5000 KG HA;;2026-2027|PE|MILHO PRODUTIVIDADE 5000 KG HA|2|;2026-2027;Milho Produtividade 5000 Kg-Ha;COOPERATIVA EXPERIMENTAL DE SEMENTES;M59483PLUS;PE;2;
SISZARC-000961;AMENDOIM;MACRORREGIAO 1;2026-2027|RO|AMENDOIM|0|MACRORREGIAO 1;2026-2027;Amendoim;AGRO CERRADO PESQUISA E SEMENTES LTDA;AM9520PRO4;RO;0;Macrorregião 1
SISZARC-000962;MILHO PRODUTIVIDADE 6000 KG HA;;2026-2027|TO|MILHO PRODUTIVIDADE 6000 KG HA|1|;2026-2027;Milho Produtividade 6000 Kg-Ha;SEMENTES HORIZONTE LTDA;M69557VIP3;TO;1;
SISZARC-000963;ALGODAO HERBACEO;;2026-2027|BA|ALGODAO HERBACEO|2|;2026-2027;Algodão Herbáceo;GENÉTICA CAMPO FORTE LTDA;AL9594PWU;BA;2;
SISZARC-000964;MILHO PRODUTIVIDADE 7000 KG HA;;2026-2027|MA|MILHO PRODUTIVIDADE 7000 KG HA|0|;2026-2027;Milho Produtividade 7000 Kg-Ha;BRASIL CULTIVARES E BIOTECNOLOGIA LTDA;M79631RR2;MA;0;
SISZARC-000965;SORGO;;2026-2027|PB|SORGO|1|;2026-2027;Sorgo;TECNOAGRO PESQUISA E DESENVOLVIMENTO LTDA;SO9668CL;PB;1;
SISZARC-000966;SOJA;;2026-2027|RN|SOJA|2|;2026-2027;Soja;INSTITUTO NACIONAL DE CULTIVARES MOCK;SJ9705TG;RN;2;
SISZARC-000967;MILHO 1A SAFRA;;2026-2027|SP|MILHO 1A SAFRA|0|;2026-2027;Milho 1ª Safra;CENTRO DE PESQUISA AGRÍCOLA SIMULADO;MX9742MAX;SP;0;
SISZARC-000968;ARROZ IRRIGADO;;2026-2027|AP|ARROZ IRRIGADO|1|;2026-2027;Arroz Irrigado;VALE VERDE SEMENTES E BIOTECNOLOGIA LTDA;AI9779PLUS;AP;1;
SISZARC-000969;MILHO ZEA MAYS L 1 SAFRA;;2026-2027|ES|MILHO ZEA MAYS L 1 SAFRA|2|;2026-2027;MILHO - Zea mays L. - (1° Safra);NOVA SAFRA MELHORAMENTO VEGETAL S.A.;ZM9816PRO4;ES;2;
SISZARC-000970;ARROZ SEQUEIRO ORYZA SATIVA L;;2026-2027|MG|ARROZ SEQUEIRO ORYZA SATIVA L|0|;2026-2027;ARROZ SEQUEIRO - Oryza sativa L.;COOPERATIVA EXPERIMENTAL DE SEMENTES;AS9853VIP3;MG;0;
SISZARC-000971;MILHO 2A SAFRA;;2026-2027|PI|MILHO 2A SAFRA|1|;2026-2027;Milho 2ª Safra;AGRO CERRADO PESQUISA E SEMENTES LTDA;MS9890PWU;PI;1;
SISZARC-000972;FEIJAO 1A SAFRA;;2026-2027|RR|FEIJAO 1A SAFRA|2|;2026-2027;Feijão 1ª Safra;SEMENTES HORIZONTE LTDA;F19927RR2;RR;2;
SISZARC-000973;MILHO ZEA MAYS L 2 SAFRA;MACRORREGIAO 3;2026-2027|AC|MILHO ZEA MAYS L 2 SAFRA|0|MACRORREGIAO 3;2026-2027;MILHO - Zea mays L. - (2° Safra);GENÉTICA CAMPO FORTE LTDA;ZS9964CL;AC;0;Macrorregião 3
SISZARC-000974;FEIJAO 2A SAFRA;;2026-2027|CE|FEIJAO 2A SAFRA|1|;2026-2027;Feijão 2ª Safra;BRASIL CULTIVARES E BIOTECNOLOGIA LTDA;F21001TG;CE;1;
SISZARC-000975;MILHO 2A SAFRA CONSORCIADO COM BRAQUIARIA;;2026-2027|MT|MILHO 2A SAFRA CONSORCIADO COM BRAQUIARIA|2|;2026-2027;Milho 2ª Safra consorciado com Braquiária;TECNOAGRO PESQUISA E DESENVOLVIMENTO LTDA;MB1038MAX;MT;2;
SISZARC-000976;TRIGO;;2026-2027|PR|TRIGO|0|;2026-2027;Trigo;INSTITUTO NACIONAL DE CULTIVARES MOCK;TR1075PLUS;PR;0;
SISZARC-000977;MILHO PRODUTIVIDADE 3000 KG HA;;2026-2027|RS|MILHO PRODUTIVIDADE 3000 KG HA|1|;2026-2027;Milho Produtividade 3000 Kg-Ha;CENTRO DE PESQUISA AGRÍCOLA SIMULADO;M31112PRO4;RS;1;
SISZARC-000978;GIRASSOL;;2026-2027|SE|GIRASSOL|2|;2026-2027;Girassol;VALE VERDE SEMENTES E BIOTECNOLOGIA LTDA;GI1149VIP3;SE;2;
SISZARC-000979;MILHO PRODUTIVIDADE 4000 KG HA;;2026-2027|AM|MILHO PRODUTIVIDADE 4000 KG HA|0|;2026-2027;Milho Produtividade 4000 Kg-Ha;NOVA SAFRA MELHORAMENTO VEGETAL S.A.;M41186PWU;AM;0;
SISZARC-000980;GIRASSOL HELIANTHUS ANNUUS L;;2026-2027|GO|GIRASSOL HELIANTHUS ANNUUS L|1|;2026-2027;GIRASSOL - Helianthus annuus L.;COOPERATIVA EXPERIMENTAL DE SEMENTES;GH1223RR2;GO;1;
SISZARC-000981;MILHO PRODUTIVIDADE 5000 KG HA;;2026-2027|PA|MILHO PRODUTIVIDADE 5000 KG HA|2|;2026-2027;Milho Produtividade 5000 Kg-Ha;AGRO CERRADO PESQUISA E SEMENTES LTDA;M51260CL;PA;2;
SISZARC-000982;AMENDOIM;;2026-2027|RJ|AMENDOIM|0|;2026-2027;Amendoim;SEMENTES HORIZONTE LTDA;AM1297TG;RJ;0;
SISZARC-000983;MILHO PRODUTIVIDADE 6000 KG HA;;2026-2027|SC|MILHO PRODUTIVIDADE 6000 KG HA|1|;2026-2027;Milho Produtividade 6000 Kg-Ha;GENÉTICA CAMPO FORTE LTDA;M61334MAX;SC;1;
SISZARC-000984;ALGODAO HERBACEO;;2026-2027|AL|ALGODAO HERBACEO|2|;2026-2027;Algodão Herbáceo;BRASIL CULTIVARES E BIOTECNOLOGIA LTDA;AL1371PLUS;AL;2;
SISZARC-000985;MILHO PRODUTIVIDADE 7000 KG HA;MACRORREGIAO 5;2026-2027|DF|MILHO PRODUTIVIDADE 7000 KG HA|0|MACRORREGIAO 5;2026-2027;Milho Produtividade 7000 Kg-Ha;TECNOAGRO PESQUISA E DESENVOLVIMENTO LTDA;M71408PRO4;DF;0;Macrorregião 5
SISZARC-000986;SORGO;;2026-2027|MS|SORGO|1|;2026-2027;Sorgo;INSTITUTO NACIONAL DE CULTIVARES MOCK;SO1445VIP3;MS;1;
SISZARC-000987;SOJA;;2026-2027|PE|SOJA|2|;2026-2027;Soja;CENTRO DE PESQUISA AGRÍCOLA SIMULADO;SJ1482PWU;PE;2;
SISZARC-000988;MILHO 1A SAFRA;;2026-2027|RO|MILHO 1A SAFRA|0|;2026-2027;Milho 1ª Safra;VALE VERDE SEMENTES E BIOTECNOLOGIA LTDA;MX1519RR2;RO;0;
SISZARC-000989;ARROZ IRRIGADO;;2026-2027|TO|ARROZ IRRIGADO|1|;2026-2027;Arroz Irrigado;NOVA SAFRA MELHORAMENTO VEGETAL S.A.;AI1556CL;TO;1;
SISZARC-000990;MILHO ZEA MAYS L 1 SAFRA;;2026-2027|BA|MILHO ZEA MAYS L 1 SAFRA|2|;2026-2027;MILHO - Zea mays L. - (1° Safra);COOPERATIVA EXPERIMENTAL DE SEMENTES;ZM1593TG;BA;2;
SISZARC-000991;ARROZ SEQUEIRO ORYZA SATIVA L;;2026-2027|MA|ARROZ SEQUEIRO ORYZA SATIVA L|0|;2026-2027;ARROZ SEQUEIRO - Oryza sativa L.;AGRO CERRADO PESQUISA E SEMENTES LTDA;AS1630MAX;MA;0;
SISZARC-000992;MILHO 2A SAFRA;;2026-2027|PB|MILHO 2A SAFRA|1|;2026-2027;Milho 2ª Safra;SEMENTES HORIZONTE LTDA;MS1667PLUS;PB;1;
SISZARC-000993;FEIJAO 1A SAFRA;;2026-2027|RN|FEIJAO 1A SAFRA|2|;2026-2027;Feijão 1ª Safra;GENÉTICA CAMPO FORTE LTDA;F11704PRO4;RN;2;
SISZARC-000994;MILHO ZEA MAYS L 2 SAFRA;;2026-2027|SP|MILHO ZEA MAYS L 2 SAFRA|0|;2026-2027;MILHO - Zea mays L. - (2° Safra);BRASIL CULTIVARES E BIOTECNOLOGIA LTDA;ZS1741VIP3;SP;0;
SISZARC-000995;FEIJAO 2A SAFRA;;2026-2027|AP|FEIJAO 2A SAFRA|1|;2026-2027;Feijão 2ª Safra;TECNOAGRO PESQUISA E DESENVOLVIMENTO LTDA;F21778PWU;AP;1;
SISZARC-000996;MILHO 2A SAFRA CONSORCIADO COM BRAQUIARIA;;2026-2027|ES|MILHO 2A SAFRA CONSORCIADO COM BRAQUIARIA|2|;2026-2027;Milho 2ª Safra consorciado com Braquiária;INSTITUTO NACIONAL DE CULTIVARES MOCK;MB1815RR2;ES;2;
SISZARC-000997;TRIGO;MACRORREGIAO 2;2026-2027|MG|TRIGO|0|MACRORREGIAO 2;2026-2027;Trigo;CENTRO DE PESQUISA AGRÍCOLA SIMULADO;TR1852CL;MG;0;Macrorregião 2
SISZARC-000998;MILHO PRODUTIVIDADE 3000 KG HA;;2026-2027|PI|MILHO PRODUTIVIDADE 3000 KG HA|1|;2026-2027;Milho Produtividade 3000 Kg-Ha;VALE VERDE SEMENTES E BIOTECNOLOGIA LTDA;M31889TG;PI;1;
SISZARC-000999;GIRASSOL;;2026-2027|RR|GIRASSOL|2|;2026-2027;Girassol;NOVA SAFRA MELHORAMENTO VEGETAL S.A.;GI1926MAX;RR;2;
SISZARC-001000;MILHO PRODUTIVIDADE 4000 KG HA;;2026-2027|AC|MILHO PRODUTIVIDADE 4000 KG HA|0|;2026-2027;Milho Produtividade 4000 Kg-Ha;COOPERATIVA EXPERIMENTAL DE SEMENTES;M41963PLUS;AC;0;
